household_type,income_group,year,federal_taxes,individual_inc_tax,payroll_taxes,corporate_inc_tax,excise_taxes
all_households,all_quintiles,1979,17500,8700,5400,2700,700
all_households,all_quintiles,1980,16900,8900,5300,2100,600
all_households,all_quintiles,1981,17100,9200,5700,1700,600
all_households,all_quintiles,1982,15800,8400,5800,1000,600
all_households,all_quintiles,1983,15700,7900,5800,1400,700
all_households,all_quintiles,1984,16900,8200,6300,1600,800
all_households,all_quintiles,1985,17300,8400,6500,1500,800
all_households,all_quintiles,1986,18500,9200,6800,1700,800
all_households,all_quintiles,1987,18500,8800,6900,2100,800
all_households,all_quintiles,1988,19400,9300,7200,2100,800
all_households,all_quintiles,1989,19300,9200,7300,2100,700
all_households,all_quintiles,1990,19200,9100,7500,1900,800
all_households,all_quintiles,1991,18700,8600,7500,1700,800
all_households,all_quintiles,1992,19300,8900,7600,1900,900
all_households,all_quintiles,1993,19800,9000,7600,2200,900
all_households,all_quintiles,1994,20300,9100,7800,2400,1000
all_households,all_quintiles,1995,21400,9700,8000,2700,1000
all_households,all_quintiles,1996,22400,10500,8200,2800,900
all_households,all_quintiles,1997,23600,11300,8400,2900,900
all_households,all_quintiles,1998,24500,11900,8800,2800,1000
all_households,all_quintiles,1999,26100,13000,9100,2900,1100
all_households,all_quintiles,2000,26800,13700,9200,2800,1000
all_households,all_quintiles,2001,23700,11500,9300,1900,900
all_households,all_quintiles,2002,21900,10300,9000,1700,900
all_households,all_quintiles,2003,21400,9100,9000,2300,900
all_households,all_quintiles,2004,23000,9900,9100,3000,900
all_households,all_quintiles,2005,24800,10800,9200,3900,900
all_households,all_quintiles,2006,25900,11400,9300,4300,800
all_households,all_quintiles,2007,26100,12000,9600,3800,800
all_households,all_quintiles,2008,22000,9500,9500,2200,700
all_households,all_quintiles,2009,20000,8400,9200,1700,700
all_households,all_quintiles,2010,21100,9000,9000,2300,700
all_households,all_quintiles,2011,20800,9800,7900,2300,800
all_households,all_quintiles,2012,22400,11000,7900,2800,800
all_households,all_quintiles,2013,24300,11200,9300,2900,800
all_households,all_quintiles,2014,25700,12100,9400,3300,900
all_households,all_quintiles,2015,26500,12700,9700,3100,900
all_households,all_quintiles,2016,26000,12400,9800,2900,900
all_households,all_quintiles,2017,26600,13500,10000,2200,800
all_households,all_quintiles,2018,25400,12300,10200,2100,800
all_households,all_quintiles,2019,26000,12600,10600,2000,800
all_households,all_quintiles,2020,22700,9500,10400,2000,700
all_households,all_quintiles,2021,25800,12300,10500,2400,600
all_households,all_quintiles,2022,29400,15100,10700,2900,600
all_households,lowest_quintile,1979,1200,-100,700,300,300
all_households,lowest_quintile,1980,1100,-100,600,200,300
all_households,lowest_quintile,1981,1100,-100,700,200,300
all_households,lowest_quintile,1982,1000,-100,700,100,300
all_households,lowest_quintile,1983,1100,-100,600,100,400
all_households,lowest_quintile,1984,1400,0,800,200,400
all_households,lowest_quintile,1985,1300,0,800,100,400
all_households,lowest_quintile,1986,1300,0,800,200,400
all_households,lowest_quintile,1987,1100,-100,700,200,400
all_households,lowest_quintile,1988,1100,-200,700,200,400
all_households,lowest_quintile,1989,1100,-200,800,200,400
all_households,lowest_quintile,1990,1300,-200,900,200,400
all_households,lowest_quintile,1991,1200,-300,900,200,500
all_households,lowest_quintile,1992,1200,-300,900,200,500
all_households,lowest_quintile,1993,1200,-400,800,200,500
all_households,lowest_quintile,1994,1000,-600,800,200,600
all_households,lowest_quintile,1995,900,-800,900,200,500
all_households,lowest_quintile,1996,800,-900,1000,200,500
all_households,lowest_quintile,1997,900,-900,1100,200,500
all_households,lowest_quintile,1998,1000,-1000,1200,200,600
all_households,lowest_quintile,1999,1200,-1000,1300,200,600
all_households,lowest_quintile,2000,1100,-800,1200,200,500
all_households,lowest_quintile,2001,900,-1000,1200,200,500
all_households,lowest_quintile,2002,800,-1000,1100,100,500
all_households,lowest_quintile,2003,900,-900,1000,200,500
all_households,lowest_quintile,2004,800,-900,1100,200,500
all_households,lowest_quintile,2005,800,-1100,1100,200,500
all_households,lowest_quintile,2006,900,-1100,1200,300,500
all_households,lowest_quintile,2007,800,-1300,1400,200,400
all_households,lowest_quintile,2008,-100,-2000,1300,200,400
all_households,lowest_quintile,2009,0,-1700,1100,100,400
all_households,lowest_quintile,2010,0,-1700,1100,100,500
all_households,lowest_quintile,2011,100,-1500,1000,100,500
all_households,lowest_quintile,2012,100,-1400,900,100,500
all_households,lowest_quintile,2013,300,-1500,1100,200,500
all_households,lowest_quintile,2014,200,-1500,1100,200,500
all_households,lowest_quintile,2015,100,-1700,1100,200,500
all_households,lowest_quintile,2016,100,-1600,1100,200,500
all_households,lowest_quintile,2017,0,-1700,1100,100,500
all_households,lowest_quintile,2018,-100,-1900,1200,100,500
all_households,lowest_quintile,2019,0,-2000,1300,100,500
all_households,lowest_quintile,2020,-3700,-5200,1000,100,300
all_households,lowest_quintile,2021,-4500,-6000,1000,100,300
all_households,lowest_quintile,2022,0,-1700,1200,200,400
all_households,second_quintile,1979,6900,1700,3500,1000,600
all_households,second_quintile,1980,6400,1800,3300,800,500
all_households,second_quintile,1981,6500,1900,3400,700,500
all_households,second_quintile,1982,5800,1700,3300,400,500
all_households,second_quintile,1983,5700,1400,3100,500,600
all_households,second_quintile,1984,6400,1600,3500,600,600
all_households,second_quintile,1985,6500,1600,3600,600,600
all_households,second_quintile,1986,6400,1600,3600,600,600
all_households,second_quintile,1987,6000,1200,3500,800,600
all_households,second_quintile,1988,6200,1200,3700,800,600
all_households,second_quintile,1989,6100,1000,3700,700,600
all_households,second_quintile,1990,6600,1300,4000,700,600
all_households,second_quintile,1991,6200,1100,3800,600,700
all_households,second_quintile,1992,5900,800,3600,700,700
all_households,second_quintile,1993,5900,700,3600,800,700
all_households,second_quintile,1994,5700,400,3700,800,800
all_households,second_quintile,1995,6200,600,4000,900,800
all_households,second_quintile,1996,6100,500,4000,900,700
all_households,second_quintile,1997,6400,600,4200,900,700
all_households,second_quintile,1998,6400,500,4400,800,800
all_households,second_quintile,1999,6800,600,4500,800,900
all_households,second_quintile,2000,6500,500,4500,700,800
all_households,second_quintile,2001,5700,-100,4500,600,800
all_households,second_quintile,2002,5000,-500,4300,500,800
all_households,second_quintile,2003,4700,-900,4200,600,700
all_households,second_quintile,2004,4900,-800,4300,700,700
all_households,second_quintile,2005,5200,-800,4500,800,700
all_households,second_quintile,2006,5300,-800,4600,900,700
all_households,second_quintile,2007,5700,-500,4800,800,600
all_households,second_quintile,2008,3700,-2000,4600,500,600
all_households,second_quintile,2009,2900,-2200,4100,400,600
all_households,second_quintile,2010,3100,-2000,4100,500,600
all_households,second_quintile,2011,3200,-1500,3600,500,600
all_households,second_quintile,2012,3200,-1500,3500,500,600
all_households,second_quintile,2013,4000,-1400,4100,600,700
all_households,second_quintile,2014,4000,-1500,4300,600,700
all_households,second_quintile,2015,4300,-1400,4500,600,700
all_households,second_quintile,2016,4400,-1300,4500,500,700
all_households,second_quintile,2017,4400,-1200,4600,400,600
all_households,second_quintile,2018,4000,-1800,4700,400,600
all_households,second_quintile,2019,4600,-1500,5000,400,600
all_households,second_quintile,2020,-500,-5900,4500,400,500
all_households,second_quintile,2021,-900,-6500,4700,400,500
all_households,second_quintile,2022,5100,-800,5000,500,500
all_households,middle_quintile,1979,13400,5200,6000,1400,800
all_households,middle_quintile,1980,12900,5400,5700,1200,600
all_households,middle_quintile,1981,13200,5600,6100,1000,600
all_households,middle_quintile,1982,12000,4900,5900,600,600
all_households,middle_quintile,1983,11600,4400,5700,800,700
all_households,middle_quintile,1984,12500,4600,6200,1000,700
all_households,middle_quintile,1985,12700,4600,6500,900,700
all_households,middle_quintile,1986,13000,4700,6700,900,700
all_households,middle_quintile,1987,12800,4200,6700,1100,700
all_households,middle_quintile,1988,13300,4300,7100,1100,700
all_households,middle_quintile,1989,13300,4400,7100,1100,700
all_households,middle_quintile,1990,13500,4500,7200,1000,700
all_households,middle_quintile,1991,12900,4300,6900,1000,800
all_households,middle_quintile,1992,12900,4100,7000,1000,800
all_households,middle_quintile,1993,13000,4000,7000,1100,900
all_households,middle_quintile,1994,13200,4000,7100,1200,900
all_households,middle_quintile,1995,13800,4200,7300,1300,900
all_households,middle_quintile,1996,13900,4300,7400,1400,900
all_households,middle_quintile,1997,14200,4500,7500,1400,900
all_households,middle_quintile,1998,14300,4300,7900,1200,900
all_households,middle_quintile,1999,14800,4400,8200,1200,1000
all_households,middle_quintile,2000,14700,4400,8200,1200,900
all_households,middle_quintile,2001,13300,3500,8100,800,900
all_households,middle_quintile,2002,12500,3100,7800,700,900
all_households,middle_quintile,2003,11900,2300,7800,900,900
all_households,middle_quintile,2004,12400,2500,7900,1100,900
all_households,middle_quintile,2005,12800,2600,8000,1400,800
all_households,middle_quintile,2006,13000,2700,8000,1500,800
all_households,middle_quintile,2007,13500,3100,8400,1400,700
all_households,middle_quintile,2008,10700,1200,8100,800,700
all_households,middle_quintile,2009,10100,1100,7600,600,700
all_households,middle_quintile,2010,10200,1300,7400,800,700
all_households,middle_quintile,2011,10100,2200,6400,800,700
all_households,middle_quintile,2012,10300,2300,6400,800,700
all_households,middle_quintile,2013,11800,2500,7500,1000,800
all_households,middle_quintile,2014,12100,2500,7700,1100,800
all_households,middle_quintile,2015,12600,2700,8000,1000,900
all_households,middle_quintile,2016,12700,2900,8100,1000,800
all_households,middle_quintile,2017,12800,3100,8200,700,700
all_households,middle_quintile,2018,12000,2100,8400,700,800
all_households,middle_quintile,2019,12600,2500,8700,700,800
all_households,middle_quintile,2020,7600,-2100,8300,700,700
all_households,middle_quintile,2021,7400,-2400,8500,700,600
all_households,middle_quintile,2022,13400,3100,8800,900,600
all_households,fourth_quintile,1979,20400,9500,8000,2000,900
all_households,fourth_quintile,1980,20100,9900,7800,1600,700
all_households,fourth_quintile,1981,21000,10400,8600,1300,700
all_households,fourth_quintile,1982,19400,9400,8500,800,700
all_households,fourth_quintile,1983,18800,8400,8500,1100,800
all_households,fourth_quintile,1984,20000,8700,9100,1300,900
all_households,fourth_quintile,1985,20200,8700,9500,1200,900
all_households,fourth_quintile,1986,21200,9000,10100,1200,900
all_households,fourth_quintile,1987,20900,8300,10100,1600,900
all_households,fourth_quintile,1988,21500,8500,10500,1600,900
all_households,fourth_quintile,1989,21700,8700,10600,1600,900
all_households,fourth_quintile,1990,21600,8600,10700,1500,900
all_households,fourth_quintile,1991,21400,8400,10700,1300,1000
all_households,fourth_quintile,1992,21300,8200,10800,1400,1000
all_households,fourth_quintile,1993,21500,8100,10700,1600,1000
all_households,fourth_quintile,1994,22100,8300,11000,1700,1100
all_households,fourth_quintile,1995,22700,8500,11100,1900,1100
all_households,fourth_quintile,1996,23100,8800,11400,1900,1000
all_households,fourth_quintile,1997,23800,9200,11600,2000,1000
all_households,fourth_quintile,1998,24400,9300,12200,1800,1000
all_households,fourth_quintile,1999,25100,9600,12500,1900,1200
all_households,fourth_quintile,2000,25400,9900,12700,1800,1100
all_households,fourth_quintile,2001,23600,8600,12700,1200,1100
all_households,fourth_quintile,2002,22500,8100,12300,1100,1000
all_households,fourth_quintile,2003,21700,7000,12300,1400,1000
all_households,fourth_quintile,2004,22500,7300,12600,1700,1000
all_households,fourth_quintile,2005,23200,7400,12600,2200,1000
all_households,fourth_quintile,2006,23700,7700,12700,2500,900
all_households,fourth_quintile,2007,24000,8100,12900,2100,800
all_households,fourth_quintile,2008,20900,6200,12700,1300,800
all_households,fourth_quintile,2009,20000,5900,12400,1000,800
all_households,fourth_quintile,2010,20400,6300,12100,1300,800
all_households,fourth_quintile,2011,20100,7500,10500,1300,800
all_households,fourth_quintile,2012,20500,7600,10600,1400,900
all_households,fourth_quintile,2013,22900,8000,12400,1700,900
all_households,fourth_quintile,2014,23800,8300,12700,1800,1000
all_households,fourth_quintile,2015,24700,8800,13100,1700,1000
all_households,fourth_quintile,2016,24800,9000,13200,1600,1000
all_households,fourth_quintile,2017,25000,9400,13500,1200,900
all_households,fourth_quintile,2018,23700,8100,13500,1200,900
all_households,fourth_quintile,2019,24600,8500,14000,1100,900
all_households,fourth_quintile,2020,20200,4200,14000,1200,800
all_households,fourth_quintile,2021,20700,4700,14000,1300,700
all_households,fourth_quintile,2022,26700,10000,14400,1600,700
all_households,highest_quintile,1979,47600,28000,9800,8600,1300
all_households,highest_quintile,1980,46200,28600,9800,6800,1100
all_households,highest_quintile,1981,45700,28700,10700,5300,1000
all_households,highest_quintile,1982,42000,26600,11200,3200,1000
all_households,highest_quintile,1983,42500,25500,11600,4300,1200
all_households,highest_quintile,1984,46200,27100,12700,5100,1300
all_households,highest_quintile,1985,46700,27500,13100,4800,1300
all_households,highest_quintile,1986,51900,31200,13900,5400,1400
all_households,highest_quintile,1987,53100,30900,14300,6500,1300
all_households,highest_quintile,1988,56300,33000,15000,6900,1400
all_households,highest_quintile,1989,55500,32500,15100,6700,1300
all_households,highest_quintile,1990,54000,31200,15400,6200,1200
all_households,highest_quintile,1991,52900,30000,16000,5500,1400
all_households,highest_quintile,1992,55500,31600,16100,6300,1400
all_households,highest_quintile,1993,58000,32600,16500,7400,1500
all_households,highest_quintile,1994,60500,33700,17200,8000,1500
all_households,highest_quintile,1995,64600,36500,17600,9000,1600
all_households,highest_quintile,1996,68800,39900,17800,9600,1400
all_households,highest_quintile,1997,73200,43300,18300,10100,1500
all_households,highest_quintile,1998,77000,46600,19100,9800,1600
all_households,highest_quintile,1999,83000,51200,19900,10100,1800
all_households,highest_quintile,2000,87100,55000,20400,10100,1700
all_households,highest_quintile,2001,76000,46700,21000,6800,1500
all_households,highest_quintile,2002,70400,42300,20600,6100,1400
all_households,highest_quintile,2003,69600,38700,20900,8600,1400
all_households,highest_quintile,2004,76500,42600,21000,11300,1600
all_households,highest_quintile,2005,84400,46800,20900,15100,1500
all_households,highest_quintile,2006,88200,49100,21200,16600,1400
all_households,highest_quintile,2007,89100,51800,21600,14400,1300
all_households,highest_quintile,2008,77600,45700,22100,8600,1200
all_households,highest_quintile,2009,69200,39600,22100,6300,1100
all_households,highest_quintile,2010,74400,42400,21700,9100,1200
all_households,highest_quintile,2011,73700,44300,19200,9000,1200
all_households,highest_quintile,2012,81400,49500,19400,11100,1300
all_households,highest_quintile,2013,86000,50400,22700,11500,1400
all_households,highest_quintile,2014,92500,55000,23000,12900,1500
all_households,highest_quintile,2015,95700,57800,24000,12400,1600
all_households,highest_quintile,2016,93700,56400,24100,11700,1500
all_households,highest_quintile,2017,95700,60800,24800,8800,1300
all_households,highest_quintile,2018,92500,57500,25000,8400,1500
all_households,highest_quintile,2019,93900,58500,25900,8000,1500
all_households,highest_quintile,2020,98300,61600,27100,8300,1300
all_households,highest_quintile,2021,113600,75900,26600,10000,1200
all_households,highest_quintile,2022,110000,69800,26900,12200,1200
all_households,percentiles_81_90,1979,28500,14800,9700,3000,1000
all_households,percentiles_81_90,1980,28400,15500,9600,2500,800
all_households,percentiles_81_90,1981,29200,16100,10300,2000,800
all_households,percentiles_81_90,1982,27100,14600,10500,1200,800
all_households,percentiles_81_90,1983,26700,13400,10800,1600,900
all_households,percentiles_81_90,1984,28700,13900,11900,1800,1000
all_households,percentiles_81_90,1985,28700,13900,12100,1700,1000
all_households,percentiles_81_90,1986,30300,14500,13100,1700,1000
all_households,percentiles_81_90,1987,30800,14300,13200,2300,1100
all_households,percentiles_81_90,1988,31400,14400,13700,2300,1100
all_households,percentiles_81_90,1989,31900,14900,13700,2300,1000
all_households,percentiles_81_90,1990,31600,14500,14000,2200,1000
all_households,percentiles_81_90,1991,31100,14100,13900,1900,1100
all_households,percentiles_81_90,1992,31200,13900,14100,2100,1100
all_households,percentiles_81_90,1993,31600,13800,14200,2400,1200
all_households,percentiles_81_90,1994,32800,14400,14600,2500,1200
all_households,percentiles_81_90,1995,34100,15000,14900,2900,1300
all_households,percentiles_81_90,1996,34600,15400,15000,3000,1200
all_households,percentiles_81_90,1997,36000,16200,15600,3000,1200
all_households,percentiles_81_90,1998,37200,17000,16200,2800,1300
all_households,percentiles_81_90,1999,38900,17800,16800,2900,1400
all_households,percentiles_81_90,2000,39800,18600,17100,2800,1300
all_households,percentiles_81_90,2001,37400,16800,17500,1900,1200
all_households,percentiles_81_90,2002,35600,15800,17000,1700,1200
all_households,percentiles_81_90,2003,34400,13900,17100,2200,1200
all_households,percentiles_81_90,2004,35800,14500,17300,2700,1200
all_households,percentiles_81_90,2005,36800,14800,17300,3600,1200
all_households,percentiles_81_90,2006,38000,15400,17600,4000,1100
all_households,percentiles_81_90,2007,38400,16000,17900,3400,1000
all_households,percentiles_81_90,2008,35000,14000,18100,2000,900
all_households,percentiles_81_90,2009,33600,13300,17800,1600,900
all_households,percentiles_81_90,2010,34300,14000,17400,2100,900
all_households,percentiles_81_90,2011,33900,15600,15200,2100,900
all_households,percentiles_81_90,2012,34900,16100,15400,2300,1000
all_households,percentiles_81_90,2013,38500,16700,18000,2800,1000
all_households,percentiles_81_90,2014,40000,17400,18300,3100,1200
all_households,percentiles_81_90,2015,41900,18700,19100,2900,1300
all_households,percentiles_81_90,2016,42000,18800,19200,2800,1200
all_households,percentiles_81_90,2017,42400,19700,19600,2100,1000
all_households,percentiles_81_90,2018,41100,18100,19900,2000,1100
all_households,percentiles_81_90,2019,42500,18800,20600,1900,1200
all_households,percentiles_81_90,2020,39800,15500,21200,2000,1000
all_households,percentiles_81_90,2021,42000,17900,21000,2200,800
all_households,percentiles_81_90,2022,46400,21400,21500,2700,900
all_households,percentiles_91_95,1979,37400,21100,10700,4500,1200
all_households,percentiles_91_95,1980,37500,22200,10500,3800,1000
all_households,percentiles_91_95,1981,38200,22800,11500,2900,900
all_households,percentiles_91_95,1982,34900,20300,12000,1600,900
all_households,percentiles_91_95,1983,34700,19000,12400,2200,1000
all_households,percentiles_91_95,1984,37400,19800,13600,2700,1200
all_households,percentiles_91_95,1985,37600,20000,14100,2400,1200
all_households,percentiles_91_95,1986,39400,20900,14800,2600,1200
all_households,percentiles_91_95,1987,42000,21900,15300,3500,1300
all_households,percentiles_91_95,1988,42500,21800,16200,3300,1200
all_households,percentiles_91_95,1989,43100,22300,16200,3500,1200
all_households,percentiles_91_95,1990,42200,21400,16300,3200,1200
all_households,percentiles_91_95,1991,42000,21000,16800,2900,1200
all_households,percentiles_91_95,1992,42200,21000,16800,3200,1300
all_households,percentiles_91_95,1993,43500,21300,17000,3800,1400
all_households,percentiles_91_95,1994,44600,21900,17400,3900,1500
all_households,percentiles_91_95,1995,46800,22900,18000,4400,1400
all_households,percentiles_91_95,1996,48600,24300,18300,4700,1300
all_households,percentiles_91_95,1997,50600,25800,18500,4900,1400
all_households,percentiles_91_95,1998,52500,27200,19400,4500,1400
all_households,percentiles_91_95,1999,55400,29100,20000,4600,1600
all_households,percentiles_91_95,2000,56800,30300,20400,4500,1500
all_households,percentiles_91_95,2001,53400,27700,21400,2900,1400
all_households,percentiles_91_95,2002,50900,25900,21000,2700,1300
all_households,percentiles_91_95,2003,49300,23300,21400,3300,1300
all_households,percentiles_91_95,2004,51600,24300,21700,4300,1400
all_households,percentiles_91_95,2005,54000,25300,21600,5700,1300
all_households,percentiles_91_95,2006,55500,26200,21600,6400,1200
all_households,percentiles_91_95,2007,56200,27400,22100,5600,1100
all_households,percentiles_91_95,2008,52300,25500,22600,3100,1100
all_households,percentiles_91_95,2009,49800,23700,22600,2500,1000
all_households,percentiles_91_95,2010,51400,25000,22200,3200,1000
all_households,percentiles_91_95,2011,50600,26700,19500,3200,1100
all_households,percentiles_91_95,2012,52300,27700,19700,3700,1200
all_households,percentiles_91_95,2013,57900,28800,23300,4600,1200
all_households,percentiles_91_95,2014,60000,30100,23400,5100,1400
all_households,percentiles_91_95,2015,62200,31700,24100,5000,1500
all_households,percentiles_91_95,2016,62600,32200,24300,4700,1400
all_households,percentiles_91_95,2017,64000,33900,25200,3600,1200
all_households,percentiles_91_95,2018,62000,31600,25500,3500,1400
all_households,percentiles_91_95,2019,63800,33000,26200,3300,1400
all_households,percentiles_91_95,2020,64400,32200,27600,3400,1200
all_households,percentiles_91_95,2021,67500,35800,26800,3900,1000
all_households,percentiles_91_95,2022,70700,37600,27300,4800,1000
all_households,percentiles_96_99,1979,58300,36300,9700,10700,1500
all_households,percentiles_96_99,1980,56700,37200,10000,8300,1300
all_households,percentiles_96_99,1981,56100,37500,11000,6500,1100
all_households,percentiles_96_99,1982,51000,34300,11900,3600,1100
all_households,percentiles_96_99,1983,50500,31700,12600,4800,1300
all_households,percentiles_96_99,1984,54500,33600,13800,5600,1500
all_households,percentiles_96_99,1985,55300,34000,14400,5300,1500
all_households,percentiles_96_99,1986,60200,37700,15200,5800,1600
all_households,percentiles_96_99,1987,65200,40000,15800,7900,1600
all_households,percentiles_96_99,1988,66200,40300,16500,7800,1600
all_households,percentiles_96_99,1989,67100,41300,16700,7700,1500
all_households,percentiles_96_99,1990,65300,39600,17300,7000,1400
all_households,percentiles_96_99,1991,64600,38000,18800,6300,1600
all_households,percentiles_96_99,1992,67400,39500,19100,7100,1700
all_households,percentiles_96_99,1993,70000,40100,19900,8200,1800
all_households,percentiles_96_99,1994,72700,41700,20600,8600,1800
all_households,percentiles_96_99,1995,77600,45200,20600,10000,1800
all_households,percentiles_96_99,1996,81400,48700,20700,10300,1700
all_households,percentiles_96_99,1997,87200,53100,21300,11000,1800
all_households,percentiles_96_99,1998,91900,57500,22200,10300,1800
all_households,percentiles_96_99,1999,98000,62100,23100,10700,2100
all_households,percentiles_96_99,2000,100800,64800,23800,10200,1900
all_households,percentiles_96_99,2001,90800,57600,24600,6700,1800
all_households,percentiles_96_99,2002,85300,53000,24900,5700,1600
all_households,percentiles_96_99,2003,84600,49200,25500,8200,1700
all_households,percentiles_96_99,2004,90700,53300,25200,10400,1800
all_households,percentiles_96_99,2005,100000,58900,24900,14500,1800
all_households,percentiles_96_99,2006,103400,61000,25100,15700,1700
all_households,percentiles_96_99,2007,104800,64200,25600,13500,1500
all_households,percentiles_96_99,2008,94300,58800,26700,7300,1500
all_households,percentiles_96_99,2009,87100,52600,27700,5400,1300
all_households,percentiles_96_99,2010,91500,55700,27100,7300,1400
all_households,percentiles_96_99,2011,91600,58800,24000,7400,1400
all_households,percentiles_96_99,2012,98300,63800,24200,8700,1600
all_households,percentiles_96_99,2013,105300,64500,28300,10900,1600
all_households,percentiles_96_99,2014,111300,68700,28500,12200,1800
all_households,percentiles_96_99,2015,115800,73000,29500,11400,1900
all_households,percentiles_96_99,2016,115700,73200,29800,10900,1800
all_households,percentiles_96_99,2017,118800,77600,30900,8600,1600
all_households,percentiles_96_99,2018,111700,71000,30800,8200,1700
all_households,percentiles_96_99,2019,116100,74300,32200,8000,1700
all_households,percentiles_96_99,2020,120500,77100,33800,8100,1500
all_households,percentiles_96_99,2021,134500,91000,32400,9700,1400
all_households,percentiles_96_99,2022,133400,87300,33200,11600,1400
all_households,top_1_percent,1979,235300,152400,6800,73000,3100
all_households,top_1_percent,1980,212600,147700,7300,54900,2600
all_households,top_1_percent,1981,195200,140700,8600,43700,2300
all_households,top_1_percent,1982,181100,139500,10800,28500,2200
all_households,top_1_percent,1983,197900,145600,11600,37700,3100
all_households,top_1_percent,1984,222200,160700,12000,46000,3500
all_households,top_1_percent,1985,227900,167500,12400,44400,3700
all_households,top_1_percent,1986,282700,213300,12500,52500,4400
all_households,top_1_percent,1987,276100,200900,14700,56900,3600
all_households,top_1_percent,1988,328400,242100,15600,66700,4000
all_households,top_1_percent,1989,298700,218000,16100,61300,3300
all_households,top_1_percent,1990,287400,210000,16700,57600,3100
all_households,top_1_percent,1991,268800,195100,20900,49400,3400
all_households,top_1_percent,1992,312100,228100,20800,59700,3500
all_households,top_1_percent,1993,335400,240100,21600,70000,3700
all_households,top_1_percent,1994,359500,247700,28600,79500,3700
all_households,top_1_percent,1995,404300,283200,28600,88600,3900
all_households,top_1_percent,1996,445200,317600,29300,94600,3700
all_households,top_1_percent,1997,500600,361800,31400,103500,3900
all_households,top_1_percent,1998,542500,399700,33400,105300,4100
all_households,top_1_percent,1999,597400,448600,36500,107500,4800
all_households,top_1_percent,2000,651200,497900,39500,109200,4500
all_households,top_1_percent,2001,515000,396100,38400,76800,3800
all_households,top_1_percent,2002,454900,345400,36300,69500,3700
all_households,top_1_percent,2003,458800,317500,36000,101200,4000
all_households,top_1_percent,2004,541500,365600,36700,134500,4700
all_households,top_1_percent,2005,658300,432200,37700,183200,5300
all_households,top_1_percent,2006,703700,459600,38600,200900,4600
all_households,top_1_percent,2007,701500,485200,40200,172500,3600
all_households,top_1_percent,2008,569400,415600,41300,108200,4300
all_households,top_1_percent,2009,456900,335000,40200,78500,3200
all_households,top_1_percent,2010,533800,369400,40400,119800,4100
all_households,top_1_percent,2011,527300,368800,37900,116900,3800
all_households,top_1_percent,2012,642000,448300,39000,150200,4500
all_households,top_1_percent,2013,638600,450500,46200,137500,4400
all_households,top_1_percent,2014,718100,511700,45900,156300,4300
all_households,top_1_percent,2015,742200,534200,50000,153700,4200
all_households,top_1_percent,2016,701900,503800,49600,144200,4300
all_households,top_1_percent,2017,720200,558000,51800,106400,4000
all_households,top_1_percent,2018,693700,537900,50900,99800,5000
all_households,top_1_percent,2019,675000,525000,51900,93600,4500
all_households,top_1_percent,2020,773000,614000,56300,98300,4300
all_households,top_1_percent,2021,996700,811600,58500,121900,4800
all_households,top_1_percent,2022,855900,650000,54100,147400,4400
hh_with_children,all_quintiles,1979,19200,9300,7000,2200,800
hh_with_children,all_quintiles,1980,18600,9400,6800,1700,700
hh_with_children,all_quintiles,1981,19000,9700,7400,1400,600
hh_with_children,all_quintiles,1982,17400,8600,7400,800,700
hh_with_children,all_quintiles,1983,17500,8200,7400,1100,800
hh_with_children,all_quintiles,1984,19200,8800,8200,1300,900
hh_with_children,all_quintiles,1985,19000,8500,8400,1200,900
hh_with_children,all_quintiles,1986,20600,9600,8700,1400,900
hh_with_children,all_quintiles,1987,20300,9100,8700,1600,800
hh_with_children,all_quintiles,1988,20900,9300,9200,1600,800
hh_with_children,all_quintiles,1989,21300,9400,9400,1600,800
hh_with_children,all_quintiles,1990,21000,9000,9600,1500,800
hh_with_children,all_quintiles,1991,20900,8800,9700,1400,900
hh_with_children,all_quintiles,1992,21000,8900,9700,1500,1000
hh_with_children,all_quintiles,1993,21900,9300,9800,1800,1000
hh_with_children,all_quintiles,1994,22500,9400,10100,1900,1100
hh_with_children,all_quintiles,1995,24100,10300,10500,2200,1100
hh_with_children,all_quintiles,1996,24300,10500,10500,2200,1000
hh_with_children,all_quintiles,1997,25800,11500,10900,2400,1000
hh_with_children,all_quintiles,1998,27000,12100,11600,2300,1100
hh_with_children,all_quintiles,1999,29400,13600,12100,2500,1200
hh_with_children,all_quintiles,2000,31100,15000,12300,2600,1100
hh_with_children,all_quintiles,2001,27300,12100,12300,1800,1100
hh_with_children,all_quintiles,2002,25700,11000,12000,1600,1000
hh_with_children,all_quintiles,2003,24600,9400,11900,2300,1000
hh_with_children,all_quintiles,2004,26600,10500,12200,2900,1000
hh_with_children,all_quintiles,2005,28200,11200,12200,3800,1000
hh_with_children,all_quintiles,2006,30000,12200,12400,4400,900
hh_with_children,all_quintiles,2007,30900,13300,12800,3900,800
hh_with_children,all_quintiles,2008,26400,10300,12900,2400,800
hh_with_children,all_quintiles,2009,23600,8600,12500,1800,800
hh_with_children,all_quintiles,2010,25900,9900,12400,2800,800
hh_with_children,all_quintiles,2011,25100,10800,10900,2600,900
hh_with_children,all_quintiles,2012,27000,12200,10900,3000,900
hh_with_children,all_quintiles,2013,30200,13100,12900,3300,900
hh_with_children,all_quintiles,2014,31900,14100,13100,3600,1000
hh_with_children,all_quintiles,2015,33900,15500,13700,3600,1100
hh_with_children,all_quintiles,2016,32800,14700,13800,3200,1000
hh_with_children,all_quintiles,2017,33600,16100,14100,2500,900
hh_with_children,all_quintiles,2018,30400,12900,14400,2200,900
hh_with_children,all_quintiles,2019,32400,14200,15100,2100,1000
hh_with_children,all_quintiles,2020,29400,11000,15300,2300,900
hh_with_children,all_quintiles,2021,31600,12700,15500,2800,700
hh_with_children,all_quintiles,2022,38300,18400,15800,3300,700
hh_with_children,lowest_quintile,1979,1800,-400,1500,300,500
hh_with_children,lowest_quintile,1980,1700,-400,1400,200,400
hh_with_children,lowest_quintile,1981,1800,-300,1500,200,300
hh_with_children,lowest_quintile,1982,1600,-300,1400,100,300
hh_with_children,lowest_quintile,1983,1700,-200,1300,100,500
hh_with_children,lowest_quintile,1984,2300,-100,1600,200,600
hh_with_children,lowest_quintile,1985,2000,-200,1500,100,600
hh_with_children,lowest_quintile,1986,1900,-200,1500,100,500
hh_with_children,lowest_quintile,1987,1400,-400,1200,100,400
hh_with_children,lowest_quintile,1988,1400,-500,1400,200,400
hh_with_children,lowest_quintile,1989,1400,-700,1500,200,400
hh_with_children,lowest_quintile,1990,1600,-700,1700,200,500
hh_with_children,lowest_quintile,1991,1400,-900,1700,200,500
hh_with_children,lowest_quintile,1992,1400,-1000,1700,200,600
hh_with_children,lowest_quintile,1993,1400,-1100,1700,200,600
hh_with_children,lowest_quintile,1994,900,-1600,1600,200,700
hh_with_children,lowest_quintile,1995,500,-2300,1900,200,700
hh_with_children,lowest_quintile,1996,500,-2400,2000,200,600
hh_with_children,lowest_quintile,1997,500,-2700,2300,200,700
hh_with_children,lowest_quintile,1998,600,-2900,2600,200,700
hh_with_children,lowest_quintile,1999,900,-2900,2700,300,800
hh_with_children,lowest_quintile,2000,1000,-2500,2600,200,700
hh_with_children,lowest_quintile,2001,500,-2800,2500,200,600
hh_with_children,lowest_quintile,2002,400,-3000,2600,100,700
hh_with_children,lowest_quintile,2003,500,-2700,2400,200,700
hh_with_children,lowest_quintile,2004,300,-3000,2500,200,600
hh_with_children,lowest_quintile,2005,200,-3300,2500,300,700
hh_with_children,lowest_quintile,2006,300,-3300,2600,300,600
hh_with_children,lowest_quintile,2007,-100,-3900,3000,300,500
hh_with_children,lowest_quintile,2008,-1800,-5400,2900,200,500
hh_with_children,lowest_quintile,2009,-2000,-5100,2500,100,500
hh_with_children,lowest_quintile,2010,-2100,-5200,2400,200,600
hh_with_children,lowest_quintile,2011,-2000,-5000,2200,200,600
hh_with_children,lowest_quintile,2012,-1800,-4600,2100,200,600
hh_with_children,lowest_quintile,2013,-1600,-4900,2500,200,600
hh_with_children,lowest_quintile,2014,-1600,-5000,2600,200,600
hh_with_children,lowest_quintile,2015,-2000,-5600,2800,200,600
hh_with_children,lowest_quintile,2016,-2000,-5600,2800,200,600
hh_with_children,lowest_quintile,2017,-2000,-5500,2800,200,500
hh_with_children,lowest_quintile,2018,-2600,-6300,3100,200,500
hh_with_children,lowest_quintile,2019,-2400,-6400,3300,200,500
hh_with_children,lowest_quintile,2020,-8000,-11100,2500,100,400
hh_with_children,lowest_quintile,2021,-13100,-16200,2600,100,400
hh_with_children,lowest_quintile,2022,-2300,-6100,3100,200,400
hh_with_children,second_quintile,1979,8500,2200,4900,800,700
hh_with_children,second_quintile,1980,8000,2200,4600,600,500
hh_with_children,second_quintile,1981,8300,2400,4900,500,500
hh_with_children,second_quintile,1982,7700,2100,4700,300,500
hh_with_children,second_quintile,1983,7500,1800,4600,400,600
hh_with_children,second_quintile,1984,8600,2200,5300,500,700
hh_with_children,second_quintile,1985,8600,2100,5400,400,700
hh_with_children,second_quintile,1986,8600,2100,5400,400,700
hh_with_children,second_quintile,1987,7900,1400,5300,500,700
hh_with_children,second_quintile,1988,7900,1200,5600,500,700
hh_with_children,second_quintile,1989,7600,800,5600,500,600
hh_with_children,second_quintile,1990,8500,1400,5900,500,600
hh_with_children,second_quintile,1991,7800,1000,5700,500,700
hh_with_children,second_quintile,1992,7300,600,5400,500,800
hh_with_children,second_quintile,1993,7200,500,5400,500,800
hh_with_children,second_quintile,1994,6800,-100,5500,600,900
hh_with_children,second_quintile,1995,7300,-100,5800,700,900
hh_with_children,second_quintile,1996,7100,-200,5800,700,800
hh_with_children,second_quintile,1997,7600,0,6100,600,800
hh_with_children,second_quintile,1998,7400,-400,6400,600,800
hh_with_children,second_quintile,1999,7900,-300,6600,700,1000
hh_with_children,second_quintile,2000,7600,-400,6600,600,900
hh_with_children,second_quintile,2001,6400,-1400,6600,400,800
hh_with_children,second_quintile,2002,5600,-1900,6300,400,800
hh_with_children,second_quintile,2003,4900,-2600,6200,500,800
hh_with_children,second_quintile,2004,5200,-2500,6300,600,800
hh_with_children,second_quintile,2005,5300,-2700,6500,800,800
hh_with_children,second_quintile,2006,5500,-2600,6600,800,700
hh_with_children,second_quintile,2007,6200,-2300,7100,800,600
hh_with_children,second_quintile,2008,3400,-4300,6700,500,600
hh_with_children,second_quintile,2009,2100,-5000,6200,300,600
hh_with_children,second_quintile,2010,2300,-4800,6000,400,700
hh_with_children,second_quintile,2011,2500,-4000,5300,400,700
hh_with_children,second_quintile,2012,2400,-4100,5300,500,700
hh_with_children,second_quintile,2013,3400,-4000,6200,500,700
hh_with_children,second_quintile,2014,3600,-4100,6300,600,800
hh_with_children,second_quintile,2015,4000,-4000,6600,600,800
hh_with_children,second_quintile,2016,4200,-3900,6700,500,700
hh_with_children,second_quintile,2017,4200,-3700,6800,400,700
hh_with_children,second_quintile,2018,3300,-4900,7100,400,700
hh_with_children,second_quintile,2019,4200,-4400,7600,400,700
hh_with_children,second_quintile,2020,-2600,-10600,7000,400,600
hh_with_children,second_quintile,2021,-5100,-13300,7200,400,500
hh_with_children,second_quintile,2022,5200,-3500,7600,600,500
hh_with_children,middle_quintile,1979,15900,6300,7500,1200,800
hh_with_children,middle_quintile,1980,15500,6500,7300,1000,700
hh_with_children,middle_quintile,1981,16000,6700,7900,800,600
hh_with_children,middle_quintile,1982,14900,6000,7700,500,600
hh_with_children,middle_quintile,1983,14300,5300,7700,600,800
hh_with_children,middle_quintile,1984,15600,5600,8400,700,800
hh_with_children,middle_quintile,1985,15800,5500,8800,700,800
hh_with_children,middle_quintile,1986,16300,5700,9100,700,800
hh_with_children,middle_quintile,1987,15700,5000,9000,900,800
hh_with_children,middle_quintile,1988,16400,5100,9600,900,800
hh_with_children,middle_quintile,1989,16600,5200,9700,900,800
hh_with_children,middle_quintile,1990,16800,5300,9900,900,800
hh_with_children,middle_quintile,1991,16200,5000,9600,800,900
hh_with_children,middle_quintile,1992,15800,4700,9400,800,900
hh_with_children,middle_quintile,1993,15900,4600,9500,900,900
hh_with_children,middle_quintile,1994,16200,4600,9600,1000,1000
hh_with_children,middle_quintile,1995,16800,4700,9900,1100,1000
hh_with_children,middle_quintile,1996,17000,4800,10100,1200,1000
hh_with_children,middle_quintile,1997,17500,5000,10300,1200,1000
hh_with_children,middle_quintile,1998,17300,4400,10900,1100,1000
hh_with_children,middle_quintile,1999,18000,4400,11300,1100,1100
hh_with_children,middle_quintile,2000,17800,4400,11300,1100,1000
hh_with_children,middle_quintile,2001,16100,3100,11300,700,1000
hh_with_children,middle_quintile,2002,15000,2600,10700,700,1000
hh_with_children,middle_quintile,2003,13700,1400,10600,900,900
hh_with_children,middle_quintile,2004,14500,1700,10800,1100,900
hh_with_children,middle_quintile,2005,14900,1600,10900,1400,900
hh_with_children,middle_quintile,2006,15100,1600,11100,1500,800
hh_with_children,middle_quintile,2007,15800,2100,11500,1400,800
hh_with_children,middle_quintile,2008,12500,-300,11200,800,800
hh_with_children,middle_quintile,2009,11600,-400,10600,600,800
hh_with_children,middle_quintile,2010,11900,-200,10400,800,800
hh_with_children,middle_quintile,2011,11700,1000,9100,800,800
hh_with_children,middle_quintile,2012,11800,1000,9100,900,900
hh_with_children,middle_quintile,2013,13900,1300,10700,1000,900
hh_with_children,middle_quintile,2014,14400,1300,11000,1100,1000
hh_with_children,middle_quintile,2015,15000,1600,11300,1100,1000
hh_with_children,middle_quintile,2016,15300,1800,11500,1000,1000
hh_with_children,middle_quintile,2017,15400,2000,11800,800,800
hh_with_children,middle_quintile,2018,14200,400,12200,800,900
hh_with_children,middle_quintile,2019,15100,800,12700,700,900
hh_with_children,middle_quintile,2020,8300,-5500,12300,700,800
hh_with_children,middle_quintile,2021,6300,-7800,12600,800,600
hh_with_children,middle_quintile,2022,16400,1900,12900,1000,600
hh_with_children,fourth_quintile,1979,23900,11300,9800,1900,900
hh_with_children,fourth_quintile,1980,23700,11800,9600,1500,800
hh_with_children,fourth_quintile,1981,25000,12400,10700,1200,700
hh_with_children,fourth_quintile,1982,23300,11100,10700,700,800
hh_with_children,fourth_quintile,1983,22700,10100,10800,1000,900
hh_with_children,fourth_quintile,1984,24400,10400,11800,1100,1000
hh_with_children,fourth_quintile,1985,24400,10200,12200,1000,1000
hh_with_children,fourth_quintile,1986,25400,10600,12800,1100,1000
hh_with_children,fourth_quintile,1987,25000,9700,12900,1500,1000
hh_with_children,fourth_quintile,1988,25800,9900,13500,1400,1000
hh_with_children,fourth_quintile,1989,26200,10100,13700,1400,900
hh_with_children,fourth_quintile,1990,26300,10100,14000,1300,1000
hh_with_children,fourth_quintile,1991,25900,9700,14000,1200,1100
hh_with_children,fourth_quintile,1992,25800,9500,14000,1300,1100
hh_with_children,fourth_quintile,1993,26100,9500,14000,1500,1100
hh_with_children,fourth_quintile,1994,26800,9700,14300,1600,1200
hh_with_children,fourth_quintile,1995,27500,9800,14600,1800,1200
hh_with_children,fourth_quintile,1996,27900,10100,14900,1800,1100
hh_with_children,fourth_quintile,1997,28900,10600,15400,1800,1100
hh_with_children,fourth_quintile,1998,29300,10300,16100,1700,1200
hh_with_children,fourth_quintile,1999,30100,10500,16500,1800,1300
hh_with_children,fourth_quintile,2000,30800,10900,16900,1700,1300
hh_with_children,fourth_quintile,2001,28700,9300,17000,1200,1200
hh_with_children,fourth_quintile,2002,27100,8600,16200,1100,1200
hh_with_children,fourth_quintile,2003,25800,7000,16200,1400,1200
hh_with_children,fourth_quintile,2004,26600,7200,16500,1700,1200
hh_with_children,fourth_quintile,2005,27400,7400,16600,2300,1100
hh_with_children,fourth_quintile,2006,28100,7700,16900,2500,1000
hh_with_children,fourth_quintile,2007,28800,8300,17400,2300,900
hh_with_children,fourth_quintile,2008,25200,5900,17100,1300,900
hh_with_children,fourth_quintile,2009,24000,5600,16500,1100,800
hh_with_children,fourth_quintile,2010,24700,6000,16400,1400,900
hh_with_children,fourth_quintile,2011,24200,7500,14400,1400,900
hh_with_children,fourth_quintile,2012,24800,7800,14500,1500,1000
hh_with_children,fourth_quintile,2013,28100,8300,17000,1800,1000
hh_with_children,fourth_quintile,2014,29200,8800,17400,1900,1200
hh_with_children,fourth_quintile,2015,30500,9400,18000,1900,1200
hh_with_children,fourth_quintile,2016,30600,9600,18100,1700,1100
hh_with_children,fourth_quintile,2017,31100,10300,18500,1300,1000
hh_with_children,fourth_quintile,2018,29900,8600,19000,1300,1100
hh_with_children,fourth_quintile,2019,31000,9100,19500,1200,1100
hh_with_children,fourth_quintile,2020,25000,3200,19600,1200,1000
hh_with_children,fourth_quintile,2021,23900,1900,19800,1400,800
hh_with_children,fourth_quintile,2022,34200,11300,20400,1800,800
hh_with_children,highest_quintile,1979,52700,32100,11200,8100,1400
hh_with_children,highest_quintile,1980,51800,32800,11400,6400,1200
hh_with_children,highest_quintile,1981,51800,33100,12600,5100,1000
hh_with_children,highest_quintile,1982,47100,29800,13300,2900,1000
hh_with_children,highest_quintile,1983,49200,29800,13900,4200,1300
hh_with_children,highest_quintile,1984,53200,31300,15400,4900,1500
hh_with_children,highest_quintile,1985,52000,30400,15800,4300,1500
hh_with_children,highest_quintile,1986,60600,37000,16600,5500,1500
hh_with_children,highest_quintile,1987,62400,37600,17200,6100,1500
hh_with_children,highest_quintile,1988,64500,38900,17900,6200,1500
hh_with_children,highest_quintile,1989,65500,39500,18200,6300,1400
hh_with_children,highest_quintile,1990,61900,36300,18700,5400,1400
hh_with_children,highest_quintile,1991,62600,36000,19900,5100,1600
hh_with_children,highest_quintile,1992,64600,37500,19900,5600,1600
hh_with_children,highest_quintile,1993,68900,40100,20400,6800,1700
hh_with_children,highest_quintile,1994,71300,40900,21400,7200,1800
hh_with_children,highest_quintile,1995,78100,45900,21900,8500,1800
hh_with_children,highest_quintile,1996,83100,50200,22400,9000,1600
hh_with_children,highest_quintile,1997,88200,53900,23100,9600,1600
hh_with_children,highest_quintile,1998,95100,59400,24500,9500,1700
hh_with_children,highest_quintile,1999,104700,66900,25400,10300,2000
hh_with_children,highest_quintile,2000,111800,72800,26200,10900,2000
hh_with_children,highest_quintile,2001,97600,61800,26500,7400,1800
hh_with_children,highest_quintile,2002,89200,55300,25900,6400,1600
hh_with_children,highest_quintile,2003,88600,51400,25900,9600,1600
hh_with_children,highest_quintile,2004,96100,55900,26400,12200,1700
hh_with_children,highest_quintile,2005,105400,61200,26500,16000,1700
hh_with_children,highest_quintile,2006,115900,67800,27300,19300,1500
hh_with_children,highest_quintile,2007,120600,73900,28000,17300,1400
hh_with_children,highest_quintile,2008,101400,62100,27900,10000,1400
hh_with_children,highest_quintile,2009,89300,53100,28000,7100,1200
hh_with_children,highest_quintile,2010,99800,58900,27700,11800,1300
hh_with_children,highest_quintile,2011,96300,59800,24500,10700,1300
hh_with_children,highest_quintile,2012,107600,68200,25000,13000,1500
hh_with_children,highest_quintile,2013,115900,71100,29500,13700,1500
hh_with_children,highest_quintile,2014,125400,78100,30100,15600,1700
hh_with_children,highest_quintile,2015,132500,84000,31300,15400,1800
hh_with_children,highest_quintile,2016,125200,78700,31200,13600,1700
hh_with_children,highest_quintile,2017,130200,85800,32500,10400,1400
hh_with_children,highest_quintile,2018,117800,74600,32700,8900,1600
hh_with_children,highest_quintile,2019,121700,77500,34000,8600,1600
hh_with_children,highest_quintile,2020,127800,82000,35200,9100,1500
hh_with_children,highest_quintile,2021,152200,103900,35700,11400,1300
hh_with_children,highest_quintile,2022,143000,92800,35700,13200,1200
hh_with_children,percentiles_81_90,1979,34000,18300,11400,3200,1100
hh_with_children,percentiles_81_90,1980,34100,19200,11500,2500,900
hh_with_children,percentiles_81_90,1981,35200,19900,12600,2000,900
hh_with_children,percentiles_81_90,1982,32800,17800,12900,1200,900
hh_with_children,percentiles_81_90,1983,32200,16300,13300,1500,1100
hh_with_children,percentiles_81_90,1984,34300,16600,14700,1800,1200
hh_with_children,percentiles_81_90,1985,34700,16800,15100,1600,1200
hh_with_children,percentiles_81_90,1986,36500,17500,16100,1700,1200
hh_with_children,percentiles_81_90,1987,37100,17300,16300,2300,1200
hh_with_children,percentiles_81_90,1988,38000,17600,17000,2200,1200
hh_with_children,percentiles_81_90,1989,38700,18000,17300,2200,1200
hh_with_children,percentiles_81_90,1990,38600,17700,17600,2100,1200
hh_with_children,percentiles_81_90,1991,38400,17200,18000,1900,1200
hh_with_children,percentiles_81_90,1992,38400,17000,18100,2000,1300
hh_with_children,percentiles_81_90,1993,38600,17100,18000,2300,1300
hh_with_children,percentiles_81_90,1994,39900,17400,18500,2500,1400
hh_with_children,percentiles_81_90,1995,41700,18200,19200,2800,1500
hh_with_children,percentiles_81_90,1996,42400,18800,19400,2900,1300
hh_with_children,percentiles_81_90,1997,44100,19800,20000,3000,1300
hh_with_children,percentiles_81_90,1998,45800,20600,21100,2700,1400
hh_with_children,percentiles_81_90,1999,48000,21700,21800,2800,1700
hh_with_children,percentiles_81_90,2000,49200,22600,22100,2900,1600
hh_with_children,percentiles_81_90,2001,46900,20600,22900,1900,1500
hh_with_children,percentiles_81_90,2002,44000,18900,22100,1700,1300
hh_with_children,percentiles_81_90,2003,42000,16300,21900,2400,1300
hh_with_children,percentiles_81_90,2004,43600,17100,22300,2900,1400
hh_with_children,percentiles_81_90,2005,45100,17600,22400,3800,1300
hh_with_children,percentiles_81_90,2006,46800,18400,23000,4200,1200
hh_with_children,percentiles_81_90,2007,47700,19400,23500,3700,1100
hh_with_children,percentiles_81_90,2008,43300,16800,23400,2100,1100
hh_with_children,percentiles_81_90,2009,41800,15900,23200,1700,1000
hh_with_children,percentiles_81_90,2010,42800,16700,22800,2200,1000
hh_with_children,percentiles_81_90,2011,42200,18800,20000,2300,1100
hh_with_children,percentiles_81_90,2012,43400,19400,20300,2500,1200
hh_with_children,percentiles_81_90,2013,48300,20400,23700,3000,1200
hh_with_children,percentiles_81_90,2014,50500,21600,24300,3200,1400
hh_with_children,percentiles_81_90,2015,53000,23300,25000,3200,1500
hh_with_children,percentiles_81_90,2016,53200,23600,25100,3100,1400
hh_with_children,percentiles_81_90,2017,54400,24900,26100,2300,1200
hh_with_children,percentiles_81_90,2018,52700,22700,26600,2200,1300
hh_with_children,percentiles_81_90,2019,54100,23200,27600,2000,1300
hh_with_children,percentiles_81_90,2020,50400,19100,28000,2100,1200
hh_with_children,percentiles_81_90,2021,53100,21600,28200,2400,1000
hh_with_children,percentiles_81_90,2022,59400,26700,28700,3000,1000
hh_with_children,percentiles_91_95,1979,45000,26700,11700,5200,1300
hh_with_children,percentiles_91_95,1980,45000,27900,11800,4200,1100
hh_with_children,percentiles_91_95,1981,46100,28500,13400,3200,1000
hh_with_children,percentiles_91_95,1982,42300,25400,14000,1800,1000
hh_with_children,percentiles_91_95,1983,42200,23800,14800,2400,1200
hh_with_children,percentiles_91_95,1984,44500,23900,16400,2800,1400
hh_with_children,percentiles_91_95,1985,44900,24500,16500,2500,1400
hh_with_children,percentiles_91_95,1986,47400,26000,17400,2600,1400
hh_with_children,percentiles_91_95,1987,50800,27400,18200,3600,1500
hh_with_children,percentiles_91_95,1988,51300,27400,19000,3400,1500
hh_with_children,percentiles_91_95,1989,51700,27800,19000,3600,1400
hh_with_children,percentiles_91_95,1990,51300,26900,20000,3100,1400
hh_with_children,percentiles_91_95,1991,51700,26500,20700,3000,1500
hh_with_children,percentiles_91_95,1992,52000,26600,20800,3100,1600
hh_with_children,percentiles_91_95,1993,53600,26900,21200,3800,1600
hh_with_children,percentiles_91_95,1994,54700,27700,21300,3900,1800
hh_with_children,percentiles_91_95,1995,58100,29500,22700,4200,1700
hh_with_children,percentiles_91_95,1996,59600,30800,22800,4400,1600
hh_with_children,percentiles_91_95,1997,62300,32500,23300,4900,1600
hh_with_children,percentiles_91_95,1998,65700,35100,24500,4500,1600
hh_with_children,percentiles_91_95,1999,69500,37700,25200,4700,1900
hh_with_children,percentiles_91_95,2000,72100,39400,26000,4700,1900
hh_with_children,percentiles_91_95,2001,67600,36000,26700,3100,1700
hh_with_children,percentiles_91_95,2002,64000,33400,26100,2900,1600
hh_with_children,percentiles_91_95,2003,61500,29900,26300,3800,1500
hh_with_children,percentiles_91_95,2004,64300,31200,26800,4800,1600
hh_with_children,percentiles_91_95,2005,67200,32900,26600,6200,1500
hh_with_children,percentiles_91_95,2006,70000,34500,27100,7000,1400
hh_with_children,percentiles_91_95,2007,71700,36500,27900,6000,1300
hh_with_children,percentiles_91_95,2008,67000,34200,28000,3400,1300
hh_with_children,percentiles_91_95,2009,63800,31400,28500,2700,1200
hh_with_children,percentiles_91_95,2010,65500,32600,28300,3500,1200
hh_with_children,percentiles_91_95,2011,64200,34800,24400,3700,1300
hh_with_children,percentiles_91_95,2012,66800,36500,24800,4100,1400
hh_with_children,percentiles_91_95,2013,73800,37900,29700,4900,1400
hh_with_children,percentiles_91_95,2014,77100,40100,30000,5300,1600
hh_with_children,percentiles_91_95,2015,80300,42500,30700,5300,1700
hh_with_children,percentiles_91_95,2016,80200,42800,31000,4900,1600
hh_with_children,percentiles_91_95,2017,82900,45600,32100,3800,1400
hh_with_children,percentiles_91_95,2018,79000,41300,32600,3600,1500
hh_with_children,percentiles_91_95,2019,81100,42400,33800,3400,1500
hh_with_children,percentiles_91_95,2020,81900,41800,35200,3600,1300
hh_with_children,percentiles_91_95,2021,86400,46200,35100,4000,1100
hh_with_children,percentiles_91_95,2022,89900,48600,35200,5000,1100
hh_with_children,percentiles_96_99,1979,72600,48700,10400,11800,1700
hh_with_children,percentiles_96_99,1980,71700,49900,11100,9200,1500
hh_with_children,percentiles_96_99,1981,69800,49400,12300,6900,1300
hh_with_children,percentiles_96_99,1982,63900,45300,13500,3800,1300
hh_with_children,percentiles_96_99,1983,63100,41700,14700,5200,1500
hh_with_children,percentiles_96_99,1984,67200,43300,16300,5800,1900
hh_with_children,percentiles_96_99,1985,67000,42800,16900,5500,1800
hh_with_children,percentiles_96_99,1986,74400,49500,17300,5800,1800
hh_with_children,percentiles_96_99,1987,80700,52900,18000,8000,1800
hh_with_children,percentiles_96_99,1988,83100,54700,19000,7600,1800
hh_with_children,percentiles_96_99,1989,83100,54400,19700,7300,1600
hh_with_children,percentiles_96_99,1990,82700,53900,19900,7000,1800
hh_with_children,percentiles_96_99,1991,84000,52400,23200,6400,2000
hh_with_children,percentiles_96_99,1992,86300,54200,23200,6900,2000
hh_with_children,percentiles_96_99,1993,89900,55400,24700,7900,2000
hh_with_children,percentiles_96_99,1994,93100,56800,25800,8300,2200
hh_with_children,percentiles_96_99,1995,98700,62300,24900,9500,2100
hh_with_children,percentiles_96_99,1996,106300,68700,25800,10000,1800
hh_with_children,percentiles_96_99,1997,113700,74400,26800,10400,2000
hh_with_children,percentiles_96_99,1998,121500,81200,28300,10000,1900
hh_with_children,percentiles_96_99,1999,130900,88200,29500,10700,2600
hh_with_children,percentiles_96_99,2000,133200,90500,30100,10300,2300
hh_with_children,percentiles_96_99,2001,120600,81700,29800,6900,2200
hh_with_children,percentiles_96_99,2002,113100,75000,30100,6000,1900
hh_with_children,percentiles_96_99,2003,111500,70300,30400,8800,1900
hh_with_children,percentiles_96_99,2004,120000,76500,30800,10700,2000
hh_with_children,percentiles_96_99,2005,132900,85300,30900,14800,1900
hh_with_children,percentiles_96_99,2006,137400,87800,31700,16100,1800
hh_with_children,percentiles_96_99,2007,140600,92900,32400,13800,1500
hh_with_children,percentiles_96_99,2008,125800,84200,32400,7600,1500
hh_with_children,percentiles_96_99,2009,116600,75800,33600,5800,1400
hh_with_children,percentiles_96_99,2010,121800,79400,33200,7700,1400
hh_with_children,percentiles_96_99,2011,123000,84100,29500,7900,1500
hh_with_children,percentiles_96_99,2012,131200,90700,29900,9000,1700
hh_with_children,percentiles_96_99,2013,140500,92300,35400,11100,1700
hh_with_children,percentiles_96_99,2014,149500,99000,36300,12300,1900
hh_with_children,percentiles_96_99,2015,154700,104300,37300,11100,2000
hh_with_children,percentiles_96_99,2016,154600,104600,37300,10800,1900
hh_with_children,percentiles_96_99,2017,160900,111400,39100,8700,1600
hh_with_children,percentiles_96_99,2018,148900,99400,39800,8000,1800
hh_with_children,percentiles_96_99,2019,153900,103400,41000,7800,1800
hh_with_children,percentiles_96_99,2020,157300,105000,42700,8000,1600
hh_with_children,percentiles_96_99,2021,178900,125400,42800,9300,1400
hh_with_children,percentiles_96_99,2022,176300,120700,42900,11400,1300
hh_with_children,top_1_percent,1979,256700,173100,8600,72000,3100
hh_with_children,top_1_percent,1980,231700,164500,9800,54700,2800
hh_with_children,top_1_percent,1981,223500,163600,10700,46500,2700
hh_with_children,top_1_percent,1982,197500,152900,13700,28500,2400
hh_with_children,top_1_percent,1983,242600,182600,14900,41400,3700
hh_with_children,top_1_percent,1984,263100,194500,16500,47300,4800
hh_with_children,top_1_percent,1985,253100,187000,16500,44300,5300
hh_with_children,top_1_percent,1986,384400,295100,16800,67500,5100
hh_with_children,top_1_percent,1987,338500,259200,19500,55300,4500
hh_with_children,top_1_percent,1988,386700,299300,19400,63500,4500
hh_with_children,top_1_percent,1989,363100,278200,20500,60900,3500
hh_with_children,top_1_percent,1990,304300,231500,21000,48100,3600
hh_with_children,top_1_percent,1991,324300,245500,26300,48200,4300
hh_with_children,top_1_percent,1992,364600,277700,24100,58300,4500
hh_with_children,top_1_percent,1993,421500,317700,27800,71500,4400
hh_with_children,top_1_percent,1994,423200,309200,37900,71900,4300
hh_with_children,top_1_percent,1995,506700,374200,37700,90600,4200
hh_with_children,top_1_percent,1996,555700,418300,39900,93700,3700
hh_with_children,top_1_percent,1997,590900,444800,41100,100800,4100
hh_with_children,top_1_percent,1998,660800,506700,45800,104300,4000
hh_with_children,top_1_percent,1999,813300,635300,51900,121300,4800
hh_with_children,top_1_percent,2000,905900,714700,56600,130200,4500
hh_with_children,top_1_percent,2001,698100,551600,51800,89900,4800
hh_with_children,top_1_percent,2002,611300,482200,49200,76200,3800
hh_with_children,top_1_percent,2003,612400,445100,48600,114900,3800
hh_with_children,top_1_percent,2004,704600,500600,49700,150000,4200
hh_with_children,top_1_percent,2005,827400,570000,50900,201700,4800
hh_with_children,top_1_percent,2006,937800,640200,54200,239000,4400
hh_with_children,top_1_percent,2007,970100,697500,56900,212200,3500
hh_with_children,top_1_percent,2008,760800,570600,55300,130800,4100
hh_with_children,top_1_percent,2009,564400,426900,51400,83200,2800
hh_with_children,top_1_percent,2010,732400,517700,53300,157400,4100
hh_with_children,top_1_percent,2011,683600,492400,50100,137700,3500
hh_with_children,top_1_percent,2012,813900,589800,52300,167600,4100
hh_with_children,top_1_percent,2013,831500,606100,62200,159500,3700
hh_with_children,top_1_percent,2014,949700,695800,62500,187100,4300
hh_with_children,top_1_percent,2015,1003000,743000,69300,186900,3700
hh_with_children,top_1_percent,2016,921700,681700,67600,168500,3800
hh_with_children,top_1_percent,2017,928300,734300,69500,121300,3300
hh_with_children,top_1_percent,2018,846300,668400,67000,106200,4700
hh_with_children,top_1_percent,2019,826100,654800,69500,97600,4200
hh_with_children,top_1_percent,2020,942800,760900,74500,103100,4300
hh_with_children,top_1_percent,2021,1343700,1111200,84100,143900,4600
hh_with_children,top_1_percent,2022,1038700,805200,74900,154900,3700
elderly_headed_hh,all_quintiles,1979,10400,4700,1100,4000,500
elderly_headed_hh,all_quintiles,1980,9800,5000,1000,3200,500
elderly_headed_hh,all_quintiles,1981,9600,5400,1200,2600,400
elderly_headed_hh,all_quintiles,1982,8700,5400,1200,1600,500
elderly_headed_hh,all_quintiles,1983,9000,5100,1200,2100,600
elderly_headed_hh,all_quintiles,1984,10200,5700,1300,2600,600
elderly_headed_hh,all_quintiles,1985,10300,6000,1300,2400,600
elderly_headed_hh,all_quintiles,1986,11000,6300,1400,2600,700
elderly_headed_hh,all_quintiles,1987,10500,5300,1400,3200,700
elderly_headed_hh,all_quintiles,1988,11200,5900,1400,3300,700
elderly_headed_hh,all_quintiles,1989,11000,5800,1400,3200,600
elderly_headed_hh,all_quintiles,1990,10600,5600,1400,2900,600
elderly_headed_hh,all_quintiles,1991,9500,4900,1400,2600,700
elderly_headed_hh,all_quintiles,1992,10300,5200,1500,3000,700
elderly_headed_hh,all_quintiles,1993,10600,5100,1400,3400,800
elderly_headed_hh,all_quintiles,1994,11100,5300,1400,3600,800
elderly_headed_hh,all_quintiles,1995,12300,6000,1600,4000,800
elderly_headed_hh,all_quintiles,1996,14300,7400,1700,4500,800
elderly_headed_hh,all_quintiles,1997,15100,8000,1700,4500,800
elderly_headed_hh,all_quintiles,1998,15700,8700,1800,4300,900
elderly_headed_hh,all_quintiles,1999,16700,9400,1900,4300,1000
elderly_headed_hh,all_quintiles,2000,16200,9500,1900,3900,900
elderly_headed_hh,all_quintiles,2001,13500,7900,2000,2800,800
elderly_headed_hh,all_quintiles,2002,12300,7100,1800,2600,800
elderly_headed_hh,all_quintiles,2003,12300,6300,2000,3300,800
elderly_headed_hh,all_quintiles,2004,14300,7200,2000,4300,800
elderly_headed_hh,all_quintiles,2005,16500,8100,2200,5400,800
elderly_headed_hh,all_quintiles,2006,17600,8700,2200,5900,800
elderly_headed_hh,all_quintiles,2007,18700,10200,2400,5400,700
elderly_headed_hh,all_quintiles,2008,13500,7500,2400,3000,600
elderly_headed_hh,all_quintiles,2009,12200,6800,2400,2400,600
elderly_headed_hh,all_quintiles,2010,13600,7500,2400,3000,600
elderly_headed_hh,all_quintiles,2011,14100,8200,2200,3100,700
elderly_headed_hh,all_quintiles,2012,16200,9400,2300,3700,700
elderly_headed_hh,all_quintiles,2013,16900,9400,2800,4000,700
elderly_headed_hh,all_quintiles,2014,18400,10500,2800,4400,800
elderly_headed_hh,all_quintiles,2015,18900,10900,3000,4100,800
elderly_headed_hh,all_quintiles,2016,18000,10400,3000,3800,700
elderly_headed_hh,all_quintiles,2017,18100,11300,3200,2900,700
elderly_headed_hh,all_quintiles,2018,17800,10900,3300,2800,800
elderly_headed_hh,all_quintiles,2019,18200,11200,3500,2700,800
elderly_headed_hh,all_quintiles,2020,14900,8200,3500,2700,600
elderly_headed_hh,all_quintiles,2021,19200,12100,3500,3000,600
elderly_headed_hh,all_quintiles,2022,21000,13100,3500,3700,600
elderly_headed_hh,lowest_quintile,1979,800,0,200,400,300
elderly_headed_hh,lowest_quintile,1980,600,0,100,200,200
elderly_headed_hh,lowest_quintile,1981,600,0,100,200,200
elderly_headed_hh,lowest_quintile,1982,500,0,100,100,200
elderly_headed_hh,lowest_quintile,1983,600,0,100,100,300
elderly_headed_hh,lowest_quintile,1984,700,0,100,200,300
elderly_headed_hh,lowest_quintile,1985,700,0,200,200,300
elderly_headed_hh,lowest_quintile,1986,700,0,100,200,300
elderly_headed_hh,lowest_quintile,1987,700,0,100,200,400
elderly_headed_hh,lowest_quintile,1988,700,0,100,200,300
elderly_headed_hh,lowest_quintile,1989,700,0,200,200,300
elderly_headed_hh,lowest_quintile,1990,700,0,200,200,300
elderly_headed_hh,lowest_quintile,1991,800,0,200,200,400
elderly_headed_hh,lowest_quintile,1992,800,0,100,200,400
elderly_headed_hh,lowest_quintile,1993,800,0,100,200,400
elderly_headed_hh,lowest_quintile,1994,900,0,100,200,500
elderly_headed_hh,lowest_quintile,1995,900,0,200,300,500
elderly_headed_hh,lowest_quintile,1996,900,0,200,300,400
elderly_headed_hh,lowest_quintile,1997,900,0,200,200,400
elderly_headed_hh,lowest_quintile,1998,1000,0,200,300,500
elderly_headed_hh,lowest_quintile,1999,1100,0,300,300,600
elderly_headed_hh,lowest_quintile,2000,1000,0,200,200,500
elderly_headed_hh,lowest_quintile,2001,900,0,200,200,400
elderly_headed_hh,lowest_quintile,2002,900,0,200,200,500
elderly_headed_hh,lowest_quintile,2003,800,0,200,200,400
elderly_headed_hh,lowest_quintile,2004,800,0,200,200,400
elderly_headed_hh,lowest_quintile,2005,900,0,200,300,400
elderly_headed_hh,lowest_quintile,2006,900,0,200,300,400
elderly_headed_hh,lowest_quintile,2007,900,0,300,200,300
elderly_headed_hh,lowest_quintile,2008,300,-500,200,200,400
elderly_headed_hh,lowest_quintile,2009,600,-100,200,100,300
elderly_headed_hh,lowest_quintile,2010,600,-100,200,100,400
elderly_headed_hh,lowest_quintile,2011,600,0,200,100,400
elderly_headed_hh,lowest_quintile,2012,700,0,200,100,400
elderly_headed_hh,lowest_quintile,2013,800,0,200,200,400
elderly_headed_hh,lowest_quintile,2014,700,-100,200,100,400
elderly_headed_hh,lowest_quintile,2015,700,-100,200,200,400
elderly_headed_hh,lowest_quintile,2016,700,-100,200,200,400
elderly_headed_hh,lowest_quintile,2017,600,-200,200,100,400
elderly_headed_hh,lowest_quintile,2018,500,-200,200,100,400
elderly_headed_hh,lowest_quintile,2019,600,-200,300,100,400
elderly_headed_hh,lowest_quintile,2020,-2400,-3100,300,100,300
elderly_headed_hh,lowest_quintile,2021,-1900,-2500,200,100,300
elderly_headed_hh,lowest_quintile,2022,500,-200,300,100,300
elderly_headed_hh,second_quintile,1979,5200,1000,1200,2500,500
elderly_headed_hh,second_quintile,1980,4500,1100,1000,1900,500
elderly_headed_hh,second_quintile,1981,4100,1200,1000,1500,400
elderly_headed_hh,second_quintile,1982,3400,1100,900,900,400
elderly_headed_hh,second_quintile,1983,3600,1000,900,1100,600
elderly_headed_hh,second_quintile,1984,4000,1000,1000,1300,600
elderly_headed_hh,second_quintile,1985,3900,1100,900,1200,600
elderly_headed_hh,second_quintile,1986,4000,1000,1000,1300,700
elderly_headed_hh,second_quintile,1987,4000,900,900,1600,600
elderly_headed_hh,second_quintile,1988,4400,1200,1000,1600,600
elderly_headed_hh,second_quintile,1989,4200,1200,1000,1500,600
elderly_headed_hh,second_quintile,1990,4400,1300,1000,1500,600
elderly_headed_hh,second_quintile,1991,4100,1200,1000,1300,700
elderly_headed_hh,second_quintile,1992,4100,1000,900,1400,700
elderly_headed_hh,second_quintile,1993,4200,1000,900,1500,800
elderly_headed_hh,second_quintile,1994,4300,1000,900,1600,800
elderly_headed_hh,second_quintile,1995,4800,1200,1100,1700,800
elderly_headed_hh,second_quintile,1996,4700,1200,1000,1800,800
elderly_headed_hh,second_quintile,1997,4800,1300,1100,1700,800
elderly_headed_hh,second_quintile,1998,5000,1500,1200,1600,800
elderly_headed_hh,second_quintile,1999,5300,1600,1200,1600,900
elderly_headed_hh,second_quintile,2000,5100,1600,1200,1400,800
elderly_headed_hh,second_quintile,2001,4300,1200,1200,1100,800
elderly_headed_hh,second_quintile,2002,3900,1000,1100,900,800
elderly_headed_hh,second_quintile,2003,3900,900,1200,1000,800
elderly_headed_hh,second_quintile,2004,4000,900,1200,1100,700
elderly_headed_hh,second_quintile,2005,4500,1000,1300,1400,800
elderly_headed_hh,second_quintile,2006,4700,1100,1300,1500,700
elderly_headed_hh,second_quintile,2007,4800,1400,1400,1300,700
elderly_headed_hh,second_quintile,2008,3100,300,1400,800,600
elderly_headed_hh,second_quintile,2009,3100,600,1200,600,600
elderly_headed_hh,second_quintile,2010,3100,600,1200,700,600
elderly_headed_hh,second_quintile,2011,3300,1000,1100,700,600
elderly_headed_hh,second_quintile,2012,3300,900,1000,700,700
elderly_headed_hh,second_quintile,2013,3800,1000,1300,800,700
elderly_headed_hh,second_quintile,2014,4000,1000,1400,900,700
elderly_headed_hh,second_quintile,2015,4200,1200,1400,800,700
elderly_headed_hh,second_quintile,2016,4200,1300,1400,800,700
elderly_headed_hh,second_quintile,2017,4200,1500,1500,600,600
elderly_headed_hh,second_quintile,2018,3900,1100,1600,600,700
elderly_headed_hh,second_quintile,2019,4400,1500,1800,600,700
elderly_headed_hh,second_quintile,2020,300,-2300,1500,600,500
elderly_headed_hh,second_quintile,2021,1200,-1300,1600,500,500
elderly_headed_hh,second_quintile,2022,4800,1800,1800,700,500
elderly_headed_hh,middle_quintile,1979,10300,3400,2000,4100,700
elderly_headed_hh,middle_quintile,1980,9400,3600,1900,3300,600
elderly_headed_hh,middle_quintile,1981,8900,3900,1800,2600,600
elderly_headed_hh,middle_quintile,1982,7600,3700,1800,1500,600
elderly_headed_hh,middle_quintile,1983,7600,3300,1700,1900,700
elderly_headed_hh,middle_quintile,1984,8300,3400,1800,2400,800
elderly_headed_hh,middle_quintile,1985,8200,3500,1800,2100,800
elderly_headed_hh,middle_quintile,1986,8500,3500,1900,2200,800
elderly_headed_hh,middle_quintile,1987,9100,3400,2100,2900,700
elderly_headed_hh,middle_quintile,1988,9400,3800,2100,2700,800
elderly_headed_hh,middle_quintile,1989,9400,3900,1900,2800,700
elderly_headed_hh,middle_quintile,1990,9400,4100,2100,2500,700
elderly_headed_hh,middle_quintile,1991,8800,3900,1900,2300,800
elderly_headed_hh,middle_quintile,1992,9100,3800,2000,2600,800
elderly_headed_hh,middle_quintile,1993,9200,3600,1900,2700,900
elderly_headed_hh,middle_quintile,1994,9800,3900,2100,2900,900
elderly_headed_hh,middle_quintile,1995,10500,4200,2200,3200,900
elderly_headed_hh,middle_quintile,1996,10600,4300,2100,3300,900
elderly_headed_hh,middle_quintile,1997,10600,4500,2100,3200,900
elderly_headed_hh,middle_quintile,1998,10900,4900,2200,2800,1000
elderly_headed_hh,middle_quintile,1999,11500,5300,2400,2700,1100
elderly_headed_hh,middle_quintile,2000,11600,5600,2400,2600,1000
elderly_headed_hh,middle_quintile,2001,10200,5000,2400,1900,1000
elderly_headed_hh,middle_quintile,2002,9500,4600,2400,1600,1000
elderly_headed_hh,middle_quintile,2003,9400,4200,2500,1800,900
elderly_headed_hh,middle_quintile,2004,10000,4500,2500,2100,900
elderly_headed_hh,middle_quintile,2005,10800,4600,2700,2600,900
elderly_headed_hh,middle_quintile,2006,11300,4900,2700,2900,900
elderly_headed_hh,middle_quintile,2007,11400,5300,2900,2400,800
elderly_headed_hh,middle_quintile,2008,8600,3700,2700,1400,700
elderly_headed_hh,middle_quintile,2009,8600,4200,2600,1100,700
elderly_headed_hh,middle_quintile,2010,8700,4200,2600,1300,700
elderly_headed_hh,middle_quintile,2011,8900,4700,2200,1300,700
elderly_headed_hh,middle_quintile,2012,9200,4800,2300,1300,800
elderly_headed_hh,middle_quintile,2013,9900,4900,2600,1600,800
elderly_headed_hh,middle_quintile,2014,10300,5100,2700,1700,800
elderly_headed_hh,middle_quintile,2015,10900,5500,3000,1600,800
elderly_headed_hh,middle_quintile,2016,10900,5700,3000,1400,800
elderly_headed_hh,middle_quintile,2017,10800,5800,3100,1100,800
elderly_headed_hh,middle_quintile,2018,9900,4900,3200,1000,800
elderly_headed_hh,middle_quintile,2019,10500,5400,3300,1000,800
elderly_headed_hh,middle_quintile,2020,6100,1500,3000,1000,700
elderly_headed_hh,middle_quintile,2021,7400,2600,3300,1000,600
elderly_headed_hh,middle_quintile,2022,11300,5900,3600,1200,600
elderly_headed_hh,fourth_quintile,1979,16900,6700,3000,6200,900
elderly_headed_hh,fourth_quintile,1980,15900,7300,2900,5000,800
elderly_headed_hh,fourth_quintile,1981,15200,7800,2900,3800,700
elderly_headed_hh,fourth_quintile,1982,13300,7500,2800,2300,700
elderly_headed_hh,fourth_quintile,1983,13200,6700,2600,3000,800
elderly_headed_hh,fourth_quintile,1984,14700,7400,3000,3500,900
elderly_headed_hh,fourth_quintile,1985,14400,7300,3100,3200,900
elderly_headed_hh,fourth_quintile,1986,15100,7500,3300,3400,900
elderly_headed_hh,fourth_quintile,1987,16500,7600,3500,4600,900
elderly_headed_hh,fourth_quintile,1988,16900,8000,3300,4600,900
elderly_headed_hh,fourth_quintile,1989,16900,8400,3300,4300,900
elderly_headed_hh,fourth_quintile,1990,16500,8400,3200,4000,900
elderly_headed_hh,fourth_quintile,1991,16100,8200,3100,3700,1000
elderly_headed_hh,fourth_quintile,1992,16400,8000,3500,3900,1100
elderly_headed_hh,fourth_quintile,1993,16900,7800,3300,4600,1100
elderly_headed_hh,fourth_quintile,1994,18500,8600,3600,5000,1200
elderly_headed_hh,fourth_quintile,1995,19400,9300,3500,5400,1200
elderly_headed_hh,fourth_quintile,1996,19600,9600,3600,5200,1100
elderly_headed_hh,fourth_quintile,1997,20200,10400,3500,5100,1100
elderly_headed_hh,fourth_quintile,1998,20900,11200,3700,4700,1200
elderly_headed_hh,fourth_quintile,1999,21800,11700,4000,4700,1400
elderly_headed_hh,fourth_quintile,2000,21700,12200,4000,4300,1200
elderly_headed_hh,fourth_quintile,2001,19800,11300,4300,3000,1100
elderly_headed_hh,fourth_quintile,2002,18400,10600,3900,2700,1100
elderly_headed_hh,fourth_quintile,2003,17800,9000,4400,3300,1000
elderly_headed_hh,fourth_quintile,2004,18700,9500,4400,3800,1100
elderly_headed_hh,fourth_quintile,2005,19900,9600,4500,4600,1100
elderly_headed_hh,fourth_quintile,2006,20500,9900,4300,5200,1000
elderly_headed_hh,fourth_quintile,2007,19900,10300,4400,4200,1000
elderly_headed_hh,fourth_quintile,2008,16800,8800,4600,2500,900
elderly_headed_hh,fourth_quintile,2009,16500,9000,4600,2100,800
elderly_headed_hh,fourth_quintile,2010,16800,9100,4500,2400,800
elderly_headed_hh,fourth_quintile,2011,16900,9800,4000,2300,900
elderly_headed_hh,fourth_quintile,2012,17500,10000,4100,2500,900
elderly_headed_hh,fourth_quintile,2013,18900,10100,4800,3000,1000
elderly_headed_hh,fourth_quintile,2014,19500,10500,5000,3000,1000
elderly_headed_hh,fourth_quintile,2015,20400,11200,5200,2900,1000
elderly_headed_hh,fourth_quintile,2016,20300,11300,5300,2700,1000
elderly_headed_hh,fourth_quintile,2017,20400,11800,5600,2100,900
elderly_headed_hh,fourth_quintile,2018,18900,10400,5600,1900,1000
elderly_headed_hh,fourth_quintile,2019,19900,11100,5900,1900,1000
elderly_headed_hh,fourth_quintile,2020,15900,7100,6000,2000,800
elderly_headed_hh,fourth_quintile,2021,17300,8900,5800,1900,700
elderly_headed_hh,fourth_quintile,2022,21200,12000,6200,2300,800
elderly_headed_hh,highest_quintile,1979,69200,37300,4100,26000,1700
elderly_headed_hh,highest_quintile,1980,60900,36500,3800,19300,1300
elderly_headed_hh,highest_quintile,1981,56300,36700,4100,14400,1200
elderly_headed_hh,highest_quintile,1982,50900,36400,4400,8900,1200
elderly_headed_hh,highest_quintile,1983,50700,33500,4400,11500,1400
elderly_headed_hh,highest_quintile,1984,58100,38200,4800,13700,1400
elderly_headed_hh,highest_quintile,1985,61300,41400,5100,13300,1400
elderly_headed_hh,highest_quintile,1986,66600,44900,5300,14500,1900
elderly_headed_hh,highest_quintile,1987,67500,40800,5200,19700,1800
elderly_headed_hh,highest_quintile,1988,72700,44700,5600,20600,1800
elderly_headed_hh,highest_quintile,1989,67200,41300,5200,19100,1500
elderly_headed_hh,highest_quintile,1990,63500,39000,5600,17300,1500
elderly_headed_hh,highest_quintile,1991,58500,35400,5800,15700,1600
elderly_headed_hh,highest_quintile,1992,64300,37600,6100,18800,1700
elderly_headed_hh,highest_quintile,1993,68300,38300,6100,22100,1900
elderly_headed_hh,highest_quintile,1994,74100,41600,6400,24400,1800
elderly_headed_hh,highest_quintile,1995,76700,43200,6500,25200,1800
elderly_headed_hh,highest_quintile,1996,85800,50300,6800,26900,1800
elderly_headed_hh,highest_quintile,1997,89500,53900,6600,27100,1800
elderly_headed_hh,highest_quintile,1998,88400,54800,6900,24700,2000
elderly_headed_hh,highest_quintile,1999,95900,61100,7200,25300,2300
elderly_headed_hh,highest_quintile,2000,94700,62200,7300,23200,2000
elderly_headed_hh,highest_quintile,2001,85700,57200,8100,18700,1700
elderly_headed_hh,highest_quintile,2002,83500,54700,8000,19000,1800
elderly_headed_hh,highest_quintile,2003,85600,49000,9000,25700,1800
elderly_headed_hh,highest_quintile,2004,97300,54000,8900,32100,2300
elderly_headed_hh,highest_quintile,2005,102800,55500,8600,36600,2000
elderly_headed_hh,highest_quintile,2006,103300,55800,8500,37100,1900
elderly_headed_hh,highest_quintile,2007,105100,62100,8600,32700,1700
elderly_headed_hh,highest_quintile,2008,87400,55500,10000,20400,1500
elderly_headed_hh,highest_quintile,2009,77200,48400,10900,16600,1300
elderly_headed_hh,highest_quintile,2010,80200,48900,10100,19900,1300
elderly_headed_hh,highest_quintile,2011,84500,53100,9300,20700,1400
elderly_headed_hh,highest_quintile,2012,94600,59000,9700,24300,1600
elderly_headed_hh,highest_quintile,2013,93200,56400,11300,23900,1600
elderly_headed_hh,highest_quintile,2014,102400,63100,11100,26500,1700
elderly_headed_hh,highest_quintile,2015,106600,67100,12300,25500,1700
elderly_headed_hh,highest_quintile,2016,103100,64800,12600,24100,1700
elderly_headed_hh,highest_quintile,2017,100900,68800,12800,17700,1600
elderly_headed_hh,highest_quintile,2018,96300,65300,12900,16300,1700
elderly_headed_hh,highest_quintile,2019,97300,66400,13500,15700,1700
elderly_headed_hh,highest_quintile,2020,102300,70100,14300,16400,1500
elderly_headed_hh,highest_quintile,2021,117700,85200,13400,17700,1500
elderly_headed_hh,highest_quintile,2022,122100,83100,13900,23700,1500
elderly_headed_hh,percentiles_81_90,1979,24700,10800,4400,8400,1100
elderly_headed_hh,percentiles_81_90,1980,23800,11900,3500,7500,900
elderly_headed_hh,percentiles_81_90,1981,23000,12800,3900,5500,800
elderly_headed_hh,percentiles_81_90,1982,20500,12400,4100,3100,800
elderly_headed_hh,percentiles_81_90,1983,20600,11500,3900,4300,900
elderly_headed_hh,percentiles_81_90,1984,23800,13400,4400,4900,1100
elderly_headed_hh,percentiles_81_90,1985,24200,14200,4400,4600,1000
elderly_headed_hh,percentiles_81_90,1986,24000,13200,5000,4700,1100
elderly_headed_hh,percentiles_81_90,1987,26400,13900,4500,6800,1200
elderly_headed_hh,percentiles_81_90,1988,27300,14100,5300,6700,1200
elderly_headed_hh,percentiles_81_90,1989,26900,14600,4500,6700,1100
elderly_headed_hh,percentiles_81_90,1990,26500,14300,4700,6400,1100
elderly_headed_hh,percentiles_81_90,1991,26000,14200,4800,5800,1300
elderly_headed_hh,percentiles_81_90,1992,26700,13900,4800,6700,1300
elderly_headed_hh,percentiles_81_90,1993,27200,13200,5000,7700,1300
elderly_headed_hh,percentiles_81_90,1994,29300,15000,4800,8100,1400
elderly_headed_hh,percentiles_81_90,1995,30400,15500,4800,8700,1400
elderly_headed_hh,percentiles_81_90,1996,31800,16400,5200,9000,1200
elderly_headed_hh,percentiles_81_90,1997,32100,17000,4900,8900,1300
elderly_headed_hh,percentiles_81_90,1998,32400,18200,5200,7600,1400
elderly_headed_hh,percentiles_81_90,1999,34000,19100,5500,7700,1600
elderly_headed_hh,percentiles_81_90,2000,33800,19800,5400,7200,1400
elderly_headed_hh,percentiles_81_90,2001,32500,19200,6900,5300,1200
elderly_headed_hh,percentiles_81_90,2002,30200,18100,6100,4700,1300
elderly_headed_hh,percentiles_81_90,2003,29600,15700,6700,5900,1300
elderly_headed_hh,percentiles_81_90,2004,31100,15900,6700,7100,1400
elderly_headed_hh,percentiles_81_90,2005,32200,16100,6200,8600,1300
elderly_headed_hh,percentiles_81_90,2006,33400,16900,6300,9000,1200
elderly_headed_hh,percentiles_81_90,2007,32700,17700,6300,7600,1200
elderly_headed_hh,percentiles_81_90,2008,28100,15700,6800,4500,1000
elderly_headed_hh,percentiles_81_90,2009,27800,15700,7500,3600,1000
elderly_headed_hh,percentiles_81_90,2010,28200,16000,6900,4400,900
elderly_headed_hh,percentiles_81_90,2011,28500,17100,6000,4300,1000
elderly_headed_hh,percentiles_81_90,2012,30000,18000,6800,4200,1100
elderly_headed_hh,percentiles_81_90,2013,32700,17900,8100,5500,1100
elderly_headed_hh,percentiles_81_90,2014,33000,18200,7800,5900,1200
elderly_headed_hh,percentiles_81_90,2015,35000,19600,8800,5300,1200
elderly_headed_hh,percentiles_81_90,2016,34900,19600,9000,5100,1200
elderly_headed_hh,percentiles_81_90,2017,34500,20400,9100,3900,1100
elderly_headed_hh,percentiles_81_90,2018,33200,19200,9200,3700,1200
elderly_headed_hh,percentiles_81_90,2019,34700,20000,10000,3500,1200
elderly_headed_hh,percentiles_81_90,2020,32300,17200,10400,3700,1000
elderly_headed_hh,percentiles_81_90,2021,34500,19900,9900,3700,900
elderly_headed_hh,percentiles_81_90,2022,38200,22300,10400,4500,900
elderly_headed_hh,percentiles_91_95,1979,34600,16400,4800,12100,1300
elderly_headed_hh,percentiles_91_95,1980,33600,18000,4600,9900,1100
elderly_headed_hh,percentiles_91_95,1981,32400,19400,4300,7700,1000
elderly_headed_hh,percentiles_91_95,1982,28800,18800,4800,4300,1000
elderly_headed_hh,percentiles_91_95,1983,28200,16700,4500,5900,1100
elderly_headed_hh,percentiles_91_95,1984,33300,20000,5200,6900,1100
elderly_headed_hh,percentiles_91_95,1985,33600,20800,5400,6300,1100
elderly_headed_hh,percentiles_91_95,1986,32800,19800,4800,6900,1400
elderly_headed_hh,percentiles_91_95,1987,38400,21300,5500,10100,1500
elderly_headed_hh,percentiles_91_95,1988,37700,21100,5900,9300,1400
elderly_headed_hh,percentiles_91_95,1989,38000,21500,5600,9600,1300
elderly_headed_hh,percentiles_91_95,1990,36900,20800,5700,9100,1200
elderly_headed_hh,percentiles_91_95,1991,35600,20500,5700,8000,1400
elderly_headed_hh,percentiles_91_95,1992,36400,19900,5300,9700,1500
elderly_headed_hh,percentiles_91_95,1993,38700,20400,5800,10900,1600
elderly_headed_hh,percentiles_91_95,1994,40600,21900,5300,12000,1500
elderly_headed_hh,percentiles_91_95,1995,43600,22800,6200,13100,1500
elderly_headed_hh,percentiles_91_95,1996,44300,24200,6400,12200,1400
elderly_headed_hh,percentiles_91_95,1997,45700,25800,6000,12500,1500
elderly_headed_hh,percentiles_91_95,1998,45800,26100,6800,11300,1600
elderly_headed_hh,percentiles_91_95,1999,47500,27900,6500,11300,1900
elderly_headed_hh,percentiles_91_95,2000,49000,30200,6300,10900,1600
elderly_headed_hh,percentiles_91_95,2001,44200,27700,6700,8500,1400
elderly_headed_hh,percentiles_91_95,2002,43200,26500,6900,8400,1400
elderly_headed_hh,percentiles_91_95,2003,42600,22900,9100,9000,1500
elderly_headed_hh,percentiles_91_95,2004,45300,23800,8900,10800,1800
elderly_headed_hh,percentiles_91_95,2005,47400,24100,8800,12900,1600
elderly_headed_hh,percentiles_91_95,2006,49200,25100,8200,14500,1400
elderly_headed_hh,percentiles_91_95,2007,47500,26100,8100,12000,1300
elderly_headed_hh,percentiles_91_95,2008,43300,25500,9900,6800,1200
elderly_headed_hh,percentiles_91_95,2009,41000,23600,10600,5600,1200
elderly_headed_hh,percentiles_91_95,2010,42900,25200,9800,6800,1200
elderly_headed_hh,percentiles_91_95,2011,43000,26300,9000,6500,1200
elderly_headed_hh,percentiles_91_95,2012,45000,27000,9100,7500,1400
elderly_headed_hh,percentiles_91_95,2013,48900,27500,10300,9700,1400
elderly_headed_hh,percentiles_91_95,2014,50300,28000,10500,10300,1500
elderly_headed_hh,percentiles_91_95,2015,51900,29400,11000,10000,1500
elderly_headed_hh,percentiles_91_95,2016,52700,30500,11400,9300,1500
elderly_headed_hh,percentiles_91_95,2017,52500,32100,11800,7200,1400
elderly_headed_hh,percentiles_91_95,2018,51100,30600,12500,6500,1500
elderly_headed_hh,percentiles_91_95,2019,51800,31600,12600,6200,1500
elderly_headed_hh,percentiles_91_95,2020,52600,30700,14200,6500,1300
elderly_headed_hh,percentiles_91_95,2021,54900,34200,13000,6500,1200
elderly_headed_hh,percentiles_91_95,2022,58800,35800,13300,8500,1200
elderly_headed_hh,percentiles_96_99,1979,55500,28300,3900,21600,1700
elderly_headed_hh,percentiles_96_99,1980,52700,30800,3800,16800,1300
elderly_headed_hh,percentiles_96_99,1981,51800,33500,4200,12900,1200
elderly_headed_hh,percentiles_96_99,1982,46200,33200,4300,7500,1200
elderly_headed_hh,percentiles_96_99,1983,45800,29900,4400,10100,1400
elderly_headed_hh,percentiles_96_99,1984,53000,34900,4700,12000,1400
elderly_headed_hh,percentiles_96_99,1985,52700,34700,5300,11200,1500
elderly_headed_hh,percentiles_96_99,1986,54600,35100,5700,11800,1900
elderly_headed_hh,percentiles_96_99,1987,62500,37200,5700,17700,2000
elderly_headed_hh,percentiles_96_99,1988,61500,36600,5400,17700,1900
elderly_headed_hh,percentiles_96_99,1989,62300,38200,5500,17200,1500
elderly_headed_hh,percentiles_96_99,1990,59200,36300,6300,15200,1500
elderly_headed_hh,percentiles_96_99,1991,56600,33600,6300,15000,1600
elderly_headed_hh,percentiles_96_99,1992,61000,34300,7500,17400,1800
elderly_headed_hh,percentiles_96_99,1993,62600,33100,7000,20400,2100
elderly_headed_hh,percentiles_96_99,1994,66400,35600,7700,21200,1900
elderly_headed_hh,percentiles_96_99,1995,72800,40000,7500,23400,1900
elderly_headed_hh,percentiles_96_99,1996,75600,43100,7300,23400,1900
elderly_headed_hh,percentiles_96_99,1997,80200,46600,7500,24100,2000
elderly_headed_hh,percentiles_96_99,1998,80900,48800,7400,22500,2200
elderly_headed_hh,percentiles_96_99,1999,85300,52800,7300,22600,2600
elderly_headed_hh,percentiles_96_99,2000,88500,56600,8300,21400,2200
elderly_headed_hh,percentiles_96_99,2001,78600,51600,8900,16200,1900
elderly_headed_hh,percentiles_96_99,2002,74400,48400,9200,15100,1800
elderly_headed_hh,percentiles_96_99,2003,75500,43200,10100,20300,2000
elderly_headed_hh,percentiles_96_99,2004,79800,43700,9800,23900,2400
elderly_headed_hh,percentiles_96_99,2005,90200,48300,9900,29800,2200
elderly_headed_hh,percentiles_96_99,2006,93700,50400,9900,31500,2000
elderly_headed_hh,percentiles_96_99,2007,92300,54300,10000,26200,1900
elderly_headed_hh,percentiles_96_99,2008,80700,51600,12100,15400,1600
elderly_headed_hh,percentiles_96_99,2009,72900,44800,13900,12700,1500
elderly_headed_hh,percentiles_96_99,2010,78600,48600,13000,15400,1500
elderly_headed_hh,percentiles_96_99,2011,78700,50100,11900,15200,1600
elderly_headed_hh,percentiles_96_99,2012,85000,54100,12400,16700,1800
elderly_headed_hh,percentiles_96_99,2013,91600,54200,14200,21400,1800
elderly_headed_hh,percentiles_96_99,2014,95700,57200,13600,23000,1900
elderly_headed_hh,percentiles_96_99,2015,99000,60700,14900,21500,1900
elderly_headed_hh,percentiles_96_99,2016,99500,61500,15500,20600,1800
elderly_headed_hh,percentiles_96_99,2017,99500,65900,15800,16000,1800
elderly_headed_hh,percentiles_96_99,2018,92600,60600,15700,14500,1800
elderly_headed_hh,percentiles_96_99,2019,95100,62700,16100,14500,1800
elderly_headed_hh,percentiles_96_99,2020,99200,65100,17300,15100,1700
elderly_headed_hh,percentiles_96_99,2021,108800,75800,15000,16300,1600
elderly_headed_hh,percentiles_96_99,2022,110700,72700,15800,20600,1600
elderly_headed_hh,top_1_percent,1979,254400,150200,3200,97300,3800
elderly_headed_hh,top_1_percent,1980,223100,145600,3100,71500,2800
elderly_headed_hh,top_1_percent,1981,205800,143700,4200,55500,2400
elderly_headed_hh,top_1_percent,1982,180400,138100,5100,34800,2500
elderly_headed_hh,top_1_percent,1983,200100,143000,5500,48500,3100
elderly_headed_hh,top_1_percent,1984,219200,154300,5600,56600,2700
elderly_headed_hh,top_1_percent,1985,234600,169800,6500,55200,3100
elderly_headed_hh,top_1_percent,1986,262600,192500,6000,59300,4800
elderly_headed_hh,top_1_percent,1987,261300,169100,6000,82100,4100
elderly_headed_hh,top_1_percent,1988,330200,219200,6700,99500,4800
elderly_headed_hh,top_1_percent,1989,284000,186000,6500,88300,3100
elderly_headed_hh,top_1_percent,1990,277000,182900,7100,83800,3200
elderly_headed_hh,top_1_percent,1991,236700,153000,8200,72000,3600
elderly_headed_hh,top_1_percent,1992,298100,189400,9600,95100,4100
elderly_headed_hh,top_1_percent,1993,307200,187600,9000,106600,4000
elderly_headed_hh,top_1_percent,1994,329900,195900,11500,118700,3700
elderly_headed_hh,top_1_percent,1995,367700,221000,12200,130600,4000
elderly_headed_hh,top_1_percent,1996,416100,260500,12600,138800,4300
elderly_headed_hh,top_1_percent,1997,464700,299000,13200,148000,4600
elderly_headed_hh,top_1_percent,1998,465200,306500,13500,140300,5000
elderly_headed_hh,top_1_percent,1999,513500,348500,15900,143000,6000
elderly_headed_hh,top_1_percent,2000,537600,375400,16000,141100,5100
elderly_headed_hh,top_1_percent,2001,466000,330200,15700,115900,4300
elderly_headed_hh,top_1_percent,2002,442800,303100,15700,119000,5100
elderly_headed_hh,top_1_percent,2003,453900,269100,15600,164400,4700
elderly_headed_hh,top_1_percent,2004,529000,303400,15800,203000,6800
elderly_headed_hh,top_1_percent,2005,617800,345400,16500,250100,5900
elderly_headed_hh,top_1_percent,2006,611900,341000,16200,248900,5900
elderly_headed_hh,top_1_percent,2007,664900,407100,17900,235400,4500
elderly_headed_hh,top_1_percent,2008,524000,347800,20500,151500,4200
elderly_headed_hh,top_1_percent,2009,448100,297400,21900,125500,3200
elderly_headed_hh,top_1_percent,2010,483500,302200,21200,156600,3500
elderly_headed_hh,top_1_percent,2011,535000,340400,21500,169200,4000
elderly_headed_hh,top_1_percent,2012,645900,406800,20900,213400,4900
elderly_headed_hh,top_1_percent,2013,598800,384400,24700,185400,4300
elderly_headed_hh,top_1_percent,2014,679200,445700,24800,204200,4500
elderly_headed_hh,top_1_percent,2015,689000,460700,28100,195900,4200
elderly_headed_hh,top_1_percent,2016,689200,457900,29200,196700,5400
elderly_headed_hh,top_1_percent,2017,663100,488500,29800,140400,4400
elderly_headed_hh,top_1_percent,2018,629800,467800,28400,128900,4700
elderly_headed_hh,top_1_percent,2019,627000,468400,30000,123200,5400
elderly_headed_hh,top_1_percent,2020,747900,572700,31200,138800,5200
elderly_headed_hh,top_1_percent,2021,888900,703400,30800,149000,5600
elderly_headed_hh,top_1_percent,2022,840600,613300,30600,191200,5400
nonelderly_childless_hh,all_quintiles,1979,19300,10100,6000,2400,800
nonelderly_childless_hh,all_quintiles,1980,18900,10400,5900,1900,600
nonelderly_childless_hh,all_quintiles,1981,19200,10600,6400,1500,600
nonelderly_childless_hh,all_quintiles,1982,18000,9800,6600,1000,600
nonelderly_childless_hh,all_quintiles,1983,17500,9000,6600,1200,700
nonelderly_childless_hh,all_quintiles,1984,18200,9000,6900,1400,800
nonelderly_childless_hh,all_quintiles,1985,19200,9600,7400,1400,800
nonelderly_childless_hh,all_quintiles,1986,20400,10300,7800,1500,800
nonelderly_childless_hh,all_quintiles,1987,21000,10300,8000,1900,800
nonelderly_childless_hh,all_quintiles,1988,22300,11000,8500,2000,800
nonelderly_childless_hh,all_quintiles,1989,21900,10700,8500,1900,800
nonelderly_childless_hh,all_quintiles,1990,22200,10900,8700,1800,800
nonelderly_childless_hh,all_quintiles,1991,21600,10400,8700,1600,800
nonelderly_childless_hh,all_quintiles,1992,22300,10800,8800,1800,900
nonelderly_childless_hh,all_quintiles,1993,22500,10800,8800,2100,900
nonelderly_childless_hh,all_quintiles,1994,23100,10800,9000,2200,1000
nonelderly_childless_hh,all_quintiles,1995,23600,11100,9100,2400,1000
nonelderly_childless_hh,all_quintiles,1996,24700,12000,9300,2500,900
nonelderly_childless_hh,all_quintiles,1997,25800,12800,9500,2600,900
nonelderly_childless_hh,all_quintiles,1998,26500,13400,9800,2400,900
nonelderly_childless_hh,all_quintiles,1999,27900,14200,10200,2500,1000
nonelderly_childless_hh,all_quintiles,2000,28400,14800,10200,2500,900
nonelderly_childless_hh,all_quintiles,2001,25600,12700,10400,1600,900
nonelderly_childless_hh,all_quintiles,2002,23400,11200,9900,1400,900
nonelderly_childless_hh,all_quintiles,2003,23000,10200,10000,1900,900
nonelderly_childless_hh,all_quintiles,2004,24000,10800,10000,2400,900
nonelderly_childless_hh,all_quintiles,2005,26000,11800,10000,3400,900
nonelderly_childless_hh,all_quintiles,2006,26500,11900,10200,3500,800
nonelderly_childless_hh,all_quintiles,2007,25900,11900,10400,2900,700
nonelderly_childless_hh,all_quintiles,2008,22700,9900,10300,1700,700
nonelderly_childless_hh,all_quintiles,2009,21000,8900,10100,1300,700
nonelderly_childless_hh,all_quintiles,2010,21100,9000,9700,1700,700
nonelderly_childless_hh,all_quintiles,2011,21000,9900,8500,1700,700
nonelderly_childless_hh,all_quintiles,2012,22400,10900,8700,2100,800
nonelderly_childless_hh,all_quintiles,2013,24000,10900,10200,2100,800
nonelderly_childless_hh,all_quintiles,2014,25300,11700,10400,2400,900
nonelderly_childless_hh,all_quintiles,2015,25600,11700,10800,2200,900
nonelderly_childless_hh,all_quintiles,2016,25900,12000,10900,2200,800
nonelderly_childless_hh,all_quintiles,2017,26800,13000,11300,1700,800
nonelderly_childless_hh,all_quintiles,2018,26800,12700,11600,1700,800
nonelderly_childless_hh,all_quintiles,2019,26600,12300,11900,1500,800
nonelderly_childless_hh,all_quintiles,2020,23000,9400,11500,1500,700
nonelderly_childless_hh,all_quintiles,2021,26200,12100,11700,1800,600
nonelderly_childless_hh,all_quintiles,2022,29300,14200,12200,2200,600
nonelderly_childless_hh,lowest_quintile,1979,1400,0,800,200,400
nonelderly_childless_hh,lowest_quintile,1980,1200,0,700,200,300
nonelderly_childless_hh,lowest_quintile,1981,1200,0,800,100,300
nonelderly_childless_hh,lowest_quintile,1982,1100,0,700,100,300
nonelderly_childless_hh,lowest_quintile,1983,1200,0,700,100,400
nonelderly_childless_hh,lowest_quintile,1984,1300,100,700,200,400
nonelderly_childless_hh,lowest_quintile,1985,1400,100,800,100,400
nonelderly_childless_hh,lowest_quintile,1986,1400,0,800,100,400
nonelderly_childless_hh,lowest_quintile,1987,1500,0,900,200,500
nonelderly_childless_hh,lowest_quintile,1988,1600,0,1000,200,500
nonelderly_childless_hh,lowest_quintile,1989,1600,0,1100,200,400
nonelderly_childless_hh,lowest_quintile,1990,1700,0,1100,200,500
nonelderly_childless_hh,lowest_quintile,1991,1700,-100,1100,200,500
nonelderly_childless_hh,lowest_quintile,1992,1700,-100,1100,200,500
nonelderly_childless_hh,lowest_quintile,1993,1500,-100,900,200,500
nonelderly_childless_hh,lowest_quintile,1994,1400,-300,900,200,600
nonelderly_childless_hh,lowest_quintile,1995,1500,-300,1100,200,500
nonelderly_childless_hh,lowest_quintile,1996,1300,-300,1000,200,400
nonelderly_childless_hh,lowest_quintile,1997,1300,-300,1000,200,500
nonelderly_childless_hh,lowest_quintile,1998,1400,-300,1100,200,500
nonelderly_childless_hh,lowest_quintile,1999,1500,-400,1200,200,500
nonelderly_childless_hh,lowest_quintile,2000,1400,-300,1100,200,500
nonelderly_childless_hh,lowest_quintile,2001,1400,-400,1100,100,500
nonelderly_childless_hh,lowest_quintile,2002,1100,-400,1000,100,500
nonelderly_childless_hh,lowest_quintile,2003,1200,-400,1000,100,500
nonelderly_childless_hh,lowest_quintile,2004,1100,-400,1000,100,400
nonelderly_childless_hh,lowest_quintile,2005,1400,-400,1100,200,400
nonelderly_childless_hh,lowest_quintile,2006,1500,-500,1200,200,500
nonelderly_childless_hh,lowest_quintile,2007,1500,-500,1400,200,400
nonelderly_childless_hh,lowest_quintile,2008,900,-1000,1300,100,500
nonelderly_childless_hh,lowest_quintile,2009,800,-900,1100,100,500
nonelderly_childless_hh,lowest_quintile,2010,800,-900,1100,100,500
nonelderly_childless_hh,lowest_quintile,2011,900,-700,1000,100,500
nonelderly_childless_hh,lowest_quintile,2012,900,-600,900,100,500
nonelderly_childless_hh,lowest_quintile,2013,1200,-700,1200,100,600
nonelderly_childless_hh,lowest_quintile,2014,1000,-800,1100,100,600
nonelderly_childless_hh,lowest_quintile,2015,800,-1000,1100,100,600
nonelderly_childless_hh,lowest_quintile,2016,700,-1000,1200,100,500
nonelderly_childless_hh,lowest_quintile,2017,600,-1200,1200,100,500
nonelderly_childless_hh,lowest_quintile,2018,700,-1200,1300,100,500
nonelderly_childless_hh,lowest_quintile,2019,800,-1300,1500,100,500
nonelderly_childless_hh,lowest_quintile,2020,-2700,-4200,1100,100,300
nonelderly_childless_hh,lowest_quintile,2021,-2800,-4400,1200,100,400
nonelderly_childless_hh,lowest_quintile,2022,600,-1300,1300,200,400
nonelderly_childless_hh,second_quintile,1979,5600,1500,2900,600,500
nonelderly_childless_hh,second_quintile,1980,5300,1500,2800,500,400
nonelderly_childless_hh,second_quintile,1981,5400,1700,3000,400,400
nonelderly_childless_hh,second_quintile,1982,5000,1400,2900,200,400
nonelderly_childless_hh,second_quintile,1983,4800,1200,2700,300,500
nonelderly_childless_hh,second_quintile,1984,5300,1400,3000,400,500
nonelderly_childless_hh,second_quintile,1985,5600,1500,3200,400,500
nonelderly_childless_hh,second_quintile,1986,5400,1300,3200,400,500
nonelderly_childless_hh,second_quintile,1987,5300,1100,3200,500,600
nonelderly_childless_hh,second_quintile,1988,5600,1200,3500,400,600
nonelderly_childless_hh,second_quintile,1989,5600,1200,3500,400,500
nonelderly_childless_hh,second_quintile,1990,6000,1300,3700,400,500
nonelderly_childless_hh,second_quintile,1991,5600,1100,3500,400,600
nonelderly_childless_hh,second_quintile,1992,5400,1000,3400,400,600
nonelderly_childless_hh,second_quintile,1993,5400,900,3400,500,600
nonelderly_childless_hh,second_quintile,1994,5400,700,3500,500,700
nonelderly_childless_hh,second_quintile,1995,5800,900,3700,600,700
nonelderly_childless_hh,second_quintile,1996,5700,900,3700,500,600
nonelderly_childless_hh,second_quintile,1997,6100,1000,3900,500,600
nonelderly_childless_hh,second_quintile,1998,6100,900,4100,500,600
nonelderly_childless_hh,second_quintile,1999,6300,900,4200,500,700
nonelderly_childless_hh,second_quintile,2000,6200,900,4200,500,600
nonelderly_childless_hh,second_quintile,2001,5600,500,4200,300,700
nonelderly_childless_hh,second_quintile,2002,5200,200,4000,300,700
nonelderly_childless_hh,second_quintile,2003,4900,0,3900,400,600
nonelderly_childless_hh,second_quintile,2004,5100,0,4000,500,600
nonelderly_childless_hh,second_quintile,2005,5500,200,4100,600,600
nonelderly_childless_hh,second_quintile,2006,5600,100,4200,600,600
nonelderly_childless_hh,second_quintile,2007,5800,300,4400,600,500
nonelderly_childless_hh,second_quintile,2008,4200,-900,4300,300,500
nonelderly_childless_hh,second_quintile,2009,3600,-1100,3900,300,500
nonelderly_childless_hh,second_quintile,2010,3800,-1000,3900,300,600
nonelderly_childless_hh,second_quintile,2011,3900,-500,3500,300,600
nonelderly_childless_hh,second_quintile,2012,3900,-400,3400,300,600
nonelderly_childless_hh,second_quintile,2013,4600,-400,4000,400,600
nonelderly_childless_hh,second_quintile,2014,4500,-600,4100,400,600
nonelderly_childless_hh,second_quintile,2015,4800,-600,4300,400,600
nonelderly_childless_hh,second_quintile,2016,4800,-600,4400,400,600
nonelderly_childless_hh,second_quintile,2017,4800,-500,4400,300,600
nonelderly_childless_hh,second_quintile,2018,4600,-900,4600,300,600
nonelderly_childless_hh,second_quintile,2019,5100,-700,4900,300,600
nonelderly_childless_hh,second_quintile,2020,900,-4400,4500,300,500
nonelderly_childless_hh,second_quintile,2021,1300,-4200,4800,300,400
nonelderly_childless_hh,second_quintile,2022,5300,-500,5000,400,400
nonelderly_childless_hh,middle_quintile,1979,10700,4200,4800,1000,700
nonelderly_childless_hh,middle_quintile,1980,10400,4300,4700,800,600
nonelderly_childless_hh,middle_quintile,1981,10700,4500,5000,700,500
nonelderly_childless_hh,middle_quintile,1982,9900,4000,5000,400,500
nonelderly_childless_hh,middle_quintile,1983,9600,3700,4800,500,600
nonelderly_childless_hh,middle_quintile,1984,10400,3800,5300,700,600
nonelderly_childless_hh,middle_quintile,1985,10600,3900,5500,600,600
nonelderly_childless_hh,middle_quintile,1986,11000,4000,5700,600,600
nonelderly_childless_hh,middle_quintile,1987,10900,3700,5800,800,700
nonelderly_childless_hh,middle_quintile,1988,11100,3700,6000,800,600
nonelderly_childless_hh,middle_quintile,1989,11100,3700,6100,700,600
nonelderly_childless_hh,middle_quintile,1990,11400,3900,6200,700,600
nonelderly_childless_hh,middle_quintile,1991,11000,3700,6000,600,700
nonelderly_childless_hh,middle_quintile,1992,11100,3600,6100,700,700
nonelderly_childless_hh,middle_quintile,1993,11000,3500,6000,700,800
nonelderly_childless_hh,middle_quintile,1994,11100,3400,6000,800,800
nonelderly_childless_hh,middle_quintile,1995,11600,3600,6400,900,800
nonelderly_childless_hh,middle_quintile,1996,11800,3700,6500,900,800
nonelderly_childless_hh,middle_quintile,1997,12200,3900,6700,900,700
nonelderly_childless_hh,middle_quintile,1998,12400,3900,6900,800,800
nonelderly_childless_hh,middle_quintile,1999,12900,4000,7200,800,800
nonelderly_childless_hh,middle_quintile,2000,12900,4100,7300,800,800
nonelderly_childless_hh,middle_quintile,2001,11800,3300,7200,600,700
nonelderly_childless_hh,middle_quintile,2002,11200,2900,7000,500,800
nonelderly_childless_hh,middle_quintile,2003,10900,2600,6900,600,800
nonelderly_childless_hh,middle_quintile,2004,11300,2600,7100,800,800
nonelderly_childless_hh,middle_quintile,2005,11600,2800,7100,1000,700
nonelderly_childless_hh,middle_quintile,2006,11900,2900,7200,1100,700
nonelderly_childless_hh,middle_quintile,2007,12300,3100,7600,1000,600
nonelderly_childless_hh,middle_quintile,2008,10000,1500,7300,600,600
nonelderly_childless_hh,middle_quintile,2009,9300,1300,7000,400,600
nonelderly_childless_hh,middle_quintile,2010,9500,1500,6900,600,600
nonelderly_childless_hh,middle_quintile,2011,9300,2200,5900,600,600
nonelderly_childless_hh,middle_quintile,2012,9500,2300,6000,600,700
nonelderly_childless_hh,middle_quintile,2013,10900,2400,7100,700,700
nonelderly_childless_hh,middle_quintile,2014,11100,2300,7300,800,700
nonelderly_childless_hh,middle_quintile,2015,11500,2400,7600,700,800
nonelderly_childless_hh,middle_quintile,2016,11500,2500,7700,700,700
nonelderly_childless_hh,middle_quintile,2017,11800,2700,7900,500,600
nonelderly_childless_hh,middle_quintile,2018,11300,2000,8100,500,700
nonelderly_childless_hh,middle_quintile,2019,11900,2300,8400,500,700
nonelderly_childless_hh,middle_quintile,2020,7700,-1500,8100,500,600
nonelderly_childless_hh,middle_quintile,2021,8200,-1100,8300,500,500
nonelderly_childless_hh,middle_quintile,2022,12400,2600,8600,700,500
nonelderly_childless_hh,fourth_quintile,1979,17300,8100,7100,1400,800
nonelderly_childless_hh,fourth_quintile,1980,17200,8400,6900,1200,600
nonelderly_childless_hh,fourth_quintile,1981,17900,8800,7600,1000,600
nonelderly_childless_hh,fourth_quintile,1982,16700,8000,7500,600,600
nonelderly_childless_hh,fourth_quintile,1983,16300,7300,7500,800,700
nonelderly_childless_hh,fourth_quintile,1984,17100,7300,8000,1000,800
nonelderly_childless_hh,fourth_quintile,1985,17600,7500,8500,900,800
nonelderly_childless_hh,fourth_quintile,1986,18400,7800,9000,900,700
nonelderly_childless_hh,fourth_quintile,1987,18200,7300,8900,1200,800
nonelderly_childless_hh,fourth_quintile,1988,18800,7400,9500,1200,800
nonelderly_childless_hh,fourth_quintile,1989,18900,7500,9500,1100,800
nonelderly_childless_hh,fourth_quintile,1990,18800,7400,9600,1000,800
nonelderly_childless_hh,fourth_quintile,1991,18600,7300,9500,1000,900
nonelderly_childless_hh,fourth_quintile,1992,18500,7100,9500,1000,900
nonelderly_childless_hh,fourth_quintile,1993,18400,7000,9400,1200,900
nonelderly_childless_hh,fourth_quintile,1994,18800,7100,9500,1200,1000
nonelderly_childless_hh,fourth_quintile,1995,19400,7300,9800,1300,1000
nonelderly_childless_hh,fourth_quintile,1996,19900,7500,10000,1400,900
nonelderly_childless_hh,fourth_quintile,1997,20400,7800,10300,1400,900
nonelderly_childless_hh,fourth_quintile,1998,21300,8200,10900,1300,900
nonelderly_childless_hh,fourth_quintile,1999,22000,8500,11100,1300,1000
nonelderly_childless_hh,fourth_quintile,2000,22200,8600,11300,1300,900
nonelderly_childless_hh,fourth_quintile,2001,20600,7600,11200,900,900
nonelderly_childless_hh,fourth_quintile,2002,19800,7200,11000,800,900
nonelderly_childless_hh,fourth_quintile,2003,19500,6700,10900,1000,900
nonelderly_childless_hh,fourth_quintile,2004,20200,6800,11200,1200,900
nonelderly_childless_hh,fourth_quintile,2005,20800,7000,11300,1600,900
nonelderly_childless_hh,fourth_quintile,2006,21400,7200,11600,1800,800
nonelderly_childless_hh,fourth_quintile,2007,21600,7400,11900,1600,800
nonelderly_childless_hh,fourth_quintile,2008,18900,5700,11600,900,700
nonelderly_childless_hh,fourth_quintile,2009,18100,5400,11300,700,700
nonelderly_childless_hh,fourth_quintile,2010,18400,5700,11100,900,700
nonelderly_childless_hh,fourth_quintile,2011,18200,6800,9700,1000,700
nonelderly_childless_hh,fourth_quintile,2012,18600,6900,9800,1100,800
nonelderly_childless_hh,fourth_quintile,2013,20700,7100,11600,1200,800
nonelderly_childless_hh,fourth_quintile,2014,21500,7300,11900,1300,900
nonelderly_childless_hh,fourth_quintile,2015,22200,7700,12400,1300,900
nonelderly_childless_hh,fourth_quintile,2016,22500,7800,12600,1200,900
nonelderly_childless_hh,fourth_quintile,2017,22700,8100,12900,900,800
nonelderly_childless_hh,fourth_quintile,2018,21700,7000,13000,900,800
nonelderly_childless_hh,fourth_quintile,2019,22600,7400,13500,800,800
nonelderly_childless_hh,fourth_quintile,2020,18800,3600,13600,800,700
nonelderly_childless_hh,fourth_quintile,2021,20000,4800,13700,900,600
nonelderly_childless_hh,fourth_quintile,2022,24500,8500,14200,1200,600
nonelderly_childless_hh,highest_quintile,1979,41300,24200,10100,5900,1100
nonelderly_childless_hh,highest_quintile,1980,40600,25000,10000,4700,1000
nonelderly_childless_hh,highest_quintile,1981,40700,25100,11000,3700,900
nonelderly_childless_hh,highest_quintile,1982,37900,23200,11500,2300,900
nonelderly_childless_hh,highest_quintile,1983,37700,21800,11900,2900,1000
nonelderly_childless_hh,highest_quintile,1984,40300,22700,12900,3500,1200
nonelderly_childless_hh,highest_quintile,1985,41300,23500,13300,3400,1100
nonelderly_childless_hh,highest_quintile,1986,44800,25700,14200,3600,1200
nonelderly_childless_hh,highest_quintile,1987,46300,26100,14500,4500,1200
nonelderly_childless_hh,highest_quintile,1988,49800,28400,15300,4900,1200
nonelderly_childless_hh,highest_quintile,1989,48700,27500,15400,4600,1200
nonelderly_childless_hh,highest_quintile,1990,48800,27500,15600,4600,1100
nonelderly_childless_hh,highest_quintile,1991,47400,26300,15900,4000,1200
nonelderly_childless_hh,highest_quintile,1992,49600,27900,16000,4500,1200
nonelderly_childless_hh,highest_quintile,1993,50700,28000,16200,5200,1300
nonelderly_childless_hh,highest_quintile,1994,52700,28700,16900,5700,1400
nonelderly_childless_hh,highest_quintile,1995,55200,30300,17300,6200,1400
nonelderly_childless_hh,highest_quintile,1996,58300,32800,17600,6600,1300
nonelderly_childless_hh,highest_quintile,1997,62400,35900,18200,7000,1300
nonelderly_childless_hh,highest_quintile,1998,65500,38400,18900,6800,1400
nonelderly_childless_hh,highest_quintile,1999,69500,41300,19700,6900,1500
nonelderly_childless_hh,highest_quintile,2000,72700,44200,20100,7000,1400
nonelderly_childless_hh,highest_quintile,2001,63500,37300,20400,4500,1300
nonelderly_childless_hh,highest_quintile,2002,58700,33500,20000,3900,1300
nonelderly_childless_hh,highest_quintile,2003,57400,30500,20200,5400,1300
nonelderly_childless_hh,highest_quintile,2004,62300,33500,20300,7100,1400
nonelderly_childless_hh,highest_quintile,2005,69600,37500,20500,10300,1400
nonelderly_childless_hh,highest_quintile,2006,70600,37900,20800,10700,1300
nonelderly_childless_hh,highest_quintile,2007,69700,38500,21500,8600,1100
nonelderly_childless_hh,highest_quintile,2008,62800,34800,21600,5300,1100
nonelderly_childless_hh,highest_quintile,2009,56900,30800,21300,3900,1000
nonelderly_childless_hh,highest_quintile,2010,59400,32000,21100,5200,1100
nonelderly_childless_hh,highest_quintile,2011,59200,34000,18700,5400,1100
nonelderly_childless_hh,highest_quintile,2012,64200,37400,19000,6600,1200
nonelderly_childless_hh,highest_quintile,2013,68100,37700,22400,6700,1300
nonelderly_childless_hh,highest_quintile,2014,72300,40600,22800,7500,1400
nonelderly_childless_hh,highest_quintile,2015,73000,41100,23500,6900,1500
nonelderly_childless_hh,highest_quintile,2016,74300,42200,23800,6900,1300
nonelderly_childless_hh,highest_quintile,2017,76300,45300,24600,5100,1200
nonelderly_childless_hh,highest_quintile,2018,78300,46200,25200,5500,1400
nonelderly_childless_hh,highest_quintile,2019,77700,45500,25900,5000,1300
nonelderly_childless_hh,highest_quintile,2020,80000,46900,26800,5100,1200
nonelderly_childless_hh,highest_quintile,2021,90700,56800,26700,6200,1000
nonelderly_childless_hh,highest_quintile,2022,87900,52600,26900,7400,1000
nonelderly_childless_hh,percentiles_81_90,1979,25700,13200,9300,2200,900
nonelderly_childless_hh,percentiles_81_90,1980,25700,13800,9200,1800,800
nonelderly_childless_hh,percentiles_81_90,1981,26500,14400,10000,1500,700
nonelderly_childless_hh,percentiles_81_90,1982,24800,13100,10000,900,700
nonelderly_childless_hh,percentiles_81_90,1983,24500,12100,10400,1100,900
nonelderly_childless_hh,percentiles_81_90,1984,26200,12400,11400,1400,900
nonelderly_childless_hh,percentiles_81_90,1985,26000,12300,11600,1200,900
nonelderly_childless_hh,percentiles_81_90,1986,27700,12900,12500,1300,900
nonelderly_childless_hh,percentiles_81_90,1987,28000,12700,12600,1700,1000
nonelderly_childless_hh,percentiles_81_90,1988,28600,12700,13200,1700,1000
nonelderly_childless_hh,percentiles_81_90,1989,29100,13200,13200,1700,900
nonelderly_childless_hh,percentiles_81_90,1990,28700,12800,13400,1600,900
nonelderly_childless_hh,percentiles_81_90,1991,27800,12400,13000,1400,1000
nonelderly_childless_hh,percentiles_81_90,1992,27900,12200,13200,1500,1000
nonelderly_childless_hh,percentiles_81_90,1993,28200,12100,13300,1700,1000
nonelderly_childless_hh,percentiles_81_90,1994,29200,12500,13700,1800,1100
nonelderly_childless_hh,percentiles_81_90,1995,30000,12900,13900,2100,1100
nonelderly_childless_hh,percentiles_81_90,1996,30900,13400,14300,2200,1100
nonelderly_childless_hh,percentiles_81_90,1997,32300,14100,14900,2200,1100
nonelderly_childless_hh,percentiles_81_90,1998,33400,14800,15500,2000,1100
nonelderly_childless_hh,percentiles_81_90,1999,34700,15500,16000,2100,1200
nonelderly_childless_hh,percentiles_81_90,2000,35500,16100,16200,2000,1100
nonelderly_childless_hh,percentiles_81_90,2001,33000,14400,16200,1400,1100
nonelderly_childless_hh,percentiles_81_90,2002,31700,13700,15800,1200,1000
nonelderly_childless_hh,percentiles_81_90,2003,31100,12400,16000,1600,1100
nonelderly_childless_hh,percentiles_81_90,2004,32100,12900,16200,1900,1100
nonelderly_childless_hh,percentiles_81_90,2005,33100,13000,16500,2600,1000
nonelderly_childless_hh,percentiles_81_90,2006,34200,13500,16700,2900,1000
nonelderly_childless_hh,percentiles_81_90,2007,34700,13900,17300,2500,900
nonelderly_childless_hh,percentiles_81_90,2008,31600,12200,17200,1500,800
nonelderly_childless_hh,percentiles_81_90,2009,30000,11400,16700,1100,800
nonelderly_childless_hh,percentiles_81_90,2010,30800,12000,16500,1500,800
nonelderly_childless_hh,percentiles_81_90,2011,30400,13500,14500,1500,800
nonelderly_childless_hh,percentiles_81_90,2012,31500,14000,14900,1800,900
nonelderly_childless_hh,percentiles_81_90,2013,34800,14400,17500,2000,900
nonelderly_childless_hh,percentiles_81_90,2014,36200,15000,17900,2300,1100
nonelderly_childless_hh,percentiles_81_90,2015,37900,15900,18700,2100,1100
nonelderly_childless_hh,percentiles_81_90,2016,38100,16100,18900,2000,1100
nonelderly_childless_hh,percentiles_81_90,2017,38500,16800,19300,1500,900
nonelderly_childless_hh,percentiles_81_90,2018,37600,15400,19800,1400,1000
nonelderly_childless_hh,percentiles_81_90,2019,38900,16000,20400,1400,1000
nonelderly_childless_hh,percentiles_81_90,2020,36100,13000,20800,1400,900
nonelderly_childless_hh,percentiles_81_90,2021,38600,15300,20900,1600,700
nonelderly_childless_hh,percentiles_81_90,2022,42400,18400,21300,2000,800
nonelderly_childless_hh,percentiles_91_95,1979,34700,19400,11000,3300,1100
nonelderly_childless_hh,percentiles_91_95,1980,34800,20300,10800,2800,900
nonelderly_childless_hh,percentiles_91_95,1981,35900,21000,11900,2100,800
nonelderly_childless_hh,percentiles_91_95,1982,33100,18700,12300,1200,900
nonelderly_childless_hh,percentiles_91_95,1983,32900,17600,12700,1600,1000
nonelderly_childless_hh,percentiles_91_95,1984,35000,18000,13900,2000,1100
nonelderly_childless_hh,percentiles_91_95,1985,35200,17900,14300,1800,1100
nonelderly_childless_hh,percentiles_91_95,1986,37300,19000,15300,1900,1100
nonelderly_childless_hh,percentiles_91_95,1987,39100,19900,15500,2600,1200
nonelderly_childless_hh,percentiles_91_95,1988,39900,19800,16400,2500,1100
nonelderly_childless_hh,percentiles_91_95,1989,40300,20200,16600,2500,1100
nonelderly_childless_hh,percentiles_91_95,1990,39400,19400,16600,2400,1100
nonelderly_childless_hh,percentiles_91_95,1991,39000,18900,16800,2100,1100
nonelderly_childless_hh,percentiles_91_95,1992,39200,18900,16800,2300,1200
nonelderly_childless_hh,percentiles_91_95,1993,39900,19000,16900,2700,1300
nonelderly_childless_hh,percentiles_91_95,1994,40800,19400,17500,2700,1300
nonelderly_childless_hh,percentiles_91_95,1995,42400,20100,17900,3100,1300
nonelderly_childless_hh,percentiles_91_95,1996,44500,21400,18400,3400,1200
nonelderly_childless_hh,percentiles_91_95,1997,46300,22800,18800,3400,1300
nonelderly_childless_hh,percentiles_91_95,1998,48100,24000,19700,3200,1300
nonelderly_childless_hh,percentiles_91_95,1999,50600,25600,20300,3300,1400
nonelderly_childless_hh,percentiles_91_95,2000,51300,26100,20600,3300,1300
nonelderly_childless_hh,percentiles_91_95,2001,48400,24000,21100,2100,1200
nonelderly_childless_hh,percentiles_91_95,2002,45700,22300,20400,1800,1200
nonelderly_childless_hh,percentiles_91_95,2003,44600,20300,20900,2300,1200
nonelderly_childless_hh,percentiles_91_95,2004,46400,21100,21100,3000,1200
nonelderly_childless_hh,percentiles_91_95,2005,48800,21900,21600,4200,1200
nonelderly_childless_hh,percentiles_91_95,2006,50000,22600,21700,4600,1100
nonelderly_childless_hh,percentiles_91_95,2007,51300,23700,22600,4000,1000
nonelderly_childless_hh,percentiles_91_95,2008,47100,21400,22400,2300,1000
nonelderly_childless_hh,percentiles_91_95,2009,44700,20100,21900,1800,900
nonelderly_childless_hh,percentiles_91_95,2010,46300,21200,21900,2300,900
nonelderly_childless_hh,percentiles_91_95,2011,45800,23000,19500,2300,1000
nonelderly_childless_hh,percentiles_91_95,2012,47400,23900,19800,2700,1100
nonelderly_childless_hh,percentiles_91_95,2013,52200,24400,23400,3200,1100
nonelderly_childless_hh,percentiles_91_95,2014,54600,25900,23800,3600,1300
nonelderly_childless_hh,percentiles_91_95,2015,56400,27100,24500,3400,1400
nonelderly_childless_hh,percentiles_91_95,2016,56800,27500,24700,3300,1300
nonelderly_childless_hh,percentiles_91_95,2017,58200,28800,25700,2500,1100
nonelderly_childless_hh,percentiles_91_95,2018,57300,27400,26300,2400,1300
nonelderly_childless_hh,percentiles_91_95,2019,59100,28700,26800,2300,1300
nonelderly_childless_hh,percentiles_91_95,2020,59000,27600,27900,2300,1100
nonelderly_childless_hh,percentiles_91_95,2021,62200,30900,27600,2800,900
nonelderly_childless_hh,percentiles_91_95,2022,65100,32700,28100,3400,1000
nonelderly_childless_hh,percentiles_96_99,1979,52800,33000,10900,7500,1400
nonelderly_childless_hh,percentiles_96_99,1980,52000,33900,11100,5800,1200
nonelderly_childless_hh,percentiles_96_99,1981,52400,34300,12400,4600,1000
nonelderly_childless_hh,percentiles_96_99,1982,47600,30700,13300,2500,1000
nonelderly_childless_hh,percentiles_96_99,1983,46900,28400,13900,3400,1200
nonelderly_childless_hh,percentiles_96_99,1984,49700,29400,14900,4100,1400
nonelderly_childless_hh,percentiles_96_99,1985,51500,30500,15700,3800,1400
nonelderly_childless_hh,percentiles_96_99,1986,56000,33600,16800,4200,1400
nonelderly_childless_hh,percentiles_96_99,1987,59600,35400,17300,5500,1400
nonelderly_childless_hh,percentiles_96_99,1988,60700,35600,18100,5600,1400
nonelderly_childless_hh,percentiles_96_99,1989,61700,36600,18400,5300,1400
nonelderly_childless_hh,percentiles_96_99,1990,59800,34600,18900,5000,1300
nonelderly_childless_hh,percentiles_96_99,1991,59200,33600,19800,4300,1400
nonelderly_childless_hh,percentiles_96_99,1992,61200,34800,20100,4900,1500
nonelderly_childless_hh,percentiles_96_99,1993,62700,34800,20600,5800,1600
nonelderly_childless_hh,percentiles_96_99,1994,65100,36300,21100,6000,1700
nonelderly_childless_hh,percentiles_96_99,1995,69000,38500,21700,7100,1700
nonelderly_childless_hh,percentiles_96_99,1996,71700,41100,21800,7200,1600
nonelderly_childless_hh,percentiles_96_99,1997,76500,44800,22500,7700,1600
nonelderly_childless_hh,percentiles_96_99,1998,80700,48600,23300,7200,1700
nonelderly_childless_hh,percentiles_96_99,1999,86200,52500,24300,7600,1800
nonelderly_childless_hh,percentiles_96_99,2000,88200,54400,24900,7200,1700
nonelderly_childless_hh,percentiles_96_99,2001,80000,48100,25700,4600,1600
nonelderly_childless_hh,percentiles_96_99,2002,75000,44000,25700,3800,1500
nonelderly_childless_hh,percentiles_96_99,2003,73900,40700,26300,5400,1500
nonelderly_childless_hh,percentiles_96_99,2004,78300,43700,25900,7100,1600
nonelderly_childless_hh,percentiles_96_99,2005,85100,47700,25500,10300,1600
nonelderly_childless_hh,percentiles_96_99,2006,89400,50700,26100,11100,1500
nonelderly_childless_hh,percentiles_96_99,2007,90800,52900,27000,9500,1300
nonelderly_childless_hh,percentiles_96_99,2008,81600,47600,27400,5200,1400
nonelderly_childless_hh,percentiles_96_99,2009,75900,43000,27900,3700,1300
nonelderly_childless_hh,percentiles_96_99,2010,79700,45800,27600,5100,1300
nonelderly_childless_hh,percentiles_96_99,2011,79100,48200,24400,5100,1400
nonelderly_childless_hh,percentiles_96_99,2012,85100,52700,24800,6100,1500
nonelderly_childless_hh,percentiles_96_99,2013,91400,53300,29200,7300,1500
nonelderly_childless_hh,percentiles_96_99,2014,96700,56800,29700,8400,1800
nonelderly_childless_hh,percentiles_96_99,2015,100100,59800,30500,7900,1800
nonelderly_childless_hh,percentiles_96_99,2016,99500,59600,30900,7300,1700
nonelderly_childless_hh,percentiles_96_99,2017,103800,64200,32300,5700,1500
nonelderly_childless_hh,percentiles_96_99,2018,99600,59900,32500,5600,1700
nonelderly_childless_hh,percentiles_96_99,2019,103300,62500,33800,5400,1600
nonelderly_childless_hh,percentiles_96_99,2020,106600,64900,34900,5400,1400
nonelderly_childless_hh,percentiles_96_99,2021,120400,77800,34500,6800,1300
nonelderly_childless_hh,percentiles_96_99,2022,117200,73400,34800,7800,1300
nonelderly_childless_hh,top_1_percent,1979,211800,142300,8000,58900,2600
nonelderly_childless_hh,top_1_percent,1980,195400,139600,8500,45000,2300
nonelderly_childless_hh,top_1_percent,1981,173900,126600,10000,35300,2000
nonelderly_childless_hh,top_1_percent,1982,173100,133500,13100,24500,2000
nonelderly_childless_hh,top_1_percent,1983,172700,127200,13200,29600,2700
nonelderly_childless_hh,top_1_percent,1984,199200,144300,13400,38300,3200
nonelderly_childless_hh,top_1_percent,1985,210700,155800,13800,37900,3200
nonelderly_childless_hh,top_1_percent,1986,241900,183600,14300,40200,3800
nonelderly_childless_hh,top_1_percent,1987,248300,183900,16300,45100,2900
nonelderly_childless_hh,top_1_percent,1988,299900,224900,17600,53900,3400
nonelderly_childless_hh,top_1_percent,1989,269900,199700,18300,48800,3200
nonelderly_childless_hh,top_1_percent,1990,283400,210900,18600,51000,2800
nonelderly_childless_hh,top_1_percent,1991,254100,186800,23300,41100,2900
nonelderly_childless_hh,top_1_percent,1992,292000,218200,23300,47700,2800
nonelderly_childless_hh,top_1_percent,1993,302100,220800,23300,54800,3200
nonelderly_childless_hh,top_1_percent,1994,335300,234200,30500,67300,3400
nonelderly_childless_hh,top_1_percent,1995,356800,253600,29900,69700,3700
nonelderly_childless_hh,top_1_percent,1996,396700,288200,31300,73900,3300
nonelderly_childless_hh,top_1_percent,1997,463100,340800,33900,85000,3600
nonelderly_childless_hh,top_1_percent,1998,507100,379000,35400,88800,3800
nonelderly_childless_hh,top_1_percent,1999,513700,388900,37300,83400,4200
nonelderly_childless_hh,top_1_percent,2000,549400,421500,39100,84400,4300
nonelderly_childless_hh,top_1_percent,2001,427200,330300,38800,54900,3100
nonelderly_childless_hh,top_1_percent,2002,366400,279600,36400,47300,3100
nonelderly_childless_hh,top_1_percent,2003,367300,258500,36100,68800,3900
nonelderly_childless_hh,top_1_percent,2004,442000,306100,37600,94200,4100
nonelderly_childless_hh,top_1_percent,2005,572800,386500,39100,141800,5400
nonelderly_childless_hh,top_1_percent,2006,586400,392800,38800,150600,4200
nonelderly_childless_hh,top_1_percent,2007,537800,380900,40200,113600,3200
nonelderly_childless_hh,top_1_percent,2008,458700,340300,41300,72700,4400
nonelderly_childless_hh,top_1_percent,2009,382300,284500,40200,54300,3500
nonelderly_childless_hh,top_1_percent,2010,410600,291900,40200,74200,4300
nonelderly_childless_hh,top_1_percent,2011,413600,295900,37300,76600,3800
nonelderly_childless_hh,top_1_percent,2012,511700,365600,38900,102700,4500
nonelderly_childless_hh,top_1_percent,2013,508500,365300,45800,92300,5100
nonelderly_childless_hh,top_1_percent,2014,563900,410600,46300,102900,4100
nonelderly_childless_hh,top_1_percent,2015,561600,410900,49000,97200,4600
nonelderly_childless_hh,top_1_percent,2016,554300,405300,48900,96000,4100
nonelderly_childless_hh,top_1_percent,2017,595900,466600,52500,72500,4300
nonelderly_childless_hh,top_1_percent,2018,638700,500900,55400,77000,5400
nonelderly_childless_hh,top_1_percent,2019,596000,468000,54200,69600,4100
nonelderly_childless_hh,top_1_percent,2020,655100,524100,57600,69600,3800
nonelderly_childless_hh,top_1_percent,2021,824400,673500,59700,86800,4400
nonelderly_childless_hh,top_1_percent,2022,729700,560900,56200,108500,4100
