household_type,income_group,year,market_inc,social_insurance_benefits,inc_before_transfers_taxes,means_tested_transfers,federal_taxes,inc_after_transfers_taxes
all_households,all_quintiles,1979,72400,5400,77800,1700,17500,62100
all_households,all_quintiles,1980,69700,5800,75600,1800,16900,60400
all_households,all_quintiles,1981,69800,6100,75800,1800,17100,60500
all_households,all_quintiles,1982,69300,6700,76000,1800,15800,61900
all_households,all_quintiles,1983,70000,6700,76700,1800,15700,62800
all_households,all_quintiles,1984,74500,6600,81100,1800,16900,66000
all_households,all_quintiles,1985,75700,6700,82300,1800,17300,66900
all_households,all_quintiles,1986,81000,6900,87900,1900,18500,71300
all_households,all_quintiles,1987,78300,6700,85000,1900,18500,68400
all_households,all_quintiles,1988,81900,6800,88700,1900,19400,71100
all_households,all_quintiles,1989,82300,6900,89300,2000,19300,72000
all_households,all_quintiles,1990,81600,7200,88800,2200,19200,71800
all_households,all_quintiles,1991,79100,7600,86700,2500,18700,70500
all_households,all_quintiles,1992,81100,8000,89100,2800,19300,72600
all_households,all_quintiles,1993,81200,8200,89400,3000,19800,72600
all_households,all_quintiles,1994,82200,8200,90400,3000,20300,73100
all_households,all_quintiles,1995,85800,8400,94200,3100,21400,75900
all_households,all_quintiles,1996,89300,8500,97900,3000,22400,78500
all_households,all_quintiles,1997,93800,8600,102400,2900,23600,81700
all_households,all_quintiles,1998,99300,8600,107900,3000,24500,86400
all_households,all_quintiles,1999,104800,8500,113300,3000,26100,90300
all_households,all_quintiles,2000,107300,8500,115800,3200,26800,92100
all_households,all_quintiles,2001,100800,8900,109800,3400,23700,89500
all_households,all_quintiles,2002,96100,9400,105500,3700,21900,87200
all_households,all_quintiles,2003,97600,9600,107100,3900,21400,89700
all_households,all_quintiles,2004,103600,9500,113000,4100,23000,94200
all_households,all_quintiles,2005,109500,9700,119200,4200,24800,98500
all_households,all_quintiles,2006,113500,10200,123700,4100,25900,101900
all_households,all_quintiles,2007,117200,10300,127500,4200,26100,105500
all_households,all_quintiles,2008,107700,10800,118500,4400,22000,100900
all_households,all_quintiles,2009,99200,12500,111700,5000,20000,96700
all_households,all_quintiles,2010,101000,12500,113500,5200,21100,97600
all_households,all_quintiles,2011,101200,12200,113400,5400,20800,98000
all_households,all_quintiles,2012,106500,12400,118900,5400,22400,101800
all_households,all_quintiles,2013,105100,12300,117400,5500,24300,98600
all_households,all_quintiles,2014,109300,12200,121600,6100,25700,102000
all_households,all_quintiles,2015,112800,12700,125500,6600,26500,105600
all_households,all_quintiles,2016,111600,12900,124500,6800,26000,105300
all_households,all_quintiles,2017,115500,13000,128500,6800,26600,108800
all_households,all_quintiles,2018,118100,13100,131200,6700,25400,112500
all_households,all_quintiles,2019,121000,13700,134800,6800,26000,115600
all_households,all_quintiles,2020,121400,15700,137000,10600,22700,124900
all_households,all_quintiles,2021,133600,15100,148700,9400,25800,132400
all_households,all_quintiles,2022,128200,14800,143000,7900,29400,121500
all_households,lowest_quintile,1979,9000,11500,20500,5200,1200,24500
all_households,lowest_quintile,1980,8100,11800,19900,5500,1100,24300
all_households,lowest_quintile,1981,7900,12000,19900,5700,1100,24500
all_households,lowest_quintile,1982,7400,12400,19700,5800,1000,24600
all_households,lowest_quintile,1983,7000,12300,19300,6300,1100,24500
all_households,lowest_quintile,1984,8500,11800,20200,5900,1400,24800
all_households,lowest_quintile,1985,8100,12200,20300,6300,1300,25200
all_households,lowest_quintile,1986,8000,12200,20300,6300,1300,25300
all_households,lowest_quintile,1987,7200,12400,19600,6700,1100,25100
all_households,lowest_quintile,1988,7500,12800,20200,6800,1100,25900
all_households,lowest_quintile,1989,8200,12800,21000,7000,1100,26900
all_households,lowest_quintile,1990,8600,13100,21800,7600,1300,28100
all_households,lowest_quintile,1991,8500,13700,22100,8200,1200,29100
all_households,lowest_quintile,1992,8200,14500,22600,8800,1200,30300
all_households,lowest_quintile,1993,8000,15100,23000,9300,1200,31200
all_households,lowest_quintile,1994,7700,15500,23200,9400,1000,31700
all_households,lowest_quintile,1995,8800,15700,24500,9400,900,32900
all_households,lowest_quintile,1996,9000,15300,24400,9300,800,32800
all_households,lowest_quintile,1997,9900,15900,25700,8800,900,33600
all_households,lowest_quintile,1998,11200,15800,27100,9000,1000,35000
all_households,lowest_quintile,1999,12100,15700,27900,9000,1200,35700
all_households,lowest_quintile,2000,11400,15300,26700,9100,1100,34700
all_households,lowest_quintile,2001,11000,15100,26100,9700,900,34900
all_households,lowest_quintile,2002,10400,15900,26400,10000,800,35600
all_households,lowest_quintile,2003,9900,16300,26200,10500,900,35800
all_households,lowest_quintile,2004,10200,16100,26200,10800,800,36200
all_households,lowest_quintile,2005,10700,16200,26900,10800,800,36900
all_households,lowest_quintile,2006,11500,17100,28600,10800,900,38500
all_households,lowest_quintile,2007,13100,16300,29500,10800,800,39400
all_households,lowest_quintile,2008,12000,17900,29800,11100,-100,41000
all_households,lowest_quintile,2009,10300,20100,30400,12400,0,42800
all_households,lowest_quintile,2010,10000,19400,29400,12700,0,42200
all_households,lowest_quintile,2011,10200,19300,29500,13000,100,42400
all_households,lowest_quintile,2012,9500,19500,29000,13100,100,42000
all_households,lowest_quintile,2013,10500,19000,29500,13400,300,42500
all_households,lowest_quintile,2014,10000,18600,28600,14500,200,42900
all_households,lowest_quintile,2015,10600,19700,30300,14900,100,45200
all_households,lowest_quintile,2016,10500,20100,30600,15100,100,45600
all_households,lowest_quintile,2017,10500,20200,30800,15100,0,45900
all_households,lowest_quintile,2018,11200,20000,31200,15300,-100,46500
all_households,lowest_quintile,2019,12700,21100,33800,15200,0,49000
all_households,lowest_quintile,2020,10000,21800,31800,19300,-3700,54800
all_households,lowest_quintile,2021,10000,21800,31800,18700,-4500,55100
all_households,lowest_quintile,2022,11500,22500,34000,16200,0,50200
all_households,second_quintile,1979,39400,5500,45000,1300,6900,39400
all_households,second_quintile,1980,37000,6400,43400,1500,6400,38500
all_households,second_quintile,1981,36400,6700,43200,1500,6500,38200
all_households,second_quintile,1982,34800,7700,42500,1500,5800,38100
all_households,second_quintile,1983,33500,8100,41600,1300,5700,37200
all_households,second_quintile,1984,36600,7600,44100,1300,6400,39000
all_households,second_quintile,1985,36500,7800,44300,1200,6500,39000
all_households,second_quintile,1986,36400,8500,44900,1300,6400,39800
all_households,second_quintile,1987,35500,8300,43800,1200,6000,39000
all_households,second_quintile,1988,36200,8300,44500,1200,6200,39400
all_households,second_quintile,1989,36600,8500,45200,1400,6100,40500
all_households,second_quintile,1990,37700,8900,46600,1600,6600,41500
all_households,second_quintile,1991,36200,9400,45600,2000,6200,41500
all_households,second_quintile,1992,35200,10100,45300,2500,5900,41900
all_households,second_quintile,1993,35300,10400,45800,2800,5900,42700
all_households,second_quintile,1994,35900,10200,46000,2800,5700,43100
all_households,second_quintile,1995,38200,10200,48400,2900,6200,45100
all_households,second_quintile,1996,38300,10400,48600,2800,6100,45300
all_households,second_quintile,1997,39700,10000,49700,2700,6400,46000
all_households,second_quintile,1998,41800,9700,51500,3100,6400,48200
all_households,second_quintile,1999,43500,9500,53000,3200,6800,49400
all_households,second_quintile,2000,43100,9200,52300,3300,6500,49000
all_households,second_quintile,2001,42400,10600,53000,3600,5700,51000
all_households,second_quintile,2002,41000,11100,52100,4100,5000,51200
all_households,second_quintile,2003,40300,11300,51600,4500,4700,51500
all_households,second_quintile,2004,41800,10800,52600,5000,4900,52700
all_households,second_quintile,2005,42800,10900,53800,4900,5200,53500
all_households,second_quintile,2006,43500,11200,54800,4800,5300,54200
all_households,second_quintile,2007,45900,11600,57500,4900,5700,56600
all_households,second_quintile,2008,43400,12100,55500,5400,3700,57200
all_households,second_quintile,2009,39600,14700,54300,6200,2900,57600
all_households,second_quintile,2010,39000,14500,53500,6600,3100,57100
all_households,second_quintile,2011,39400,13600,53000,7000,3200,56800
all_households,second_quintile,2012,38800,14000,52800,7100,3200,56700
all_households,second_quintile,2013,40000,13700,53800,7200,4000,57000
all_households,second_quintile,2014,40500,13300,53800,7900,4000,57700
all_households,second_quintile,2015,42800,13700,56400,8700,4300,60800
all_households,second_quintile,2016,43300,14100,57400,8800,4400,61800
all_households,second_quintile,2017,43700,14200,57900,8800,4400,62300
all_households,second_quintile,2018,45300,14100,59400,8700,4000,64200
all_households,second_quintile,2019,48000,14700,62700,8800,4600,66900
all_households,second_quintile,2020,43800,18100,61900,14000,-500,76300
all_households,second_quintile,2021,45300,16400,61700,12200,-900,74800
all_households,second_quintile,2022,47300,16000,63300,10200,5100,68300
all_households,middle_quintile,1979,64600,3400,68000,500,13400,55200
all_households,middle_quintile,1980,61600,3800,65400,500,12900,53100
all_households,middle_quintile,1981,61200,4100,65300,500,13200,52600
all_households,middle_quintile,1982,59500,5100,64600,400,12000,53000
all_households,middle_quintile,1983,58500,5200,63700,400,11600,52500
all_households,middle_quintile,1984,62200,5100,67300,500,12500,55200
all_households,middle_quintile,1985,62500,5200,67700,400,12700,55500
all_households,middle_quintile,1986,63600,5500,69100,500,13000,56600
all_households,middle_quintile,1987,63200,5100,68400,500,12800,56000
all_households,middle_quintile,1988,64400,4900,69300,500,13300,56500
all_households,middle_quintile,1989,64900,4900,69800,500,13300,57000
all_households,middle_quintile,1990,65200,5200,70400,600,13500,57500
all_households,middle_quintile,1991,63100,5800,68900,700,12900,56700
all_households,middle_quintile,1992,63400,5900,69400,900,12900,57400
all_households,middle_quintile,1993,63600,5800,69400,1000,13000,57500
all_households,middle_quintile,1994,64300,5600,70000,1000,13200,57800
all_households,middle_quintile,1995,66600,5600,72300,1100,13800,59600
all_households,middle_quintile,1996,67200,6100,73400,1000,13900,60500
all_households,middle_quintile,1997,68800,6100,74900,1000,14200,61800
all_households,middle_quintile,1998,71400,6100,77500,1100,14300,64400
all_households,middle_quintile,1999,74000,6300,80400,1300,14800,66800
all_households,middle_quintile,2000,73900,6500,80400,1400,14700,67100
all_households,middle_quintile,2001,73500,7600,81100,1500,13300,69200
all_households,middle_quintile,2002,71100,8000,79100,1800,12500,68400
all_households,middle_quintile,2003,71000,8100,79100,2000,11900,69200
all_households,middle_quintile,2004,73300,8100,81400,2100,12400,71100
all_households,middle_quintile,2005,74500,8100,82600,2100,12800,71800
all_households,middle_quintile,2006,74900,8600,83500,2000,13000,72500
all_households,middle_quintile,2007,77700,8700,86400,2200,13500,75100
all_households,middle_quintile,2008,74400,9200,83600,2300,10700,75200
all_households,middle_quintile,2009,71000,11300,82300,2900,10100,75100
all_households,middle_quintile,2010,69700,11500,81200,3000,10200,74000
all_households,middle_quintile,2011,69600,10900,80500,3200,10100,73600
all_households,middle_quintile,2012,69600,11100,80700,3100,10300,73600
all_households,middle_quintile,2013,71400,11000,82400,3200,11800,73800
all_households,middle_quintile,2014,72900,11000,83900,3800,12100,75600
all_households,middle_quintile,2015,75500,11200,86700,4400,12600,78500
all_households,middle_quintile,2016,76000,11000,87000,4400,12700,78700
all_households,middle_quintile,2017,77500,11200,88700,4600,12800,80400
all_households,middle_quintile,2018,78600,11400,90100,4400,12000,82500
all_households,middle_quintile,2019,81600,11900,93600,4600,12600,85500
all_households,middle_quintile,2020,79200,14600,93800,8500,7600,94800
all_households,middle_quintile,2021,80600,13400,94000,7300,7400,93900
all_households,middle_quintile,2022,82300,13000,95300,5900,13400,87800
all_households,fourth_quintile,1979,89500,2500,92100,300,20400,71900
all_households,fourth_quintile,1980,86900,2800,89700,300,20100,69800
all_households,fourth_quintile,1981,87700,3100,90800,300,21000,70100
all_households,fourth_quintile,1982,86300,3600,89900,200,19400,70700
all_households,fourth_quintile,1983,85800,3800,89600,200,18800,71000
all_households,fourth_quintile,1984,90900,3400,94200,300,20000,74500
all_households,fourth_quintile,1985,91000,3400,94300,200,20200,74400
all_households,fourth_quintile,1986,94100,3400,97500,200,21200,76600
all_households,fourth_quintile,1987,95100,3400,98400,300,20900,77800
all_households,fourth_quintile,1988,95900,3400,99200,200,21500,78000
all_households,fourth_quintile,1989,96700,3600,100400,300,21700,79000
all_households,fourth_quintile,1990,95900,3800,99700,300,21600,78400
all_households,fourth_quintile,1991,94900,4100,98900,400,21400,78000
all_households,fourth_quintile,1992,95400,4500,99900,500,21300,79000
all_households,fourth_quintile,1993,96100,4500,100600,500,21500,79600
all_households,fourth_quintile,1994,97700,4100,101800,600,22100,80200
all_households,fourth_quintile,1995,99600,4500,104200,500,22700,82000
all_households,fourth_quintile,1996,101500,4600,106100,500,23100,83600
all_households,fourth_quintile,1997,103900,5000,108900,600,23800,85600
all_households,fourth_quintile,1998,108200,4900,113100,600,24400,89300
all_households,fourth_quintile,1999,111600,4900,116500,600,25100,92000
all_households,fourth_quintile,2000,112900,5000,118000,700,25400,93200
all_households,fourth_quintile,2001,111500,5400,116900,700,23600,94000
all_households,fourth_quintile,2002,109200,5600,114800,800,22500,93100
all_households,fourth_quintile,2003,110300,5700,115900,900,21700,95100
all_households,fourth_quintile,2004,113800,5700,119400,1000,22500,97900
all_households,fourth_quintile,2005,115800,5900,121700,1000,23200,99500
all_households,fourth_quintile,2006,117400,6400,123800,1000,23700,101200
all_households,fourth_quintile,2007,120100,6700,126700,1100,24000,103800
all_households,fourth_quintile,2008,116900,7000,123900,1100,20900,104000
all_households,fourth_quintile,2009,113000,8100,121100,1300,20000,102300
all_households,fourth_quintile,2010,111800,8400,120200,1400,20400,101200
all_households,fourth_quintile,2011,112400,8200,120500,1300,20100,101700
all_households,fourth_quintile,2012,112700,8200,120900,1400,20500,101700
all_households,fourth_quintile,2013,115300,8500,123900,1400,22900,102300
all_households,fourth_quintile,2014,117800,8600,126400,1900,23800,104500
all_households,fourth_quintile,2015,121700,8700,130300,2100,24700,107800
all_households,fourth_quintile,2016,122100,8700,130800,2300,24800,108300
all_households,fourth_quintile,2017,124300,8900,133200,2300,25000,110500
all_households,fourth_quintile,2018,125600,9300,134900,2000,23700,113200
all_households,fourth_quintile,2019,129600,9600,139200,2300,24600,116900
all_households,fourth_quintile,2020,130000,11500,141500,5200,20200,126600
all_households,fourth_quintile,2021,131000,11200,142200,4100,20700,125600
all_households,fourth_quintile,2022,132900,10500,143400,3200,26700,119900
all_households,highest_quintile,1979,171500,2700,174100,200,47600,126700
all_households,highest_quintile,1980,166500,3000,169500,100,46200,123500
all_households,highest_quintile,1981,165900,3200,169100,200,45700,123600
all_households,highest_quintile,1982,166700,3600,170300,100,42000,128500
all_households,highest_quintile,1983,173300,3600,176900,100,42500,134500
all_households,highest_quintile,1984,187700,3900,191600,100,46200,145600
all_households,highest_quintile,1985,189900,3900,193800,200,46700,147300
all_households,highest_quintile,1986,213600,3900,217600,100,51900,165900
all_households,highest_quintile,1987,201700,3700,205400,100,53100,152400
all_households,highest_quintile,1988,215900,3800,219600,100,56300,163500
all_households,highest_quintile,1989,215400,3900,219300,200,55500,164000
all_households,highest_quintile,1990,209900,4100,214100,200,54000,160200
all_households,highest_quintile,1991,202900,4100,207000,200,52900,154300
all_households,highest_quintile,1992,211100,4300,215400,300,55500,160200
all_households,highest_quintile,1993,211400,4400,215800,300,58000,158100
all_households,highest_quintile,1994,215900,4300,220200,300,60500,160000
all_households,highest_quintile,1995,227000,4700,231700,400,64600,167500
all_households,highest_quintile,1996,239900,5100,245000,300,68800,176600
all_households,highest_quintile,1997,255500,5200,260700,300,73200,187800
all_households,highest_quintile,1998,273000,5200,278200,300,77000,201600
all_households,highest_quintile,1999,290600,5100,295600,300,83000,213000
all_households,highest_quintile,2000,305300,5400,310700,400,87100,224000
all_households,highest_quintile,2001,277400,5100,282500,400,76000,206900
all_households,highest_quintile,2002,263600,5100,268700,400,70400,198700
all_households,highest_quintile,2003,272400,5200,277600,500,69600,208400
all_households,highest_quintile,2004,296600,5500,302100,500,76500,226000
all_households,highest_quintile,2005,321500,6000,327400,600,84400,243600
all_households,highest_quintile,2006,335600,6400,342000,600,88200,254300
all_households,highest_quintile,2007,348500,6800,355300,600,89100,266800
all_households,highest_quintile,2008,315800,6300,322100,600,77600,245100
all_households,highest_quintile,2009,285000,6900,291900,700,69200,223400
all_households,highest_quintile,2010,298000,7300,305300,700,74400,231600
all_households,highest_quintile,2011,301400,7200,308500,700,73700,235500
all_households,highest_quintile,2012,326900,7700,334600,700,81400,254000
all_households,highest_quintile,2013,314200,7900,322100,600,86000,236700
all_households,highest_quintile,2014,332500,8100,340700,900,92500,249100
all_households,highest_quintile,2015,344700,8300,353100,1100,95700,258400
all_households,highest_quintile,2016,340200,8400,348600,1300,93700,256200
all_households,highest_quintile,2017,354400,8700,363100,1200,95700,268600
all_households,highest_quintile,2018,362000,9100,371100,1000,92500,279600
all_households,highest_quintile,2019,369100,9400,378500,1300,93900,285800
all_households,highest_quintile,2020,392100,10300,402400,3300,98300,307400
all_households,highest_quintile,2021,440800,10800,451600,2400,113600,340400
all_households,highest_quintile,2022,407600,10000,417600,1700,110000,309400
all_households,percentiles_81_90,1979,117000,2200,119200,200,28500,90900
all_households,percentiles_81_90,1980,113900,2600,116500,200,28400,88300
all_households,percentiles_81_90,1981,113900,2800,116700,200,29200,87700
all_households,percentiles_81_90,1982,113200,3200,116400,100,27100,89500
all_households,percentiles_81_90,1983,114800,3100,117900,100,26700,91300
all_households,percentiles_81_90,1984,122300,3400,125700,200,28700,97200
all_households,percentiles_81_90,1985,121300,3300,124500,200,28700,96000
all_households,percentiles_81_90,1986,127600,3100,130700,100,30300,100600
all_households,percentiles_81_90,1987,128800,3000,131800,100,30800,101100
all_households,percentiles_81_90,1988,130300,3100,133400,100,31400,102100
all_households,percentiles_81_90,1989,132300,3200,135500,200,31900,103800
all_households,percentiles_81_90,1990,130300,3500,133800,200,31600,102500
all_households,percentiles_81_90,1991,128500,3600,132100,300,31100,101300
all_households,percentiles_81_90,1992,129500,3800,133300,300,31200,102400
all_households,percentiles_81_90,1993,131300,3900,135200,300,31600,103900
all_households,percentiles_81_90,1994,134000,3700,137700,400,32800,105300
all_households,percentiles_81_90,1995,138000,4100,142000,400,34100,108300
all_households,percentiles_81_90,1996,140500,4400,144900,400,34600,110700
all_households,percentiles_81_90,1997,144500,4200,148600,300,36000,113000
all_households,percentiles_81_90,1998,150300,4300,154600,400,37200,117800
all_households,percentiles_81_90,1999,156200,4200,160400,300,38900,121900
all_households,percentiles_81_90,2000,159800,4500,164300,500,39800,124900
all_households,percentiles_81_90,2001,157400,4500,161900,400,37400,125000
all_households,percentiles_81_90,2002,154800,4700,159500,500,35600,124300
all_households,percentiles_81_90,2003,157100,4700,161700,500,34400,127800
all_households,percentiles_81_90,2004,162300,4900,167200,600,35800,132000
all_households,percentiles_81_90,2005,165200,5300,170500,600,36800,134300
all_households,percentiles_81_90,2006,169400,5600,175000,700,38000,137700
all_households,percentiles_81_90,2007,172500,5900,178400,700,38400,140700
all_households,percentiles_81_90,2008,169200,5700,174900,700,35000,140500
all_households,percentiles_81_90,2009,164300,6500,170900,800,33600,138100
all_households,percentiles_81_90,2010,163700,6900,170600,800,34300,137000
all_households,percentiles_81_90,2011,166000,6800,172800,800,33900,139700
all_households,percentiles_81_90,2012,167600,7300,174900,800,34900,140800
all_households,percentiles_81_90,2013,170200,7400,177600,700,38500,139800
all_households,percentiles_81_90,2014,174500,7400,181900,1000,40000,143000
all_households,percentiles_81_90,2015,181400,7700,189100,1200,41900,148400
all_households,percentiles_81_90,2016,182300,7800,190000,1400,42000,149500
all_households,percentiles_81_90,2017,185400,8000,193500,1300,42400,152400
all_households,percentiles_81_90,2018,189200,8300,197600,1100,41100,157600
all_households,percentiles_81_90,2019,195600,9000,204500,1400,42500,163400
all_households,percentiles_81_90,2020,199900,9900,209800,3800,39800,173800
all_households,percentiles_81_90,2021,202200,9900,212100,2700,42000,172800
all_households,percentiles_81_90,2022,203500,9300,212800,1800,46400,168300
all_households,percentiles_91_95,1979,144700,2300,147000,100,37400,109700
all_households,percentiles_91_95,1980,142200,2600,144700,100,37500,107400
all_households,percentiles_91_95,1981,141600,2800,144400,100,38200,106300
all_households,percentiles_91_95,1982,140600,3100,143600,100,34900,108900
all_households,percentiles_91_95,1983,144300,3100,147400,100,34700,112800
all_households,percentiles_91_95,1984,155600,3400,159000,100,37400,121700
all_households,percentiles_91_95,1985,155000,3100,158200,100,37600,120700
all_households,percentiles_91_95,1986,161700,3500,165200,100,39400,125900
all_households,percentiles_91_95,1987,166300,3200,169500,100,42000,127600
all_households,percentiles_91_95,1988,168300,3100,171400,100,42500,129000
all_households,percentiles_91_95,1989,171900,3500,175400,200,43100,132500
all_households,percentiles_91_95,1990,167800,3800,171600,200,42200,129600
all_households,percentiles_91_95,1991,166300,3700,170000,200,42000,128100
all_households,percentiles_91_95,1992,168400,3900,172300,300,42200,130300
all_households,percentiles_91_95,1993,170200,4000,174200,200,43500,130900
all_households,percentiles_91_95,1994,172600,4100,176700,300,44600,132300
all_households,percentiles_91_95,1995,178500,4400,182900,300,46800,136500
all_households,percentiles_91_95,1996,185500,4800,190300,300,48600,141900
all_households,percentiles_91_95,1997,191900,5200,197100,200,50600,146800
all_households,percentiles_91_95,1998,200400,5100,205500,300,52500,153300
all_households,percentiles_91_95,1999,208700,4900,213600,300,55400,158500
all_households,percentiles_91_95,2000,215000,5300,220300,300,56800,163800
all_households,percentiles_91_95,2001,209300,4600,213900,400,53400,160900
all_households,percentiles_91_95,2002,205200,4700,209900,400,50900,159400
all_households,percentiles_91_95,2003,208400,4800,213200,400,49300,164300
all_households,percentiles_91_95,2004,217400,4800,222100,400,51600,170900
all_households,percentiles_91_95,2005,225000,5600,230600,500,54000,177200
all_households,percentiles_91_95,2006,230100,6000,236100,500,55500,181000
all_households,percentiles_91_95,2007,236000,6500,242500,600,56200,186800
all_households,percentiles_91_95,2008,228500,6000,234500,600,52300,182800
all_households,percentiles_91_95,2009,221300,6700,228100,700,49800,178900
all_households,percentiles_91_95,2010,223800,7100,230900,600,51400,180100
all_households,percentiles_91_95,2011,226500,6800,233300,600,50600,183200
all_households,percentiles_91_95,2012,229800,7300,237000,700,52300,185400
all_households,percentiles_91_95,2013,237100,7300,244400,700,57900,187200
all_households,percentiles_91_95,2014,241500,7800,249300,800,60000,190200
all_households,percentiles_91_95,2015,249500,7800,257300,1100,62200,196100
all_households,percentiles_91_95,2016,252000,8100,260100,1100,62600,198700
all_households,percentiles_91_95,2017,259400,8100,267500,1000,64000,204600
all_households,percentiles_91_95,2018,266600,8600,275200,900,62000,214200
all_households,percentiles_91_95,2019,274200,8400,282600,1300,63800,220000
all_households,percentiles_91_95,2020,283100,9700,292800,3100,64400,231500
all_households,percentiles_91_95,2021,290800,10200,301000,2200,67500,235800
all_households,percentiles_91_95,2022,290500,9600,300100,1600,70700,231000
all_households,percentiles_96_99,1979,209800,3400,213200,200,58300,155100
all_households,percentiles_96_99,1980,201700,3700,205400,100,56700,148800
all_households,percentiles_96_99,1981,200000,3900,203900,100,56100,148000
all_households,percentiles_96_99,1982,200000,4400,204300,100,51000,153400
all_households,percentiles_96_99,1983,207400,4300,211700,100,50500,161300
all_households,percentiles_96_99,1984,225000,4400,229400,100,54500,175100
all_households,percentiles_96_99,1985,226800,4900,231700,100,55300,176600
all_households,percentiles_96_99,1986,249200,5000,254200,100,60200,194100
all_households,percentiles_96_99,1987,245000,4900,249900,200,65200,184800
all_households,percentiles_96_99,1988,253600,5100,258700,100,66200,192600
all_households,percentiles_96_99,1989,258200,5200,263400,200,67100,196500
all_households,percentiles_96_99,1990,251700,5000,256700,200,65300,191700
all_households,percentiles_96_99,1991,246500,4900,251400,200,64600,187000
all_households,percentiles_96_99,1992,256300,5200,261400,200,67400,194200
all_households,percentiles_96_99,1993,257500,5200,262700,200,70000,192900
all_households,percentiles_96_99,1994,263400,5200,268600,300,72700,196100
all_households,percentiles_96_99,1995,277500,5500,283000,300,77600,205700
all_households,percentiles_96_99,1996,288000,6100,294100,200,81400,213000
all_households,percentiles_96_99,1997,306900,6600,313500,300,87200,226600
all_households,percentiles_96_99,1998,326300,6500,332800,300,91900,241200
all_households,percentiles_96_99,1999,342100,6300,348400,300,98000,250700
all_households,percentiles_96_99,2000,350900,6900,357800,300,100800,257300
all_households,percentiles_96_99,2001,330900,6200,337000,400,90800,246700
all_households,percentiles_96_99,2002,318600,5800,324500,300,85300,239400
all_households,percentiles_96_99,2003,328900,6100,335100,400,84600,250900
all_households,percentiles_96_99,2004,348400,6500,354900,400,90700,264500
all_households,percentiles_96_99,2005,376600,7000,383600,600,100000,284200
all_households,percentiles_96_99,2006,388300,7600,395900,500,103400,292900
all_households,percentiles_96_99,2007,400900,8300,409200,600,104800,305000
all_households,percentiles_96_99,2008,371900,6900,378800,500,94300,285000
all_households,percentiles_96_99,2009,348200,7100,355300,600,87100,268800
all_households,percentiles_96_99,2010,357800,7700,365500,500,91500,274500
all_households,percentiles_96_99,2011,365900,7700,373600,600,91600,282600
all_households,percentiles_96_99,2012,385000,8100,393100,500,98300,295300
all_households,percentiles_96_99,2013,388200,8700,396900,500,105300,292200
all_households,percentiles_96_99,2014,403400,9200,412600,700,111300,302000
all_households,percentiles_96_99,2015,419800,9400,429200,900,115800,314300
all_households,percentiles_96_99,2016,419700,9400,429200,1100,115700,314500
all_households,percentiles_96_99,2017,435200,9800,445000,1000,118800,327300
all_households,percentiles_96_99,2018,444400,10300,454700,900,111700,343900
all_households,percentiles_96_99,2019,459300,10500,469800,1000,116100,354700
all_households,percentiles_96_99,2020,477600,11000,488600,2800,120500,370900
all_households,percentiles_96_99,2021,519400,12200,531600,2000,134500,399100
all_households,percentiles_96_99,2022,496700,11100,507800,1400,133400,375800
all_households,top_1_percent,1979,664700,5900,670600,200,235300,435500
all_households,top_1_percent,1980,636800,5900,642700,200,212600,430300
all_households,top_1_percent,1981,633700,6200,639800,200,195200,444800
all_households,top_1_percent,1982,667700,7000,674700,200,181100,493900
all_households,top_1_percent,1983,731200,7200,738500,200,197900,540700
all_households,top_1_percent,1984,813400,9400,822800,300,222200,600900
all_households,top_1_percent,1985,866300,9400,875700,300,227900,648000
all_households,top_1_percent,1986,1136600,9800,1146400,200,282700,864000
all_households,top_1_percent,1987,911400,8200,919600,300,276100,643900
all_households,top_1_percent,1988,1139900,8200,1148200,200,328400,820000
all_households,top_1_percent,1989,1063100,7900,1070900,300,298700,772500
all_households,top_1_percent,1990,1028400,8000,1036400,300,287400,749200
all_households,top_1_percent,1991,920800,8300,929100,400,268800,660700
all_households,top_1_percent,1992,1045300,8200,1053500,300,312100,741700
all_households,top_1_percent,1993,1001500,8400,1010000,400,335400,675000
all_households,top_1_percent,1994,1034400,8300,1042800,400,359500,683600
all_households,top_1_percent,1995,1150000,8900,1158900,500,404300,755100
all_households,top_1_percent,1996,1269700,9000,1278800,300,445200,833800
all_households,top_1_percent,1997,1471600,9100,1480700,200,500600,980300
all_households,top_1_percent,1998,1664300,9800,1674200,400,542500,1132000
all_households,top_1_percent,1999,1822800,9100,1832000,300,597400,1234800
all_households,top_1_percent,2000,2008600,9500,2018100,400,651200,1367300
all_households,top_1_percent,2001,1599000,9000,1608000,500,515000,1093400
all_households,top_1_percent,2002,1416300,9300,1425500,600,454900,971200
all_households,top_1_percent,2003,1503900,9400,1513300,500,458800,1055000
all_households,top_1_percent,2004,1797000,10000,1806900,500,541500,1265900
all_households,top_1_percent,2005,2170400,10900,2181300,500,658300,1523400
all_households,top_1_percent,2006,2348800,11500,2360300,600,703700,1657200
all_households,top_1_percent,2007,2473900,11500,2485400,600,701500,1784500
all_households,top_1_percent,2008,2018700,10700,2029300,700,569400,1460700
all_households,top_1_percent,2009,1577700,10700,1588400,800,456900,1132200
all_households,top_1_percent,2010,1813300,11000,1824200,900,533800,1291400
all_households,top_1_percent,2011,1806000,11000,1817000,900,527300,1290600
all_households,top_1_percent,2012,2236800,12600,2249300,800,642000,1608100
all_households,top_1_percent,2013,1885900,11900,1897800,800,638600,1260000
all_households,top_1_percent,2014,2123900,12000,2136000,1200,718100,1419000
all_households,top_1_percent,2015,2213200,13000,2226200,1200,742200,1485300
all_households,top_1_percent,2016,2109500,12600,2122100,1600,701900,1421800
all_households,top_1_percent,2017,2270700,13500,2284200,1700,720200,1565700
all_households,top_1_percent,2018,2275600,14200,2289800,1400,693700,1597600
all_households,top_1_percent,2019,2235600,14600,2250200,1100,675000,1576200
all_households,top_1_percent,2020,2544100,14000,2558100,2600,773000,1787600
all_households,top_1_percent,2021,3327000,16300,3343300,2100,996700,2348700
all_households,top_1_percent,2022,2701500,15700,2717200,2200,855900,1863500
hh_with_children,all_quintiles,1979,85600,2000,87600,2900,19200,71200
hh_with_children,all_quintiles,1980,81600,2300,83900,3000,18600,68300
hh_with_children,all_quintiles,1981,81300,2200,83500,3000,19000,67500
hh_with_children,all_quintiles,1982,79200,2600,81800,3000,17400,67400
hh_with_children,all_quintiles,1983,80100,2400,82500,3000,17500,68000
hh_with_children,all_quintiles,1984,86700,2100,88800,3000,19200,72600
hh_with_children,all_quintiles,1985,86000,2100,88100,3100,19000,72200
hh_with_children,all_quintiles,1986,92400,2200,94600,3100,20600,77200
hh_with_children,all_quintiles,1987,89600,2000,91600,3200,20300,74500
hh_with_children,all_quintiles,1988,92200,2100,94300,3200,20900,76600
hh_with_children,all_quintiles,1989,94700,2200,96800,3400,21300,78900
hh_with_children,all_quintiles,1990,92800,2200,94900,3800,21000,77800
hh_with_children,all_quintiles,1991,91300,2400,93700,4300,20900,77200
hh_with_children,all_quintiles,1992,92200,2700,94900,4700,21000,78600
hh_with_children,all_quintiles,1993,93500,2700,96200,5000,21900,79300
hh_with_children,all_quintiles,1994,95800,2400,98200,5000,22500,80800
hh_with_children,all_quintiles,1995,101900,2600,104400,5100,24100,85400
hh_with_children,all_quintiles,1996,103200,2600,105800,4800,24300,86200
hh_with_children,all_quintiles,1997,108700,2600,111300,4400,25800,89900
hh_with_children,all_quintiles,1998,116500,2400,118900,4600,27000,96400
hh_with_children,all_quintiles,1999,124400,2500,126900,4600,29400,102000
hh_with_children,all_quintiles,2000,129800,2500,132300,4700,31100,105900
hh_with_children,all_quintiles,2001,121900,3000,124800,5000,27300,102600
hh_with_children,all_quintiles,2002,118300,3300,121600,5500,25700,101500
hh_with_children,all_quintiles,2003,120000,3200,123200,6000,24600,104600
hh_with_children,all_quintiles,2004,127700,3200,130900,6300,26600,110500
hh_with_children,all_quintiles,2005,133100,2900,136100,6300,28200,114200
hh_with_children,all_quintiles,2006,139600,3000,142600,6300,30000,119000
hh_with_children,all_quintiles,2007,145800,3200,149000,6600,30900,124700
hh_with_children,all_quintiles,2008,136600,3500,140000,7000,26400,120700
hh_with_children,all_quintiles,2009,125900,4800,130700,8000,23600,115100
hh_with_children,all_quintiles,2010,131200,4900,136100,8500,25900,118700
hh_with_children,all_quintiles,2011,130500,4500,135000,8600,25100,118500
hh_with_children,all_quintiles,2012,136500,4300,140800,8700,27000,122500
hh_with_children,all_quintiles,2013,136700,4100,140800,9000,30200,119600
hh_with_children,all_quintiles,2014,141700,3800,145500,9400,31900,123000
hh_with_children,all_quintiles,2015,149600,3900,153500,10400,33900,129900
hh_with_children,all_quintiles,2016,146900,3700,150600,10600,32800,128500
hh_with_children,all_quintiles,2017,151700,3700,155500,10500,33600,132300
hh_with_children,all_quintiles,2018,150100,3700,153800,10300,30400,133700
hh_with_children,all_quintiles,2019,157900,3800,161700,10500,32400,139800
hh_with_children,all_quintiles,2020,163600,5400,169000,15800,29400,155400
hh_with_children,all_quintiles,2021,179300,4500,183800,14500,31600,166700
hh_with_children,all_quintiles,2022,171800,3800,175600,12400,38300,149800
hh_with_children,lowest_quintile,1979,15500,4300,19800,12100,1800,30100
hh_with_children,lowest_quintile,1980,14400,4500,18900,11900,1700,29100
hh_with_children,lowest_quintile,1981,13800,4300,18100,12000,1800,28300
hh_with_children,lowest_quintile,1982,12400,4600,17000,11900,1600,27400
hh_with_children,lowest_quintile,1983,11500,4400,15900,12100,1700,26400
hh_with_children,lowest_quintile,1984,13800,3700,17400,11600,2300,26800
hh_with_children,lowest_quintile,1985,12900,4100,17000,11900,2000,26900
hh_with_children,lowest_quintile,1986,12600,3900,16600,12000,1900,26600
hh_with_children,lowest_quintile,1987,10600,3600,14200,12700,1400,25500
hh_with_children,lowest_quintile,1988,11200,4400,15500,12600,1400,26800
hh_with_children,lowest_quintile,1989,12600,4200,16800,13300,1400,28600
hh_with_children,lowest_quintile,1990,13300,3800,17100,15100,1600,30500
hh_with_children,lowest_quintile,1991,13200,4200,17500,16000,1400,32100
hh_with_children,lowest_quintile,1992,13000,4900,17800,16700,1400,33100
hh_with_children,lowest_quintile,1993,13200,4900,18200,18100,1400,34900
hh_with_children,lowest_quintile,1994,13000,4600,17600,18300,900,35000
hh_with_children,lowest_quintile,1995,15000,4700,19700,18300,500,37500
hh_with_children,lowest_quintile,1996,15800,4900,20700,16700,500,36900
hh_with_children,lowest_quintile,1997,17700,5700,23400,15200,500,38000
hh_with_children,lowest_quintile,1998,20200,4800,25000,15300,600,39600
hh_with_children,lowest_quintile,1999,21500,4800,26300,15200,900,40700
hh_with_children,lowest_quintile,2000,20900,4700,25500,14900,1000,39400
hh_with_children,lowest_quintile,2001,19400,5300,24700,15200,500,39400
hh_with_children,lowest_quintile,2002,19600,5900,25500,16700,400,41700
hh_with_children,lowest_quintile,2003,18600,5500,24100,17600,500,41300
hh_with_children,lowest_quintile,2004,19300,5500,24800,18300,300,42800
hh_with_children,lowest_quintile,2005,19900,5300,25200,18400,200,43400
hh_with_children,lowest_quintile,2006,20800,5200,25900,17700,300,43300
hh_with_children,lowest_quintile,2007,23200,5300,28500,18400,-100,47100
hh_with_children,lowest_quintile,2008,21900,6000,27900,19400,-1800,49100
hh_with_children,lowest_quintile,2009,18700,8100,26700,21500,-2000,50200
hh_with_children,lowest_quintile,2010,18600,8100,26700,22100,-2100,50900
hh_with_children,lowest_quintile,2011,19500,7600,27000,22800,-2000,51800
hh_with_children,lowest_quintile,2012,18300,7600,25900,22700,-1800,50400
hh_with_children,lowest_quintile,2013,19600,7000,26600,23500,-1600,51700
hh_with_children,lowest_quintile,2014,19900,6400,26300,24100,-1600,52000
hh_with_children,lowest_quintile,2015,21500,6100,27600,25200,-2000,54800
hh_with_children,lowest_quintile,2016,21400,6200,27600,26000,-2000,55700
hh_with_children,lowest_quintile,2017,21500,5800,27300,25200,-2000,54600
hh_with_children,lowest_quintile,2018,22900,6200,29200,25200,-2600,56900
hh_with_children,lowest_quintile,2019,25100,6000,31100,25000,-2400,58500
hh_with_children,lowest_quintile,2020,19400,8100,27600,32700,-8000,68300
hh_with_children,lowest_quintile,2021,19600,7300,26900,32100,-13100,72100
hh_with_children,lowest_quintile,2022,23600,6300,29900,27000,-2300,59200
hh_with_children,second_quintile,1979,48900,2200,51100,2100,8500,44700
hh_with_children,second_quintile,1980,45900,2800,48800,2500,8000,43200
hh_with_children,second_quintile,1981,45400,2600,48000,2600,8300,42300
hh_with_children,second_quintile,1982,43600,3200,46900,2500,7700,41700
hh_with_children,second_quintile,1983,42400,3000,45400,2100,7500,40000
hh_with_children,second_quintile,1984,46200,2400,48600,2400,8600,42300
hh_with_children,second_quintile,1985,46100,2500,48600,2100,8600,42200
hh_with_children,second_quintile,1986,46300,2800,49100,2300,8600,42700
hh_with_children,second_quintile,1987,45500,2200,47800,1900,7900,41800
hh_with_children,second_quintile,1988,45800,2200,48000,1900,7900,42000
hh_with_children,second_quintile,1989,46400,2500,48900,2300,7600,43600
hh_with_children,second_quintile,1990,47500,2600,50100,2700,8500,44400
hh_with_children,second_quintile,1991,45600,3000,48600,3500,7800,44200
hh_with_children,second_quintile,1992,44000,3400,47400,4300,7300,44400
hh_with_children,second_quintile,1993,43900,3300,47200,4800,7200,44800
hh_with_children,second_quintile,1994,44900,2800,47800,4800,6800,45700
hh_with_children,second_quintile,1995,47600,2800,50400,4700,7300,47800
hh_with_children,second_quintile,1996,47800,2800,50700,4600,7100,48200
hh_with_children,second_quintile,1997,49400,2800,52200,4600,7600,49200
hh_with_children,second_quintile,1998,52000,2700,54700,5100,7400,52400
hh_with_children,second_quintile,1999,54600,2800,57400,5000,7900,54500
hh_with_children,second_quintile,2000,54000,2900,56800,5400,7600,54600
hh_with_children,second_quintile,2001,53300,3200,56500,5900,6400,56000
hh_with_children,second_quintile,2002,51300,3700,54900,7000,5600,56300
hh_with_children,second_quintile,2003,50600,3700,54300,7700,4900,57100
hh_with_children,second_quintile,2004,52600,3600,56200,8300,5200,59300
hh_with_children,second_quintile,2005,53900,3200,57100,8100,5300,59800
hh_with_children,second_quintile,2006,54500,3300,57800,8000,5500,60400
hh_with_children,second_quintile,2007,58100,3400,61500,8100,6200,63400
hh_with_children,second_quintile,2008,54900,4000,58900,9400,3400,64900
hh_with_children,second_quintile,2009,50300,5600,55800,11000,2100,64700
hh_with_children,second_quintile,2010,49600,5600,55100,11900,2300,64700
hh_with_children,second_quintile,2011,49800,5000,54800,12200,2500,64500
hh_with_children,second_quintile,2012,49300,4800,54100,12200,2400,63900
hh_with_children,second_quintile,2013,51200,4300,55500,12700,3400,64800
hh_with_children,second_quintile,2014,51700,4100,55800,13100,3600,65300
hh_with_children,second_quintile,2015,54200,4300,58500,14800,4000,69300
hh_with_children,second_quintile,2016,54800,3900,58700,14800,4200,69300
hh_with_children,second_quintile,2017,55800,4300,60000,14600,4200,70500
hh_with_children,second_quintile,2018,57600,4000,61600,14200,3300,72500
hh_with_children,second_quintile,2019,61300,4300,65600,14500,4200,75900
hh_with_children,second_quintile,2020,56500,6500,63000,22000,-2600,87700
hh_with_children,second_quintile,2021,58200,4900,63200,19400,-5100,87700
hh_with_children,second_quintile,2022,60900,4300,65200,17300,5200,77300
hh_with_children,middle_quintile,1979,77200,1400,78600,700,15900,63500
hh_with_children,middle_quintile,1980,74100,1700,75800,800,15500,61100
hh_with_children,middle_quintile,1981,73800,1600,75400,700,16000,60200
hh_with_children,middle_quintile,1982,72000,2200,74100,600,14900,59900
hh_with_children,middle_quintile,1983,71000,2000,73100,600,14300,59300
hh_with_children,middle_quintile,1984,75600,1700,77300,700,15600,62300
hh_with_children,middle_quintile,1985,76300,1700,78000,600,15800,62800
hh_with_children,middle_quintile,1986,77700,1800,79500,600,16300,63800
hh_with_children,middle_quintile,1987,77600,1600,79200,600,15700,64000
hh_with_children,middle_quintile,1988,79200,1600,80800,700,16400,65100
hh_with_children,middle_quintile,1989,80200,1600,81900,600,16600,65900
hh_with_children,middle_quintile,1990,80300,1800,82100,800,16800,66200
hh_with_children,middle_quintile,1991,78100,2000,80100,1000,16200,64900
hh_with_children,middle_quintile,1992,77500,2200,79700,1400,15800,65200
hh_with_children,middle_quintile,1993,77600,2300,79900,1600,15900,65600
hh_with_children,middle_quintile,1994,79100,2000,81100,1500,16200,66400
hh_with_children,middle_quintile,1995,81800,2100,84000,1700,16800,68900
hh_with_children,middle_quintile,1996,82800,2100,84900,1500,17000,69400
hh_with_children,middle_quintile,1997,84800,2000,86800,1400,17500,70700
hh_with_children,middle_quintile,1998,88700,2000,90700,1500,17300,74900
hh_with_children,middle_quintile,1999,92100,2100,94200,1900,18000,78100
hh_with_children,middle_quintile,2000,92200,2100,94300,2100,17800,78600
hh_with_children,middle_quintile,2001,91600,2500,94100,2300,16100,80300
hh_with_children,middle_quintile,2002,88500,2800,91300,2800,15000,79000
hh_with_children,middle_quintile,2003,88000,2900,90800,3100,13700,80200
hh_with_children,middle_quintile,2004,91400,2800,94300,3300,14500,83100
hh_with_children,middle_quintile,2005,93200,2600,95800,3200,14900,84100
hh_with_children,middle_quintile,2006,94500,2700,97300,3200,15100,85400
hh_with_children,middle_quintile,2007,98100,2900,101000,3500,15800,88700
hh_with_children,middle_quintile,2008,94000,3200,97200,3800,12500,88600
hh_with_children,middle_quintile,2009,89400,4500,93800,4900,11600,87200
hh_with_children,middle_quintile,2010,88400,4800,93300,5300,11900,86700
hh_with_children,middle_quintile,2011,88300,4200,92500,5500,11700,86300
hh_with_children,middle_quintile,2012,88500,4000,92400,5500,11800,86200
hh_with_children,middle_quintile,2013,90700,3800,94500,5800,13900,86500
hh_with_children,middle_quintile,2014,92900,3500,96400,6200,14400,88200
hh_with_children,middle_quintile,2015,96600,3600,100200,7300,15000,92400
hh_with_children,middle_quintile,2016,97500,3500,101000,7500,15300,93100
hh_with_children,middle_quintile,2017,99500,3500,103100,7500,15400,95100
hh_with_children,middle_quintile,2018,101700,3500,105200,7300,14200,98300
hh_with_children,middle_quintile,2019,106100,3600,109700,7700,15100,102300
hh_with_children,middle_quintile,2020,102400,5100,107500,13500,8300,112700
hh_with_children,middle_quintile,2021,104500,4300,108800,11900,6300,114500
hh_with_children,middle_quintile,2022,106800,3400,110300,10100,16400,104000
hh_with_children,fourth_quintile,1979,107100,1100,108200,400,23900,84800
hh_with_children,fourth_quintile,1980,103700,1200,105000,400,23700,81700
hh_with_children,fourth_quintile,1981,105200,1300,106500,400,25000,81900
hh_with_children,fourth_quintile,1982,103600,1500,105100,300,23300,82100
hh_with_children,fourth_quintile,1983,103400,1400,104800,200,22700,82400
hh_with_children,fourth_quintile,1984,109800,1300,111100,300,24400,87100
hh_with_children,fourth_quintile,1985,109800,1200,111000,300,24400,86900
hh_with_children,fourth_quintile,1986,113300,1100,114400,300,25400,89300
hh_with_children,fourth_quintile,1987,114900,1200,116200,400,25000,91500
hh_with_children,fourth_quintile,1988,116000,1200,117200,400,25800,91700
hh_with_children,fourth_quintile,1989,117700,1300,118900,400,26200,93100
hh_with_children,fourth_quintile,1990,117500,1300,118800,400,26300,92900
hh_with_children,fourth_quintile,1991,115500,1500,117000,500,25900,91600
hh_with_children,fourth_quintile,1992,116100,1700,117800,700,25800,92700
hh_with_children,fourth_quintile,1993,117200,1600,118800,600,26100,93300
hh_with_children,fourth_quintile,1994,119500,1300,120900,700,26800,94800
hh_with_children,fourth_quintile,1995,122200,1700,123900,800,27500,97200
hh_with_children,fourth_quintile,1996,124500,1500,126000,700,27900,98800
hh_with_children,fourth_quintile,1997,128000,1400,129400,700,28900,101200
hh_with_children,fourth_quintile,1998,133800,1400,135200,700,29300,106600
hh_with_children,fourth_quintile,1999,137700,1400,139100,800,30100,109800
hh_with_children,fourth_quintile,2000,140200,1600,141800,900,30800,111900
hh_with_children,fourth_quintile,2001,139400,2100,141500,1000,28700,113700
hh_with_children,fourth_quintile,2002,135200,2300,137500,1200,27100,111600
hh_with_children,fourth_quintile,2003,137200,2200,139400,1300,25800,114900
hh_with_children,fourth_quintile,2004,140400,2100,142500,1400,26600,117300
hh_with_children,fourth_quintile,2005,143500,2100,145500,1400,27400,119500
hh_with_children,fourth_quintile,2006,146700,2100,148800,1500,28100,122200
hh_with_children,fourth_quintile,2007,151100,2300,153400,1600,28800,126100
hh_with_children,fourth_quintile,2008,146200,2300,148600,1700,25200,125100
hh_with_children,fourth_quintile,2009,141700,3500,145100,2200,24000,123300
hh_with_children,fourth_quintile,2010,141800,3500,145300,2300,24700,122900
hh_with_children,fourth_quintile,2011,142000,3200,145200,2100,24200,123200
hh_with_children,fourth_quintile,2012,142700,2800,145500,2200,24800,122900
hh_with_children,fourth_quintile,2013,146300,3100,149400,2300,28100,123600
hh_with_children,fourth_quintile,2014,149200,2800,152000,2900,29200,125600
hh_with_children,fourth_quintile,2015,154300,2900,157200,3100,30500,129800
hh_with_children,fourth_quintile,2016,155100,2800,157900,3500,30600,130800
hh_with_children,fourth_quintile,2017,158200,2900,161100,3500,31100,133500
hh_with_children,fourth_quintile,2018,161000,2500,163500,3100,29900,136700
hh_with_children,fourth_quintile,2019,166100,2900,169000,3700,31000,141700
hh_with_children,fourth_quintile,2020,166100,4400,170400,7500,25000,152900
hh_with_children,fourth_quintile,2021,167600,3600,171200,6500,23900,153800
hh_with_children,fourth_quintile,2022,171500,3100,174700,5700,34200,146100
hh_with_children,highest_quintile,1979,202600,1100,203700,300,52700,151400
hh_with_children,highest_quintile,1980,198400,1200,199600,300,51800,148100
hh_with_children,highest_quintile,1981,198400,1200,199600,300,51800,148000
hh_with_children,highest_quintile,1982,196700,1300,198000,200,47100,151200
hh_with_children,highest_quintile,1983,207600,1100,208700,200,49200,159700
hh_with_children,highest_quintile,1984,224700,1200,225900,300,53200,173100
hh_with_children,highest_quintile,1985,222000,1000,223000,300,52000,171300
hh_with_children,highest_quintile,1986,258200,1100,259300,200,60600,198900
hh_with_children,highest_quintile,1987,244500,1100,245600,200,62400,183400
hh_with_children,highest_quintile,1988,256500,1000,257500,300,64500,193300
hh_with_children,highest_quintile,1989,261900,1000,262900,300,65500,197600
hh_with_children,highest_quintile,1990,248100,1100,249200,300,61900,187700
hh_with_children,highest_quintile,1991,244200,1200,245400,500,62600,183300
hh_with_children,highest_quintile,1992,250800,1300,252100,500,64600,188000
hh_with_children,highest_quintile,1993,254200,1200,255400,400,68900,186900
hh_with_children,highest_quintile,1994,258300,1200,259500,500,71300,188700
hh_with_children,highest_quintile,1995,277300,1400,278700,600,78100,201200
hh_with_children,highest_quintile,1996,294000,1400,295300,400,83100,212700
hh_with_children,highest_quintile,1997,310900,1200,312200,400,88200,224300
hh_with_children,highest_quintile,1998,338300,1100,339400,400,95100,244700
hh_with_children,highest_quintile,1999,365400,1100,366400,500,104700,262200
hh_with_children,highest_quintile,2000,388600,1400,390000,600,111800,278800
hh_with_children,highest_quintile,2001,353300,1700,354900,600,97600,258000
hh_with_children,highest_quintile,2002,331800,1700,333500,700,89200,245100
hh_with_children,highest_quintile,2003,346500,1700,348200,700,88600,260300
hh_with_children,highest_quintile,2004,372000,1800,373800,800,96100,278500
hh_with_children,highest_quintile,2005,401000,1600,402600,900,105400,298100
hh_with_children,highest_quintile,2006,438800,1700,440500,800,115900,325400
hh_with_children,highest_quintile,2007,465300,1800,467100,900,120600,347500
hh_with_children,highest_quintile,2008,406500,1800,408300,1100,101400,308000
hh_with_children,highest_quintile,2009,362200,2500,364700,1200,89300,276600
hh_with_children,highest_quintile,2010,392200,2400,394500,1200,99800,295900
hh_with_children,highest_quintile,2011,387200,2500,389700,1200,96300,294500
hh_with_children,highest_quintile,2012,425900,2200,428100,1100,107600,321600
hh_with_children,highest_quintile,2013,413200,2200,415400,1000,115900,300500
hh_with_children,highest_quintile,2014,439600,2200,441800,1300,125400,317700
hh_with_children,highest_quintile,2015,462800,2400,465200,1800,132500,334500
hh_with_children,highest_quintile,2016,443600,2300,446000,1900,125200,322700
hh_with_children,highest_quintile,2017,467500,2200,469700,1900,130200,341500
hh_with_children,highest_quintile,2018,454800,2100,456900,1600,117800,340800
hh_with_children,highest_quintile,2019,468500,2100,470600,1700,121700,350700
hh_with_children,highest_quintile,2020,497200,3200,500400,4300,127800,376900
hh_with_children,highest_quintile,2021,574200,2400,576600,3500,152200,427900
hh_with_children,highest_quintile,2022,521400,2300,523700,2800,143000,383500
hh_with_children,percentiles_81_90,1979,144600,1000,145600,300,34000,111900
hh_with_children,percentiles_81_90,1980,141500,1200,142700,300,34100,108800
hh_with_children,percentiles_81_90,1981,141000,1200,142200,200,35200,107200
hh_with_children,percentiles_81_90,1982,140000,1400,141400,200,32800,108800
hh_with_children,percentiles_81_90,1983,141000,1200,142100,200,32200,110100
hh_with_children,percentiles_81_90,1984,150100,1300,151300,300,34300,117200
hh_with_children,percentiles_81_90,1985,150100,1000,151000,200,34700,116600
hh_with_children,percentiles_81_90,1986,156800,1200,157900,200,36500,121700
hh_with_children,percentiles_81_90,1987,159200,1100,160200,200,37100,123300
hh_with_children,percentiles_81_90,1988,161600,1000,162600,200,38000,124800
hh_with_children,percentiles_81_90,1989,163900,1000,164900,300,38700,126500
hh_with_children,percentiles_81_90,1990,162700,1100,163800,300,38600,125500
hh_with_children,percentiles_81_90,1991,160200,1300,161500,500,38400,123600
hh_with_children,percentiles_81_90,1992,161400,1500,162800,500,38400,125000
hh_with_children,percentiles_81_90,1993,162700,1300,163900,500,38600,125700
hh_with_children,percentiles_81_90,1994,165600,1300,166900,500,39900,127500
hh_with_children,percentiles_81_90,1995,171300,1600,172800,600,41700,131700
hh_with_children,percentiles_81_90,1996,176100,1300,177400,500,42400,135500
hh_with_children,percentiles_81_90,1997,180600,1200,181700,400,44100,138000
hh_with_children,percentiles_81_90,1998,189200,1100,190400,400,45800,145000
hh_with_children,percentiles_81_90,1999,196400,1200,197500,500,48000,150100
hh_with_children,percentiles_81_90,2000,200600,1300,201900,700,49200,153500
hh_with_children,percentiles_81_90,2001,199200,1700,201000,600,46900,154700
hh_with_children,percentiles_81_90,2002,194000,1900,195900,700,44000,152500
hh_with_children,percentiles_81_90,2003,197300,1900,199200,700,42000,158000
hh_with_children,percentiles_81_90,2004,202500,1900,204400,900,43600,161700
hh_with_children,percentiles_81_90,2005,207700,1500,209300,900,45100,165000
hh_with_children,percentiles_81_90,2006,214000,1800,215800,900,46800,170000
hh_with_children,percentiles_81_90,2007,218300,1900,220200,900,47700,173500
hh_with_children,percentiles_81_90,2008,211300,1900,213300,1100,43300,171000
hh_with_children,percentiles_81_90,2009,206500,2700,209100,1300,41800,168600
hh_with_children,percentiles_81_90,2010,206600,2500,209100,1300,42800,167600
hh_with_children,percentiles_81_90,2011,209600,2600,212200,1300,42200,171300
hh_with_children,percentiles_81_90,2012,211000,2300,213400,1200,43400,171200
hh_with_children,percentiles_81_90,2013,215400,2300,217700,1100,48300,170400
hh_with_children,percentiles_81_90,2014,220300,2100,222400,1400,50500,173300
hh_with_children,percentiles_81_90,2015,228600,2500,231100,1800,53000,180000
hh_with_children,percentiles_81_90,2016,230300,2800,233100,2000,53200,181900
hh_with_children,percentiles_81_90,2017,235500,2100,237500,2000,54400,185200
hh_with_children,percentiles_81_90,2018,241300,2300,243600,1700,52700,192500
hh_with_children,percentiles_81_90,2019,247100,2300,249300,2000,54100,197200
hh_with_children,percentiles_81_90,2020,251000,3500,254500,4800,50400,208900
hh_with_children,percentiles_81_90,2021,256100,2600,258700,4000,53100,209500
hh_with_children,percentiles_81_90,2022,259900,2300,262200,3200,59400,206000
hh_with_children,percentiles_91_95,1979,183100,1200,184400,300,45000,139700
hh_with_children,percentiles_91_95,1980,179000,1500,180500,300,45000,135700
hh_with_children,percentiles_91_95,1981,178600,1300,179900,200,46100,134000
hh_with_children,percentiles_91_95,1982,177800,1200,179100,300,42300,137100
hh_with_children,percentiles_91_95,1983,182000,900,182900,200,42200,140900
hh_with_children,percentiles_91_95,1984,193500,1000,194500,300,44500,150300
hh_with_children,percentiles_91_95,1985,195100,800,195900,200,44900,151200
hh_with_children,percentiles_91_95,1986,203400,1000,204400,200,47400,157100
hh_with_children,percentiles_91_95,1987,208000,1000,209000,200,50800,158400
hh_with_children,percentiles_91_95,1988,211300,1000,212300,200,51300,161300
hh_with_children,percentiles_91_95,1989,215500,1100,216600,300,51700,165200
hh_with_children,percentiles_91_95,1990,213700,1000,214800,300,51300,163700
hh_with_children,percentiles_91_95,1991,210600,1200,211800,400,51700,160400
hh_with_children,percentiles_91_95,1992,212600,1000,213500,400,52000,162000
hh_with_children,percentiles_91_95,1993,213900,1200,215100,300,53600,161800
hh_with_children,percentiles_91_95,1994,217900,1300,219200,500,54700,165000
hh_with_children,percentiles_91_95,1995,227400,1200,228600,500,58100,171100
hh_with_children,percentiles_91_95,1996,233500,1600,235100,400,59600,175900
hh_with_children,percentiles_91_95,1997,243200,1400,244600,300,62300,182600
hh_with_children,percentiles_91_95,1998,256500,1000,257400,300,65700,192000
hh_with_children,percentiles_91_95,1999,266900,1200,268200,400,69500,199100
hh_with_children,percentiles_91_95,2000,275400,1300,276700,500,72100,205100
hh_with_children,percentiles_91_95,2001,266800,1600,268400,600,67600,201400
hh_with_children,percentiles_91_95,2002,260500,1500,262000,700,64000,198700
hh_with_children,percentiles_91_95,2003,265100,1700,266800,700,61500,206000
hh_with_children,percentiles_91_95,2004,275000,1600,276500,800,64300,213000
hh_with_children,percentiles_91_95,2005,283300,1600,284900,800,67200,218500
hh_with_children,percentiles_91_95,2006,294200,1400,295700,800,70000,226500
hh_with_children,percentiles_91_95,2007,304300,1600,305900,900,71700,235100
hh_with_children,percentiles_91_95,2008,291100,1700,292900,1100,67000,227000
hh_with_children,percentiles_91_95,2009,281300,2700,284000,1200,63800,221400
hh_with_children,percentiles_91_95,2010,283700,2400,286200,1000,65500,221600
hh_with_children,percentiles_91_95,2011,286300,2300,288600,1000,64200,225400
hh_with_children,percentiles_91_95,2012,293000,2200,295300,900,66800,229400
hh_with_children,percentiles_91_95,2013,301500,2300,303800,1000,73800,230900
hh_with_children,percentiles_91_95,2014,308700,2300,310900,1200,77100,235100
hh_with_children,percentiles_91_95,2015,320100,2200,322400,1800,80300,243800
hh_with_children,percentiles_91_95,2016,321300,2000,323200,1600,80200,244600
hh_with_children,percentiles_91_95,2017,330200,2100,332300,1600,82900,251000
hh_with_children,percentiles_91_95,2018,340600,2000,342600,1400,79000,265000
hh_with_children,percentiles_91_95,2019,348200,1900,350200,1600,81100,270700
hh_with_children,percentiles_91_95,2020,358100,3200,361300,3900,81900,283300
hh_with_children,percentiles_91_95,2021,370200,2000,372200,3200,86400,289000
hh_with_children,percentiles_91_95,2022,370700,2200,372900,2200,89900,285300
hh_with_children,percentiles_96_99,1979,274100,1000,275100,300,72600,202800
hh_with_children,percentiles_96_99,1980,266400,1000,267400,300,71700,195900
hh_with_children,percentiles_96_99,1981,264700,1300,266000,400,69800,196600
hh_with_children,percentiles_96_99,1982,263600,1100,264700,200,63900,201000
hh_with_children,percentiles_96_99,1983,270600,1200,271700,300,63100,208900
hh_with_children,percentiles_96_99,1984,288700,1300,289900,300,67200,223000
hh_with_children,percentiles_96_99,1985,292500,1200,293700,300,67000,227100
hh_with_children,percentiles_96_99,1986,321900,900,322800,300,74400,248700
hh_with_children,percentiles_96_99,1987,315100,1300,316300,300,80700,236000
hh_with_children,percentiles_96_99,1988,329400,1100,330500,300,83100,247700
hh_with_children,percentiles_96_99,1989,329900,800,330700,200,83100,247900
hh_with_children,percentiles_96_99,1990,328300,1300,329600,400,82700,247300
hh_with_children,percentiles_96_99,1991,323300,1000,324300,600,84000,240900
hh_with_children,percentiles_96_99,1992,331100,1300,332300,400,86300,246400
hh_with_children,percentiles_96_99,1993,330500,1200,331700,500,89900,242200
hh_with_children,percentiles_96_99,1994,336400,1200,337600,600,93100,245100
hh_with_children,percentiles_96_99,1995,354700,1200,355900,600,98700,257800
hh_with_children,percentiles_96_99,1996,377000,1500,378500,400,106300,272500
hh_with_children,percentiles_96_99,1997,398300,1200,399500,400,113700,286200
hh_with_children,percentiles_96_99,1998,426200,1400,427600,500,121500,306600
hh_with_children,percentiles_96_99,1999,448700,900,449500,400,130900,319000
hh_with_children,percentiles_96_99,2000,456000,1700,457700,400,133200,324800
hh_with_children,percentiles_96_99,2001,432800,1600,434400,700,120600,314500
hh_with_children,percentiles_96_99,2002,417300,1500,418800,600,113100,306200
hh_with_children,percentiles_96_99,2003,426700,1300,428000,700,111500,317200
hh_with_children,percentiles_96_99,2004,451800,1700,453500,500,120000,334000
hh_with_children,percentiles_96_99,2005,489100,1600,490800,900,132900,358800
hh_with_children,percentiles_96_99,2006,507100,1600,508700,700,137400,372100
hh_with_children,percentiles_96_99,2007,524500,1600,526100,900,140600,386400
hh_with_children,percentiles_96_99,2008,480100,1600,481700,900,125800,356900
hh_with_children,percentiles_96_99,2009,450900,2200,453100,1000,116600,337500
hh_with_children,percentiles_96_99,2010,462000,2000,464000,1000,121800,343200
hh_with_children,percentiles_96_99,2011,473600,2300,475900,1100,123000,354000
hh_with_children,percentiles_96_99,2012,498200,1900,500000,1000,131200,369800
hh_with_children,percentiles_96_99,2013,502100,2200,504300,900,140500,364700
hh_with_children,percentiles_96_99,2014,524600,2400,526900,1000,149500,378500
hh_with_children,percentiles_96_99,2015,541600,2500,544100,1600,154700,391000
hh_with_children,percentiles_96_99,2016,541000,1900,542800,1700,154600,390000
hh_with_children,percentiles_96_99,2017,563500,2300,565800,1700,160900,406700
hh_with_children,percentiles_96_99,2018,575500,1800,577300,1400,148900,429800
hh_with_children,percentiles_96_99,2019,590800,1900,592700,1200,153900,440000
hh_with_children,percentiles_96_99,2020,602600,2600,605100,4000,157300,451800
hh_with_children,percentiles_96_99,2021,663200,2400,665600,2800,178900,489600
hh_with_children,percentiles_96_99,2022,636000,2400,638400,2300,176300,464400
hh_with_children,top_1_percent,1979,777600,1600,779200,500,256700,523100
hh_with_children,top_1_percent,1980,751200,1200,752300,600,231700,521200
hh_with_children,top_1_percent,1981,777100,1200,778300,600,223500,555400
hh_with_children,top_1_percent,1982,790600,1300,792000,500,197500,595000
hh_with_children,top_1_percent,1983,922500,1600,924100,700,242600,682200
hh_with_children,top_1_percent,1984,1011400,1800,1013200,600,263100,750700
hh_with_children,top_1_percent,1985,1012800,800,1013600,800,253100,761300
hh_with_children,top_1_percent,1986,1588900,1300,1590200,900,384400,1206600
hh_with_children,top_1_percent,1987,1128000,1300,1129300,700,338500,791500
hh_with_children,top_1_percent,1988,1374800,1100,1375800,400,386700,989600
hh_with_children,top_1_percent,1989,1315900,900,1316800,600,363100,954300
hh_with_children,top_1_percent,1990,1104300,1100,1105500,500,304300,801700
hh_with_children,top_1_percent,1991,1113200,1100,1114300,900,324300,790800
hh_with_children,top_1_percent,1992,1225200,1400,1226600,500,364600,862500
hh_with_children,top_1_percent,1993,1237300,900,1238200,800,421500,817500
hh_with_children,top_1_percent,1994,1202400,800,1203200,600,423200,780600
hh_with_children,top_1_percent,1995,1420900,2000,1422800,1100,506700,917300
hh_with_children,top_1_percent,1996,1565800,700,1566600,500,555700,1011400
hh_with_children,top_1_percent,1997,1706400,1300,1707700,400,590900,1117200
hh_with_children,top_1_percent,1998,1983800,1200,1985000,500,660800,1324800
hh_with_children,top_1_percent,1999,2423000,400,2423500,700,813300,1610900
hh_with_children,top_1_percent,2000,2734100,1300,2735400,300,905900,1829800
hh_with_children,top_1_percent,2001,2119500,1600,2121100,1000,698100,1423900
hh_with_children,top_1_percent,2002,1852800,1700,1854500,1000,611300,1244200
hh_with_children,top_1_percent,2003,1970000,1400,1971400,800,612400,1359800
hh_with_children,top_1_percent,2004,2301900,1600,2303500,700,704600,1599600
hh_with_children,top_1_percent,2005,2696200,1700,2697900,700,827400,1871200
hh_with_children,top_1_percent,2006,3094700,1700,3096400,800,937800,2159400
hh_with_children,top_1_percent,2007,3356700,1500,3358300,800,970100,2389000
hh_with_children,top_1_percent,2008,2655200,2000,2657200,1400,760800,1897700
hh_with_children,top_1_percent,2009,1909300,1600,1910900,1300,564400,1347900
hh_with_children,top_1_percent,2010,2446600,1900,2448500,1500,732400,1717500
hh_with_children,top_1_percent,2011,2299400,2100,2301600,1500,683600,1619500
hh_with_children,top_1_percent,2012,2796100,3000,2799100,1200,813900,1986300
hh_with_children,top_1_percent,2013,2399600,1700,2401300,1200,831500,1571000
hh_with_children,top_1_percent,2014,2753400,1900,2755300,1700,949700,1807400
hh_with_children,top_1_percent,2015,2931800,2000,2933700,1900,1003000,1932700
hh_with_children,top_1_percent,2016,2710400,1600,2712000,2300,921700,1792600
hh_with_children,top_1_percent,2017,2872300,2600,2874900,2600,928300,1949200
hh_with_children,top_1_percent,2018,2707900,2700,2710600,2400,846300,1866700
hh_with_children,top_1_percent,2019,2654500,2000,2656500,1700,826100,1832100
hh_with_children,top_1_percent,2020,3014300,2400,3016700,3500,942800,2077400
hh_with_children,top_1_percent,2021,4347100,2300,4349400,3200,1343700,3008900
hh_with_children,top_1_percent,2022,3211100,2100,3213300,3900,1038700,2178500
elderly_headed_hh,all_quintiles,1979,38700,18500,57200,1200,10400,48000
elderly_headed_hh,all_quintiles,1980,38000,19300,57300,1200,9800,48700
elderly_headed_hh,all_quintiles,1981,39600,20400,60000,1300,9600,51700
elderly_headed_hh,all_quintiles,1982,40500,21900,62400,1300,8700,54900
elderly_headed_hh,all_quintiles,1983,41800,22800,64600,1400,9000,57000
elderly_headed_hh,all_quintiles,1984,45300,23000,68400,1300,10200,59500
elderly_headed_hh,all_quintiles,1985,46900,23500,70400,1400,10300,61500
elderly_headed_hh,all_quintiles,1986,51200,24100,75300,1400,11000,65800
elderly_headed_hh,all_quintiles,1987,44900,23600,68400,1400,10500,59400
elderly_headed_hh,all_quintiles,1988,47400,23500,70900,1500,11200,61200
elderly_headed_hh,all_quintiles,1989,47800,23700,71500,1500,11000,62100
elderly_headed_hh,all_quintiles,1990,46700,24500,71200,1600,10600,62200
elderly_headed_hh,all_quintiles,1991,43000,25400,68500,1700,9500,60700
elderly_headed_hh,all_quintiles,1992,44800,26700,71500,1900,10300,63100
elderly_headed_hh,all_quintiles,1993,44200,27900,72100,2000,10600,63400
elderly_headed_hh,all_quintiles,1994,44000,28200,72200,2000,11100,63100
elderly_headed_hh,all_quintiles,1995,47400,28900,76400,2100,12300,66100
elderly_headed_hh,all_quintiles,1996,53800,29900,83700,2100,14300,71500
elderly_headed_hh,all_quintiles,1997,57700,30400,88100,2100,15100,75100
elderly_headed_hh,all_quintiles,1998,62300,30700,92900,2200,15700,79500
elderly_headed_hh,all_quintiles,1999,65800,30300,96100,2300,16700,81700
elderly_headed_hh,all_quintiles,2000,64800,29700,94500,2400,16200,80700
elderly_headed_hh,all_quintiles,2001,58300,31100,89400,2500,13500,78400
elderly_headed_hh,all_quintiles,2002,54100,32100,86200,2700,12300,76700
elderly_headed_hh,all_quintiles,2003,55300,32300,87600,2900,12300,78200
elderly_headed_hh,all_quintiles,2004,62300,32200,94600,3000,14300,83300
elderly_headed_hh,all_quintiles,2005,69500,33400,103000,3000,16500,89400
elderly_headed_hh,all_quintiles,2006,73600,35400,109000,2900,17600,94300
elderly_headed_hh,all_quintiles,2007,82300,35400,117700,2900,18700,101800
elderly_headed_hh,all_quintiles,2008,67500,35900,103500,3000,13500,92900
elderly_headed_hh,all_quintiles,2009,59000,39000,98000,3300,12200,89100
elderly_headed_hh,all_quintiles,2010,63900,38500,102400,3200,13600,92000
elderly_headed_hh,all_quintiles,2011,65700,37400,103100,3300,14100,92300
elderly_headed_hh,all_quintiles,2012,72800,37900,110700,3300,16200,97900
elderly_headed_hh,all_quintiles,2013,70100,37900,108000,3200,16900,94200
elderly_headed_hh,all_quintiles,2014,74500,37600,112000,4400,18400,98100
elderly_headed_hh,all_quintiles,2015,76600,38700,115300,4800,18900,101200
elderly_headed_hh,all_quintiles,2016,74200,38700,112900,4900,18000,99900
elderly_headed_hh,all_quintiles,2017,77600,38300,115800,5000,18100,102700
elderly_headed_hh,all_quintiles,2018,82200,38100,120300,4900,17800,107400
elderly_headed_hh,all_quintiles,2019,84500,40000,124500,5000,18200,111300
elderly_headed_hh,all_quintiles,2020,83700,42700,126400,6500,14900,118000
elderly_headed_hh,all_quintiles,2021,97500,41800,139300,6100,19200,126200
elderly_headed_hh,all_quintiles,2022,90900,41800,132700,5500,21000,117300
elderly_headed_hh,lowest_quintile,1979,5100,18300,23400,1800,800,24400
elderly_headed_hh,lowest_quintile,1980,4200,18900,23200,2000,600,24500
elderly_headed_hh,lowest_quintile,1981,4000,19800,23800,2300,600,25500
elderly_headed_hh,lowest_quintile,1982,3800,20900,24700,2300,500,26500
elderly_headed_hh,lowest_quintile,1983,3600,21700,25300,2600,600,27400
elderly_headed_hh,lowest_quintile,1984,4500,21800,26300,2600,700,28200
elderly_headed_hh,lowest_quintile,1985,4500,21900,26400,2800,700,28500
elderly_headed_hh,lowest_quintile,1986,4300,22700,27000,2800,700,29100
elderly_headed_hh,lowest_quintile,1987,4000,22300,26300,2800,700,28400
elderly_headed_hh,lowest_quintile,1988,4200,22300,26500,2900,700,28600
elderly_headed_hh,lowest_quintile,1989,4500,22300,26800,3000,700,29100
elderly_headed_hh,lowest_quintile,1990,4800,23100,27900,3100,700,30300
elderly_headed_hh,lowest_quintile,1991,4600,23800,28400,3300,800,30900
elderly_headed_hh,lowest_quintile,1992,4100,24900,29000,3700,800,31900
elderly_headed_hh,lowest_quintile,1993,4000,26200,30200,3700,800,33100
elderly_headed_hh,lowest_quintile,1994,3800,27000,30800,3700,900,33600
elderly_headed_hh,lowest_quintile,1995,4500,27700,32200,3700,900,35000
elderly_headed_hh,lowest_quintile,1996,4400,28300,32600,3900,900,35600
elderly_headed_hh,lowest_quintile,1997,4800,29000,33800,3800,900,36700
elderly_headed_hh,lowest_quintile,1998,5600,29900,35500,4100,1000,38600
elderly_headed_hh,lowest_quintile,1999,6300,29500,35900,4300,1100,39000
elderly_headed_hh,lowest_quintile,2000,5900,28200,34100,4300,1000,37400
elderly_headed_hh,lowest_quintile,2001,5600,28400,34000,4700,900,37800
elderly_headed_hh,lowest_quintile,2002,5600,29300,34800,4800,900,38800
elderly_headed_hh,lowest_quintile,2003,5000,29400,34400,5100,800,38700
elderly_headed_hh,lowest_quintile,2004,5300,29300,34500,5300,800,39000
elderly_headed_hh,lowest_quintile,2005,5200,30100,35300,5100,900,39600
elderly_headed_hh,lowest_quintile,2006,5700,32200,37800,4900,900,41900
elderly_headed_hh,lowest_quintile,2007,6800,31700,38500,4800,900,42400
elderly_headed_hh,lowest_quintile,2008,6300,32800,39100,5200,300,44000
elderly_headed_hh,lowest_quintile,2009,5300,35400,40700,5700,600,45800
elderly_headed_hh,lowest_quintile,2010,5100,35100,40200,5700,600,45300
elderly_headed_hh,lowest_quintile,2011,5100,34600,39800,6000,600,45200
elderly_headed_hh,lowest_quintile,2012,4900,34700,39600,6100,700,45100
elderly_headed_hh,lowest_quintile,2013,5300,34400,39700,5800,800,44700
elderly_headed_hh,lowest_quintile,2014,5000,33500,38600,7900,700,45800
elderly_headed_hh,lowest_quintile,2015,5800,35000,40700,8300,700,48300
elderly_headed_hh,lowest_quintile,2016,5700,35100,40700,8400,700,48500
elderly_headed_hh,lowest_quintile,2017,5500,34700,40300,8700,600,48400
elderly_headed_hh,lowest_quintile,2018,6100,34100,40300,9000,500,48700
elderly_headed_hh,lowest_quintile,2019,7200,36500,43700,8600,600,51700
elderly_headed_hh,lowest_quintile,2020,6300,38300,44600,10100,-2400,57200
elderly_headed_hh,lowest_quintile,2021,6000,37500,43500,10300,-1900,55600
elderly_headed_hh,lowest_quintile,2022,6800,37900,44700,9400,500,53600
elderly_headed_hh,second_quintile,1979,30500,19700,50200,400,5200,45500
elderly_headed_hh,second_quintile,1980,28800,21200,50100,400,4500,46000
elderly_headed_hh,second_quintile,1981,28300,22300,50600,400,4100,46900
elderly_headed_hh,second_quintile,1982,27000,23800,50800,400,3400,47800
elderly_headed_hh,second_quintile,1983,26100,24700,50800,500,3600,47700
elderly_headed_hh,second_quintile,1984,28600,25200,53800,400,4000,50300
elderly_headed_hh,second_quintile,1985,28500,25800,54300,400,3900,50800
elderly_headed_hh,second_quintile,1986,28600,25900,54500,500,4000,51100
elderly_headed_hh,second_quintile,1987,28200,25600,53800,500,4000,50200
elderly_headed_hh,second_quintile,1988,29200,25200,54400,500,4400,50600
elderly_headed_hh,second_quintile,1989,29100,26000,55100,400,4200,51300
elderly_headed_hh,second_quintile,1990,29900,27000,56900,400,4400,52900
elderly_headed_hh,second_quintile,1991,28800,27800,56600,700,4100,53100
elderly_headed_hh,second_quintile,1992,28100,29100,57200,600,4100,53700
elderly_headed_hh,second_quintile,1993,28300,30500,58700,800,4200,55300
elderly_headed_hh,second_quintile,1994,28300,30500,58800,900,4300,55300
elderly_headed_hh,second_quintile,1995,30400,31300,61800,900,4800,57900
elderly_headed_hh,second_quintile,1996,30100,32300,62300,1000,4700,58600
elderly_headed_hh,second_quintile,1997,31300,32300,63700,1000,4800,59800
elderly_headed_hh,second_quintile,1998,33400,31600,65000,1100,5000,61000
elderly_headed_hh,second_quintile,1999,34300,30700,65000,1100,5300,60800
elderly_headed_hh,second_quintile,2000,34200,29000,63200,1200,5100,59400
elderly_headed_hh,second_quintile,2001,33700,32600,66300,1400,4300,63300
elderly_headed_hh,second_quintile,2002,32600,33900,66500,1400,3900,64000
elderly_headed_hh,second_quintile,2003,32200,34500,66700,1500,3900,64300
elderly_headed_hh,second_quintile,2004,33200,33700,66800,1700,4000,64500
elderly_headed_hh,second_quintile,2005,34300,35900,70200,1800,4500,67500
elderly_headed_hh,second_quintile,2006,35100,37600,72700,1700,4700,69700
elderly_headed_hh,second_quintile,2007,37400,38300,75700,2100,4800,73000
elderly_headed_hh,second_quintile,2008,35400,39000,74400,1900,3100,73200
elderly_headed_hh,second_quintile,2009,32400,42100,74500,2100,3100,73500
elderly_headed_hh,second_quintile,2010,31800,41600,73400,2300,3100,72600
elderly_headed_hh,second_quintile,2011,32200,40400,72600,2300,3300,71600
elderly_headed_hh,second_quintile,2012,31800,41100,73000,2300,3300,72000
elderly_headed_hh,second_quintile,2013,32900,41100,74100,2500,3800,72700
elderly_headed_hh,second_quintile,2014,33300,40700,73900,3100,4000,73000
elderly_headed_hh,second_quintile,2015,35200,42000,77200,3200,4200,76200
elderly_headed_hh,second_quintile,2016,35600,42200,77800,3700,4200,77300
elderly_headed_hh,second_quintile,2017,36000,41400,77500,3600,4200,76900
elderly_headed_hh,second_quintile,2018,37100,41600,78700,3300,3900,78100
elderly_headed_hh,second_quintile,2019,40100,43300,83400,4100,4400,83000
elderly_headed_hh,second_quintile,2020,36400,46700,83000,5700,300,88400
elderly_headed_hh,second_quintile,2021,37500,45500,83000,4600,1200,86400
elderly_headed_hh,second_quintile,2022,39400,45500,84900,4400,4800,84500
elderly_headed_hh,middle_quintile,1979,50400,18800,69100,300,10300,59100
elderly_headed_hh,middle_quintile,1980,48000,19600,67600,300,9400,58500
elderly_headed_hh,middle_quintile,1981,48200,21300,69500,300,8900,60800
elderly_headed_hh,middle_quintile,1982,47000,23400,70400,200,7600,63000
elderly_headed_hh,middle_quintile,1983,46200,24700,70800,200,7600,63400
elderly_headed_hh,middle_quintile,1984,49000,25000,74000,200,8300,65900
elderly_headed_hh,middle_quintile,1985,49500,25300,74900,200,8200,66900
elderly_headed_hh,middle_quintile,1986,51500,26000,77500,300,8500,69400
elderly_headed_hh,middle_quintile,1987,50600,24400,75000,300,9100,66100
elderly_headed_hh,middle_quintile,1988,51400,23600,75000,300,9400,65900
elderly_headed_hh,middle_quintile,1989,52200,23400,75600,300,9400,66500
elderly_headed_hh,middle_quintile,1990,52200,23500,75700,300,9400,66500
elderly_headed_hh,middle_quintile,1991,50800,24700,75600,300,8800,67000
elderly_headed_hh,middle_quintile,1992,51100,25500,76600,400,9100,67900
elderly_headed_hh,middle_quintile,1993,50400,26400,76800,500,9200,68100
elderly_headed_hh,middle_quintile,1994,51800,26000,77900,600,9800,68600
elderly_headed_hh,middle_quintile,1995,53900,25900,79900,600,10500,70000
elderly_headed_hh,middle_quintile,1996,54100,27700,81800,600,10600,71800
elderly_headed_hh,middle_quintile,1997,55700,27800,83500,800,10600,73600
elderly_headed_hh,middle_quintile,1998,57500,28100,85500,800,10900,75500
elderly_headed_hh,middle_quintile,1999,59300,28300,87600,700,11500,76800
elderly_headed_hh,middle_quintile,2000,60000,28900,88900,700,11600,78100
elderly_headed_hh,middle_quintile,2001,58700,32600,91400,800,10200,82000
elderly_headed_hh,middle_quintile,2002,57600,33900,91400,1100,9500,83000
elderly_headed_hh,middle_quintile,2003,57600,34100,91700,1100,9400,83500
elderly_headed_hh,middle_quintile,2004,59700,34600,94300,1200,10000,85500
elderly_headed_hh,middle_quintile,2005,61300,35300,96600,1300,10800,87200
elderly_headed_hh,middle_quintile,2006,62200,37800,100000,1400,11300,90100
elderly_headed_hh,middle_quintile,2007,64400,37000,101300,1600,11400,91500
elderly_headed_hh,middle_quintile,2008,61800,37800,99600,1300,8600,92200
elderly_headed_hh,middle_quintile,2009,58500,41700,100200,1500,8600,93100
elderly_headed_hh,middle_quintile,2010,57700,40500,98300,1500,8700,91000
elderly_headed_hh,middle_quintile,2011,58500,39700,98200,1400,8900,90700
elderly_headed_hh,middle_quintile,2012,58700,40200,98900,1300,9200,91100
elderly_headed_hh,middle_quintile,2013,60000,40600,100600,1200,9900,91900
elderly_headed_hh,middle_quintile,2014,61100,40800,101900,2300,10300,93900
elderly_headed_hh,middle_quintile,2015,64100,41600,105800,2500,10900,97400
elderly_headed_hh,middle_quintile,2016,64200,41500,105700,2200,10900,97100
elderly_headed_hh,middle_quintile,2017,65600,40600,106200,2600,10800,98000
elderly_headed_hh,middle_quintile,2018,66400,40600,107000,2300,9900,99300
elderly_headed_hh,middle_quintile,2019,69600,42900,112400,2400,10500,104400
elderly_headed_hh,middle_quintile,2020,67100,45800,112800,4000,6100,110700
elderly_headed_hh,middle_quintile,2021,68800,44700,113500,3400,7400,109500
elderly_headed_hh,middle_quintile,2022,70800,44500,115300,2900,11300,106900
elderly_headed_hh,fourth_quintile,1979,72700,18600,91300,200,16900,74600
elderly_headed_hh,fourth_quintile,1980,71000,19200,90200,200,15900,74500
elderly_headed_hh,fourth_quintile,1981,70200,20700,90900,200,15200,75900
elderly_headed_hh,fourth_quintile,1982,69000,21600,90600,200,13300,77500
elderly_headed_hh,fourth_quintile,1983,69200,22800,92000,200,13200,79000
elderly_headed_hh,fourth_quintile,1984,73900,20300,94100,200,14700,79600
elderly_headed_hh,fourth_quintile,1985,74300,21400,95700,200,14400,81500
elderly_headed_hh,fourth_quintile,1986,77500,22200,99600,200,15100,84700
elderly_headed_hh,fourth_quintile,1987,78800,21300,100100,200,16500,83800
elderly_headed_hh,fourth_quintile,1988,80000,22100,102100,200,16900,85400
elderly_headed_hh,fourth_quintile,1989,79700,23500,103200,200,16900,86500
elderly_headed_hh,fourth_quintile,1990,78800,24400,103200,200,16500,86900
elderly_headed_hh,fourth_quintile,1991,77700,25700,103400,200,16100,87500
elderly_headed_hh,fourth_quintile,1992,78800,27500,106300,200,16400,90100
elderly_headed_hh,fourth_quintile,1993,79500,28300,107800,400,16900,91300
elderly_headed_hh,fourth_quintile,1994,82400,28600,111000,400,18500,92900
elderly_headed_hh,fourth_quintile,1995,83500,30300,113700,400,19400,94700
elderly_headed_hh,fourth_quintile,1996,84400,30800,115100,500,19600,96100
elderly_headed_hh,fourth_quintile,1997,85900,32200,118200,600,20200,98500
elderly_headed_hh,fourth_quintile,1998,90300,32100,122400,700,20900,102100
elderly_headed_hh,fourth_quintile,1999,93800,32200,126000,600,21800,104900
elderly_headed_hh,fourth_quintile,2000,93400,32200,125600,800,21700,104700
elderly_headed_hh,fourth_quintile,2001,92900,32300,125200,700,19800,106100
elderly_headed_hh,fourth_quintile,2002,90600,33700,124300,900,18400,106800
elderly_headed_hh,fourth_quintile,2003,92000,33200,125200,900,17800,108400
elderly_headed_hh,fourth_quintile,2004,94500,34500,129000,900,18700,111100
elderly_headed_hh,fourth_quintile,2005,97900,35500,133500,900,19900,114500
elderly_headed_hh,fourth_quintile,2006,98800,37400,136200,1000,20500,116800
elderly_headed_hh,fourth_quintile,2007,101000,36900,137900,1200,19900,119100
elderly_headed_hh,fourth_quintile,2008,98600,37400,136000,800,16800,120100
elderly_headed_hh,fourth_quintile,2009,95400,40500,135900,1100,16500,120400
elderly_headed_hh,fourth_quintile,2010,94500,39700,134200,1300,16800,118700
elderly_headed_hh,fourth_quintile,2011,95500,38000,133500,900,16900,117500
elderly_headed_hh,fourth_quintile,2012,96100,38600,134700,1000,17500,118200
elderly_headed_hh,fourth_quintile,2013,98200,38800,137000,900,18900,118900
elderly_headed_hh,fourth_quintile,2014,100200,39200,139400,1600,19500,121400
elderly_headed_hh,fourth_quintile,2015,104400,40300,144700,1900,20400,126200
elderly_headed_hh,fourth_quintile,2016,104300,40500,144800,1700,20300,126300
elderly_headed_hh,fourth_quintile,2017,107500,39800,147300,1600,20400,128500
elderly_headed_hh,fourth_quintile,2018,108900,40000,148900,1400,18900,131400
elderly_headed_hh,fourth_quintile,2019,112700,41200,153800,1700,19900,135700
elderly_headed_hh,fourth_quintile,2020,113200,44100,157300,3500,15900,144800
elderly_headed_hh,fourth_quintile,2021,113500,43500,157000,2500,17300,142200
elderly_headed_hh,fourth_quintile,2022,115600,43100,158700,1900,21200,139300
elderly_headed_hh,highest_quintile,1979,210900,17700,228600,100,69200,159600
elderly_headed_hh,highest_quintile,1980,193900,18200,212000,100,60900,151200
elderly_headed_hh,highest_quintile,1981,190600,19200,209800,100,56300,153700
elderly_headed_hh,highest_quintile,1982,194600,21200,215900,100,50900,165100
elderly_headed_hh,highest_quintile,1983,199800,21400,221200,100,50700,170600
elderly_headed_hh,highest_quintile,1984,217000,24300,241300,100,58100,183300
elderly_headed_hh,highest_quintile,1985,234200,25400,259600,100,61300,198500
elderly_headed_hh,highest_quintile,1986,269600,25400,295000,100,66600,228600
elderly_headed_hh,highest_quintile,1987,239000,25600,264600,100,67500,197300
elderly_headed_hh,highest_quintile,1988,260500,25900,286400,100,72700,213800
elderly_headed_hh,highest_quintile,1989,248500,25800,274200,100,67200,207200
elderly_headed_hh,highest_quintile,1990,237000,26800,263800,200,63500,200600
elderly_headed_hh,highest_quintile,1991,222600,28500,251200,100,58500,192700
elderly_headed_hh,highest_quintile,1992,237400,29500,267000,200,64300,202900
elderly_headed_hh,highest_quintile,1993,237500,31200,268700,100,68300,200400
elderly_headed_hh,highest_quintile,1994,246400,31100,277500,400,74100,203700
elderly_headed_hh,highest_quintile,1995,249700,31700,281500,400,76700,205200
elderly_headed_hh,highest_quintile,1996,276800,32900,309700,500,85800,224400
elderly_headed_hh,highest_quintile,1997,297200,33900,331000,300,89500,241800
elderly_headed_hh,highest_quintile,1998,309000,33600,342500,600,88400,254700
elderly_headed_hh,highest_quintile,1999,332900,33200,366100,500,95900,270600
elderly_headed_hh,highest_quintile,2000,333600,35300,368900,600,94700,274800
elderly_headed_hh,highest_quintile,2001,313000,35900,348900,500,85700,263600
elderly_headed_hh,highest_quintile,2002,305800,36600,342400,600,83500,259500
elderly_headed_hh,highest_quintile,2003,323500,37000,360500,600,85600,275600
elderly_headed_hh,highest_quintile,2004,364600,37200,401900,700,97300,305400
elderly_headed_hh,highest_quintile,2005,378300,37500,415900,800,102800,313800
elderly_headed_hh,highest_quintile,2006,381600,38800,420300,900,103300,317900
elderly_headed_hh,highest_quintile,2007,411300,39300,450500,1000,105100,346400
elderly_headed_hh,highest_quintile,2008,360100,38800,398900,800,87400,312200
elderly_headed_hh,highest_quintile,2009,319800,41200,361000,800,77200,284500
elderly_headed_hh,highest_quintile,2010,323500,40300,363800,800,80200,284400
elderly_headed_hh,highest_quintile,2011,340000,38400,378500,600,84500,294600
elderly_headed_hh,highest_quintile,2012,376500,39500,415900,600,94600,321900
elderly_headed_hh,highest_quintile,2013,333900,39200,373100,700,93200,280700
elderly_headed_hh,highest_quintile,2014,361300,39900,401200,1100,102400,299900
elderly_headed_hh,highest_quintile,2015,377900,40500,418400,1200,106600,313000
elderly_headed_hh,highest_quintile,2016,370900,40000,410900,1400,103100,309200
elderly_headed_hh,highest_quintile,2017,381500,40500,422000,1200,100900,322300
elderly_headed_hh,highest_quintile,2018,388700,40500,429200,1000,96300,334000
elderly_headed_hh,highest_quintile,2019,394000,41400,435400,1400,97300,339500
elderly_headed_hh,highest_quintile,2020,418600,44000,462600,2800,102300,363100
elderly_headed_hh,highest_quintile,2021,474800,44000,518900,2000,117700,403200
elderly_headed_hh,highest_quintile,2022,456500,43900,500400,1300,122100,379600
elderly_headed_hh,percentiles_81_90,1979,99000,17300,116300,100,24700,91700
elderly_headed_hh,percentiles_81_90,1980,95800,18200,113900,100,23800,90300
elderly_headed_hh,percentiles_81_90,1981,96800,19700,116500,100,23000,93700
elderly_headed_hh,percentiles_81_90,1982,95800,21300,117200,200,20500,96900
elderly_headed_hh,percentiles_81_90,1983,97200,21200,118300,100,20600,97800
elderly_headed_hh,percentiles_81_90,1984,105300,23900,129300,100,23800,105500
elderly_headed_hh,percentiles_81_90,1985,105000,24400,129400,200,24200,105400
elderly_headed_hh,percentiles_81_90,1986,107500,23300,130800,100,24000,106900
elderly_headed_hh,percentiles_81_90,1987,109000,24100,133100,200,26400,107000
elderly_headed_hh,percentiles_81_90,1988,113400,24300,137700,200,27300,110500
elderly_headed_hh,percentiles_81_90,1989,113300,24300,137500,100,26900,110700
elderly_headed_hh,percentiles_81_90,1990,111700,26000,137700,100,26500,111300
elderly_headed_hh,percentiles_81_90,1991,112500,27900,140400,100,26000,114500
elderly_headed_hh,percentiles_81_90,1992,113700,28400,142200,200,26700,115700
elderly_headed_hh,percentiles_81_90,1993,114800,30800,145600,200,27200,118600
elderly_headed_hh,percentiles_81_90,1994,115600,30100,145700,400,29300,116800
elderly_headed_hh,percentiles_81_90,1995,116500,30600,147100,400,30400,117100
elderly_headed_hh,percentiles_81_90,1996,121200,32200,153400,500,31800,122200
elderly_headed_hh,percentiles_81_90,1997,124400,33200,157600,200,32100,125800
elderly_headed_hh,percentiles_81_90,1998,128900,32100,161000,600,32400,129200
elderly_headed_hh,percentiles_81_90,1999,134000,31300,165300,500,34000,131800
elderly_headed_hh,percentiles_81_90,2000,135700,32800,168600,600,33800,135400
elderly_headed_hh,percentiles_81_90,2001,137500,33700,171200,400,32500,139100
elderly_headed_hh,percentiles_81_90,2002,133800,34200,168000,600,30200,138400
elderly_headed_hh,percentiles_81_90,2003,136900,34900,171800,600,29600,142700
elderly_headed_hh,percentiles_81_90,2004,140700,35200,175900,800,31100,145600
elderly_headed_hh,percentiles_81_90,2005,142900,36400,179400,900,32200,148100
elderly_headed_hh,percentiles_81_90,2006,146300,36900,183200,1000,33400,150800
elderly_headed_hh,percentiles_81_90,2007,148900,37300,186200,1100,32700,154600
elderly_headed_hh,percentiles_81_90,2008,143900,37200,181100,700,28100,153800
elderly_headed_hh,percentiles_81_90,2009,142900,40400,183400,800,27800,156400
elderly_headed_hh,percentiles_81_90,2010,142100,38900,181000,800,28200,153600
elderly_headed_hh,percentiles_81_90,2011,142900,37200,180100,700,28500,152400
elderly_headed_hh,percentiles_81_90,2012,147200,38500,185700,700,30000,156300
elderly_headed_hh,percentiles_81_90,2013,149300,37900,187200,700,32700,155200
elderly_headed_hh,percentiles_81_90,2014,151100,39200,190300,1300,33000,158600
elderly_headed_hh,percentiles_81_90,2015,157900,40100,198000,1300,35000,164400
elderly_headed_hh,percentiles_81_90,2016,160300,38400,198600,1800,34900,165500
elderly_headed_hh,percentiles_81_90,2017,163100,39600,202700,1300,34500,169500
elderly_headed_hh,percentiles_81_90,2018,166600,39600,206200,1000,33200,174000
elderly_headed_hh,percentiles_81_90,2019,173200,40700,213800,1500,34700,180600
elderly_headed_hh,percentiles_81_90,2020,173800,42500,216300,3100,32300,187000
elderly_headed_hh,percentiles_81_90,2021,178800,42800,221700,2200,34500,189500
elderly_headed_hh,percentiles_81_90,2022,179700,42700,222500,1400,38200,185600
elderly_headed_hh,percentiles_91_95,1979,127700,18000,145700,200,34600,111300
elderly_headed_hh,percentiles_91_95,1980,126200,18000,144200,100,33600,110800
elderly_headed_hh,percentiles_91_95,1981,124300,19900,144200,100,32400,112000
elderly_headed_hh,percentiles_91_95,1982,125400,21900,147300,100,28800,118500
elderly_headed_hh,percentiles_91_95,1983,124700,20300,145000,100,28200,116900
elderly_headed_hh,percentiles_91_95,1984,136100,22600,158700,100,33300,125500
elderly_headed_hh,percentiles_91_95,1985,136900,24000,160900,100,33600,127500
elderly_headed_hh,percentiles_91_95,1986,139400,25600,165000,100,32800,132400
elderly_headed_hh,percentiles_91_95,1987,147100,25000,172100,100,38400,133800
elderly_headed_hh,percentiles_91_95,1988,146800,24200,171000,100,37700,133400
elderly_headed_hh,percentiles_91_95,1989,150900,25300,176200,300,38000,138500
elderly_headed_hh,percentiles_91_95,1990,147600,26000,173600,200,36900,136900
elderly_headed_hh,percentiles_91_95,1991,146000,27300,173200,100,35600,137700
elderly_headed_hh,percentiles_91_95,1992,147900,29700,177600,200,36400,141400
elderly_headed_hh,percentiles_91_95,1993,147800,29700,177500,100,38700,138900
elderly_headed_hh,percentiles_91_95,1994,150200,31000,181200,400,40600,141100
elderly_headed_hh,percentiles_91_95,1995,157200,30500,187700,400,43600,144500
elderly_headed_hh,percentiles_91_95,1996,162600,31600,194100,500,44300,150300
elderly_headed_hh,percentiles_91_95,1997,167700,32400,200100,300,45700,154700
elderly_headed_hh,percentiles_91_95,1998,174400,32700,207000,800,45800,162000
elderly_headed_hh,percentiles_91_95,1999,179600,33000,212600,700,47500,165800
elderly_headed_hh,percentiles_91_95,2000,187800,35200,223000,600,49000,174600
elderly_headed_hh,percentiles_91_95,2001,182100,34900,217000,600,44200,173300
elderly_headed_hh,percentiles_91_95,2002,179300,36500,215900,400,43200,173100
elderly_headed_hh,percentiles_91_95,2003,182000,35200,217200,700,42600,175300
elderly_headed_hh,percentiles_91_95,2004,191300,37100,228500,700,45300,183900
elderly_headed_hh,percentiles_91_95,2005,198100,37000,235200,500,47400,188300
elderly_headed_hh,percentiles_91_95,2006,201700,38400,240100,800,49200,191700
elderly_headed_hh,percentiles_91_95,2007,203900,38300,242200,900,47500,195600
elderly_headed_hh,percentiles_91_95,2008,199500,38700,238200,800,43300,195700
elderly_headed_hh,percentiles_91_95,2009,193500,39900,233400,700,41000,193100
elderly_headed_hh,percentiles_91_95,2010,197200,39900,237000,800,42900,194900
elderly_headed_hh,percentiles_91_95,2011,199100,37700,236800,500,43000,194300
elderly_headed_hh,percentiles_91_95,2012,203700,39000,242700,800,45000,198400
elderly_headed_hh,percentiles_91_95,2013,206700,39400,246100,900,48900,198100
elderly_headed_hh,percentiles_91_95,2014,211300,39300,250600,1000,50300,201300
elderly_headed_hh,percentiles_91_95,2015,219200,39200,258500,1300,51900,207900
elderly_headed_hh,percentiles_91_95,2016,223700,39800,263500,1100,52700,211900
elderly_headed_hh,percentiles_91_95,2017,231300,39800,271200,1200,52500,219800
elderly_headed_hh,percentiles_91_95,2018,238900,39700,278600,900,51100,228300
elderly_headed_hh,percentiles_91_95,2019,241800,39200,281000,1700,51800,230900
elderly_headed_hh,percentiles_91_95,2020,248400,43900,292300,2500,52600,242300
elderly_headed_hh,percentiles_91_95,2021,255400,42900,298300,1800,54900,245300
elderly_headed_hh,percentiles_91_95,2022,256600,43500,300100,1200,58800,242600
elderly_headed_hh,percentiles_96_99,1979,183600,17700,201200,200,55500,145900
elderly_headed_hh,percentiles_96_99,1980,177600,18300,195800,100,52700,143200
elderly_headed_hh,percentiles_96_99,1981,178000,18000,196100,200,51800,144400
elderly_headed_hh,percentiles_96_99,1982,176200,20800,197100,0,46200,150900
elderly_headed_hh,percentiles_96_99,1983,183400,22200,205700,100,45800,160000
elderly_headed_hh,percentiles_96_99,1984,195400,24400,219800,100,53000,166800
elderly_headed_hh,percentiles_96_99,1985,203500,26300,229800,100,52700,177200
elderly_headed_hh,percentiles_96_99,1986,224200,25900,250100,100,54600,195600
elderly_headed_hh,percentiles_96_99,1987,220300,26700,246900,100,62500,184500
elderly_headed_hh,percentiles_96_99,1988,222200,27400,249600,100,61500,188200
elderly_headed_hh,percentiles_96_99,1989,228700,26900,255600,100,62300,193400
elderly_headed_hh,percentiles_96_99,1990,220600,27100,247700,300,59200,188700
elderly_headed_hh,percentiles_96_99,1991,216100,28400,244500,200,56600,188100
elderly_headed_hh,percentiles_96_99,1992,230800,29200,260000,200,61000,199200
elderly_headed_hh,percentiles_96_99,1993,227700,31400,259100,0,62600,196500
elderly_headed_hh,percentiles_96_99,1994,233100,31100,264100,400,66400,198100
elderly_headed_hh,percentiles_96_99,1995,248300,33800,282100,300,72800,209500
elderly_headed_hh,percentiles_96_99,1996,253700,34100,287800,300,75600,212500
elderly_headed_hh,percentiles_96_99,1997,274000,35000,309000,300,80200,229100
elderly_headed_hh,percentiles_96_99,1998,288400,35300,323700,400,80900,243200
elderly_headed_hh,percentiles_96_99,1999,302300,34800,337100,400,85300,252200
elderly_headed_hh,percentiles_96_99,2000,314100,37100,351200,700,88500,263300
elderly_headed_hh,percentiles_96_99,2001,295600,38500,334100,500,78600,256000
elderly_headed_hh,percentiles_96_99,2002,282700,38800,321500,700,74400,247900
elderly_headed_hh,percentiles_96_99,2003,295000,39800,334800,800,75500,260200
elderly_headed_hh,percentiles_96_99,2004,308500,39000,347500,700,79800,268300
elderly_headed_hh,percentiles_96_99,2005,333400,38000,371400,700,90200,282000
elderly_headed_hh,percentiles_96_99,2006,346400,40200,386600,800,93700,293700
elderly_headed_hh,percentiles_96_99,2007,356900,41500,398400,1100,92300,307200
elderly_headed_hh,percentiles_96_99,2008,330900,39800,370800,700,80700,290800
elderly_headed_hh,percentiles_96_99,2009,307500,41900,349300,700,72900,277200
elderly_headed_hh,percentiles_96_99,2010,318500,41900,360400,700,78600,282500
elderly_headed_hh,percentiles_96_99,2011,323200,39900,363100,500,78700,285000
elderly_headed_hh,percentiles_96_99,2012,340100,40000,380000,400,85000,295400
elderly_headed_hh,percentiles_96_99,2013,344500,39900,384400,600,91600,293400
elderly_headed_hh,percentiles_96_99,2014,353400,40800,394200,800,95700,299300
elderly_headed_hh,percentiles_96_99,2015,368100,41600,409700,800,99000,311500
elderly_headed_hh,percentiles_96_99,2016,372000,41800,413900,1000,99500,315400
elderly_headed_hh,percentiles_96_99,2017,385800,41700,427500,900,99500,328900
elderly_headed_hh,percentiles_96_99,2018,392800,41500,434300,1100,92600,342800
elderly_headed_hh,percentiles_96_99,2019,405500,43400,448900,1000,95100,354800
elderly_headed_hh,percentiles_96_99,2020,424000,45900,469900,2400,99200,373000
elderly_headed_hh,percentiles_96_99,2021,457500,45800,503300,1800,108800,396300
elderly_headed_hh,percentiles_96_99,2022,436100,45600,481700,1200,110700,372200
elderly_headed_hh,top_1_percent,1979,657300,18100,675300,100,254400,421000
elderly_headed_hh,top_1_percent,1980,603300,18300,621600,0,223100,398600
elderly_headed_hh,top_1_percent,1981,609800,19600,629400,100,205800,423600
elderly_headed_hh,top_1_percent,1982,619100,20700,639800,100,180400,459500
elderly_headed_hh,top_1_percent,1983,704800,22500,727300,0,200100,527300
elderly_headed_hh,top_1_percent,1984,751000,28500,779500,100,219200,560300
elderly_headed_hh,top_1_percent,1985,841200,29100,870300,0,234600,635700
elderly_headed_hh,top_1_percent,1986,1018400,29900,1048300,100,262600,785800
elderly_headed_hh,top_1_percent,1987,859200,28600,887900,100,261300,626600
elderly_headed_hh,top_1_percent,1988,1099900,30500,1130400,200,330200,800400
elderly_headed_hh,top_1_percent,1989,984700,29000,1013700,100,284000,729800
elderly_headed_hh,top_1_percent,1990,964600,31300,995800,100,277000,719000
elderly_headed_hh,top_1_percent,1991,824100,33900,858000,200,236700,621400
elderly_headed_hh,top_1_percent,1992,989700,34700,1024400,400,298100,726700
elderly_headed_hh,top_1_percent,1993,934300,35300,969600,0,307200,662500
elderly_headed_hh,top_1_percent,1994,964900,34900,999900,300,329900,670200
elderly_headed_hh,top_1_percent,1995,1055200,34200,1089300,200,367700,721800
elderly_headed_hh,top_1_percent,1996,1201400,35400,1236800,500,416100,821100
elderly_headed_hh,top_1_percent,1997,1407000,37200,1444100,200,464700,979600
elderly_headed_hh,top_1_percent,1998,1503900,37500,1541300,600,465200,1076800
elderly_headed_hh,top_1_percent,1999,1657900,37400,1695300,100,513500,1181900
elderly_headed_hh,top_1_percent,2000,1764700,41500,1806200,800,537600,1269400
elderly_headed_hh,top_1_percent,2001,1534900,41600,1576500,400,466000,1110900
elderly_headed_hh,top_1_percent,2002,1441300,42000,1483300,400,442800,1040900
elderly_headed_hh,top_1_percent,2003,1533800,43600,1577400,300,453900,1123800
elderly_headed_hh,top_1_percent,2004,1812600,41700,1854400,700,529000,1326100
elderly_headed_hh,top_1_percent,2005,2092700,42700,2135400,700,617800,1518300
elderly_headed_hh,top_1_percent,2006,2093000,44500,2137600,1000,611900,1526600
elderly_headed_hh,top_1_percent,2007,2462100,44800,2506900,400,664900,1842400
elderly_headed_hh,top_1_percent,2008,1963500,43500,2007000,800,524000,1483900
elderly_headed_hh,top_1_percent,2009,1628900,46800,1675700,600,448100,1228200
elderly_headed_hh,top_1_percent,2010,1717000,44700,1761700,1100,483500,1279300
elderly_headed_hh,top_1_percent,2011,1899200,43200,1942500,900,535000,1408300
elderly_headed_hh,top_1_percent,2012,2328700,45200,2373900,500,645900,1728500
elderly_headed_hh,top_1_percent,2013,1807900,44600,1852500,600,598800,1254300
elderly_headed_hh,top_1_percent,2014,2048000,42700,2090700,1300,679200,1412700
elderly_headed_hh,top_1_percent,2015,2097600,43600,2141200,1000,689000,1453300
elderly_headed_hh,top_1_percent,2016,2115000,44300,2159300,1700,689200,1471800
elderly_headed_hh,top_1_percent,2017,2173500,44800,2218200,1700,663100,1556900
elderly_headed_hh,top_1_percent,2018,2186000,45100,2231100,1400,629800,1602700
elderly_headed_hh,top_1_percent,2019,2181400,46900,2228300,900,627000,1602200
elderly_headed_hh,top_1_percent,2020,2615700,49100,2664800,2800,747900,1919700
elderly_headed_hh,top_1_percent,2021,3159200,49400,3208600,1000,888900,2320700
elderly_headed_hh,top_1_percent,2022,2749800,47500,2797300,1600,840600,1958200
nonelderly_childless_hh,all_quintiles,1979,76200,2200,78400,800,19300,59800
nonelderly_childless_hh,all_quintiles,1980,74000,2500,76500,800,18900,58400
nonelderly_childless_hh,all_quintiles,1981,73900,2500,76400,900,19200,58200
nonelderly_childless_hh,all_quintiles,1982,74600,2700,77300,900,18000,60200
nonelderly_childless_hh,all_quintiles,1983,74800,2600,77400,900,17500,60700
nonelderly_childless_hh,all_quintiles,1984,77900,2400,80300,900,18200,63000
nonelderly_childless_hh,all_quintiles,1985,80700,2300,83000,900,19200,64700
nonelderly_childless_hh,all_quintiles,1986,85800,2400,88200,1000,20400,68800
nonelderly_childless_hh,all_quintiles,1987,85200,2400,87600,1000,21000,67500
nonelderly_childless_hh,all_quintiles,1988,90200,2500,92600,1000,22300,71300
nonelderly_childless_hh,all_quintiles,1989,89200,2500,91600,1100,21900,70900
nonelderly_childless_hh,all_quintiles,1990,89900,2700,92600,1200,22200,71500
nonelderly_childless_hh,all_quintiles,1991,87100,2900,90000,1300,21600,69600
nonelderly_childless_hh,all_quintiles,1992,89500,3200,92800,1500,22300,72000
nonelderly_childless_hh,all_quintiles,1993,88800,3200,92000,1600,22500,71000
nonelderly_childless_hh,all_quintiles,1994,89800,2900,92700,1700,23100,71300
nonelderly_childless_hh,all_quintiles,1995,91300,3000,94200,1800,23600,72400
nonelderly_childless_hh,all_quintiles,1996,94900,3000,97900,1800,24700,75000
nonelderly_childless_hh,all_quintiles,1997,98500,3100,101600,1900,25800,77700
nonelderly_childless_hh,all_quintiles,1998,102700,3100,105800,2000,26500,81300
nonelderly_childless_hh,all_quintiles,1999,107100,3100,110300,2100,27900,84500
nonelderly_childless_hh,all_quintiles,2000,109000,3200,112200,2300,28400,86100
nonelderly_childless_hh,all_quintiles,2001,103800,3300,107100,2400,25600,83900
nonelderly_childless_hh,all_quintiles,2002,97600,3800,101400,2600,23400,80700
nonelderly_childless_hh,all_quintiles,2003,99400,4000,103300,2800,23000,83100
nonelderly_childless_hh,all_quintiles,2004,103300,3900,107200,2900,24000,86000
nonelderly_childless_hh,all_quintiles,2005,109400,3900,113400,3000,26000,90400
nonelderly_childless_hh,all_quintiles,2006,111600,4100,115700,2900,26500,92100
nonelderly_childless_hh,all_quintiles,2007,111900,4000,115900,3000,25900,93000
nonelderly_childless_hh,all_quintiles,2008,105100,4200,109400,3100,22700,89800
nonelderly_childless_hh,all_quintiles,2009,98600,5500,104100,3500,21000,86600
nonelderly_childless_hh,all_quintiles,2010,96900,5700,102500,3700,21100,85100
nonelderly_childless_hh,all_quintiles,2011,98000,5100,103200,4100,21000,86300
nonelderly_childless_hh,all_quintiles,2012,102400,5100,107500,4100,22400,89200
nonelderly_childless_hh,all_quintiles,2013,101100,4700,105800,4200,24000,86000
nonelderly_childless_hh,all_quintiles,2014,105300,4300,109700,4700,25300,89100
nonelderly_childless_hh,all_quintiles,2015,107400,4200,111600,5100,25600,91200
nonelderly_childless_hh,all_quintiles,2016,108800,4300,113100,5300,25900,92500
nonelderly_childless_hh,all_quintiles,2017,113100,4300,117500,5400,26800,96100
nonelderly_childless_hh,all_quintiles,2018,118500,4200,122600,5300,26800,101100
nonelderly_childless_hh,all_quintiles,2019,118800,4200,123000,5500,26600,101900
nonelderly_childless_hh,all_quintiles,2020,116700,5600,122300,9700,23000,109000
nonelderly_childless_hh,all_quintiles,2021,126600,5000,131600,8300,26200,113700
nonelderly_childless_hh,all_quintiles,2022,124600,4100,128700,6500,29300,106000
nonelderly_childless_hh,lowest_quintile,1979,9300,6000,15300,3900,1400,17800
nonelderly_childless_hh,lowest_quintile,1980,8200,6400,14600,4300,1200,17700
nonelderly_childless_hh,lowest_quintile,1981,8100,6700,14800,4500,1200,18000
nonelderly_childless_hh,lowest_quintile,1982,7500,6700,14300,4500,1100,17700
nonelderly_childless_hh,lowest_quintile,1983,7100,6200,13300,4800,1200,16900
nonelderly_childless_hh,lowest_quintile,1984,8400,5800,14200,4400,1300,17300
nonelderly_childless_hh,lowest_quintile,1985,8100,6000,14100,4900,1400,17600
nonelderly_childless_hh,lowest_quintile,1986,8300,5700,14000,4900,1400,17600
nonelderly_childless_hh,lowest_quintile,1987,8200,6400,14600,5200,1500,18300
nonelderly_childless_hh,lowest_quintile,1988,8300,6900,15200,5900,1600,19500
nonelderly_childless_hh,lowest_quintile,1989,9200,6800,16000,6000,1600,20300
nonelderly_childless_hh,lowest_quintile,1990,9500,6800,16300,5900,1700,20500
nonelderly_childless_hh,lowest_quintile,1991,9300,7500,16800,6800,1700,21900
nonelderly_childless_hh,lowest_quintile,1992,9000,8500,17600,7500,1700,23300
nonelderly_childless_hh,lowest_quintile,1993,8100,8300,16400,7700,1500,22500
nonelderly_childless_hh,lowest_quintile,1994,8000,8000,16000,8600,1400,23300
nonelderly_childless_hh,lowest_quintile,1995,8900,8000,16900,8500,1500,23900
nonelderly_childless_hh,lowest_quintile,1996,8000,8200,16100,8600,1300,23500
nonelderly_childless_hh,lowest_quintile,1997,8400,8300,16700,8800,1300,24200
nonelderly_childless_hh,lowest_quintile,1998,9400,8400,17800,9100,1400,25400
nonelderly_childless_hh,lowest_quintile,1999,10400,8300,18700,8900,1500,26100
nonelderly_childless_hh,lowest_quintile,2000,9400,8600,18000,9800,1400,26400
nonelderly_childless_hh,lowest_quintile,2001,9600,7500,17100,10700,1400,26400
nonelderly_childless_hh,lowest_quintile,2002,8500,7900,16400,10800,1100,26000
nonelderly_childless_hh,lowest_quintile,2003,8400,8600,17100,11200,1200,27000
nonelderly_childless_hh,lowest_quintile,2004,8500,8600,17100,11200,1100,27200
nonelderly_childless_hh,lowest_quintile,2005,9600,8600,18200,11300,1400,28200
nonelderly_childless_hh,lowest_quintile,2006,10200,9300,19500,11800,1500,29800
nonelderly_childless_hh,lowest_quintile,2007,11800,8500,20300,11000,1500,29800
nonelderly_childless_hh,lowest_quintile,2008,10900,9300,20200,11600,900,30900
nonelderly_childless_hh,lowest_quintile,2009,9500,11300,20800,13100,800,33100
nonelderly_childless_hh,lowest_quintile,2010,8900,11100,20000,13300,800,32400
nonelderly_childless_hh,lowest_quintile,2011,9300,10400,19800,13900,900,32700
nonelderly_childless_hh,lowest_quintile,2012,8500,10500,19000,14200,900,32200
nonelderly_childless_hh,lowest_quintile,2013,9800,9700,19500,15000,1200,33300
nonelderly_childless_hh,lowest_quintile,2014,9100,8900,17900,15700,1000,32600
nonelderly_childless_hh,lowest_quintile,2015,9300,9300,18600,16300,800,34100
nonelderly_childless_hh,lowest_quintile,2016,9600,9200,18800,16800,700,34900
nonelderly_childless_hh,lowest_quintile,2017,10000,9500,19500,17300,600,36200
nonelderly_childless_hh,lowest_quintile,2018,10100,9100,19300,17200,700,35800
nonelderly_childless_hh,lowest_quintile,2019,11900,9200,21000,17800,800,38000
nonelderly_childless_hh,lowest_quintile,2020,9000,9800,18700,22600,-2700,44000
nonelderly_childless_hh,lowest_quintile,2021,9300,9500,18800,21900,-2800,43500
nonelderly_childless_hh,lowest_quintile,2022,10800,8900,19700,19800,600,38800
nonelderly_childless_hh,second_quintile,1979,30900,2800,33700,700,5600,28800
nonelderly_childless_hh,second_quintile,1980,29200,3200,32400,700,5300,27800
nonelderly_childless_hh,second_quintile,1981,29200,3100,32300,800,5400,27700
nonelderly_childless_hh,second_quintile,1982,28000,3400,31400,700,5000,27200
nonelderly_childless_hh,second_quintile,1983,27300,3400,30600,700,4800,26600
nonelderly_childless_hh,second_quintile,1984,29800,2900,32700,700,5300,28000
nonelderly_childless_hh,second_quintile,1985,29800,2700,32500,600,5600,27600
nonelderly_childless_hh,second_quintile,1986,29500,2900,32400,800,5400,27700
nonelderly_childless_hh,second_quintile,1987,29200,2900,32100,900,5300,27700
nonelderly_childless_hh,second_quintile,1988,30200,3100,33200,800,5600,28400
nonelderly_childless_hh,second_quintile,1989,30700,3100,33800,1000,5600,29100
nonelderly_childless_hh,second_quintile,1990,31400,3600,34900,1100,6000,30000
nonelderly_childless_hh,second_quintile,1991,30100,3500,33600,1200,5600,29300
nonelderly_childless_hh,second_quintile,1992,29400,4100,33500,1600,5400,29600
nonelderly_childless_hh,second_quintile,1993,29300,4000,33400,1800,5400,29800
nonelderly_childless_hh,second_quintile,1994,29900,3700,33500,1800,5400,29900
nonelderly_childless_hh,second_quintile,1995,31700,3800,35400,1900,5800,31500
nonelderly_childless_hh,second_quintile,1996,31700,3700,35300,1700,5700,31300
nonelderly_childless_hh,second_quintile,1997,33000,3500,36400,1600,6100,31900
nonelderly_childless_hh,second_quintile,1998,34700,3500,38200,2000,6100,34100
nonelderly_childless_hh,second_quintile,1999,36100,3600,39700,2300,6300,35700
nonelderly_childless_hh,second_quintile,2000,36100,3700,39800,2200,6200,35800
nonelderly_childless_hh,second_quintile,2001,35500,4100,39700,2500,5600,36500
nonelderly_childless_hh,second_quintile,2002,34600,4800,39400,2600,5200,36900
nonelderly_childless_hh,second_quintile,2003,33600,5000,38600,2900,4900,36500
nonelderly_childless_hh,second_quintile,2004,34700,4600,39400,3200,5100,37500
nonelderly_childless_hh,second_quintile,2005,35700,4900,40500,3200,5500,38200
nonelderly_childless_hh,second_quintile,2006,36400,4900,41400,3100,5600,38900
nonelderly_childless_hh,second_quintile,2007,38000,5100,43100,3100,5800,40400
nonelderly_childless_hh,second_quintile,2008,36400,5100,41500,3200,4200,40500
nonelderly_childless_hh,second_quintile,2009,33600,7000,40500,3900,3600,40900
nonelderly_childless_hh,second_quintile,2010,33200,7200,40400,4200,3800,40900
nonelderly_childless_hh,second_quintile,2011,33700,6200,39900,4800,3900,40800
nonelderly_childless_hh,second_quintile,2012,33000,6100,39100,5100,3900,40300
nonelderly_childless_hh,second_quintile,2013,33900,5500,39500,4900,4600,39800
nonelderly_childless_hh,second_quintile,2014,34400,5500,39900,5800,4500,41300
nonelderly_childless_hh,second_quintile,2015,36700,5200,41900,6400,4800,43400
nonelderly_childless_hh,second_quintile,2016,37200,5500,42700,6500,4800,44300
nonelderly_childless_hh,second_quintile,2017,37300,5700,42900,6800,4800,44900
nonelderly_childless_hh,second_quintile,2018,39000,5300,44300,6900,4600,46600
nonelderly_childless_hh,second_quintile,2019,41300,4900,46300,6900,5100,48100
nonelderly_childless_hh,second_quintile,2020,38000,7400,45400,12900,900,57400
nonelderly_childless_hh,second_quintile,2021,39600,6600,46200,11200,1300,56100
nonelderly_childless_hh,second_quintile,2022,41400,5000,46400,8300,5300,49400
nonelderly_childless_hh,middle_quintile,1979,50600,2000,52600,300,10700,42300
nonelderly_childless_hh,middle_quintile,1980,48300,2200,50500,300,10400,40400
nonelderly_childless_hh,middle_quintile,1981,48500,2100,50600,300,10700,40200
nonelderly_childless_hh,middle_quintile,1982,47700,2400,50000,300,9900,40500
nonelderly_childless_hh,middle_quintile,1983,47500,2300,49800,300,9600,40400
nonelderly_childless_hh,middle_quintile,1984,50800,2000,52700,300,10400,42700
nonelderly_childless_hh,middle_quintile,1985,50700,1900,52700,300,10600,42300
nonelderly_childless_hh,middle_quintile,1986,51800,2100,53900,400,11000,43300
nonelderly_childless_hh,middle_quintile,1987,51800,2100,53900,400,10900,43400
nonelderly_childless_hh,middle_quintile,1988,52500,2000,54500,400,11100,43800
nonelderly_childless_hh,middle_quintile,1989,53000,1800,54800,400,11100,44100
nonelderly_childless_hh,middle_quintile,1990,53200,2300,55500,500,11400,44600
nonelderly_childless_hh,middle_quintile,1991,52000,2500,54500,600,11000,44100
nonelderly_childless_hh,middle_quintile,1992,52700,2800,55500,600,11100,45000
nonelderly_childless_hh,middle_quintile,1993,52200,2600,54800,600,11000,44500
nonelderly_childless_hh,middle_quintile,1994,52500,2500,55000,700,11100,44600
nonelderly_childless_hh,middle_quintile,1995,54700,2200,56900,700,11600,46000
nonelderly_childless_hh,middle_quintile,1996,55600,2400,58000,700,11800,46900
nonelderly_childless_hh,middle_quintile,1997,56900,2300,59200,700,12200,47800
nonelderly_childless_hh,middle_quintile,1998,59100,2300,61400,800,12400,49700
nonelderly_childless_hh,middle_quintile,1999,60900,2500,63400,900,12900,51500
nonelderly_childless_hh,middle_quintile,2000,61200,2400,63600,900,12900,51600
nonelderly_childless_hh,middle_quintile,2001,61000,3100,64000,1000,11800,53200
nonelderly_childless_hh,middle_quintile,2002,59400,3600,62900,1200,11200,52900
nonelderly_childless_hh,middle_quintile,2003,59200,3800,63000,1200,10900,53300
nonelderly_childless_hh,middle_quintile,2004,60900,3600,64500,1300,11300,54500
nonelderly_childless_hh,middle_quintile,2005,62000,3500,65400,1300,11600,55100
nonelderly_childless_hh,middle_quintile,2006,62400,3500,65900,1300,11900,55300
nonelderly_childless_hh,middle_quintile,2007,65300,3600,68900,1400,12300,58000
nonelderly_childless_hh,middle_quintile,2008,62600,3600,66200,1500,10000,57700
nonelderly_childless_hh,middle_quintile,2009,60200,5100,65300,1800,9300,57700
nonelderly_childless_hh,middle_quintile,2010,59200,5400,64600,1600,9500,56700
nonelderly_childless_hh,middle_quintile,2011,59100,4800,63800,2100,9300,56600
nonelderly_childless_hh,middle_quintile,2012,59300,4500,63800,2000,9500,56300
nonelderly_childless_hh,middle_quintile,2013,61100,4300,65400,2000,10900,56500
nonelderly_childless_hh,middle_quintile,2014,62000,3800,65800,2600,11100,57200
nonelderly_childless_hh,middle_quintile,2015,64500,3500,68000,3000,11500,59400
nonelderly_childless_hh,middle_quintile,2016,64700,3400,68100,3000,11500,59600
nonelderly_childless_hh,middle_quintile,2017,66400,3600,70100,3200,11800,61500
nonelderly_childless_hh,middle_quintile,2018,67800,3400,71200,3300,11300,63300
nonelderly_childless_hh,middle_quintile,2019,70100,3700,73800,3300,11900,65200
nonelderly_childless_hh,middle_quintile,2020,68600,5400,74000,7300,7700,73600
nonelderly_childless_hh,middle_quintile,2021,69600,4400,74000,6100,8200,71800
nonelderly_childless_hh,middle_quintile,2022,71000,3700,74600,4500,12400,66700
nonelderly_childless_hh,fourth_quintile,1979,73700,1300,75000,200,17300,57900
nonelderly_childless_hh,fourth_quintile,1980,72400,1600,74000,200,17200,57000
nonelderly_childless_hh,fourth_quintile,1981,73100,1700,74800,200,17900,57100
nonelderly_childless_hh,fourth_quintile,1982,72500,1900,74400,100,16700,57800
nonelderly_childless_hh,fourth_quintile,1983,72800,1800,74600,200,16300,58500
nonelderly_childless_hh,fourth_quintile,1984,76800,1500,78400,200,17100,61500
nonelderly_childless_hh,fourth_quintile,1985,77100,1400,78600,200,17600,61200
nonelderly_childless_hh,fourth_quintile,1986,79800,1500,81400,200,18400,63100
nonelderly_childless_hh,fourth_quintile,1987,80900,1600,82400,200,18200,64400
nonelderly_childless_hh,fourth_quintile,1988,82000,1500,83500,200,18800,64800
nonelderly_childless_hh,fourth_quintile,1989,82500,1600,84100,200,18900,65400
nonelderly_childless_hh,fourth_quintile,1990,81600,1800,83400,200,18800,64800
nonelderly_childless_hh,fourth_quintile,1991,81000,2000,83000,300,18600,64700
nonelderly_childless_hh,fourth_quintile,1992,81100,2200,83300,300,18500,65200
nonelderly_childless_hh,fourth_quintile,1993,81200,2200,83500,300,18400,65400
nonelderly_childless_hh,fourth_quintile,1994,82300,1900,84300,400,18800,65900
nonelderly_childless_hh,fourth_quintile,1995,84500,1800,86300,400,19400,67200
nonelderly_childless_hh,fourth_quintile,1996,86100,1900,87900,400,19900,68500
nonelderly_childless_hh,fourth_quintile,1997,88100,2100,90100,400,20400,70100
nonelderly_childless_hh,fourth_quintile,1998,92200,2000,94200,400,21300,73300
nonelderly_childless_hh,fourth_quintile,1999,95100,1900,97000,400,22000,75500
nonelderly_childless_hh,fourth_quintile,2000,96500,1900,98400,400,22200,76700
nonelderly_childless_hh,fourth_quintile,2001,95200,2300,97500,500,20600,77300
nonelderly_childless_hh,fourth_quintile,2002,93300,2600,95900,500,19800,76600
nonelderly_childless_hh,fourth_quintile,2003,93900,2600,96500,600,19500,77600
nonelderly_childless_hh,fourth_quintile,2004,97200,2700,99900,700,20200,80400
nonelderly_childless_hh,fourth_quintile,2005,98800,2500,101300,700,20800,81200
nonelderly_childless_hh,fourth_quintile,2006,100900,2700,103700,700,21400,83000
nonelderly_childless_hh,fourth_quintile,2007,103200,2600,105800,700,21600,84900
nonelderly_childless_hh,fourth_quintile,2008,100600,2900,103500,700,18900,85200
nonelderly_childless_hh,fourth_quintile,2009,96800,3700,100400,700,18100,83100
nonelderly_childless_hh,fourth_quintile,2010,96100,3700,99700,800,18400,82100
nonelderly_childless_hh,fourth_quintile,2011,96900,3400,100300,800,18200,82900
nonelderly_childless_hh,fourth_quintile,2012,97500,3400,101000,1000,18600,83400
nonelderly_childless_hh,fourth_quintile,2013,99700,3100,102800,900,20700,83000
nonelderly_childless_hh,fourth_quintile,2014,102200,2900,105100,1300,21500,84900
nonelderly_childless_hh,fourth_quintile,2015,106100,2700,108800,1500,22200,88100
nonelderly_childless_hh,fourth_quintile,2016,106800,2700,109500,1600,22500,88600
nonelderly_childless_hh,fourth_quintile,2017,108700,2600,111200,1800,22700,90400
nonelderly_childless_hh,fourth_quintile,2018,110400,2800,113100,1600,21700,93100
nonelderly_childless_hh,fourth_quintile,2019,114100,2700,116900,1600,22600,95900
nonelderly_childless_hh,fourth_quintile,2020,114100,3800,117900,4500,18800,103600
nonelderly_childless_hh,fourth_quintile,2021,115700,3200,118900,3200,20000,102000
nonelderly_childless_hh,fourth_quintile,2022,117700,2600,120300,2200,24500,98100
nonelderly_childless_hh,highest_quintile,1979,148700,900,149600,100,41300,108300
nonelderly_childless_hh,highest_quintile,1980,145500,1100,146600,100,40600,106000
nonelderly_childless_hh,highest_quintile,1981,145700,1100,146700,100,40700,106100
nonelderly_childless_hh,highest_quintile,1982,147400,1300,148700,100,37900,111000
nonelderly_childless_hh,highest_quintile,1983,151700,1300,153000,100,37700,115300
nonelderly_childless_hh,highest_quintile,1984,163300,1200,164400,100,40300,124200
nonelderly_childless_hh,highest_quintile,1985,166000,1200,167100,100,41300,125900
nonelderly_childless_hh,highest_quintile,1986,181300,1200,182500,100,44800,137800
nonelderly_childless_hh,highest_quintile,1987,175300,1200,176500,100,46300,130300
nonelderly_childless_hh,highest_quintile,1988,189800,1300,191100,100,49800,141400
nonelderly_childless_hh,highest_quintile,1989,187600,1400,188900,100,48700,140400
nonelderly_childless_hh,highest_quintile,1990,187600,1400,189000,200,48800,140400
nonelderly_childless_hh,highest_quintile,1991,180400,1400,181800,100,47400,134500
nonelderly_childless_hh,highest_quintile,1992,187800,1600,189300,200,49600,139900
nonelderly_childless_hh,highest_quintile,1993,185500,1600,187100,200,50700,136500
nonelderly_childless_hh,highest_quintile,1994,189100,1400,190500,200,52700,138000
nonelderly_childless_hh,highest_quintile,1995,196100,1400,197500,200,55200,142600
nonelderly_childless_hh,highest_quintile,1996,205900,1500,207300,200,58300,149200
nonelderly_childless_hh,highest_quintile,1997,219400,1400,220900,200,62400,158700
nonelderly_childless_hh,highest_quintile,1998,232800,1300,234100,300,65500,168900
nonelderly_childless_hh,highest_quintile,1999,244500,1300,245800,200,69500,176500
nonelderly_childless_hh,highest_quintile,2000,256000,1400,257400,300,72700,184900
nonelderly_childless_hh,highest_quintile,2001,233200,1500,234700,300,63500,171500
nonelderly_childless_hh,highest_quintile,2002,221500,1800,223300,300,58700,164900
nonelderly_childless_hh,highest_quintile,2003,226700,1800,228500,300,57400,171400
nonelderly_childless_hh,highest_quintile,2004,243900,1700,245600,300,62300,183600
nonelderly_childless_hh,highest_quintile,2005,268100,1800,269900,400,69600,200600
nonelderly_childless_hh,highest_quintile,2006,272300,1800,274100,400,70600,203900
nonelderly_childless_hh,highest_quintile,2007,275700,1700,277400,400,69700,208100
nonelderly_childless_hh,highest_quintile,2008,257800,1800,259600,400,62800,197200
nonelderly_childless_hh,highest_quintile,2009,237300,2400,239700,400,56900,183200
nonelderly_childless_hh,highest_quintile,2010,241600,2500,244100,400,59400,185100
nonelderly_childless_hh,highest_quintile,2011,246800,2200,249000,500,59200,190300
nonelderly_childless_hh,highest_quintile,2012,262500,2200,264800,500,64200,201100
nonelderly_childless_hh,highest_quintile,2013,256000,2000,258000,400,68100,190300
nonelderly_childless_hh,highest_quintile,2014,268200,1900,270100,700,72300,198400
nonelderly_childless_hh,highest_quintile,2015,272200,1800,274000,800,73000,201700
nonelderly_childless_hh,highest_quintile,2016,276500,2100,278600,1000,74300,205300
nonelderly_childless_hh,highest_quintile,2017,287500,1900,289400,900,76300,213900
nonelderly_childless_hh,highest_quintile,2018,305500,1800,307300,700,78300,229800
nonelderly_childless_hh,highest_quintile,2019,306600,2000,308500,1000,77700,231800
nonelderly_childless_hh,highest_quintile,2020,322700,2700,325400,3000,80000,248400
nonelderly_childless_hh,highest_quintile,2021,353900,2400,356400,2000,90700,267600
nonelderly_childless_hh,highest_quintile,2022,329000,1900,330900,1300,87900,244300
nonelderly_childless_hh,percentiles_81_90,1979,102300,1000,103300,100,25700,77800
nonelderly_childless_hh,percentiles_81_90,1980,100100,1200,101300,100,25700,75800
nonelderly_childless_hh,percentiles_81_90,1981,100700,1200,102000,100,26500,75600
nonelderly_childless_hh,percentiles_81_90,1982,100500,1400,101900,100,24800,77200
nonelderly_childless_hh,percentiles_81_90,1983,102300,1400,103700,100,24500,79200
nonelderly_childless_hh,percentiles_81_90,1984,109100,1200,110300,100,26200,84200
nonelderly_childless_hh,percentiles_81_90,1985,107600,1300,108900,100,26000,83000
nonelderly_childless_hh,percentiles_81_90,1986,114000,1300,115300,100,27700,87700
nonelderly_childless_hh,percentiles_81_90,1987,115200,1200,116500,100,28000,88600
nonelderly_childless_hh,percentiles_81_90,1988,116200,1200,117400,100,28600,88900
nonelderly_childless_hh,percentiles_81_90,1989,118600,1400,120000,100,29100,91000
nonelderly_childless_hh,percentiles_81_90,1990,116400,1500,117800,200,28700,89300
nonelderly_childless_hh,percentiles_81_90,1991,113700,1500,115200,200,27800,87500
nonelderly_childless_hh,percentiles_81_90,1992,114300,1700,116000,200,27900,88300
nonelderly_childless_hh,percentiles_81_90,1993,115700,1600,117300,200,28200,89300
nonelderly_childless_hh,percentiles_81_90,1994,118500,1500,120000,300,29200,91100
nonelderly_childless_hh,percentiles_81_90,1995,121000,1400,122400,200,30000,92600
nonelderly_childless_hh,percentiles_81_90,1996,124500,1600,126200,300,30900,95500
nonelderly_childless_hh,percentiles_81_90,1997,128400,1500,129800,300,32300,97900
nonelderly_childless_hh,percentiles_81_90,1998,133100,1400,134500,300,33400,101400
nonelderly_childless_hh,percentiles_81_90,1999,138000,1300,139300,200,34700,104800
nonelderly_childless_hh,percentiles_81_90,2000,140800,1400,142200,300,35500,107100
nonelderly_childless_hh,percentiles_81_90,2001,137800,1600,139400,300,33000,106700
nonelderly_childless_hh,percentiles_81_90,2002,135800,1900,137800,300,31700,106400
nonelderly_childless_hh,percentiles_81_90,2003,138400,2000,140400,400,31100,109700
nonelderly_childless_hh,percentiles_81_90,2004,142900,1900,144800,400,32100,113100
nonelderly_childless_hh,percentiles_81_90,2005,146100,1800,147900,400,33100,115300
nonelderly_childless_hh,percentiles_81_90,2006,149700,2000,151700,500,34200,118100
nonelderly_childless_hh,percentiles_81_90,2007,153400,1800,155300,500,34700,121000
nonelderly_childless_hh,percentiles_81_90,2008,150000,2100,152100,400,31600,120900
nonelderly_childless_hh,percentiles_81_90,2009,144800,2600,147300,500,30000,117800
nonelderly_childless_hh,percentiles_81_90,2010,144200,2700,146800,500,30800,116500
nonelderly_childless_hh,percentiles_81_90,2011,146800,2600,149400,600,30400,119600
nonelderly_childless_hh,percentiles_81_90,2012,149200,2700,151900,600,31500,121000
nonelderly_childless_hh,percentiles_81_90,2013,151600,2300,153900,400,34800,119500
nonelderly_childless_hh,percentiles_81_90,2014,156200,2100,158300,800,36200,122900
nonelderly_childless_hh,percentiles_81_90,2015,162600,2000,164700,900,37900,127700
nonelderly_childless_hh,percentiles_81_90,2016,163400,2100,165500,1000,38100,128500
nonelderly_childless_hh,percentiles_81_90,2017,166300,2100,168400,1000,38500,130900
nonelderly_childless_hh,percentiles_81_90,2018,170000,2000,172000,900,37600,135200
nonelderly_childless_hh,percentiles_81_90,2019,175500,2200,177600,1100,38900,139800
nonelderly_childless_hh,percentiles_81_90,2020,179100,3000,182200,3400,36100,149500
nonelderly_childless_hh,percentiles_81_90,2021,181200,2700,183900,2200,38600,147500
nonelderly_childless_hh,percentiles_81_90,2022,182500,2100,184600,1300,42400,143500
nonelderly_childless_hh,percentiles_91_95,1979,131000,800,131700,100,34700,97100
nonelderly_childless_hh,percentiles_91_95,1980,128800,900,129700,100,34800,94900
nonelderly_childless_hh,percentiles_91_95,1981,129600,800,130400,100,35900,94600
nonelderly_childless_hh,percentiles_91_95,1982,129200,1100,130300,100,33100,97300
nonelderly_childless_hh,percentiles_91_95,1983,133000,1300,134200,100,32900,101400
nonelderly_childless_hh,percentiles_91_95,1984,142600,1200,143800,100,35000,108800
nonelderly_childless_hh,percentiles_91_95,1985,141000,1000,142000,100,35200,106900
nonelderly_childless_hh,percentiles_91_95,1986,148700,1100,149800,100,37300,112600
nonelderly_childless_hh,percentiles_91_95,1987,152900,1100,154000,0,39100,114900
nonelderly_childless_hh,percentiles_91_95,1988,154900,1200,156100,0,39900,116300
nonelderly_childless_hh,percentiles_91_95,1989,157300,1300,158600,100,40300,118400
nonelderly_childless_hh,percentiles_91_95,1990,153200,1400,154500,100,39400,115200
nonelderly_childless_hh,percentiles_91_95,1991,151200,1300,152500,100,39000,113600
nonelderly_childless_hh,percentiles_91_95,1992,153700,1400,155000,200,39200,116000
nonelderly_childless_hh,percentiles_91_95,1993,154900,1500,156400,200,39900,116700
nonelderly_childless_hh,percentiles_91_95,1994,156000,1200,157300,200,40800,116600
nonelderly_childless_hh,percentiles_91_95,1995,160800,1500,162200,200,42400,120100
nonelderly_childless_hh,percentiles_91_95,1996,168100,1500,169600,200,44500,125300
nonelderly_childless_hh,percentiles_91_95,1997,173500,1400,174900,200,46300,128900
nonelderly_childless_hh,percentiles_91_95,1998,181300,1300,182500,200,48100,134600
nonelderly_childless_hh,percentiles_91_95,1999,188500,1400,189800,200,50600,139400
nonelderly_childless_hh,percentiles_91_95,2000,192500,1400,194000,200,51300,142900
nonelderly_childless_hh,percentiles_91_95,2001,187500,1400,188900,300,48400,140700
nonelderly_childless_hh,percentiles_91_95,2002,182500,1800,184300,300,45700,138800
nonelderly_childless_hh,percentiles_91_95,2003,186200,1700,187800,300,44600,143500
nonelderly_childless_hh,percentiles_91_95,2004,193100,1400,194500,200,46400,148300
nonelderly_childless_hh,percentiles_91_95,2005,202200,1700,203900,400,48800,155500
nonelderly_childless_hh,percentiles_91_95,2006,205500,1700,207200,300,50000,157500
nonelderly_childless_hh,percentiles_91_95,2007,213200,1700,214900,300,51300,164000
nonelderly_childless_hh,percentiles_91_95,2008,204400,1700,206100,400,47100,159300
nonelderly_childless_hh,percentiles_91_95,2009,197900,2500,200400,400,44700,156100
nonelderly_childless_hh,percentiles_91_95,2010,199800,2500,202400,300,46300,156400
nonelderly_childless_hh,percentiles_91_95,2011,204000,2100,206100,400,45800,160700
nonelderly_childless_hh,percentiles_91_95,2012,206900,1900,208800,500,47400,161900
nonelderly_childless_hh,percentiles_91_95,2013,212200,1800,214000,500,52200,162300
nonelderly_childless_hh,percentiles_91_95,2014,218200,1900,220100,600,54600,166100
nonelderly_childless_hh,percentiles_91_95,2015,224200,1700,225900,600,56400,170100
nonelderly_childless_hh,percentiles_91_95,2016,226400,2200,228700,900,56800,172800
nonelderly_childless_hh,percentiles_91_95,2017,233700,1800,235400,700,58200,177900
nonelderly_childless_hh,percentiles_91_95,2018,240200,1800,241900,600,57300,185200
nonelderly_childless_hh,percentiles_91_95,2019,247700,1800,249500,900,59100,191300
nonelderly_childless_hh,percentiles_91_95,2020,254800,2400,257300,2800,59000,201100
nonelderly_childless_hh,percentiles_91_95,2021,262100,2200,264300,1800,62200,203900
nonelderly_childless_hh,percentiles_91_95,2022,261800,1800,263500,1400,65100,199800
nonelderly_childless_hh,percentiles_96_99,1979,188800,900,189700,100,52800,137000
nonelderly_childless_hh,percentiles_96_99,1980,182800,1000,183800,100,52000,132000
nonelderly_childless_hh,percentiles_96_99,1981,183200,1000,184100,100,52400,131800
nonelderly_childless_hh,percentiles_96_99,1982,183300,1300,184600,100,47600,137100
nonelderly_childless_hh,percentiles_96_99,1983,189500,1100,190600,100,46900,143700
nonelderly_childless_hh,percentiles_96_99,1984,206100,1000,207200,100,49700,157500
nonelderly_childless_hh,percentiles_96_99,1985,207500,1000,208500,100,51500,157100
nonelderly_childless_hh,percentiles_96_99,1986,226300,1200,227600,100,56000,171600
nonelderly_childless_hh,percentiles_96_99,1987,222400,1100,223500,200,59600,164100
nonelderly_childless_hh,percentiles_96_99,1988,231100,1400,232500,100,60700,171900
nonelderly_childless_hh,percentiles_96_99,1989,236200,1300,237500,100,61700,175900
nonelderly_childless_hh,percentiles_96_99,1990,228700,1200,229900,200,59800,170300
nonelderly_childless_hh,percentiles_96_99,1991,224600,1300,225900,100,59200,166800
nonelderly_childless_hh,percentiles_96_99,1992,231500,1300,232700,100,61200,171600
nonelderly_childless_hh,percentiles_96_99,1993,231400,1500,232900,100,62700,170200
nonelderly_childless_hh,percentiles_96_99,1994,237600,1200,238900,200,65100,173900
nonelderly_childless_hh,percentiles_96_99,1995,248300,1200,249500,200,69000,180700
nonelderly_childless_hh,percentiles_96_99,1996,257100,1100,258100,100,71700,186600
nonelderly_childless_hh,percentiles_96_99,1997,272500,1400,273900,200,76500,197700
nonelderly_childless_hh,percentiles_96_99,1998,288600,1300,289900,200,80700,209400
nonelderly_childless_hh,percentiles_96_99,1999,303400,1300,304700,200,86200,218700
nonelderly_childless_hh,percentiles_96_99,2000,309300,1400,310700,200,88200,222700
nonelderly_childless_hh,percentiles_96_99,2001,292400,1300,293700,300,80000,214000
nonelderly_childless_hh,percentiles_96_99,2002,281300,1300,282600,100,75000,207800
nonelderly_childless_hh,percentiles_96_99,2003,290300,1600,292000,200,73900,218300
nonelderly_childless_hh,percentiles_96_99,2004,305200,1500,306700,200,78300,228600
nonelderly_childless_hh,percentiles_96_99,2005,328500,1800,330200,300,85100,245500
nonelderly_childless_hh,percentiles_96_99,2006,341500,1500,343000,300,89400,253800
nonelderly_childless_hh,percentiles_96_99,2007,352800,1400,354300,300,90800,263800
nonelderly_childless_hh,percentiles_96_99,2008,326500,1400,328000,300,81600,246700
nonelderly_childless_hh,percentiles_96_99,2009,306900,1900,308800,400,75900,233400
nonelderly_childless_hh,percentiles_96_99,2010,316000,2100,318000,300,79700,238600
nonelderly_childless_hh,percentiles_96_99,2011,322700,1800,324400,400,79100,245700
nonelderly_childless_hh,percentiles_96_99,2012,339300,1700,340900,300,85100,256200
nonelderly_childless_hh,percentiles_96_99,2013,343100,1700,344800,300,91400,253700
nonelderly_childless_hh,percentiles_96_99,2014,357000,1500,358500,500,96700,262300
nonelderly_childless_hh,percentiles_96_99,2015,370000,1400,371400,600,100100,272000
nonelderly_childless_hh,percentiles_96_99,2016,367900,1600,369500,800,99500,270800
nonelderly_childless_hh,percentiles_96_99,2017,385900,1500,387500,700,103800,284400
nonelderly_childless_hh,percentiles_96_99,2018,395000,1300,396300,600,99600,297300
nonelderly_childless_hh,percentiles_96_99,2019,406700,1800,408500,800,103300,306000
nonelderly_childless_hh,percentiles_96_99,2020,423100,2300,425500,2200,106600,321100
nonelderly_childless_hh,percentiles_96_99,2021,463600,2000,465600,1600,120400,346800
nonelderly_childless_hh,percentiles_96_99,2022,438700,1500,440200,900,117200,323800
nonelderly_childless_hh,top_1_percent,1979,607000,800,607800,100,211800,396100
nonelderly_childless_hh,top_1_percent,1980,592400,1100,593500,100,195400,398100
nonelderly_childless_hh,top_1_percent,1981,570600,1000,571700,100,173900,397900
nonelderly_childless_hh,top_1_percent,1982,636000,1200,637200,100,173100,464200
nonelderly_childless_hh,top_1_percent,1983,643400,1500,644900,0,172700,472300
nonelderly_childless_hh,top_1_percent,1984,733700,1500,735100,200,199200,536100
nonelderly_childless_hh,top_1_percent,1985,805400,1700,807100,100,210700,596500
nonelderly_childless_hh,top_1_percent,1986,974300,1200,975500,0,241900,733600
nonelderly_childless_hh,top_1_percent,1987,815500,1800,817300,200,248300,569300
nonelderly_childless_hh,top_1_percent,1988,1045200,2000,1047200,200,299900,747500
nonelderly_childless_hh,top_1_percent,1989,959900,1800,961700,200,269900,691900
nonelderly_childless_hh,top_1_percent,1990,1017700,1300,1019000,200,283400,735800
nonelderly_childless_hh,top_1_percent,1991,864400,1800,866200,300,254100,612400
nonelderly_childless_hh,top_1_percent,1992,979300,2100,981400,100,292000,689500
nonelderly_childless_hh,top_1_percent,1993,906500,1800,908300,300,302100,606500
nonelderly_childless_hh,top_1_percent,1994,966900,1500,968400,300,335300,633400
nonelderly_childless_hh,top_1_percent,1995,1023700,2400,1026100,200,356800,669500
nonelderly_childless_hh,top_1_percent,1996,1134900,1100,1136000,100,396700,739400
nonelderly_childless_hh,top_1_percent,1997,1360900,1100,1362000,200,463100,899000
nonelderly_childless_hh,top_1_percent,1998,1544600,1600,1546200,200,507100,1039300
nonelderly_childless_hh,top_1_percent,1999,1558600,1100,1559700,200,513700,1046100
nonelderly_childless_hh,top_1_percent,2000,1686700,1500,1688200,300,549400,1139100
nonelderly_childless_hh,top_1_percent,2001,1321800,1300,1323100,200,427200,896200
nonelderly_childless_hh,top_1_percent,2002,1147300,1700,1149000,400,366400,783000
nonelderly_childless_hh,top_1_percent,2003,1209200,1300,1210500,300,367300,843400
nonelderly_childless_hh,top_1_percent,2004,1465000,1400,1466400,200,442000,1024500
nonelderly_childless_hh,top_1_percent,2005,1882700,2200,1884900,300,572800,1312400
nonelderly_childless_hh,top_1_percent,2006,1957000,1900,1958900,300,586400,1372900
nonelderly_childless_hh,top_1_percent,2007,1881200,1200,1882400,500,537800,1345100
nonelderly_childless_hh,top_1_percent,2008,1606400,1400,1607700,200,458700,1149300
nonelderly_childless_hh,top_1_percent,2009,1312600,1400,1314000,400,382300,932100
nonelderly_childless_hh,top_1_percent,2010,1389900,1400,1391300,500,410600,981200
nonelderly_childless_hh,top_1_percent,2011,1413500,1400,1414900,600,413600,1001800
nonelderly_childless_hh,top_1_percent,2012,1769500,1800,1771300,700,511700,1260300
nonelderly_childless_hh,top_1_percent,2013,1523500,1100,1524700,700,508500,1016800
nonelderly_childless_hh,top_1_percent,2014,1686100,900,1687000,600,563900,1123800
nonelderly_childless_hh,top_1_percent,2015,1694300,1100,1695400,800,561600,1134700
nonelderly_childless_hh,top_1_percent,2016,1682100,1700,1683900,1100,554300,1130700
nonelderly_childless_hh,top_1_percent,2017,1866800,1300,1868200,1000,595900,1273300
nonelderly_childless_hh,top_1_percent,2018,2060900,1500,2062500,800,638700,1424600
nonelderly_childless_hh,top_1_percent,2019,1960200,1000,1961300,800,596000,1366000
nonelderly_childless_hh,top_1_percent,2020,2130400,1400,2131800,1700,655100,1478400
nonelderly_childless_hh,top_1_percent,2021,2714200,2700,2716900,2000,824400,1894500
nonelderly_childless_hh,top_1_percent,2022,2280500,1800,2282300,1400,729700,1554000
