household_type,income_group,year,inc_before_transfers_taxes,market_inc,wages,employee_contrib_deferred_comp,employer_contrib_health_ins,employer_share_payroll_taxes,federal_unemployment_tax,corp_tax_borne_by_labor,business_inc,capital_gains,tax_exempt_interest,taxable_interest,positive_rental_inc,dividends,corp_tax_borne_by_capital,other_market_inc,social_insurance_benefits,social_security,medicare,unemployment_insurance,workers_compensation
all_households,all_quintiles,1979,77800,72400,50200,0,2200,2500,100,700,3500,2900,200,3100,600,1400,2000,2900,5400,3900,1100,300,200
all_households,all_quintiles,1980,75600,69700,48800,0,1900,2500,100,500,2800,2600,200,3800,700,1500,1600,2800,5800,4000,1200,500,200
all_households,all_quintiles,1981,75800,69800,48600,0,1900,2700,100,400,2200,2500,200,4700,700,1600,1300,2900,6100,4200,1300,400,200
all_households,all_quintiles,1982,76000,69300,48300,0,2100,2700,100,300,2000,2600,300,4900,700,1700,800,2800,6700,4400,1400,600,200
all_households,all_quintiles,1983,76700,70000,47800,0,2200,2700,100,300,2300,3400,400,4500,700,1500,1000,3000,6700,4500,1500,600,200
all_households,all_quintiles,1984,81100,74500,49800,300,2200,2900,100,400,3200,3700,400,4900,700,1400,1200,3200,6600,4400,1600,400,200
all_households,all_quintiles,1985,82300,75700,50400,400,2300,3100,100,400,2800,4300,500,4800,700,1500,1100,3300,6700,4500,1700,300,200
all_households,all_quintiles,1986,87900,81000,51500,500,2300,3200,100,400,3200,8100,600,4300,600,1600,1200,3400,6900,4600,1800,400,200
all_households,all_quintiles,1987,85000,78300,52200,500,2500,3200,100,500,3800,3300,700,4100,600,1600,1500,3500,6700,4500,1700,300,200
all_households,all_quintiles,1988,88700,81900,53200,600,2700,3400,100,500,4600,3500,700,4300,600,1800,1600,4200,6800,4500,1700,300,200
all_households,all_quintiles,1989,89300,82300,53200,700,2700,3400,100,500,4600,3200,800,4800,700,1800,1500,4300,6900,4600,1800,300,300
all_households,all_quintiles,1990,88800,81600,53400,700,2800,3500,100,500,4600,2300,800,4700,700,1600,1500,4400,7200,4700,2000,300,300
all_households,all_quintiles,1991,86700,79100,52400,700,2700,3500,100,400,4200,2000,800,4100,700,1500,1300,4600,7600,4800,2000,500,300
all_households,all_quintiles,1992,89100,81100,53500,900,3000,3500,100,500,4800,2200,900,3100,700,1500,1500,4800,8000,5000,2200,600,200
all_households,all_quintiles,1993,89400,81200,53200,900,3400,3500,100,600,4700,2600,900,2500,800,1500,1700,4900,8200,5100,2400,500,200
all_households,all_quintiles,1994,90400,82200,53600,1000,3600,3600,100,600,5000,2500,900,2300,800,1500,1800,5000,8200,5100,2400,400,200
all_households,all_quintiles,1995,94200,85800,55200,1200,3600,3700,100,700,5100,2900,800,2700,800,1600,2000,5300,8400,5300,2600,300,200
all_households,all_quintiles,1996,97900,89300,56200,1400,3600,3800,100,700,5400,4200,800,2800,800,1700,2100,5700,8500,5300,2700,300,200
all_households,all_quintiles,1997,102400,93800,58300,1500,3300,3900,100,700,5700,5700,800,2800,800,1900,2200,6000,8600,5300,2800,300,200
all_households,all_quintiles,1998,107900,99300,61300,1600,3200,4100,100,700,6200,7000,800,2800,800,1900,2100,6700,8600,5400,2700,300,200
all_households,all_quintiles,1999,113300,104800,63900,1800,3200,4300,100,700,6600,8300,800,2700,800,2000,2200,7200,8500,5500,2600,300,200
all_households,all_quintiles,2000,115800,107300,65200,1900,3300,4300,100,700,6300,9200,800,2900,900,2100,2100,7500,8500,5400,2600,300,200
all_households,all_quintiles,2001,109800,100800,64700,1900,3500,4400,100,500,6300,4600,800,2800,900,1700,1500,7300,8900,5600,2800,400,200
all_households,all_quintiles,2002,105500,96100,62700,1800,3800,4200,100,400,6200,3300,700,2100,800,1400,1300,7300,9400,5700,2900,600,200
all_households,all_quintiles,2003,107100,97600,62200,2100,4200,4200,100,600,6400,3900,700,1700,800,1500,1800,7300,9600,5800,3000,600,200
all_households,all_quintiles,2004,113000,103600,63500,2200,4700,4200,100,700,7300,6100,700,1600,900,1900,2200,7500,9500,5700,3200,400,200
all_households,all_quintiles,2005,119200,109500,64000,2300,4800,4300,100,1000,8300,8200,700,2000,900,2100,3000,7800,9700,5900,3300,400,200
all_households,all_quintiles,2006,123700,113500,65200,2400,4800,4300,100,1100,8400,9200,900,2700,900,2400,3200,7900,10200,6000,3700,300,200
all_households,all_quintiles,2007,127500,117200,67300,2500,4500,4500,100,900,8000,10400,900,3100,900,2700,2800,8500,10300,6100,3700,300,100
all_households,all_quintiles,2008,118500,107700,66400,2500,4500,4400,100,600,7100,5200,900,2500,1000,2400,1700,8400,10800,6200,3900,500,100
all_households,all_quintiles,2009,111700,99200,63600,2300,4500,4300,100,400,6600,2600,800,1900,900,1800,1300,8100,12500,6900,4200,1300,100
all_households,all_quintiles,2010,113500,101000,62700,2300,4300,4200,100,600,7200,3900,800,1500,900,2000,1800,8800,12500,6900,4200,1300,100
all_households,all_quintiles,2011,113400,101200,62900,2300,4300,4200,100,600,7500,3900,800,1200,1000,2000,1700,8800,12200,6900,4200,1000,100
all_households,all_quintiles,2012,118900,106500,63500,2300,4300,4200,100,700,8700,6200,700,1100,1000,2600,2100,8900,12400,7200,4300,700,100
all_households,all_quintiles,2013,117400,105100,64100,2400,4200,4300,100,700,8400,4800,700,1000,1100,2100,2200,9000,12300,7400,4300,500,100
all_households,all_quintiles,2014,121600,109300,65400,2500,4100,4400,100,800,8800,6700,600,900,1100,2400,2400,9100,12200,7400,4300,300,100
all_households,all_quintiles,2015,125500,112800,67800,2600,4300,4500,100,800,9200,6700,600,900,1000,2500,2300,9500,12700,7800,4500,300,100
all_households,all_quintiles,2016,124500,111600,68000,2600,4300,4500,100,700,9000,5800,600,900,900,2400,2200,9500,12900,7900,4600,200,100
all_households,all_quintiles,2017,128500,115500,69500,2700,4400,4700,100,600,9500,7800,500,1000,1000,2600,1700,9700,13000,8000,4700,200,100
all_households,all_quintiles,2018,131200,118100,70700,2800,4500,4700,100,500,9300,8200,500,1200,1000,2800,1600,10200,13100,8100,4700,200,100
all_households,all_quintiles,2019,134800,121000,73200,2900,4700,4900,100,500,9200,7600,500,1300,1000,2900,1500,10600,13700,8300,5000,200,100
all_households,all_quintiles,2020,137000,121400,72600,3000,4600,4800,100,500,9100,9700,500,1100,1100,2800,1500,10000,15700,8500,5800,1200,100
all_households,all_quintiles,2021,148700,133600,73800,3000,4500,4900,100,600,11400,16700,500,800,1000,3100,1800,11500,15100,8300,5900,700,100
all_households,all_quintiles,2022,143000,128200,74700,3100,4300,5000,0,700,11200,9500,400,1000,1200,3100,2200,11700,14800,8500,6000,200,100
all_households,lowest_quintile,1979,20500,9000,5200,0,300,300,0,100,400,100,0,700,200,100,200,1500,11500,8600,2500,200,300
all_households,lowest_quintile,1980,19900,8100,4900,0,200,300,0,100,200,100,0,700,100,100,200,1300,11800,8500,2700,400,200
all_households,lowest_quintile,1981,19900,7900,4800,0,200,300,0,0,100,100,0,700,100,100,100,1200,12000,8700,2800,300,200
all_households,lowest_quintile,1982,19700,7400,4500,0,200,300,0,0,100,100,0,800,100,100,100,1000,12400,8500,3000,500,300
all_households,lowest_quintile,1983,19300,7000,4300,0,200,300,0,0,100,100,0,800,100,100,100,900,12300,8300,3100,500,300
all_households,lowest_quintile,1984,20200,8500,5000,0,300,300,0,0,100,100,0,900,200,100,100,1300,11800,8200,3100,200,300
all_households,lowest_quintile,1985,20300,8100,4900,0,200,300,0,0,200,0,0,900,100,100,100,1100,12200,8400,3300,300,300
all_households,lowest_quintile,1986,20300,8000,4800,0,300,300,0,0,200,100,0,800,100,100,100,1200,12200,8300,3400,300,300
all_households,lowest_quintile,1987,19600,7200,4000,0,300,300,0,0,300,0,0,700,100,100,200,1100,12400,8400,3500,200,300
all_households,lowest_quintile,1988,20200,7500,4300,0,200,300,0,0,300,0,0,700,100,100,100,1200,12800,8700,3600,200,400
all_households,lowest_quintile,1989,21000,8200,4700,0,200,300,0,0,300,0,0,700,100,100,100,1300,12800,8600,3600,200,400
all_households,lowest_quintile,1990,21800,8600,5000,0,200,400,0,0,400,0,0,800,100,100,100,1300,13100,8700,3900,200,400
all_households,lowest_quintile,1991,22100,8500,5000,0,200,400,0,0,300,0,0,800,100,100,100,1300,13700,8900,4100,300,400
all_households,lowest_quintile,1992,22600,8200,5000,0,200,400,0,0,300,0,0,600,100,100,100,1100,14500,9200,4300,600,300
all_households,lowest_quintile,1993,23000,8000,4700,0,200,400,0,0,400,0,0,500,100,100,200,1200,15100,9600,4800,400,300
all_households,lowest_quintile,1994,23200,7700,4500,0,300,300,0,100,400,0,0,400,100,100,200,1200,15500,10000,4900,200,400
all_households,lowest_quintile,1995,24500,8800,5300,0,300,400,0,100,500,0,0,500,100,100,200,1300,15700,10000,5200,200,300
all_households,lowest_quintile,1996,24400,9000,5500,0,300,400,0,100,500,0,0,400,100,100,200,1300,15300,9600,5200,300,200
all_households,lowest_quintile,1997,25700,9900,6100,0,400,500,0,100,600,100,0,400,100,100,100,1400,15900,10000,5400,200,300
all_households,lowest_quintile,1998,27100,11200,6900,0,400,500,0,100,700,100,0,500,100,100,200,1600,15800,10100,5300,200,200
all_households,lowest_quintile,1999,27900,12100,7300,0,400,500,0,100,1000,100,0,500,100,200,200,1800,15700,10100,5100,200,300
all_households,lowest_quintile,2000,26700,11400,6800,0,500,500,0,100,800,100,0,400,100,200,100,1700,15300,9800,5000,200,300
all_households,lowest_quintile,2001,26100,11000,6700,0,400,500,0,0,800,0,0,500,100,200,100,1500,15100,9200,5400,300,200
all_households,lowest_quintile,2002,26400,10400,6200,0,400,500,0,0,800,-100,0,400,100,200,100,1700,15900,9500,5700,500,200
all_households,lowest_quintile,2003,26200,9900,5900,0,400,400,0,100,800,-100,0,400,100,200,100,1600,16300,9600,5900,500,300
all_households,lowest_quintile,2004,26200,10200,6100,0,400,400,0,100,800,0,0,300,100,200,100,1600,16100,9400,6100,300,300
all_households,lowest_quintile,2005,26900,10700,6500,0,400,500,0,100,800,0,0,300,100,100,100,1700,16200,9500,6200,300,300
all_households,lowest_quintile,2006,28600,11500,6900,0,500,500,0,100,1000,0,0,300,100,100,200,1700,17100,9600,7000,300,300
all_households,lowest_quintile,2007,29500,13100,7900,0,400,600,0,100,1100,100,0,400,100,100,100,2100,16300,9100,6700,300,200
all_households,lowest_quintile,2008,29800,12000,7200,0,400,500,0,100,900,0,0,400,100,200,100,2000,17900,9900,7300,500,200
all_households,lowest_quintile,2009,30400,10300,6000,0,400,400,0,0,1000,-100,0,300,100,200,100,1700,20100,10700,7800,1400,200
all_households,lowest_quintile,2010,29400,10000,5900,0,300,400,0,100,1100,-100,0,200,100,100,100,1700,19400,10200,7500,1600,200
all_households,lowest_quintile,2011,29500,10200,6000,0,300,400,0,100,1100,-100,0,200,100,200,100,1800,19300,10500,7600,1100,100
all_households,lowest_quintile,2012,29000,9500,5500,0,300,400,0,100,1100,0,0,100,100,100,100,1700,19500,10800,7700,700,200
all_households,lowest_quintile,2013,29500,10500,6000,0,300,400,0,100,1200,0,0,100,100,100,100,1900,19000,10900,7400,500,200
all_households,lowest_quintile,2014,28600,10000,5800,0,300,400,0,100,1200,0,0,100,100,100,100,1800,18600,10700,7500,200,200
all_households,lowest_quintile,2015,30300,10600,6100,0,300,500,0,100,1200,0,0,100,100,100,100,2000,19700,11500,7800,200,200
all_households,lowest_quintile,2016,30600,10500,5900,0,300,400,0,100,1300,0,0,100,100,100,100,2000,20100,11700,8100,200,200
all_households,lowest_quintile,2017,30800,10500,5900,0,300,400,0,0,1400,0,0,100,100,100,100,2000,20200,11700,8200,100,200
all_households,lowest_quintile,2018,31200,11200,6400,0,500,500,0,0,1200,100,0,100,100,100,100,2000,20000,11700,8000,100,100
all_households,lowest_quintile,2019,33800,12700,7200,0,600,500,0,0,1300,100,0,100,100,200,100,2300,21100,12200,8600,100,200
all_households,lowest_quintile,2020,31800,10000,5500,0,600,400,0,0,900,100,0,100,100,200,100,1900,21800,11300,9200,1100,200
all_households,lowest_quintile,2021,31800,10000,5500,0,600,400,0,0,900,100,0,100,100,100,100,2000,21800,11400,9600,700,100
all_households,lowest_quintile,2022,34000,11500,6200,100,500,500,0,100,1100,100,0,100,100,200,100,2500,22500,12400,9800,200,100
all_households,second_quintile,1979,45000,39400,27900,0,1600,1600,100,400,1400,300,0,1900,300,300,700,3100,5500,4000,1000,400,200
all_households,second_quintile,1980,43400,37000,26000,0,1200,1500,100,300,1200,200,0,2300,300,300,600,3000,6400,4300,1100,800,200
all_households,second_quintile,1981,43200,36400,25000,0,1200,1600,100,200,1200,200,0,2700,300,400,400,3100,6700,4700,1300,600,200
all_households,second_quintile,1982,42500,34800,23700,0,1300,1500,100,100,900,200,0,3100,300,400,300,2700,7700,5000,1500,900,200
all_households,second_quintile,1983,41600,33500,22300,0,1300,1400,100,200,1100,300,0,3000,200,400,400,2800,8100,5300,1700,900,200
all_households,second_quintile,1984,44100,36600,24200,100,1400,1600,100,200,1200,200,0,3100,300,400,400,3300,7600,5100,1700,600,200
all_households,second_quintile,1985,44300,36500,24100,100,1400,1600,100,200,1200,200,0,3100,300,400,400,3300,7800,5200,1800,500,200
all_households,second_quintile,1986,44900,36400,23500,100,1400,1600,100,200,1300,300,0,3000,300,400,400,3800,8500,5600,2100,500,300
all_households,second_quintile,1987,43800,35500,22400,100,1500,1600,100,200,1500,300,0,2700,300,500,600,3800,8300,5700,2100,400,200
all_households,second_quintile,1988,44500,36200,22500,100,1400,1600,100,200,1600,100,0,2700,300,500,500,4400,8300,5600,2100,300,300
all_households,second_quintile,1989,45200,36600,22800,100,1500,1700,100,200,1600,200,0,2700,300,500,500,4400,8500,5700,2100,400,300
all_households,second_quintile,1990,46600,37700,24000,100,1500,1800,100,200,1500,100,0,2700,300,500,500,4300,8900,5800,2300,400,300
all_households,second_quintile,1991,45600,36200,22700,100,1400,1700,100,200,1500,200,0,2500,300,500,500,4600,9400,6000,2400,600,300
all_households,second_quintile,1992,45300,35200,22000,100,1500,1600,100,200,1400,200,0,2000,300,500,500,4700,10100,6300,2600,800,300
all_households,second_quintile,1993,45800,35300,22000,200,1600,1600,100,200,1500,200,100,1600,300,500,500,4900,10400,6600,2900,700,300
all_households,second_quintile,1994,46000,35900,22100,200,1800,1700,100,300,1400,200,100,1500,300,500,600,5200,10200,6500,2900,500,300
all_households,second_quintile,1995,48400,38200,23900,200,2000,1800,100,300,1500,200,100,1600,300,500,600,5200,10200,6500,3100,400,200
all_households,second_quintile,1996,48600,38300,23700,300,1900,1800,100,300,1500,300,100,1600,300,500,600,5400,10400,6500,3300,400,200
all_households,second_quintile,1997,49700,39700,25000,300,1800,1900,100,300,1600,400,0,1500,300,500,500,5300,10000,6200,3300,300,200
all_households,second_quintile,1998,51500,41800,26600,300,1900,2000,100,300,1500,400,100,1500,300,500,500,5800,9700,6000,3100,300,200
all_households,second_quintile,1999,53000,43500,27400,400,1900,2100,100,300,1800,500,100,1500,300,500,500,6100,9500,6000,3000,400,200
all_households,second_quintile,2000,52300,43100,27300,400,2000,2100,100,300,1800,500,0,1400,300,500,400,6100,9200,5700,3000,300,200
all_households,second_quintile,2001,53000,42400,27000,400,2000,2000,100,200,1500,200,100,1500,300,500,300,6300,10600,6600,3300,500,200
all_households,second_quintile,2002,52100,41000,26000,200,2100,1900,100,200,1700,0,100,1100,300,500,300,6500,11100,6700,3500,700,200
all_households,second_quintile,2003,51600,40300,25500,200,2200,1900,100,200,1600,0,100,900,300,400,300,6500,11300,6800,3500,700,200
all_households,second_quintile,2004,52600,41800,26300,200,2500,2000,100,300,1700,100,100,700,300,400,400,6700,10800,6400,3700,500,200
all_households,second_quintile,2005,53800,42800,27200,300,2600,2000,100,400,1700,200,0,800,300,400,400,6500,10900,6600,3700,400,200
all_households,second_quintile,2006,54800,43500,27700,300,2600,2100,100,500,1800,200,100,900,300,400,400,6300,11200,6700,4000,400,200
all_households,second_quintile,2007,57500,45900,29300,300,2500,2200,100,400,1600,400,100,1000,300,400,400,6900,11600,6900,4100,400,200
all_households,second_quintile,2008,55500,43400,28000,300,2300,2100,100,200,1500,100,100,900,300,500,300,6800,12100,7000,4300,600,200
all_households,second_quintile,2009,54300,39600,25000,200,2100,1900,100,200,1700,-100,100,800,300,400,200,6700,14700,8100,4800,1600,200
all_households,second_quintile,2010,53500,39000,24600,200,1900,1800,100,200,1700,0,100,500,300,400,200,7000,14500,8000,4800,1500,200
all_households,second_quintile,2011,53000,39400,25000,200,1900,1900,100,200,1700,100,100,400,300,400,200,6900,13600,7800,4600,1200,100
all_households,second_quintile,2012,52800,38800,24300,200,2000,1800,100,300,1900,0,100,300,300,500,200,6800,14000,8100,4800,900,100
all_households,second_quintile,2013,53800,40000,25000,200,2000,1900,100,300,1900,200,100,300,300,400,300,7200,13700,8300,4700,600,200
all_households,second_quintile,2014,53800,40500,25800,300,2000,1900,100,300,2000,300,0,200,300,300,300,6800,13300,8200,4600,400,100
all_households,second_quintile,2015,56400,42800,27000,300,2100,2000,100,300,2000,200,0,200,300,400,300,7500,13700,8400,4800,300,200
all_households,second_quintile,2016,57400,43300,27200,300,2200,2100,100,300,2100,200,0,200,300,400,300,7800,14100,8600,5000,300,200
all_households,second_quintile,2017,57900,43700,27500,300,2200,2100,0,200,2000,300,0,200,300,400,200,7800,14200,8800,5000,300,100
all_households,second_quintile,2018,59400,45300,28700,300,2600,2200,0,200,2000,300,100,300,300,400,200,7800,14100,8900,4900,200,200
all_households,second_quintile,2019,62700,48000,30500,400,2800,2300,0,200,2000,300,0,300,300,500,200,8100,14700,9000,5300,200,200
all_households,second_quintile,2020,61900,43800,27300,400,2500,2100,0,200,1600,400,100,300,400,500,200,7900,18100,9700,6500,1700,200
all_households,second_quintile,2021,61700,45300,28500,400,2600,2200,0,200,1900,500,0,200,300,400,200,8000,16400,9100,6200,1000,100
all_households,second_quintile,2022,63300,47300,30000,400,2400,2300,0,300,1900,300,0,200,400,500,200,8400,16000,9300,6300,300,100
all_households,middle_quintile,1979,68000,64600,49400,0,2600,2800,200,700,1900,400,0,2000,300,400,800,3100,3400,2300,600,400,200
all_households,middle_quintile,1980,65400,61600,47000,0,2100,2700,200,500,1800,400,0,2500,300,400,700,3000,3800,2400,600,600,100
all_households,middle_quintile,1981,65300,61200,46200,0,2200,2900,100,400,1500,300,0,3200,300,500,500,3000,4100,2700,800,500,100
all_households,middle_quintile,1982,64600,59500,44200,0,2300,2800,200,200,1300,300,0,3700,300,600,400,3200,5100,3200,1000,700,200
all_households,middle_quintile,1983,63700,58500,42800,0,2400,2700,200,300,1500,400,0,3400,300,500,400,3500,5200,3300,1000,700,200
all_households,middle_quintile,1984,67300,62200,44600,200,2400,2900,200,400,2000,500,100,3800,400,600,600,3600,5100,3400,1100,500,200
all_households,middle_quintile,1985,67700,62500,44800,300,2500,3000,200,300,1600,400,100,3700,400,700,500,4000,5200,3400,1200,500,200
all_households,middle_quintile,1986,69100,63600,45300,300,2500,3100,200,400,2000,700,100,3300,300,700,500,4200,5500,3500,1300,500,200
all_households,middle_quintile,1987,68400,63200,45100,300,2700,3100,200,500,2000,500,100,3000,300,700,700,4100,5100,3300,1200,400,200
all_households,middle_quintile,1988,69300,64400,45300,400,2800,3300,200,500,2100,400,100,3000,300,700,700,4700,4900,3100,1200,400,200
all_households,middle_quintile,1989,69800,64900,45400,400,2900,3300,100,400,2100,400,100,3300,300,700,700,4700,4900,3100,1200,300,200
all_households,middle_quintile,1990,70400,65200,45500,500,2900,3400,100,400,2100,200,100,3100,400,700,600,5200,5200,3200,1400,400,200
all_households,middle_quintile,1991,68900,63100,43700,400,2800,3200,100,400,1800,300,100,3000,400,700,600,5600,5800,3400,1500,600,200
all_households,middle_quintile,1992,69400,63400,43600,500,3100,3200,100,400,2100,400,100,2300,400,700,600,5800,5900,3400,1600,700,200
all_households,middle_quintile,1993,69400,63600,44000,600,3500,3300,100,500,1900,400,100,1600,400,600,600,5900,5800,3300,1700,600,300
all_households,middle_quintile,1994,70000,64300,44300,600,3600,3300,100,500,2000,400,200,1500,400,700,700,6000,5600,3200,1700,500,200
all_households,middle_quintile,1995,72300,66600,45600,800,3800,3400,100,600,2000,400,200,1800,400,700,800,6300,5600,3200,1800,400,200
all_households,middle_quintile,1996,73400,67200,45800,900,3700,3500,100,600,1900,500,100,1900,400,700,800,6300,6100,3500,2100,400,200
all_households,middle_quintile,1997,74900,68800,46900,900,3400,3500,100,600,1900,800,100,1800,400,800,800,6800,6100,3500,2100,400,200
all_households,middle_quintile,1998,77500,71400,48800,1100,3400,3700,100,600,2100,800,100,1800,400,700,700,7100,6100,3600,2000,300,200
all_households,middle_quintile,1999,80400,74000,50800,1200,3400,3900,100,600,2100,1000,100,1600,300,800,700,7500,6300,3900,2000,300,100
all_households,middle_quintile,2000,80400,73900,50500,1200,3400,3800,100,600,2000,1000,100,1700,400,800,600,7700,6500,4000,2000,300,100
all_households,middle_quintile,2001,81100,73500,50300,1300,3600,3800,100,400,2100,300,100,1800,400,700,500,8100,7600,4800,2200,500,200
all_households,middle_quintile,2002,79100,71100,49100,800,3900,3700,100,300,2000,200,100,1300,400,600,400,8200,8000,4800,2300,700,200
all_households,middle_quintile,2003,79100,71000,48500,800,4200,3600,100,500,2000,100,200,1000,400,600,500,8500,8100,4900,2300,700,200
all_households,middle_quintile,2004,81400,73300,49400,900,4800,3700,100,600,2300,300,100,900,400,700,500,8600,8100,5000,2400,500,200
all_households,middle_quintile,2005,82600,74500,49900,900,5000,3700,100,800,2300,500,100,1000,400,600,600,8600,8100,5000,2500,400,100
all_households,middle_quintile,2006,83500,74900,50100,900,5000,3800,100,800,2200,600,100,1200,400,600,700,8400,8600,5200,2800,400,200
all_households,middle_quintile,2007,86400,77700,52300,1000,4600,3900,100,700,2200,700,100,1400,400,700,600,8900,8700,5200,2900,400,100
all_households,middle_quintile,2008,83600,74400,50500,1000,4500,3800,100,400,2000,200,100,1200,400,700,400,9000,9200,5400,3000,600,200
all_households,middle_quintile,2009,82300,71000,47700,800,4400,3600,100,300,2000,0,200,1000,400,600,300,9500,11300,6200,3400,1500,100
all_households,middle_quintile,2010,81200,69700,46500,800,4300,3500,100,400,2000,100,100,700,500,600,300,9800,11500,6400,3500,1500,100
all_households,middle_quintile,2011,80500,69600,46100,800,4300,3400,100,400,2200,200,100,600,400,700,400,9800,10900,6200,3400,1100,100
all_households,middle_quintile,2012,80700,69600,46000,800,4300,3400,100,500,2300,200,100,400,500,600,300,10100,11100,6600,3600,900,100
all_households,middle_quintile,2013,82400,71400,47300,900,4200,3600,100,500,2200,400,100,300,400,600,400,10300,11000,6700,3500,600,100
all_households,middle_quintile,2014,83900,72900,48300,900,4200,3600,100,600,2300,600,100,300,400,600,500,10400,11000,6800,3600,400,100
all_households,middle_quintile,2015,86700,75500,49900,1000,4400,3700,100,600,2400,500,100,300,400,700,500,11000,11200,7100,3700,300,100
all_households,middle_quintile,2016,87000,76000,50700,1000,4500,3800,100,500,2300,400,100,300,400,600,400,10900,11000,6900,3700,300,100
all_households,middle_quintile,2017,88700,77500,51600,1000,4600,3900,100,400,2500,700,100,300,400,700,300,10900,11200,7000,3800,300,100
all_households,middle_quintile,2018,90100,78600,52400,1100,4600,4000,100,400,2400,700,100,300,400,700,300,11100,11400,7200,3900,300,100
all_households,middle_quintile,2019,93600,81600,54600,1200,4900,4100,100,400,2400,700,100,400,400,700,300,11300,11900,7400,4100,200,200
all_households,middle_quintile,2020,93800,79200,52000,1200,4700,3900,100,400,2200,800,100,400,500,800,300,11800,14600,8000,5100,1400,100
all_households,middle_quintile,2021,94000,80600,53100,1200,4600,4000,100,400,2600,1200,100,200,400,700,300,11500,13400,7600,4900,800,100
all_households,middle_quintile,2022,95300,82300,54700,1400,4500,4200,100,500,2600,600,100,300,400,800,400,11900,13000,7600,5000,300,100
all_households,fourth_quintile,1979,92100,89500,70100,0,3200,3800,200,900,2700,700,0,2700,400,600,1100,3000,2500,1700,400,300,100
all_households,fourth_quintile,1980,89700,86900,68100,0,2800,3700,200,700,2400,700,0,3300,400,600,900,3000,2800,1700,500,500,100
all_households,fourth_quintile,1981,90800,87700,68300,0,2900,4100,200,600,1900,600,0,3900,400,800,700,3200,3100,2000,600,500,100
all_households,fourth_quintile,1982,89900,86300,66600,0,3100,4000,200,400,1900,600,100,4500,400,900,500,3400,3600,2200,700,600,100
all_households,fourth_quintile,1983,89600,85800,65100,0,3300,4000,200,500,2000,800,100,4300,400,900,600,3700,3800,2400,800,500,100
all_households,fourth_quintile,1984,94200,90900,67800,400,3200,4300,200,600,2700,800,100,4600,500,900,700,4000,3400,2100,800,400,100
all_households,fourth_quintile,1985,94300,91000,68300,600,3400,4500,200,500,2200,900,100,4400,400,900,700,4000,3400,2000,800,300,200
all_households,fourth_quintile,1986,97500,94100,70600,700,3400,4800,200,600,2300,1400,100,3900,400,900,700,4300,3400,2000,900,400,100
all_households,fourth_quintile,1987,98400,95100,70400,800,3800,4700,200,700,2800,800,200,3600,500,1100,900,4600,3400,2100,800,300,100
all_households,fourth_quintile,1988,99200,95900,70200,900,4000,5000,200,700,2900,600,300,3600,400,1000,900,5200,3400,2100,800,300,200
all_households,fourth_quintile,1989,100400,96700,70300,1000,4100,5000,200,700,3000,700,200,3900,400,1000,900,5400,3600,2300,900,300,200
all_households,fourth_quintile,1990,99700,95900,69800,1000,4200,5100,200,600,2800,500,300,3800,300,1000,800,5600,3800,2400,1000,300,200
all_households,fourth_quintile,1991,98900,94900,69400,1000,4100,5100,200,600,2500,500,300,3400,400,900,700,5700,4100,2500,900,500,200
all_households,fourth_quintile,1992,99900,95400,69400,1300,4500,5100,200,600,2800,600,300,2400,500,900,800,6200,4500,2700,1000,600,200
all_households,fourth_quintile,1993,100600,96100,69500,1300,5100,5100,200,700,2600,800,300,1900,500,900,900,6300,4500,2600,1100,500,200
all_households,fourth_quintile,1994,101800,97700,70800,1500,5300,5200,200,800,2600,700,300,1700,500,900,900,6300,4100,2400,1100,400,200
all_households,fourth_quintile,1995,104200,99600,71000,1800,5400,5300,100,900,2700,800,300,2100,500,1000,1000,6800,4500,2700,1300,400,200
all_households,fourth_quintile,1996,106100,101500,72200,2100,5200,5400,100,900,2700,1000,200,2000,500,1000,1000,7200,4600,2800,1300,300,200
all_households,fourth_quintile,1997,108900,103900,73600,2100,4800,5500,100,900,2900,1300,300,2100,500,1100,1000,7600,5000,3000,1400,300,200
all_households,fourth_quintile,1998,113100,108200,76800,2400,4700,5800,100,900,3100,1500,200,2100,500,1000,900,8000,4900,3100,1300,300,200
all_households,fourth_quintile,1999,116500,111600,78700,2700,4600,5900,100,900,3100,1800,200,2000,600,1200,1000,8700,4900,3200,1300,300,100
all_households,fourth_quintile,2000,118000,112900,79700,2900,4800,6000,100,900,3000,1800,200,2100,500,1100,900,8800,5000,3300,1300,300,100
all_households,fourth_quintile,2001,116900,111500,79300,2900,5000,6000,100,600,3000,600,300,2000,600,1000,600,9400,5400,3400,1400,400,100
all_households,fourth_quintile,2002,114800,109200,78900,2100,5400,5900,100,500,2800,400,300,1500,500,900,500,9500,5600,3300,1400,700,100
all_households,fourth_quintile,2003,115900,110300,78300,2400,6100,5800,100,700,3000,400,300,1200,600,800,700,9800,5700,3500,1500,600,100
all_households,fourth_quintile,2004,119400,113800,79900,2500,7000,6000,100,1000,3300,700,300,1000,500,900,700,9900,5700,3500,1600,500,100
all_households,fourth_quintile,2005,121700,115800,80100,2600,7300,6000,100,1300,3400,1100,200,1200,500,1000,1000,10100,5900,3700,1700,400,200
all_households,fourth_quintile,2006,123800,117400,80700,2600,7200,6000,100,1400,3300,1300,200,1600,500,1100,1100,10200,6400,3900,2000,400,100
all_households,fourth_quintile,2007,126700,120100,82600,2800,6700,6200,100,1200,3300,1500,200,1900,500,1200,1000,10900,6700,4100,2100,400,100
all_households,fourth_quintile,2008,123900,116900,81600,2700,6700,6100,100,700,2900,500,300,1600,600,1100,600,11600,7000,4200,2200,500,100
all_households,fourth_quintile,2009,121100,113000,79200,2400,6800,5900,100,500,2900,300,300,1300,600,900,500,11300,8100,4500,2300,1200,100
all_households,fourth_quintile,2010,120200,111800,77400,2300,6600,5700,100,700,3200,300,300,900,600,900,600,12100,8400,4700,2400,1200,100
all_households,fourth_quintile,2011,120500,112400,77300,2300,6700,5800,100,700,3300,400,300,700,600,1000,600,12600,8200,4800,2400,900,100
all_households,fourth_quintile,2012,120900,112700,77400,2400,6500,5800,100,900,3400,500,300,600,700,1000,600,12600,8200,5000,2400,700,100
all_households,fourth_quintile,2013,123900,115300,78800,2500,6500,5900,100,900,3400,800,200,500,700,1000,800,13200,8500,5300,2600,600,100
all_households,fourth_quintile,2014,126400,117800,80500,2600,6400,6000,100,1000,3700,1100,200,400,700,1000,800,13300,8600,5300,2700,400,100
all_households,fourth_quintile,2015,130300,121700,83100,2700,6700,6300,100,1000,3800,1100,200,400,700,1100,800,13900,8700,5400,2800,300,100
all_households,fourth_quintile,2016,130800,122100,83900,2700,6700,6300,100,900,3600,900,200,400,600,1100,700,13900,8700,5500,2800,300,200
all_households,fourth_quintile,2017,133200,124300,85300,2900,6800,6400,100,700,3700,1300,200,400,600,1200,500,14200,8900,5600,2900,300,100
all_households,fourth_quintile,2018,134900,125600,85700,3000,6800,6500,100,700,3700,1500,200,500,700,1200,500,14600,9300,5900,3000,200,100
all_households,fourth_quintile,2019,139200,129600,88500,3100,7000,6700,100,600,3900,1400,200,700,600,1300,500,14900,9600,6000,3200,200,100
all_households,fourth_quintile,2020,141500,130000,88600,3300,7000,6700,100,600,3600,1700,200,600,800,1300,500,15000,11500,6300,3900,1200,100
all_households,fourth_quintile,2021,142200,131000,87900,3300,6800,6700,100,700,4100,2800,100,400,700,1200,500,15700,11200,6400,4000,600,100
all_households,fourth_quintile,2022,143400,132900,90800,3500,6500,6900,100,900,3900,1400,200,400,700,1400,700,15600,10500,6200,4000,300,100
all_households,highest_quintile,1979,174100,171500,107300,0,3900,4500,200,1400,12500,12700,900,8300,2100,5700,7200,4700,2700,1800,500,200,100
all_households,highest_quintile,1980,169500,166500,106000,0,3300,4600,200,1100,10200,11300,900,10400,2100,5900,5600,4900,3000,2000,600,300,100
all_households,highest_quintile,1981,169100,165900,105600,0,3500,5000,200,900,8300,10800,1000,12900,2300,6000,4400,5000,3200,2200,700,300,100
all_households,highest_quintile,1982,170300,166700,107300,0,3800,5300,200,600,7800,11300,1300,12500,2400,6200,2700,5500,3600,2400,800,300,100
all_households,highest_quintile,1983,176900,173300,109000,0,4000,5500,200,800,8800,15000,1700,11300,2200,5400,3500,5900,3600,2400,800,300,100
all_households,highest_quintile,1984,191600,187700,115000,800,3900,5900,200,900,11900,16500,2100,12500,2300,5100,4200,6500,3900,2700,900,300,100
all_households,highest_quintile,1985,193800,189900,115100,1200,4100,6100,200,900,10500,19400,2300,12000,2200,5300,4000,6700,3900,2700,900,200,100
all_households,highest_quintile,1986,217600,213600,119000,1400,4200,6500,200,900,11700,37300,2800,10500,2100,5900,4500,6600,3900,2600,900,300,200
all_households,highest_quintile,1987,205400,201700,124500,1500,4800,6700,200,1200,14000,14500,3400,10700,2000,5700,5300,7200,3700,2500,800,200,100
all_households,highest_quintile,1988,219600,215900,128700,1700,5200,7000,200,1300,18000,15900,3300,11500,2000,6500,5600,9100,3800,2600,800,200,100
all_households,highest_quintile,1989,219300,215400,127200,2000,5300,7000,200,1200,17900,14100,3700,13400,2200,6500,5500,9400,3900,2700,900,200,100
all_households,highest_quintile,1990,214100,209900,126800,2000,5400,7200,200,1100,17800,10400,3600,12900,2200,5900,5100,9400,4100,2800,900,200,200
all_households,highest_quintile,1991,207000,202900,125200,2000,5400,7300,200,1000,16800,8700,3700,11000,2200,5300,4500,9600,4100,2800,900,300,100
all_households,highest_quintile,1992,215400,211100,130400,2500,6100,7600,200,1200,18600,9700,3800,8100,2300,5200,5100,10300,4300,2900,1000,400,100
all_households,highest_quintile,1993,215800,211400,129300,2700,6800,7500,200,1300,18400,11300,3700,6500,2600,5100,6000,9900,4400,2900,1100,300,100
all_households,highest_quintile,1994,220200,215900,130700,2900,7400,7900,200,1400,19900,11000,3700,6200,2500,5100,6600,10600,4300,2800,1100,300,200
all_households,highest_quintile,1995,231700,227000,135100,3500,7300,8100,200,1600,20300,12900,3600,7500,2700,5800,7400,11100,4700,3100,1300,200,100
all_households,highest_quintile,1996,245000,239900,138100,4000,7000,8200,100,1700,21600,18600,3500,7900,2600,6300,7900,12200,5100,3400,1400,200,100
all_households,highest_quintile,1997,260700,255500,143800,4000,6300,8500,100,1800,22800,25400,3400,7900,2700,7200,8300,13100,5200,3400,1500,200,100
all_households,highest_quintile,1998,278200,273000,151400,4400,6200,8800,100,1700,24800,31500,3500,8100,2600,6900,8100,14700,5200,3500,1500,200,100
all_households,highest_quintile,1999,295600,290600,158900,4900,6200,9200,100,1800,26200,37400,3600,7900,2700,7500,8400,15800,5100,3400,1400,200,100
all_households,highest_quintile,2000,310700,305300,166400,5100,6400,9500,100,1800,25800,41800,3500,8800,2900,8100,8300,16800,5400,3700,1400,200,100
all_households,highest_quintile,2001,282500,277400,165100,5200,6800,9800,100,1200,26100,21400,3400,8200,2900,6000,5600,15400,5100,3400,1300,300,100
all_households,highest_quintile,2002,268700,263600,160200,5900,7600,9600,100,1100,26800,15400,3200,5800,2700,4900,5000,15200,5100,3300,1300,500,100
all_households,highest_quintile,2003,277600,272400,160200,7400,8500,9700,100,1500,27500,18900,3000,5000,2800,5600,7200,14900,5200,3300,1400,500,100
all_households,highest_quintile,2004,302100,296600,164100,7800,9400,9800,100,1900,30900,29200,2900,5100,3000,7400,9400,15900,5500,3500,1500,300,100
all_households,highest_quintile,2005,327400,321500,164700,8100,9700,9700,100,2500,36100,39400,3200,6800,3200,8200,12600,17100,6000,3900,1700,300,100
all_households,highest_quintile,2006,342000,335600,167500,8400,9400,9800,100,2700,36400,43700,3900,9200,3200,9600,13800,17800,6400,4100,2000,200,100
all_households,highest_quintile,2007,355300,348500,173000,8600,8900,10000,100,2400,35700,49300,4200,10700,3200,11300,12000,19200,6800,4400,2100,200,100
all_households,highest_quintile,2008,322100,315800,174600,8900,9200,10300,100,1500,34400,25300,3900,8100,3600,9800,7100,19000,6300,4000,1900,300,100
all_households,highest_quintile,2009,291900,285000,168500,8500,9500,10300,100,1100,31800,12500,3500,5700,2900,6900,5200,18200,6900,4100,1900,800,0
all_households,highest_quintile,2010,305300,298000,168600,8300,9200,10100,100,1600,32200,19100,3500,5000,3200,7900,7600,21600,7300,4400,2100,700,100
all_households,highest_quintile,2011,308500,301400,171200,8500,9200,10200,100,1600,33200,18900,3300,4300,3400,7900,7500,22100,7200,4400,2100,600,100
all_households,highest_quintile,2012,334600,326900,174500,8600,8900,10300,100,1900,37900,30700,3100,4100,3700,11000,9200,23000,7700,4900,2300,500,100
all_households,highest_quintile,2013,322100,314200,174100,8800,8800,10500,100,2000,36700,22900,3000,3700,3700,8600,9500,21800,7900,5100,2400,400,100
all_households,highest_quintile,2014,340700,332500,178100,9000,8700,10600,100,2200,38100,31800,2700,3500,4000,10200,10700,22900,8100,5300,2500,200,100
all_households,highest_quintile,2015,353100,344700,186300,9600,8900,11000,100,2100,40700,32200,2600,3500,3600,10400,10300,23500,8300,5400,2600,200,0
all_households,highest_quintile,2016,348600,340200,187500,9700,9100,11100,100,2000,40300,28300,2500,3500,3300,9900,9700,23200,8400,5500,2600,200,100
all_households,highest_quintile,2017,363100,354400,191100,9800,9100,11400,100,1500,42600,36800,2400,3700,3400,10700,7300,24400,8700,5600,2800,200,100
all_households,highest_quintile,2018,371100,362000,193600,10100,8900,11500,100,1400,41900,39100,2400,4400,3700,12000,7000,25800,9100,5900,2900,200,100
all_households,highest_quintile,2019,378500,369100,200400,10500,9200,11900,100,1400,42000,36300,2400,5100,3800,12300,6700,27000,9400,6100,3100,200,100
all_households,highest_quintile,2020,402400,392100,210400,11000,9300,12500,100,1500,45100,48000,2300,4100,3900,12100,6900,25000,10300,5900,3500,800,100
all_households,highest_quintile,2021,451600,440800,211100,10700,8700,12100,100,1700,54400,81800,2100,3400,3900,13900,8300,28900,10800,6400,3900,400,100
all_households,highest_quintile,2022,417600,407600,210700,10900,8600,12300,100,2000,53400,47300,1900,4200,4500,13500,10100,28000,10000,6100,3700,200,0
all_households,percentiles_81_90,1979,119200,117000,89800,0,3800,4600,200,1200,4600,1700,100,4000,600,1100,1800,3400,2200,1500,400,300,100
all_households,percentiles_81_90,1980,116500,113900,87100,0,3200,4500,200,900,3900,1600,100,5100,700,1200,1600,3700,2600,1600,500,400,100
all_households,percentiles_81_90,1981,116700,113900,86900,0,3300,4900,200,800,3200,1100,100,6100,700,1400,1200,3800,2800,1800,500,300,100
all_households,percentiles_81_90,1982,116400,113200,86500,0,3600,5000,200,500,2700,1100,200,6400,900,1600,700,3900,3200,2000,600,400,100
all_households,percentiles_81_90,1983,117900,114800,87200,0,3800,5100,200,600,2900,1500,200,5900,700,1300,900,4200,3100,2000,700,400,100
all_households,percentiles_81_90,1984,125700,122300,91300,600,3800,5600,200,700,4200,1500,200,6400,600,1300,1100,4700,3400,2200,800,300,100
all_households,percentiles_81_90,1985,124500,121300,90800,1000,3900,5700,200,700,3300,1600,200,5800,700,1400,1000,4800,3300,2200,700,300,100
all_households,percentiles_81_90,1986,130700,127600,95100,1200,4000,6200,200,800,4200,2800,300,5100,500,1500,1000,4700,3100,1900,700,300,200
all_households,percentiles_81_90,1987,131800,128800,95700,1300,4500,6200,200,900,4300,1700,500,4600,500,1700,1300,5400,3000,1900,600,300,200
all_households,percentiles_81_90,1988,133400,130300,95800,1500,4800,6500,200,1000,4400,1300,600,4600,500,1700,1300,6000,3100,2000,700,200,200
all_households,percentiles_81_90,1989,135500,132300,95400,1700,4900,6500,200,900,4700,1500,600,5600,700,1700,1400,6500,3200,2100,700,200,100
all_households,percentiles_81_90,1990,133800,130300,94800,1700,5000,6600,200,900,4200,1100,600,5400,700,1500,1300,6500,3500,2300,800,300,100
all_households,percentiles_81_90,1991,132100,128500,93400,1700,4900,6600,200,800,4400,1100,600,4500,700,1500,1200,7000,3600,2300,800,400,100
all_households,percentiles_81_90,1992,133300,129500,94200,2100,5500,6700,200,900,4300,1300,700,3200,600,1500,1200,7400,3800,2300,800,500,200
all_households,percentiles_81_90,1993,135200,131300,95000,2200,6300,6700,200,1000,4300,1400,700,2500,700,1500,1400,7300,3900,2500,900,400,100
all_households,percentiles_81_90,1994,137700,134000,97000,2500,6700,6900,200,1100,4400,1300,600,2300,700,1400,1400,7500,3700,2300,900,300,200
all_households,percentiles_81_90,1995,142000,138000,98000,3000,6700,7100,200,1200,4400,1500,700,2900,800,1700,1700,8100,4100,2600,1100,300,100
all_households,percentiles_81_90,1996,144900,140500,98600,3500,6400,7100,200,1300,4700,2000,700,3100,800,1800,1800,8600,4400,2800,1200,300,100
all_households,percentiles_81_90,1997,148600,144500,101600,3600,5700,7400,200,1300,5000,2800,600,2900,800,1900,1700,8900,4200,2600,1200,300,100
all_households,percentiles_81_90,1998,154600,150300,105600,4000,5600,7700,100,1200,5200,3100,500,3100,700,1800,1500,10200,4300,2800,1200,200,100
all_households,percentiles_81_90,1999,160400,156200,109100,4400,5600,8000,100,1300,5400,3900,500,2900,800,2100,1600,10600,4200,2700,1100,200,100
all_households,percentiles_81_90,2000,164300,159800,110900,4700,5700,8100,100,1200,5500,4100,500,3000,900,2200,1600,11300,4500,2900,1200,200,200
all_households,percentiles_81_90,2001,161900,157400,112400,4700,6200,8300,100,900,5300,1400,500,3100,900,1600,1000,10900,4500,2900,1200,400,100
all_households,percentiles_81_90,2002,159500,154800,111200,4300,6800,8100,100,800,5000,1000,600,2100,900,1400,900,11500,4700,2900,1200,600,100
all_households,percentiles_81_90,2003,161700,157100,111300,5000,7700,8200,100,1100,5400,1100,600,1700,800,1500,1100,11500,4700,2900,1200,500,100
all_households,percentiles_81_90,2004,167200,162300,112800,5200,8600,8300,100,1300,5500,2000,500,1500,1000,1700,1400,12400,4900,3000,1400,400,100
all_households,percentiles_81_90,2005,170500,165200,111900,5500,8900,8200,100,1800,6300,2700,500,1900,900,1800,1800,12800,5300,3300,1500,300,200
all_households,percentiles_81_90,2006,175000,169400,114000,5700,8800,8400,100,1900,6100,3100,600,2600,900,2000,2000,13100,5600,3500,1700,300,100
all_households,percentiles_81_90,2007,178400,172500,116100,5800,8300,8500,100,1700,6000,3700,500,2900,900,2200,1800,13900,5900,3700,1900,300,100
all_households,percentiles_81_90,2008,174900,169200,117000,5900,8500,8600,100,1000,5500,1200,700,2300,900,2100,1000,14200,5700,3500,1700,400,100
all_households,percentiles_81_90,2009,170900,164300,115200,5400,8700,8500,100,800,5000,500,600,1800,1000,1600,800,14200,6500,3800,1800,900,0
all_households,percentiles_81_90,2010,170600,163700,112800,5200,8400,8300,100,1100,5400,800,600,1400,1000,1700,1000,15800,6900,4000,1900,800,100
all_households,percentiles_81_90,2011,172800,166000,113800,5400,8400,8300,100,1100,5900,1000,600,1100,1000,1900,1000,16200,6800,4000,2000,700,100
all_households,percentiles_81_90,2012,174900,167600,114400,5700,8400,8500,100,1300,6100,1300,500,900,1200,1900,1000,16600,7300,4500,2200,500,100
all_households,percentiles_81_90,2013,177600,170200,115500,5700,8200,8600,100,1300,6400,2000,500,800,1100,1900,1500,16600,7400,4700,2300,400,100
all_households,percentiles_81_90,2014,181900,174500,117600,5700,8200,8800,100,1500,6600,2600,500,700,1100,2200,1600,17400,7400,4700,2300,300,100
all_households,percentiles_81_90,2015,189100,181400,123100,6100,8400,9100,100,1400,7100,2500,500,700,1100,1900,1400,17900,7700,5000,2400,300,100
all_households,percentiles_81_90,2016,190000,182300,124000,6200,8500,9200,100,1400,6900,2200,500,700,1100,2100,1400,17900,7800,4900,2400,300,100
all_households,percentiles_81_90,2017,193500,185400,125500,6400,8500,9400,100,1000,7200,3100,400,700,1100,2100,1100,18600,8000,5100,2600,200,100
all_households,percentiles_81_90,2018,197600,189200,128000,6700,8600,9600,100,1000,7000,3600,400,900,1100,2300,1000,19100,8300,5300,2700,200,100
all_households,percentiles_81_90,2019,204500,195600,132400,7000,8900,9900,100,900,7100,3200,400,1100,1200,2500,1000,19800,9000,5700,2900,200,100
all_households,percentiles_81_90,2020,209800,199900,135500,7300,9000,10200,100,1000,7200,4000,400,900,1400,2500,1000,19500,9900,5500,3300,1000,100
all_households,percentiles_81_90,2021,212100,202200,133800,7500,8500,10000,100,1100,8300,6800,300,600,1200,2500,1100,20200,9900,5800,3600,500,100
all_households,percentiles_81_90,2022,212800,203500,137600,7700,8300,10300,100,1400,8100,3300,300,800,1300,2600,1300,20400,9300,5600,3400,200,100
all_households,percentiles_91_95,1979,147000,144700,106300,0,4100,5000,200,1400,7900,3400,200,5900,1000,2300,3100,4000,2300,1600,400,200,100
all_households,percentiles_91_95,1980,144700,142200,104300,0,3400,5000,200,1100,6400,3400,200,7700,1100,2300,2700,4400,2600,1700,500,300,100
all_households,percentiles_91_95,1981,144400,141600,103400,0,3600,5500,200,900,5400,2300,200,9400,1100,2800,2000,4700,2800,1900,600,200,100
all_households,percentiles_91_95,1982,143600,140600,105200,0,4000,5700,200,600,4400,1800,300,8600,1100,2700,1100,4900,3100,2000,600,300,100
all_households,percentiles_91_95,1983,147400,144300,106100,0,4100,5900,200,800,5100,3100,400,8400,1200,2400,1500,5200,3100,2000,700,300,100
all_households,percentiles_91_95,1984,159000,155600,111400,900,4100,6400,200,900,7200,3200,500,9400,1000,2400,1800,6000,3400,2300,800,200,100
all_households,percentiles_91_95,1985,158200,155000,112100,1300,4300,6600,200,800,5700,3800,600,8500,900,2400,1600,6200,3100,2100,700,200,100
all_households,percentiles_91_95,1986,165200,161700,114600,1500,4200,7000,200,900,7100,6400,600,7400,1100,2700,1700,6300,3500,2300,800,200,100
all_households,percentiles_91_95,1987,169500,166300,119300,1700,5000,7200,200,1200,6600,3600,1000,7300,1000,2900,2400,7000,3200,2200,700,200,100
all_households,percentiles_91_95,1988,171400,168300,119900,2000,5500,7600,200,1200,7800,2600,1000,6800,900,2800,2100,7900,3100,2100,700,200,100
all_households,percentiles_91_95,1989,175400,171900,119900,2200,5500,7600,200,1200,8500,3400,1300,8000,1000,3000,2300,8000,3500,2400,800,200,200
all_households,percentiles_91_95,1990,171600,167800,116800,2200,5500,7700,200,1100,8400,2100,1300,8000,1100,2900,2200,8400,3800,2500,900,200,300
all_households,percentiles_91_95,1991,170000,166300,117300,2300,5600,7800,200,1000,8000,2100,1300,6900,1000,2700,1900,8300,3700,2400,800,300,200
all_households,percentiles_91_95,1992,172300,168400,118100,2800,6300,7900,200,1100,7900,2300,1600,5200,1100,2600,2100,9200,3900,2600,900,300,100
all_households,percentiles_91_95,1993,174200,170200,118500,3000,6900,8000,200,1300,8600,3100,1300,3900,1500,2700,2500,8900,4000,2500,1000,300,100
all_households,percentiles_91_95,1994,176700,172600,120000,3200,7500,8100,200,1300,8700,2500,1400,3700,1200,2600,2600,9600,4100,2600,1100,300,100
all_households,percentiles_91_95,1995,182900,178500,122300,4000,7200,8500,200,1500,8700,2800,1500,4400,1600,3000,3000,10100,4400,2900,1200,200,100
all_households,percentiles_91_95,1996,190300,185500,125700,4600,7000,8600,200,1600,8900,4000,1100,4900,1400,3100,3100,11200,4800,3100,1300,200,100
all_households,percentiles_91_95,1997,197100,191900,128200,4600,6300,8700,100,1600,9200,5900,1300,5000,1500,3900,3300,12300,5200,3400,1500,200,100
all_households,percentiles_91_95,1998,205500,200400,133700,5100,6200,9100,100,1500,10400,6900,1200,4800,1500,3600,3000,13300,5100,3300,1400,200,100
all_households,percentiles_91_95,1999,213600,208700,138500,5600,6200,9400,100,1600,10500,8800,1300,4300,1400,3800,3000,14300,4900,3300,1300,200,100
all_households,percentiles_91_95,2000,220300,215000,141400,5700,6300,9600,100,1500,10700,8900,1100,5100,1600,4000,3000,15700,5300,3600,1400,200,200
all_households,percentiles_91_95,2001,213900,209300,145600,6000,6700,10100,100,1100,10100,3500,1300,4500,1500,2900,1900,14100,4600,3000,1200,300,100
all_households,percentiles_91_95,2002,209900,205200,143600,6500,7700,9900,100,1000,10400,2700,1200,3300,1500,2300,1700,13300,4700,3000,1100,500,200
all_households,percentiles_91_95,2003,213200,208400,143800,8100,8600,10100,100,1400,10700,2800,1000,2400,1300,2300,2000,13800,4800,3000,1300,400,0
all_households,percentiles_91_95,2004,222100,217400,146500,8800,9600,10200,100,1700,11700,4700,800,2400,1500,2800,2500,14000,4800,3100,1300,300,100
all_households,percentiles_91_95,2005,230600,225000,146500,9200,10000,10200,100,2300,12200,6700,900,3000,1600,3100,3400,15700,5600,3600,1600,300,100
all_households,percentiles_91_95,2006,236100,230100,146900,9300,9700,10200,100,2500,12600,7400,1300,4100,1500,3800,3900,16600,6000,3800,1800,200,100
all_households,percentiles_91_95,2007,242500,236000,149500,9700,9200,10400,100,2100,12900,8100,1200,5100,1600,4400,3500,18100,6500,4100,2000,200,100
all_households,percentiles_91_95,2008,234500,228500,153200,9700,9500,10700,100,1300,11300,2700,1300,3900,1900,3600,1800,17500,6000,3800,1900,300,100
all_households,percentiles_91_95,2009,228100,221300,150600,9100,9900,10700,100,1000,10600,1700,1200,2700,1600,2700,1400,17900,6700,3900,1900,800,100
all_households,percentiles_91_95,2010,230900,223800,149100,9000,9600,10500,100,1400,11800,2000,1300,2000,1800,2800,1800,20400,7100,4400,2000,700,100
all_households,percentiles_91_95,2011,233300,226500,151000,9200,9600,10600,100,1400,11900,2300,1200,1600,1900,3000,1800,20800,6800,4200,1900,600,100
all_households,percentiles_91_95,2012,237000,229800,152200,9300,9200,10700,100,1700,12400,3300,1200,1500,2000,3600,2100,20500,7300,4500,2200,500,100
all_households,percentiles_91_95,2013,244400,237100,156200,9900,9300,11100,100,1800,13000,4400,1000,1200,2100,3400,2800,20900,7300,4700,2100,300,100
all_households,percentiles_91_95,2014,249300,241500,157100,10000,9000,11100,100,2000,13200,5900,900,1200,2100,4000,3100,21800,7800,5000,2400,300,100
all_households,percentiles_91_95,2015,257300,249500,162200,10600,9200,11400,100,1900,14100,5700,1000,1300,2200,4400,3100,22200,7800,5100,2400,200,0
all_households,percentiles_91_95,2016,260100,252000,165300,10700,9600,11600,100,1800,14300,5500,1000,1400,2000,4000,2900,22100,8100,5200,2500,200,100
all_households,percentiles_91_95,2017,267500,259400,168200,10900,9500,12000,100,1400,15000,7300,900,1300,2100,4600,2200,24000,8100,5100,2700,200,100
all_households,percentiles_91_95,2018,275200,266600,172700,11400,9500,12100,100,1300,14700,8200,800,1500,2100,4900,2200,25000,8600,5600,2800,200,100
all_households,percentiles_91_95,2019,282600,274200,178200,11700,9700,12500,100,1200,15100,7300,900,1900,2000,4900,2000,26700,8400,5500,2700,200,0
all_households,percentiles_91_95,2020,292800,283100,186700,12300,9700,13100,100,1300,14800,9900,800,1500,2300,4700,2100,23800,9700,5600,3300,800,100
all_households,percentiles_91_95,2021,301000,290800,183000,12100,9100,12700,100,1500,17800,15800,800,1100,2200,5400,2400,27000,10200,6100,3700,400,0
all_households,percentiles_91_95,2022,300100,290500,188500,12400,9000,12900,100,1900,17700,8600,800,1400,2400,5600,2900,26400,9600,5800,3600,200,100
all_households,percentiles_96_99,1979,213200,209800,123800,0,3900,4400,200,1600,22400,13300,900,13100,3200,7200,9100,6800,3400,2400,700,200,100
all_households,percentiles_96_99,1980,205400,201700,123200,0,3400,4600,200,1300,17200,10700,900,16000,3000,7500,7000,6700,3700,2600,800,200,100
all_households,percentiles_96_99,1981,203900,200000,122200,0,3500,5100,200,1000,14500,9500,900,20100,3000,8200,5400,6400,3900,2700,900,200,100
all_households,percentiles_96_99,1982,204300,200000,127400,0,4000,5500,200,700,12900,7700,1100,18800,3000,8200,2900,7600,4400,3100,1000,200,100
all_households,percentiles_96_99,1983,211700,207400,129700,0,4300,5800,200,900,14100,12500,1500,16500,2900,6900,3900,8100,4300,3000,1000,200,100
all_households,percentiles_96_99,1984,229400,225000,138100,1000,4000,6300,200,1100,19400,12500,1600,17200,3300,6900,4500,8900,4400,3100,1000,200,100
all_households,percentiles_96_99,1985,231700,226800,140200,1500,4400,6700,200,1000,16000,16100,1900,16800,2900,6600,4300,8300,4900,3400,1100,200,100
all_households,percentiles_96_99,1986,254200,249200,146200,1600,4600,6900,200,1200,18800,27600,2900,14600,3000,7300,4600,9600,5000,3500,1200,200,200
all_households,percentiles_96_99,1987,249900,245000,148600,1900,5300,7200,200,1400,20900,14500,4100,14300,3100,7900,6500,9100,4900,3500,1200,100,100
all_households,percentiles_96_99,1988,258700,253600,151200,2000,5700,7500,200,1500,24400,12300,4500,15600,3200,8000,6400,11100,5100,3700,1100,100,100
all_households,percentiles_96_99,1989,263400,258200,153500,2400,5900,7600,200,1500,23200,11400,4900,17300,3300,8400,6200,12400,5200,3800,1100,100,100
all_households,percentiles_96_99,1990,256700,251700,152800,2500,6000,7800,200,1400,23800,8300,4800,16700,2900,7300,5600,11700,5000,3600,1200,200,100
all_households,percentiles_96_99,1991,251400,246500,151900,2500,6000,8200,200,1200,23700,7600,4500,13900,3100,6500,5000,12100,4900,3500,1100,200,100
all_households,percentiles_96_99,1992,261400,256300,158200,3100,6900,8800,200,1400,25800,8500,5200,9900,3500,6400,5700,12700,5200,3600,1200,200,100
all_households,percentiles_96_99,1993,262700,257500,158400,3500,7500,8700,200,1600,25800,9700,4800,8100,3500,6400,6600,12700,5200,3700,1300,200,100
all_households,percentiles_96_99,1994,268600,263400,161700,3600,8500,9000,200,1800,27500,8700,4700,7100,3500,6100,6800,14200,5200,3500,1300,200,200
all_households,percentiles_96_99,1995,283000,277500,168400,4300,7900,9300,100,2000,27700,10900,4300,9000,4200,7100,8000,14100,5500,3800,1500,200,100
all_households,percentiles_96_99,1996,294100,288000,169900,4800,7700,9300,100,2100,30000,14200,4300,9600,3900,8000,8300,16000,6100,4200,1700,100,0
all_households,percentiles_96_99,1997,313500,306900,178400,4600,7000,9600,100,2200,30800,20400,4300,9600,3900,9600,8800,17400,6600,4300,1900,200,100
all_households,percentiles_96_99,1998,332800,326300,188300,5000,6900,9900,100,2100,35400,23900,4300,9700,4000,9200,8200,19200,6500,4500,1800,200,100
all_households,percentiles_96_99,1999,348400,342100,192800,5300,7000,10400,100,2100,36900,29800,4400,9600,4300,9500,8600,21400,6300,4400,1700,100,100
all_households,percentiles_96_99,2000,357800,350900,201700,5600,7100,10800,100,2100,34900,29100,4200,10500,4300,10300,8100,22100,6900,4800,1800,100,200
all_households,percentiles_96_99,2001,337000,330900,205500,5700,7800,11200,100,1500,34800,14300,4000,9300,4200,7100,5200,20200,6200,4300,1600,200,100
all_households,percentiles_96_99,2002,324500,318600,201900,8400,8600,11300,100,1400,34300,9800,3400,6200,3700,5700,4400,19500,5800,4000,1400,300,0
all_households,percentiles_96_99,2003,335100,328900,203600,11200,9900,11600,100,1900,34800,13100,3200,5300,4000,6000,6300,17900,6100,4000,1600,400,100
all_households,percentiles_96_99,2004,354900,348400,206200,11800,10400,11400,100,2400,39000,19400,3300,5200,4100,7700,8000,19400,6500,4400,1800,300,100
all_households,percentiles_96_99,2005,383600,376600,208000,12200,10800,11100,100,3200,46000,28700,3500,7000,4700,8900,11300,21200,7000,4700,2000,200,100
all_households,percentiles_96_99,2006,395900,388300,212300,13000,10100,11300,100,3500,45200,30000,4300,9300,4600,10600,12200,22000,7600,5000,2400,200,0
all_households,percentiles_96_99,2007,409200,400900,218700,13400,9800,11600,100,3000,45400,31600,4700,11000,4800,12600,10500,23800,8300,5400,2600,200,100
all_households,percentiles_96_99,2008,378800,371900,223000,14100,10100,12100,100,1900,42000,12000,4200,8600,5200,10000,5400,23200,6900,4500,2100,300,0
all_households,percentiles_96_99,2009,355300,348200,220500,14200,10700,12700,100,1500,36500,6400,3800,6000,3900,6700,4000,21100,7100,4300,2100,700,0
all_households,percentiles_96_99,2010,365500,357800,222200,13800,10400,12500,100,2100,36800,8600,3900,4700,4500,7000,5200,26000,7700,4900,2100,600,100
all_households,percentiles_96_99,2011,373600,365900,227200,14000,10400,12400,100,2100,38600,8800,3600,4100,4900,7800,5300,26500,7700,5000,2200,400,0
all_households,percentiles_96_99,2012,393100,385000,231500,13800,9900,12500,100,2500,45700,13500,3700,3700,5300,9300,6200,27300,8100,5300,2500,300,0
all_households,percentiles_96_99,2013,396900,388200,231300,14200,9900,12700,100,2600,46100,15100,3600,3300,5300,9400,8300,26100,8700,5700,2600,300,100
all_households,percentiles_96_99,2014,412600,403400,235000,14600,9400,12900,100,2900,46900,20800,3400,3100,5600,11200,9400,28200,9200,6200,2800,200,0
all_households,percentiles_96_99,2015,429200,419800,248300,15400,9700,13300,100,2800,50300,19900,3200,3100,5000,11000,8600,29100,9400,6200,3000,200,0
all_households,percentiles_96_99,2016,429200,419700,253900,15600,10000,13500,100,2700,48200,17500,3200,3100,4800,11100,8200,27900,9400,6200,3000,200,100
all_households,percentiles_96_99,2017,445000,435200,257800,15700,9900,14000,100,2000,50800,25800,3000,3300,4800,12300,6600,29200,9800,6500,3100,200,0
all_households,percentiles_96_99,2018,454700,444400,259100,15800,9300,13900,100,1900,52400,27700,2800,3800,5300,13300,6300,32800,10300,6800,3300,100,0
all_households,percentiles_96_99,2019,469800,459300,272000,16400,9500,14500,100,1800,53200,25800,2900,4900,5600,14200,6200,32400,10500,6900,3400,200,100
all_households,percentiles_96_99,2020,488600,477600,286100,17200,9600,15300,100,2000,52600,33100,2900,3900,5800,13300,6200,29700,11000,6500,3800,700,100
all_households,percentiles_96_99,2021,531600,519400,284400,15700,8900,14400,100,2300,64100,57700,2700,3000,5600,16000,7500,37100,12200,7500,4400,300,0
all_households,percentiles_96_99,2022,507800,496700,290400,16300,8700,14800,100,2800,60300,31300,2500,3700,6400,15400,8800,35200,11100,6800,4100,200,0
all_households,top_1_percent,1979,670600,664700,211100,0,3300,2800,200,2600,71100,160600,11900,41900,16600,60400,70400,11700,5900,4400,1300,100,0
all_households,top_1_percent,1980,642700,636800,221600,0,3000,3100,200,2300,59900,143500,11300,50000,17500,60000,52700,11900,5900,4300,1400,100,100
all_households,top_1_percent,1981,639800,633700,222800,0,3500,3700,100,1800,45400,147400,13200,64600,20900,56000,41900,12300,6200,4400,1600,100,0
all_households,top_1_percent,1982,674700,667700,232400,0,3700,4800,100,1200,51900,169300,17600,64900,20700,59500,27300,14200,7000,5100,1800,100,100
all_households,top_1_percent,1983,738500,731200,244500,0,3900,5100,200,1600,61500,212100,23100,54800,19100,53300,36000,16000,7200,5100,1800,100,200
all_households,top_1_percent,1984,822800,813400,264500,700,3600,5300,200,2000,77000,238000,28500,66000,19400,47000,44000,17300,9400,7200,2000,200,100
all_households,top_1_percent,1985,875700,866300,260700,1000,3900,5300,100,1800,79900,277500,32200,68800,19600,51900,42600,21000,9400,7000,2100,100,200
all_households,top_1_percent,1986,1146400,1136600,257300,1000,4100,5300,100,1900,77500,551800,37100,60400,18000,58800,50600,12700,9800,7200,2200,100,200
all_households,top_1_percent,1987,919600,911400,333600,1400,5200,6400,200,3000,117900,194000,40300,71300,16900,49400,53900,18000,8200,6200,1800,100,100
all_households,top_1_percent,1988,1148200,1139900,403900,1600,6200,6900,200,3700,175700,239000,37100,84600,17200,64900,63000,35900,8200,6200,1800,0,200
all_households,top_1_percent,1989,1070900,1063100,365100,1700,6400,7000,100,3300,170500,199400,40200,99500,18100,62600,58000,31200,7900,5900,1700,100,100
all_households,top_1_percent,1990,1036400,1028400,383800,1700,6300,7200,100,3200,173900,150200,40000,96400,20000,58300,54400,32800,8000,5900,1800,100,200
all_households,top_1_percent,1991,929100,920800,362200,2100,6300,7100,100,2800,151800,117900,42100,81200,18400,50600,46600,31500,8300,6100,1800,100,300
all_households,top_1_percent,1992,1053500,1045300,436500,2600,6700,9300,100,3600,185600,135600,40000,64100,20600,50500,56100,33900,8200,6100,1900,200,0
all_households,top_1_percent,1993,1010000,1001500,396100,2600,7400,7500,100,3800,173000,154700,39900,52500,21900,46200,66200,29600,8400,6300,2000,100,100
all_households,top_1_percent,1994,1042800,1034400,386100,3000,9200,10800,100,4000,195600,157400,39800,52100,21500,48800,75500,30600,8300,6100,2000,100,200
all_households,top_1_percent,1995,1158900,1150000,430300,3200,10600,12100,100,4800,206500,185700,40200,62600,20900,56000,83900,33200,8900,6100,2100,100,500
all_households,top_1_percent,1996,1278800,1269700,449600,3400,9900,12400,100,5200,213300,267400,39700,62900,21300,58200,89500,36900,9000,6500,2400,100,0
all_households,top_1_percent,1997,1480700,1471600,500200,3300,8700,13400,100,5700,236100,370300,39100,66000,23300,65700,97800,41800,9100,6400,2600,0,100
all_households,top_1_percent,1998,1674200,1664300,554000,3500,9000,14300,100,5800,253400,476000,41700,69600,22300,66400,99600,48800,9800,7200,2500,100,0
all_households,top_1_percent,1999,1832000,1822800,615300,4100,8700,15800,100,6300,267500,546200,42200,69200,22900,71100,101200,52300,9100,6600,2200,100,300
all_households,top_1_percent,2000,2018100,2008600,694500,4300,9400,17200,100,6800,266100,631700,42800,78000,22900,77800,102400,54400,9500,7100,2300,100,0
all_households,top_1_percent,2001,1608000,1599000,623300,4300,10000,16500,100,4300,279700,341500,40800,73100,25000,61400,72500,46600,9000,6500,2200,100,200
all_households,top_1_percent,2002,1425500,1416300,558900,7800,10300,15400,100,3500,295900,247400,38900,54100,23200,50600,66000,44100,9300,6700,2300,200,0
all_households,top_1_percent,2003,1513300,1503900,547900,11900,10900,15200,100,4700,300000,300200,37400,49700,24500,62600,96500,42200,9400,6600,2500,200,100
all_households,top_1_percent,2004,1806900,1797000,583100,11300,10800,15400,100,6200,341700,456800,35300,53500,24900,84400,128300,45100,10000,7100,2700,100,0
all_households,top_1_percent,2005,2181300,2170400,613800,11000,11100,15700,100,8500,420000,624100,40800,75600,29100,95600,174700,50400,10900,7600,3000,100,100
all_households,top_1_percent,2006,2360300,2348800,629800,11300,10600,15900,100,9400,430800,702900,49800,101500,28000,113500,191500,53800,11500,7900,3500,100,0
all_households,top_1_percent,2007,2485400,2473900,676800,11700,10400,16800,100,8500,409400,789600,54100,116500,27000,131400,163900,57800,11500,7900,3400,100,0
all_households,top_1_percent,2008,2029300,2018700,665900,12400,10700,17000,100,5100,416600,441700,49800,87100,34000,118400,103200,57000,10700,7200,3100,200,100
all_households,top_1_percent,2009,1588400,1577700,586800,13800,11200,16600,100,3600,394400,215900,42800,60300,25500,83400,74900,48500,10700,7000,3300,400,0
all_households,top_1_percent,2010,1824200,1813300,620000,13800,10200,16800,100,5300,394500,340100,43100,58600,27100,101000,114600,68300,11000,7400,3200,300,100
all_households,top_1_percent,2011,1817000,1806000,630200,13900,10200,16900,100,5300,400300,331600,40500,51000,29000,94200,111600,71200,11000,7600,3100,300,0
all_households,top_1_percent,2012,2249300,2236800,671600,13200,9300,17300,100,6600,466300,551100,38500,53400,32200,150600,143700,83100,12600,8500,3700,200,100
all_households,top_1_percent,2013,1897800,1885900,633900,14100,9300,17200,100,6600,431000,364700,35700,46800,32700,100900,130900,62100,11900,8200,3500,100,0
all_households,top_1_percent,2014,2136000,2123900,668000,13900,8900,17000,100,7500,452300,510200,31500,44400,36900,120900,148700,63700,12000,8500,3400,100,0
all_households,top_1_percent,2015,2226200,2213200,705300,15100,8800,18400,100,7300,486500,528700,30800,45100,29500,125500,146400,65700,13000,8900,3900,100,0
all_households,top_1_percent,2016,2122100,2109500,685400,15300,9600,18300,100,6700,489600,463900,29200,45100,26400,117900,137500,64600,12600,8700,3800,100,0
all_households,top_1_percent,2017,2284200,2270700,715000,15000,9000,19100,100,5200,520600,586600,28300,49900,28700,125700,101200,66400,13500,9100,4300,100,0
all_households,top_1_percent,2018,2289800,2275600,704100,15200,8600,18800,100,4800,493200,605200,28100,57800,31700,142400,95000,70600,14200,9700,4500,100,0
all_households,top_1_percent,2019,2250200,2235600,710500,15800,8800,19400,100,4400,485600,559900,28900,63400,31500,139900,89200,78200,14600,9800,4700,100,0
all_households,top_1_percent,2020,2558100,2544100,782600,16800,8800,20900,100,5000,553400,746400,26100,51300,30700,141900,93400,66700,14000,8600,4800,500,100
all_households,top_1_percent,2021,3343300,3327000,843000,14700,8300,21100,100,6200,673400,1286100,24000,45100,31900,165000,115700,92500,16300,10200,5800,200,100
all_households,top_1_percent,2022,2717200,2701500,740100,15100,7900,19600,100,6600,663900,752700,20500,54500,40700,155500,140800,83400,15700,9900,5700,100,0
hh_with_children,all_quintiles,1979,87600,85600,65300,0,3000,3200,200,900,4400,2500,100,1600,400,700,1300,2000,2000,1200,200,400,200
hh_with_children,all_quintiles,1980,83900,81600,63100,0,2500,3200,200,700,3500,2300,100,1900,400,800,1000,1900,2300,1200,200,700,200
hh_with_children,all_quintiles,1981,83500,81300,63200,0,2600,3500,200,500,2800,2300,200,2200,400,800,800,1900,2200,1300,200,600,200
hh_with_children,all_quintiles,1982,81800,79200,62100,0,2800,3500,200,300,2400,2200,200,2200,400,800,500,1600,2600,1200,300,900,200
hh_with_children,all_quintiles,1983,82500,80100,61500,0,3000,3500,200,400,2800,3100,200,2100,400,700,700,1500,2400,1200,200,800,200
hh_with_children,all_quintiles,1984,88800,86700,65600,400,3000,3800,200,500,3800,3200,300,2300,500,700,800,1700,2100,1100,300,500,200
hh_with_children,all_quintiles,1985,88100,86000,65200,500,3100,3900,200,500,3400,3600,300,2100,400,600,700,1500,2100,1100,300,500,200
hh_with_children,all_quintiles,1986,94600,92400,66300,600,3100,4100,200,500,4100,7300,400,1900,400,1000,800,1700,2200,1100,300,500,300
hh_with_children,all_quintiles,1987,91600,89600,66800,700,3400,4100,200,700,4900,2900,300,2200,400,800,1000,1500,2000,1100,300,400,200
hh_with_children,all_quintiles,1988,94300,92200,67600,800,3500,4300,200,700,5700,2900,200,2200,400,800,900,2100,2100,1100,300,400,300
hh_with_children,all_quintiles,1989,96800,94700,68800,900,3600,4400,200,700,6000,2800,300,2500,500,900,1000,2200,2200,1100,300,400,300
hh_with_children,all_quintiles,1990,94900,92800,68500,900,3700,4500,200,600,5700,1900,200,2200,400,800,800,2300,2200,1000,400,400,300
hh_with_children,all_quintiles,1991,93700,91300,67600,900,3600,4500,100,600,5500,1800,300,2100,400,800,800,2300,2400,1100,400,600,400
hh_with_children,all_quintiles,1992,94900,92200,67800,1200,4000,4500,100,600,6000,1900,300,1500,500,700,900,2300,2700,1200,400,800,300
hh_with_children,all_quintiles,1993,96200,93500,68300,1200,4500,4500,100,700,5900,2300,300,1200,500,700,1100,2200,2700,1300,500,600,300
hh_with_children,all_quintiles,1994,98200,95800,69200,1300,4800,4700,100,800,6500,2100,300,1100,500,700,1100,2500,2400,1200,500,500,300
hh_with_children,all_quintiles,1995,104400,101900,72400,1600,5100,4900,100,900,7100,2700,300,1400,500,900,1400,2600,2600,1300,600,400,200
hh_with_children,all_quintiles,1996,105800,103200,72500,1900,4900,4900,100,900,7200,3500,300,1400,500,900,1300,3000,2600,1300,600,400,200
hh_with_children,all_quintiles,1997,111300,108700,75800,1900,4600,5100,100,1000,7500,4900,300,1400,500,1000,1500,3200,2600,1400,600,400,200
hh_with_children,all_quintiles,1998,118900,116500,80800,2100,4600,5400,100,900,8200,6100,300,1500,500,1000,1400,3500,2400,1300,600,300,200
hh_with_children,all_quintiles,1999,126900,124400,84800,2400,4500,5600,100,1000,9000,7900,300,1400,600,1200,1600,3900,2500,1300,600,400,200
hh_with_children,all_quintiles,2000,132300,129800,87500,2500,4700,5700,100,900,8800,9600,400,1600,600,1400,1700,4100,2500,1400,600,300,200
hh_with_children,all_quintiles,2001,124800,121900,86000,2500,4900,5700,100,600,8600,4700,400,1600,600,1100,1200,3700,3000,1600,700,500,200
hh_with_children,all_quintiles,2002,121600,118300,84600,2200,5400,5600,100,600,8800,3300,400,1200,600,900,1100,3700,3300,1500,700,800,200
hh_with_children,all_quintiles,2003,123200,120000,83500,2600,5900,5500,100,800,9200,4100,400,1100,600,1000,1500,3800,3200,1500,700,800,200
hh_with_children,all_quintiles,2004,130900,127700,86100,2800,6600,5700,100,1000,10200,6100,300,1100,600,1400,1900,3900,3200,1600,800,500,200
hh_with_children,all_quintiles,2005,136100,133100,86900,2900,6800,5700,100,1300,11300,8000,400,1400,600,1400,2500,3800,2900,1500,800,400,200
hh_with_children,all_quintiles,2006,142600,139600,88600,3000,6700,5700,100,1500,12100,9900,600,2100,600,1800,3000,3900,3000,1500,900,400,200
hh_with_children,all_quintiles,2007,149000,145800,92800,3100,6300,6000,100,1300,11800,11700,600,2500,700,2100,2600,4100,3200,1600,1000,400,100
hh_with_children,all_quintiles,2008,140000,136600,92200,3300,6300,6000,100,800,10600,6300,600,1900,700,1900,1600,4200,3500,1600,1100,600,100
hh_with_children,all_quintiles,2009,130700,125900,87900,3000,6300,5800,100,600,10200,3000,500,1300,600,1300,1200,4200,4800,1900,1200,1600,200
hh_with_children,all_quintiles,2010,136100,131200,88300,3000,6100,5700,100,800,11300,5400,500,1300,700,1700,2000,4300,4900,1900,1200,1600,100
hh_with_children,all_quintiles,2011,135000,130500,89200,3000,6100,5800,100,800,11300,4800,400,1000,700,1500,1700,4000,4500,1900,1200,1200,100
hh_with_children,all_quintiles,2012,140800,136500,89700,3100,6100,5800,100,1000,13400,7200,400,1000,700,2100,2000,4100,4300,2000,1300,900,100
hh_with_children,all_quintiles,2013,140800,136700,91600,3200,6100,6000,100,1000,12800,5900,400,900,800,1700,2200,3800,4100,2100,1100,700,100
hh_with_children,all_quintiles,2014,145500,141700,93300,3300,6000,6000,100,1200,13300,8100,400,900,800,2000,2500,3900,3800,2000,1200,400,100
hh_with_children,all_quintiles,2015,153500,149600,98300,3500,6200,6300,100,1100,14800,8500,400,900,800,2200,2500,4100,3900,2100,1200,300,200
hh_with_children,all_quintiles,2016,150600,146900,98500,3600,6300,6400,100,1100,14000,7000,300,800,700,1900,2200,4100,3700,2000,1200,300,100
hh_with_children,all_quintiles,2017,155500,151700,100300,3700,6400,6500,100,800,14800,9200,300,900,700,2100,1700,4100,3700,2100,1300,300,100
hh_with_children,all_quintiles,2018,153800,150100,101500,3800,6300,6600,100,800,13100,8700,300,900,700,2000,1400,3800,3700,2100,1200,300,100
hh_with_children,all_quintiles,2019,161700,157900,107500,4100,6600,7000,100,700,13600,8500,300,1100,800,2100,1400,4000,3800,2100,1300,300,200
hh_with_children,all_quintiles,2020,169000,163600,109500,4300,6400,7100,100,800,13700,11900,300,900,800,2100,1500,4100,5400,2200,1500,1600,100
hh_with_children,all_quintiles,2021,183800,179300,112100,4400,6300,7100,100,900,17200,20300,300,800,800,2600,1900,4800,4500,1900,1500,1000,100
hh_with_children,all_quintiles,2022,175600,171800,113600,4600,6100,7300,100,1100,16300,11200,200,900,900,2400,2200,4900,3800,1900,1500,300,100
hh_with_children,lowest_quintile,1979,19800,15500,11500,0,600,700,100,200,700,100,0,300,100,0,100,1100,4300,3200,500,300,300
hh_with_children,lowest_quintile,1980,18900,14400,10800,0,500,600,100,100,400,100,0,300,100,100,100,1100,4500,2800,500,800,300
hh_with_children,lowest_quintile,1981,18100,13800,10500,0,500,700,100,100,300,200,0,400,100,0,100,1000,4300,2800,600,600,300
hh_with_children,lowest_quintile,1982,17000,12400,9300,0,500,600,100,100,300,200,0,500,100,100,100,700,4600,2600,600,1200,300
hh_with_children,lowest_quintile,1983,15900,11500,8700,0,500,600,100,100,300,200,0,300,100,0,100,600,4400,2500,500,1100,300
hh_with_children,lowest_quintile,1984,17400,13800,10600,0,500,700,100,100,300,100,0,400,100,0,100,800,3700,2300,600,400,300
hh_with_children,lowest_quintile,1985,17000,12900,9800,0,500,700,100,100,400,100,0,300,100,0,100,800,4100,2600,600,500,400
hh_with_children,lowest_quintile,1986,16600,12600,9500,0,500,700,100,100,500,100,0,300,100,0,100,800,3900,2300,700,500,400
hh_with_children,lowest_quintile,1987,14200,10600,7300,0,500,500,100,100,800,100,0,300,100,0,100,800,3600,2200,600,400,400
hh_with_children,lowest_quintile,1988,15500,11200,7800,0,500,600,100,100,700,100,0,300,100,0,100,1000,4400,2600,800,400,700
hh_with_children,lowest_quintile,1989,16800,12600,8800,0,500,700,100,100,800,100,0,300,100,100,100,1000,4200,2400,800,300,700
hh_with_children,lowest_quintile,1990,17100,13300,9600,0,500,700,100,100,800,0,0,300,100,100,100,900,3800,2000,900,400,500
hh_with_children,lowest_quintile,1991,17500,13200,9700,0,400,700,100,100,700,100,0,300,100,100,100,800,4200,2200,800,700,600
hh_with_children,lowest_quintile,1992,17800,13000,9600,0,500,700,100,100,700,100,0,200,100,100,100,800,4900,2400,1000,1000,500
hh_with_children,lowest_quintile,1993,18200,13200,9500,0,500,700,100,100,1000,100,0,200,100,100,100,900,4900,2600,1100,700,500
hh_with_children,lowest_quintile,1994,17600,13000,9200,0,600,700,100,100,1000,0,0,200,100,100,100,900,4600,2700,1100,400,500
hh_with_children,lowest_quintile,1995,19700,15000,10800,100,600,800,100,100,1200,0,0,200,100,100,100,900,4700,2700,1200,500,300
hh_with_children,lowest_quintile,1996,20700,15800,11500,100,700,900,100,100,1300,100,0,200,100,100,100,800,4900,2700,1300,500,300
hh_with_children,lowest_quintile,1997,23400,17700,12900,100,800,1000,100,200,1500,100,0,200,100,100,100,800,5700,3400,1600,500,300
hh_with_children,lowest_quintile,1998,25000,20200,14700,100,800,1100,100,200,1800,100,0,200,100,100,100,900,4800,2900,1300,400,200
hh_with_children,lowest_quintile,1999,26300,21500,15400,100,900,1200,100,200,2300,100,0,200,100,100,100,900,4800,2800,1300,400,400
hh_with_children,lowest_quintile,2000,25500,20900,14800,100,1000,1100,100,200,2100,100,0,200,100,100,100,900,4700,2600,1400,400,400
hh_with_children,lowest_quintile,2001,24700,19400,14100,100,900,1100,100,100,2000,0,0,200,100,100,100,600,5300,2800,1600,600,300
hh_with_children,lowest_quintile,2002,25500,19600,14300,100,1000,1100,100,100,2100,0,0,100,100,100,100,700,5900,2800,1700,1000,400
hh_with_children,lowest_quintile,2003,24100,18600,13400,0,1000,1000,100,100,2000,0,0,100,100,100,100,700,5500,2500,1700,1000,400
hh_with_children,lowest_quintile,2004,24800,19300,14300,100,1000,1000,100,200,2100,0,0,100,100,100,100,300,5500,2700,1800,700,400
hh_with_children,lowest_quintile,2005,25200,19900,14300,100,900,1000,100,200,2300,0,0,100,100,100,100,600,5300,2600,1900,500,300
hh_with_children,lowest_quintile,2006,25900,20800,14800,100,1000,1100,100,200,2500,100,0,100,0,100,100,600,5200,2500,1900,500,300
hh_with_children,lowest_quintile,2007,28500,23200,16500,100,800,1200,100,200,2700,100,0,100,100,100,100,1100,5300,2500,2100,500,200
hh_with_children,lowest_quintile,2008,27900,21900,15700,100,700,1200,100,100,2600,0,0,200,100,100,100,1100,6000,2600,2300,800,200
hh_with_children,lowest_quintile,2009,26700,18700,12900,100,700,1000,100,100,2700,0,0,100,0,100,0,900,8100,3000,2500,2200,300
hh_with_children,lowest_quintile,2010,26700,18600,12500,0,600,900,100,100,3000,0,0,100,100,100,0,1100,8100,2900,2500,2600,200
hh_with_children,lowest_quintile,2011,27000,19500,13400,100,600,1000,100,100,3200,0,0,100,100,100,0,900,7600,3000,2500,1800,200
hh_with_children,lowest_quintile,2012,25900,18300,12100,100,500,900,0,100,3300,0,0,0,100,100,0,1100,7600,3300,2900,1200,200
hh_with_children,lowest_quintile,2013,26600,19600,13000,100,600,1000,0,100,3300,0,0,0,100,0,0,1200,7000,3600,2300,800,200
hh_with_children,lowest_quintile,2014,26300,19900,13400,100,600,1000,0,200,3400,0,0,0,100,0,100,1000,6400,3200,2400,500,300
hh_with_children,lowest_quintile,2015,27600,21500,14500,100,600,1100,0,200,3700,0,0,100,100,100,100,1000,6100,3100,2300,400,300
hh_with_children,lowest_quintile,2016,27600,21400,14600,100,600,1100,0,100,3800,0,0,0,100,100,0,900,6200,3200,2400,300,200
hh_with_children,lowest_quintile,2017,27300,21500,14500,100,700,1100,0,100,3800,100,0,0,100,100,0,900,5800,3000,2400,300,100
hh_with_children,lowest_quintile,2018,29200,22900,15900,100,700,1200,0,100,3800,100,0,100,100,100,0,700,6200,3300,2600,300,100
hh_with_children,lowest_quintile,2019,31100,25100,17200,100,1100,1300,0,100,4000,100,0,100,100,100,0,900,6000,3300,2300,300,200
hh_with_children,lowest_quintile,2020,27600,19400,13000,100,1100,1000,0,100,3000,100,0,0,100,100,0,800,8100,3300,2700,2100,200
hh_with_children,lowest_quintile,2021,26900,19600,13400,100,1000,1000,0,100,2700,100,0,0,100,100,0,900,7300,2900,2700,1600,100
hh_with_children,lowest_quintile,2022,29900,23600,15600,200,800,1200,0,200,4300,100,0,0,100,100,100,1000,6300,3000,2700,400,200
hh_with_children,second_quintile,1979,51100,48900,38500,0,2200,2200,200,500,2000,300,0,600,100,100,300,1900,2200,1300,200,500,200
hh_with_children,second_quintile,1980,48800,45900,36300,0,1900,2100,100,400,1800,300,0,800,100,100,200,1800,2800,1400,200,1000,200
hh_with_children,second_quintile,1981,48000,45400,35700,0,1800,2300,100,300,1700,300,0,800,200,100,200,1900,2600,1400,200,800,200
hh_with_children,second_quintile,1982,46900,43600,34300,0,2000,2200,100,200,1400,300,0,900,200,200,100,1700,3200,1400,300,1300,200
hh_with_children,second_quintile,1983,45400,42400,33100,0,2000,2100,200,200,1600,300,0,900,200,100,200,1400,3000,1300,200,1300,300
hh_with_children,second_quintile,1984,48600,46200,36100,100,2100,2400,200,300,1700,200,0,900,100,100,200,1800,2400,1200,300,800,200
hh_with_children,second_quintile,1985,48600,46100,35600,100,2100,2400,200,300,2000,300,0,900,200,200,200,1700,2500,1200,300,700,300
hh_with_children,second_quintile,1986,49100,46300,35300,200,2200,2500,200,300,2200,300,0,800,200,100,100,2100,2800,1300,300,800,300
hh_with_children,second_quintile,1987,47800,45500,34400,200,2400,2400,200,300,2400,200,0,800,100,200,200,1700,2200,1100,300,600,300
hh_with_children,second_quintile,1988,48000,45800,33900,200,2300,2500,100,300,2700,100,0,800,200,200,200,2300,2200,1000,300,500,300
hh_with_children,second_quintile,1989,48900,46400,34100,200,2400,2500,100,300,2800,200,0,800,200,100,200,2300,2500,1300,300,500,300
hh_with_children,second_quintile,1990,50100,47500,35800,200,2400,2700,100,300,2500,100,0,700,200,100,200,2200,2600,1200,400,500,400
hh_with_children,second_quintile,1991,48600,45600,34300,200,2300,2600,100,300,2300,200,0,600,200,100,200,2300,3000,1200,400,900,500
hh_with_children,second_quintile,1992,47400,44000,32900,200,2400,2500,100,300,2200,200,0,500,200,100,200,2200,3400,1400,500,1100,400
hh_with_children,second_quintile,1993,47200,43900,32700,200,2500,2400,100,300,2200,200,0,400,200,100,200,2400,3300,1500,500,900,400
hh_with_children,second_quintile,1994,47800,44900,33200,300,2800,2500,100,400,2200,100,0,300,200,200,200,2400,2800,1400,500,600,400
hh_with_children,second_quintile,1995,50400,47600,35100,400,3100,2600,100,400,2300,200,0,400,200,200,200,2300,2800,1500,500,500,300
hh_with_children,second_quintile,1996,50700,47800,34900,400,3100,2600,100,400,2300,200,0,400,200,200,200,2700,2800,1400,700,500,200
hh_with_children,second_quintile,1997,52200,49400,36600,500,2800,2800,100,500,2500,300,0,300,100,100,200,2600,2800,1500,600,400,200
hh_with_children,second_quintile,1998,54700,52000,38600,500,2900,2900,100,400,2500,300,0,400,200,100,200,2900,2700,1400,600,400,300
hh_with_children,second_quintile,1999,57400,54600,40000,600,3000,3000,100,500,3000,400,0,400,200,200,200,3000,2800,1500,700,400,200
hh_with_children,second_quintile,2000,56800,54000,39500,600,3100,3000,100,400,2900,400,0,300,200,200,200,2900,2900,1500,700,400,300
hh_with_children,second_quintile,2001,56500,53300,39800,700,3200,3000,100,300,2400,100,0,300,200,100,100,2900,3200,1700,700,600,200
hh_with_children,second_quintile,2002,54900,51300,38100,300,3200,2900,100,300,2700,0,0,300,200,100,100,3000,3700,1800,800,900,200
hh_with_children,second_quintile,2003,54300,50600,37600,400,3400,2800,100,400,2600,0,0,200,200,100,100,2700,3700,1700,800,900,300
hh_with_children,second_quintile,2004,56200,52600,38300,400,3900,2900,100,500,2700,100,0,200,200,100,100,3100,3600,1800,1000,600,200
hh_with_children,second_quintile,2005,57100,53900,39300,400,4100,2900,100,600,2700,200,0,200,100,100,200,3000,3200,1600,900,500,200
hh_with_children,second_quintile,2006,57800,54500,39900,400,4100,3000,100,700,2700,200,0,300,100,100,200,2800,3300,1600,1000,500,200
hh_with_children,second_quintile,2007,61500,58100,43100,500,4000,3200,100,600,2600,300,0,300,200,100,200,3000,3400,1700,1000,500,200
hh_with_children,second_quintile,2008,58900,54900,41000,500,3600,3100,100,300,2300,100,0,300,200,200,100,3200,4000,1900,1300,700,100
hh_with_children,second_quintile,2009,55800,50300,37100,400,3300,2800,100,200,2600,0,0,200,200,100,100,3200,5600,2200,1300,1900,200
hh_with_children,second_quintile,2010,55100,49600,36400,400,3000,2700,100,300,2800,0,0,200,200,100,100,3200,5600,2200,1400,1900,100
hh_with_children,second_quintile,2011,54800,49800,36700,400,2800,2700,100,300,2800,100,0,100,200,100,100,3300,5000,2100,1300,1400,200
hh_with_children,second_quintile,2012,54100,49300,36000,400,3100,2700,100,400,3100,0,0,100,100,100,100,3000,4800,2200,1400,1100,100
hh_with_children,second_quintile,2013,55500,51200,37300,400,3200,2800,100,400,3100,100,0,100,200,100,100,3300,4300,2200,1100,800,100
hh_with_children,second_quintile,2014,55800,51700,38000,500,3100,2900,100,500,3100,200,0,100,200,100,100,2900,4100,2300,1300,500,100
hh_with_children,second_quintile,2015,58500,54200,39800,500,3300,3000,100,500,3100,200,0,100,200,100,100,3300,4300,2300,1400,400,200
hh_with_children,second_quintile,2016,58700,54800,40700,500,3500,3100,100,400,3100,100,0,100,200,100,100,2900,3900,2100,1200,400,100
hh_with_children,second_quintile,2017,60000,55800,40900,500,3700,3100,100,300,3300,100,0,100,100,100,100,3300,4300,2400,1400,300,100
hh_with_children,second_quintile,2018,61600,57600,42600,600,3800,3200,100,300,3200,200,0,100,100,200,100,3100,4000,2200,1300,300,200
hh_with_children,second_quintile,2019,65600,61300,45800,700,4200,3500,100,300,3100,200,0,100,200,200,100,3000,4300,2400,1500,300,200
hh_with_children,second_quintile,2020,63000,56500,42000,700,3600,3200,100,300,2800,300,0,100,100,100,100,3100,6500,2500,1900,1900,200
hh_with_children,second_quintile,2021,63200,58200,43200,700,3700,3300,100,400,3300,400,0,100,200,100,100,2800,4900,2100,1600,1100,100
hh_with_children,second_quintile,2022,65200,60900,45800,800,3800,3500,100,500,3100,200,0,100,200,200,100,2700,4300,2100,1700,400,100
hh_with_children,middle_quintile,1979,78600,77200,62900,0,3300,3500,200,800,2300,400,0,900,200,200,400,2100,1400,700,100,400,200
hh_with_children,middle_quintile,1980,75800,74100,60700,0,2800,3400,200,700,2400,400,0,1000,200,200,300,1800,1700,700,100,700,100
hh_with_children,middle_quintile,1981,75400,73800,60300,0,2900,3700,200,500,2100,300,0,1300,200,200,300,2000,1600,700,100,600,100
hh_with_children,middle_quintile,1982,74100,72000,58600,0,3200,3700,200,300,1700,300,0,1500,200,300,200,1900,2200,900,200,900,200
hh_with_children,middle_quintile,1983,73100,71000,57400,0,3300,3600,200,400,1900,400,0,1200,200,200,200,2000,2000,800,200,800,200
hh_with_children,middle_quintile,1984,77300,75600,60400,300,3300,3900,200,500,2500,400,0,1300,200,200,200,2000,1700,800,200,600,100
hh_with_children,middle_quintile,1985,78000,76300,61000,400,3400,4100,200,500,2100,400,0,1300,300,300,200,2200,1700,800,200,500,200
hh_with_children,middle_quintile,1986,79500,77700,61800,500,3400,4200,200,500,2700,500,0,1100,100,200,200,2100,1800,800,200,600,300
hh_with_children,middle_quintile,1987,79200,77600,61200,500,3800,4200,200,600,2700,400,0,1100,200,300,300,2100,1600,700,200,500,200
hh_with_children,middle_quintile,1988,80800,79200,61800,600,4000,4500,200,600,2700,400,0,1200,200,300,300,2500,1600,700,200,400,200
hh_with_children,middle_quintile,1989,81900,80200,62500,700,4000,4500,200,600,2900,300,0,1100,200,300,300,2500,1600,800,200,400,200
hh_with_children,middle_quintile,1990,82100,80300,62500,700,4100,4600,200,600,2700,200,0,1200,200,300,300,2800,1800,700,300,500,300
hh_with_children,middle_quintile,1991,80100,78100,60700,700,4000,4500,200,500,2400,300,0,1100,200,200,300,3000,2000,800,300,700,300
hh_with_children,middle_quintile,1992,79700,77500,59200,800,4500,4400,200,500,2800,300,0,800,300,200,300,3100,2200,900,300,800,200
hh_with_children,middle_quintile,1993,79900,77600,59600,900,4900,4500,200,600,2300,300,0,600,200,200,300,3000,2300,900,300,700,300
hh_with_children,middle_quintile,1994,81100,79100,59800,1000,5200,4500,200,700,2800,300,0,500,300,200,300,3200,2000,900,300,600,200
hh_with_children,middle_quintile,1995,84000,81800,61600,1200,5400,4600,200,800,2700,300,0,600,200,300,400,3500,2100,1000,400,500,200
hh_with_children,middle_quintile,1996,84900,82800,62300,1400,5400,4700,100,800,2600,400,0,600,200,300,300,3400,2100,1000,400,500,200
hh_with_children,middle_quintile,1997,86800,84800,64000,1400,4900,4800,100,800,2700,500,0,600,300,300,400,3700,2000,1000,400,400,200
hh_with_children,middle_quintile,1998,90700,88700,67300,1600,5000,5100,200,800,2800,600,0,600,200,300,300,3700,2000,1000,400,400,200
hh_with_children,middle_quintile,1999,94200,92100,69700,1800,4900,5300,200,800,3100,800,0,600,300,300,300,4200,2100,1100,400,400,200
hh_with_children,middle_quintile,2000,94300,92200,69600,1900,5000,5300,100,800,2800,800,0,600,300,400,300,4200,2100,1100,400,400,200
hh_with_children,middle_quintile,2001,94100,91600,69500,2000,5300,5300,100,500,2900,200,0,600,300,300,200,4300,2500,1300,500,500,200
hh_with_children,middle_quintile,2002,91300,88500,67500,1200,5700,5000,100,500,2900,100,0,500,300,200,200,4200,2800,1200,500,800,200
hh_with_children,middle_quintile,2003,90800,88000,66200,1300,6200,4900,100,600,2900,100,0,400,300,200,200,4500,2900,1300,500,800,200
hh_with_children,middle_quintile,2004,94300,91400,67600,1300,7100,5100,100,800,3200,300,0,300,300,300,300,4800,2800,1400,600,600,200
hh_with_children,middle_quintile,2005,95800,93200,68800,1300,7300,5100,100,1100,3300,400,0,400,300,300,300,4400,2600,1400,600,500,100
hh_with_children,middle_quintile,2006,97300,94500,69400,1400,7400,5200,100,1200,3500,500,0,500,300,300,400,4500,2700,1400,700,500,200
hh_with_children,middle_quintile,2007,101000,98100,72500,1500,6900,5400,100,1000,3500,600,0,600,300,300,300,4800,2900,1500,800,500,100
hh_with_children,middle_quintile,2008,97200,94000,70500,1500,6800,5300,100,600,3100,200,100,500,300,300,200,4500,3200,1500,900,700,100
hh_with_children,middle_quintile,2009,93800,89400,66800,1200,6600,5000,100,500,3000,0,100,400,300,300,200,5000,4500,1800,900,1600,100
hh_with_children,middle_quintile,2010,93300,88400,65800,1200,6400,4900,100,600,3100,100,0,300,300,200,200,5000,4800,1900,1000,1700,200
hh_with_children,middle_quintile,2011,92500,88300,65900,1200,6500,4900,100,600,3300,200,0,200,300,300,200,4700,4200,1900,900,1300,100
hh_with_children,middle_quintile,2012,92400,88500,65600,1200,6400,4900,100,700,3400,100,0,200,300,200,200,5000,4000,1900,1000,1000,100
hh_with_children,middle_quintile,2013,94500,90700,67200,1300,6700,5000,100,800,3300,300,0,200,300,200,200,5000,3800,2100,900,700,100
hh_with_children,middle_quintile,2014,96400,92900,69000,1400,6400,5200,100,900,3700,300,0,100,300,300,300,5000,3500,1900,1000,500,100
hh_with_children,middle_quintile,2015,100200,96600,71700,1500,6700,5400,100,800,3600,400,0,200,300,300,200,5500,3600,2000,1000,400,100
hh_with_children,middle_quintile,2016,101000,97500,72500,1600,7000,5400,100,800,3900,300,0,200,300,300,200,5000,3500,2000,1000,400,100
hh_with_children,middle_quintile,2017,103100,99500,74000,1600,7100,5500,100,600,4200,500,0,200,300,300,200,4900,3500,2000,1100,300,100
hh_with_children,middle_quintile,2018,105200,101700,76500,1800,6800,5800,100,600,3900,500,0,100,300,300,200,4800,3500,2000,1000,300,100
hh_with_children,middle_quintile,2019,109700,106100,79800,1900,7000,6000,100,600,4000,400,0,200,400,400,200,5100,3600,2100,1100,300,200
hh_with_children,middle_quintile,2020,107500,102400,77300,1900,6600,5800,100,600,3600,700,0,200,300,300,200,4900,5100,2000,1300,1700,200
hh_with_children,middle_quintile,2021,108800,104500,78600,2000,6600,5900,100,700,4300,1000,0,100,300,300,200,4400,4300,1900,1300,1000,100
hh_with_children,middle_quintile,2022,110300,106800,80800,2200,6400,6100,100,800,4000,500,0,100,400,400,200,4900,3400,1800,1200,300,100
hh_with_children,fourth_quintile,1979,108200,107100,87500,0,4000,4600,200,1200,3600,800,0,1600,300,400,700,2300,1100,600,100,300,100
hh_with_children,fourth_quintile,1980,105000,103700,85400,0,3500,4500,200,900,3100,700,0,1800,300,400,600,2300,1200,500,100,500,100
hh_with_children,fourth_quintile,1981,106500,105200,86700,0,3600,5100,200,800,2600,700,0,2000,300,400,500,2200,1300,600,100,500,100
hh_with_children,fourth_quintile,1982,105100,103600,85400,0,4000,5100,200,500,2400,500,0,2200,300,500,300,2200,1500,700,100,600,100
hh_with_children,fourth_quintile,1983,104800,103400,84800,0,4200,5100,200,600,2400,800,0,1900,300,400,300,2200,1400,600,100,500,100
hh_with_children,fourth_quintile,1984,111100,109800,88700,600,4300,5600,200,700,3200,700,100,2200,300,500,400,2400,1300,600,200,400,100
hh_with_children,fourth_quintile,1985,111000,109800,88500,800,4400,5800,200,700,3000,800,100,2100,200,400,400,2500,1200,500,100,400,200
hh_with_children,fourth_quintile,1986,114400,113300,90800,1000,4400,6100,200,700,2900,1200,100,1800,200,400,400,3000,1100,500,100,300,100
hh_with_children,fourth_quintile,1987,116200,114900,91000,1100,4900,6100,200,900,3700,700,100,1800,400,600,500,2900,1200,600,200,300,100
hh_with_children,fourth_quintile,1988,117200,116000,91000,1300,5100,6400,200,900,3900,600,100,1800,300,500,500,3300,1200,500,100,300,200
hh_with_children,fourth_quintile,1989,118900,117700,92100,1500,5300,6500,200,900,4000,500,100,2000,300,500,500,3300,1300,600,200,300,200
hh_with_children,fourth_quintile,1990,118800,117500,91500,1500,5500,6600,200,800,3900,500,100,1900,300,500,500,3500,1300,600,200,400,200
hh_with_children,fourth_quintile,1991,117000,115500,91200,1500,5300,6700,200,800,3200,500,100,1700,300,500,400,3400,1500,600,200,500,200
hh_with_children,fourth_quintile,1992,117800,116100,90400,1800,5900,6600,200,800,3700,500,100,1200,300,400,400,3500,1700,700,200,600,200
hh_with_children,fourth_quintile,1993,118800,117200,90700,1900,6600,6700,200,1000,3500,700,0,900,300,400,500,3600,1600,600,200,500,200
hh_with_children,fourth_quintile,1994,120900,119500,92300,2100,7000,6800,200,1100,3700,600,100,800,300,400,500,3600,1300,600,200,400,200
hh_with_children,fourth_quintile,1995,123900,122200,93300,2500,7200,7000,200,1200,3600,700,100,1000,400,500,600,4000,1700,700,300,400,200
hh_with_children,fourth_quintile,1996,126000,124500,94500,3000,7100,7100,200,1200,3800,800,100,900,400,500,600,4400,1500,700,300,300,200
hh_with_children,fourth_quintile,1997,129400,128000,97400,3100,6600,7300,200,1300,4000,1100,100,1000,400,600,600,4600,1400,700,300,300,100
hh_with_children,fourth_quintile,1998,135200,133800,101400,3500,6500,7700,200,1200,4400,1400,100,1000,400,500,600,5100,1400,700,300,300,200
hh_with_children,fourth_quintile,1999,139100,137700,104100,3800,6300,7900,200,1200,4600,1600,0,900,500,600,600,5500,1400,800,300,300,100
hh_with_children,fourth_quintile,2000,141800,140200,105800,4000,6600,8100,200,1200,4500,1700,100,1000,500,700,600,5400,1600,900,300,300,100
hh_with_children,fourth_quintile,2001,141500,139400,106200,4100,6900,8100,200,800,4600,500,100,1000,400,500,400,5600,2100,1100,400,500,200
hh_with_children,fourth_quintile,2002,137500,135200,104300,2900,7400,7700,200,700,4000,400,100,700,400,500,300,5600,2300,1100,400,700,200
hh_with_children,fourth_quintile,2003,139400,137200,104200,3400,8400,7700,200,1000,4300,300,100,600,400,400,400,5800,2200,1100,400,600,100
hh_with_children,fourth_quintile,2004,142500,140400,105100,3500,9500,7800,100,1300,4800,600,100,500,400,500,500,5700,2100,1100,400,500,100
hh_with_children,fourth_quintile,2005,145500,143500,106200,3700,9800,7900,100,1700,4900,1100,100,700,400,500,700,5700,2100,1000,500,400,100
hh_with_children,fourth_quintile,2006,148800,146700,108200,3800,9900,8000,100,1800,4900,1200,100,800,500,600,700,6000,2100,1200,500,400,100
hh_with_children,fourth_quintile,2007,153400,151100,111900,4000,9300,8300,100,1600,5000,1500,100,1100,500,700,700,6400,2300,1200,600,400,100
hh_with_children,fourth_quintile,2008,148600,146200,110100,3900,9200,8200,100,900,4500,400,100,900,500,600,400,6400,2300,1100,600,500,100
hh_with_children,fourth_quintile,2009,145100,141700,106800,3400,9300,7900,100,700,4300,300,100,600,400,500,300,6700,3500,1400,700,1300,100
hh_with_children,fourth_quintile,2010,145300,141800,106000,3400,9200,7800,100,1000,4900,400,100,500,500,500,400,7000,3500,1500,800,1200,100
hh_with_children,fourth_quintile,2011,145200,142000,106400,3400,9300,7900,100,1000,5000,300,100,400,500,500,400,6800,3200,1500,700,900,100
hh_with_children,fourth_quintile,2012,145500,142700,107200,3500,9200,8000,100,1200,5000,400,100,300,400,500,300,6400,2800,1400,600,800,100
hh_with_children,fourth_quintile,2013,149400,146300,109300,3600,9200,8200,100,1300,5200,700,100,300,500,500,500,6900,3100,1600,800,600,100
hh_with_children,fourth_quintile,2014,152000,149200,111100,3800,9100,8300,100,1400,5800,900,100,200,600,500,500,6800,2800,1500,700,400,100
hh_with_children,fourth_quintile,2015,157200,154300,115100,4000,9500,8600,100,1300,6000,900,100,300,600,600,500,6900,2900,1600,800,300,100
hh_with_children,fourth_quintile,2016,157900,155100,115900,4100,9400,8600,100,1300,5700,700,100,200,500,600,500,7400,2800,1500,700,300,200
hh_with_children,fourth_quintile,2017,161100,158200,118300,4300,9500,8900,100,1000,5900,1000,100,200,500,700,400,7400,2900,1600,900,300,100
hh_with_children,fourth_quintile,2018,163500,161000,121500,4500,9200,9100,100,900,5700,1200,100,300,600,700,400,6800,2500,1400,700,300,100
hh_with_children,fourth_quintile,2019,169000,166100,124700,4700,9500,9400,100,900,6300,1100,100,400,600,700,400,7300,2900,1600,900,200,100
hh_with_children,fourth_quintile,2020,170400,166100,124800,4800,9100,9400,100,900,6100,1600,100,300,600,700,400,7400,4400,1700,1100,1400,100
hh_with_children,fourth_quintile,2021,171200,167600,125400,5000,9000,9500,100,1000,6300,2300,0,200,500,600,300,7300,3600,1600,1100,700,100
hh_with_children,fourth_quintile,2022,174700,171500,130000,5300,8800,9800,100,1300,5800,1300,100,200,500,800,500,7100,3100,1600,1100,300,100
hh_with_children,highest_quintile,1979,203700,202600,136600,0,4700,5100,300,1800,18300,14100,800,5600,1600,3800,6300,3700,1100,700,100,200,100
hh_with_children,highest_quintile,1980,199600,198400,137200,0,4100,5300,200,1500,15200,13100,700,6600,1600,4000,4900,3900,1200,700,100,300,100
hh_with_children,highest_quintile,1981,199600,198400,138400,0,4400,5900,200,1200,12600,12800,900,8200,1700,4300,3900,3800,1200,700,100,300,100
hh_with_children,highest_quintile,1982,198000,196700,141000,0,4800,6300,200,700,11300,12400,1000,7400,1800,3900,2200,3700,1300,700,100,300,100
hh_with_children,highest_quintile,1983,208700,207600,142800,0,5200,6500,200,1000,13100,17400,1500,7200,1800,3700,3200,3900,1100,500,100,300,100
hh_with_children,highest_quintile,1984,225900,224700,151200,1000,5000,7100,300,1200,17500,18100,1800,8100,1800,3200,3700,4700,1200,700,200,200,100
hh_with_children,highest_quintile,1985,223000,222000,150600,1500,5400,7400,200,1100,14900,20400,1800,7000,1600,2900,3200,4000,1000,500,100,200,100
hh_with_children,highest_quintile,1986,259300,258200,155700,1700,5400,7700,200,1200,17500,44200,2600,6500,1500,5000,4300,4500,1100,500,100,300,200
hh_with_children,highest_quintile,1987,245600,244500,164400,1900,6000,8000,200,1600,21700,16000,1600,8100,1700,3600,4600,5000,1100,600,200,200,100
hh_with_children,highest_quintile,1988,257500,256500,169100,2300,6400,8300,200,1600,26400,16500,1400,8100,1500,3800,4500,6300,1000,500,100,200,200
hh_with_children,highest_quintile,1989,262900,261900,169800,2500,6500,8500,200,1600,27700,15700,1700,10100,1900,4400,4700,6600,1000,500,100,200,200
hh_with_children,highest_quintile,1990,249200,248100,166600,2600,6800,8700,200,1500,26100,10800,1300,8400,1600,3500,3900,6300,1100,500,200,200,200
hh_with_children,highest_quintile,1991,245400,244200,163500,2700,6700,8800,200,1300,26400,9500,1800,7900,1700,3600,3800,6300,1200,600,200,300,200
hh_with_children,highest_quintile,1992,252100,250800,168800,3300,7500,9300,200,1500,27500,10400,1600,5500,1800,3100,4100,6300,1300,600,200,300,100
hh_with_children,highest_quintile,1993,255400,254200,168800,3500,8400,9100,200,1700,27700,12300,1700,4600,2000,3200,5100,6000,1200,700,200,300,100
hh_with_children,highest_quintile,1994,259500,258300,170400,3800,9200,9600,200,1900,29100,11200,1600,4300,1900,3100,5300,6700,1200,600,200,200,100
hh_with_children,highest_quintile,1995,278700,277300,178700,4400,9500,10100,200,2100,31800,14100,1800,5700,2000,3900,6400,6500,1400,700,400,200,100
hh_with_children,highest_quintile,1996,295300,294000,185300,5200,9200,10200,200,2300,34000,19900,1500,5500,2100,4200,6700,7600,1400,800,300,200,100
hh_with_children,highest_quintile,1997,312200,310900,193000,5200,8300,10600,200,2400,34400,27300,1700,5500,2200,4900,7300,8000,1200,700,300,200,100
hh_with_children,highest_quintile,1998,339400,338300,208500,5700,8300,11200,200,2300,38000,34100,1800,5900,2100,4700,7200,8200,1100,600,300,200,100
hh_with_children,highest_quintile,1999,366400,365400,219700,6200,8100,11800,200,2400,40400,43700,1900,5900,2100,5400,7900,9800,1100,500,200,200,100
hh_with_children,highest_quintile,2000,390000,388600,230700,6400,8300,12100,200,2400,39800,52300,2100,6900,2400,6400,8400,10100,1400,700,300,200,200
hh_with_children,highest_quintile,2001,354900,353300,225400,6400,9000,12300,200,1600,40700,26500,2100,6800,2300,4900,5800,9300,1700,1000,300,300,100
hh_with_children,highest_quintile,2002,333500,331800,215600,7100,9900,11900,200,1500,41700,17600,2000,4600,2100,3900,4900,8900,1700,900,300,400,100
hh_with_children,highest_quintile,2003,348200,346500,215800,9200,10900,12000,100,2000,43100,23200,1900,4500,2200,4800,7700,9100,1700,900,300,500,100
hh_with_children,highest_quintile,2004,373800,372000,221500,9700,11900,12200,100,2500,46700,33300,1800,4500,2200,6600,9600,9300,1800,1100,300,300,100
hh_with_children,highest_quintile,2005,402600,401000,225600,10400,12100,12200,100,3400,53100,44200,2000,6300,2400,6900,12600,9600,1600,900,300,200,100
hh_with_children,highest_quintile,2006,440500,438800,236000,10800,12200,12500,100,3800,57800,55200,3100,9700,2500,9400,15500,10100,1700,900,400,300,100
hh_with_children,highest_quintile,2007,467100,465300,249300,11200,11400,12900,100,3400,58600,65500,3400,11600,2600,11100,13900,10400,1800,1000,400,200,100
hh_with_children,highest_quintile,2008,408300,406500,239700,11300,11600,12900,100,2000,53400,33500,2900,8100,2700,9200,8100,10900,1800,1000,400,300,100
hh_with_children,highest_quintile,2009,364700,362200,228500,10900,11900,13000,100,1500,48700,15500,2300,5400,2200,5700,5600,10900,2500,1200,500,800,100
hh_with_children,highest_quintile,2010,394500,392200,233700,10800,11400,12900,100,2100,51600,28600,2500,5500,2400,8100,9700,12800,2400,1100,500,700,100
hh_with_children,highest_quintile,2011,389700,387200,236900,11000,11400,12800,100,2100,50200,25400,2100,4200,2600,7000,8600,12700,2500,1300,500,600,100
hh_with_children,highest_quintile,2012,428100,425900,244700,11200,11400,13100,100,2600,60100,39300,2100,4600,2800,10500,10400,13000,2200,1200,500,400,100
hh_with_children,highest_quintile,2013,415400,413200,245700,11700,11200,13400,100,2800,57600,31100,2000,4200,2900,8200,11000,11500,2200,1200,500,300,100
hh_with_children,highest_quintile,2014,441800,439600,253700,11900,11000,13700,100,3100,59500,43200,1800,4000,3200,9800,12500,12000,2200,1300,600,300,100
hh_with_children,highest_quintile,2015,465200,462800,267300,12500,11000,14200,100,3000,66100,44500,1900,4300,2800,10600,12400,12200,2400,1400,700,200,100
hh_with_children,highest_quintile,2016,446000,443600,264000,12800,11200,14200,100,2800,62200,36600,1500,3800,2700,9000,10900,12100,2300,1500,600,200,100
hh_with_children,highest_quintile,2017,469700,467500,271500,13000,11200,14700,100,2100,67300,48200,1600,4300,2900,10100,8300,12200,2200,1300,600,200,100
hh_with_children,highest_quintile,2018,456900,454800,271700,13600,11200,14900,100,2000,59600,45300,1400,4000,2600,9400,6900,12200,2100,1300,600,200,100
hh_with_children,highest_quintile,2019,470600,468500,284500,14100,11400,15500,100,1900,60500,42900,1400,4700,2900,9700,6700,12300,2100,1200,600,200,100
hh_with_children,highest_quintile,2020,500400,497200,293900,14400,11300,16100,100,2000,62800,58400,1400,3900,3100,9400,7100,13300,3200,1400,800,1000,100
hh_with_children,highest_quintile,2021,576600,574200,307600,14600,10900,16100,100,2400,78700,101800,1200,3400,2800,12100,8900,13600,2400,1200,700,500,0
hh_with_children,highest_quintile,2022,523700,521400,303600,15000,10700,16200,100,2900,74300,55900,1100,3800,3400,10600,10300,13400,2300,1100,900,200,100
hh_with_children,percentiles_81_90,1979,145600,144600,114100,0,4600,5300,300,1500,7200,2400,100,3000,600,800,1700,2900,1000,600,100,300,100
hh_with_children,percentiles_81_90,1980,142700,141500,112700,0,4100,5400,200,1200,6500,2000,100,3300,600,900,1300,3100,1200,600,100,400,100
hh_with_children,percentiles_81_90,1981,142200,141000,112700,0,4300,6000,200,1000,5100,1500,100,4100,600,1100,1000,3300,1200,700,100,300,100
hh_with_children,percentiles_81_90,1982,141400,140000,113200,0,4700,6200,200,600,4000,1600,100,4000,700,1100,600,2900,1400,700,100,400,100
hh_with_children,percentiles_81_90,1983,142100,141000,113300,0,5000,6300,300,800,4500,2000,100,3800,600,900,700,2700,1200,500,100,400,100
hh_with_children,percentiles_81_90,1984,151300,150100,118400,900,4800,6900,300,1000,6200,1800,200,3900,800,900,800,3100,1300,700,200,300,100
hh_with_children,percentiles_81_90,1985,151000,150100,119300,1400,5100,7200,200,900,5100,2000,200,3300,600,800,700,3100,1000,500,100,300,100
hh_with_children,percentiles_81_90,1986,157900,156800,122700,1600,5200,7600,200,1000,6200,2900,300,3000,500,900,700,3900,1200,500,100,300,200
hh_with_children,percentiles_81_90,1987,160200,159200,124000,1800,5600,7700,200,1200,6900,1800,200,3100,500,1100,1000,4000,1100,500,200,200,200
hh_with_children,percentiles_81_90,1988,162600,161600,125600,2100,6000,8000,200,1300,6700,1600,200,3100,500,1000,1000,4300,1000,500,100,200,200
hh_with_children,percentiles_81_90,1989,164900,163900,126100,2300,6100,8100,200,1200,7200,1700,300,3600,600,1200,1000,4400,1000,400,100,300,100
hh_with_children,percentiles_81_90,1990,163800,162700,125500,2400,6200,8400,200,1100,6400,1400,200,3400,500,1100,1000,4800,1100,500,200,200,200
hh_with_children,percentiles_81_90,1991,161500,160200,123400,2400,6200,8500,200,1000,7000,1500,300,2900,500,900,900,4500,1300,500,200,400,200
hh_with_children,percentiles_81_90,1992,162800,161400,124000,3000,7000,8600,200,1100,6700,1300,200,2000,500,900,900,4900,1500,600,200,400,200
hh_with_children,percentiles_81_90,1993,163900,162700,124100,3000,8000,8500,200,1300,7200,1300,200,1600,600,900,1000,4800,1300,700,200,300,100
hh_with_children,percentiles_81_90,1994,166900,165600,126000,3400,8500,8800,200,1400,6800,1400,200,1500,600,800,1100,5000,1300,600,200,300,100
hh_with_children,percentiles_81_90,1995,172800,171300,128500,4100,8800,9100,200,1600,7400,1600,200,1800,600,1000,1200,5100,1600,800,400,300,100
hh_with_children,percentiles_81_90,1996,177400,176100,130800,4900,8500,9100,200,1700,8300,2000,200,1900,700,900,1200,5700,1300,700,300,200,100
hh_with_children,percentiles_81_90,1997,181700,180600,134400,4900,7600,9500,200,1700,8200,3000,200,1700,700,1200,1300,5900,1200,600,300,200,100
hh_with_children,percentiles_81_90,1998,190400,189200,142000,5500,7600,10000,200,1600,8500,3100,100,1700,600,1100,1100,6200,1100,600,200,200,100
hh_with_children,percentiles_81_90,1999,197500,196400,145900,6000,7400,10400,200,1700,8800,3800,100,1600,600,1400,1200,7400,1200,500,200,200,200
hh_with_children,percentiles_81_90,2000,201900,200600,147900,6200,7600,10500,200,1600,9000,4300,200,1800,1000,1500,1300,7400,1300,700,300,200,200
hh_with_children,percentiles_81_90,2001,201000,199200,150800,6300,8300,10900,200,1100,8200,1400,200,1800,700,1100,800,7400,1700,1000,300,300,100
hh_with_children,percentiles_81_90,2002,195900,194000,146800,5900,9100,10500,200,1000,8500,900,300,1200,700,900,700,7400,1900,1000,300,500,100
hh_with_children,percentiles_81_90,2003,199200,197300,146100,7000,10100,10400,200,1400,8700,1400,200,1300,700,1100,1000,7700,1900,900,400,500,100
hh_with_children,percentiles_81_90,2004,204400,202500,148200,7100,11300,10600,200,1800,8700,2200,200,1000,900,1200,1200,8000,1900,1100,400,400,100
hh_with_children,percentiles_81_90,2005,209300,207700,149600,7700,11600,10600,100,2300,10500,2800,200,1200,800,1100,1400,7700,1500,800,300,300,100
hh_with_children,percentiles_81_90,2006,215800,214000,153400,8000,11700,10900,100,2600,10000,3400,200,1700,800,1300,1600,8200,1800,1000,400,300,100
hh_with_children,percentiles_81_90,2007,220200,218300,157800,8300,11000,11200,100,2200,9900,3900,200,2000,900,1600,1400,7800,1900,1100,400,300,100
hh_with_children,percentiles_81_90,2008,213300,211300,155600,8400,11100,11200,100,1300,8900,1300,300,1500,900,1500,800,8500,1900,1000,500,400,100
hh_with_children,percentiles_81_90,2009,209100,206500,153400,7600,11300,11100,100,1000,8200,600,300,1300,900,1100,700,8800,2700,1300,500,800,0
hh_with_children,percentiles_81_90,2010,209100,206600,152200,7400,11000,10900,100,1400,8700,800,300,900,1000,1100,800,10000,2500,1100,400,800,200
hh_with_children,percentiles_81_90,2011,212200,209600,154600,7600,11000,11000,100,1400,9000,1100,200,700,900,1200,800,9800,2600,1300,600,600,100
hh_with_children,percentiles_81_90,2012,213400,211000,155300,8000,11100,11100,100,1700,9900,1200,200,500,900,1200,700,9100,2300,1200,500,500,100
hh_with_children,percentiles_81_90,2013,217700,215400,157600,8000,10900,11300,100,1800,10200,2000,200,500,1100,1200,1200,9200,2300,1200,500,400,100
hh_with_children,percentiles_81_90,2014,222400,220300,161200,8100,10900,11600,100,2000,10700,2300,100,500,1100,1400,1200,9200,2100,1200,500,300,100
hh_with_children,percentiles_81_90,2015,231100,228600,167700,8500,10800,12000,100,2000,11100,2300,300,500,1000,1400,1200,9600,2500,1500,600,300,100
hh_with_children,percentiles_81_90,2016,233100,230300,168700,8800,10900,12000,100,1800,11300,2600,200,600,1100,1400,1200,9500,2800,1700,700,200,100
hh_with_children,percentiles_81_90,2017,237500,235500,172800,9200,10800,12500,100,1400,11900,3000,200,500,1000,1400,900,9700,2100,1200,600,200,100
hh_with_children,percentiles_81_90,2018,243600,241300,178000,9500,10900,12800,100,1400,11500,3500,200,600,1000,1500,800,9600,2300,1400,600,200,100
hh_with_children,percentiles_81_90,2019,249300,247100,183900,9900,11100,13300,100,1300,11100,2900,200,600,900,1600,700,9400,2300,1300,700,200,100
hh_with_children,percentiles_81_90,2020,254500,251000,185800,10100,10900,13500,100,1300,11000,3900,200,600,900,1600,800,10300,3500,1500,900,1100,100
hh_with_children,percentiles_81_90,2021,258700,256100,187100,10800,10600,13500,100,1600,12800,6300,100,400,1000,1500,800,9400,2600,1200,800,500,0
hh_with_children,percentiles_81_90,2022,262200,259900,192800,11100,10300,13800,100,1900,12400,3400,100,500,1100,1600,1000,9700,2300,1200,800,200,100
hh_with_children,percentiles_91_95,1979,184400,183100,134300,0,4900,5400,300,1700,15400,6000,300,4700,1100,2100,3500,3500,1200,800,100,200,100
hh_with_children,percentiles_91_95,1980,180500,179000,133900,0,4100,5500,200,1400,11700,6000,300,5800,900,2200,2800,4100,1500,1000,100,300,100
hh_with_children,percentiles_91_95,1981,179900,178600,134900,0,4600,6200,200,1200,10200,4500,300,6800,1100,2500,2100,4000,1300,800,100,200,100
hh_with_children,percentiles_91_95,1982,179100,177800,138700,0,4900,6600,200,700,8200,3600,300,6300,900,2400,1100,3800,1200,700,100,300,100
hh_with_children,percentiles_91_95,1983,182900,182000,139800,0,5300,7000,300,1000,9000,4800,500,5500,1300,1900,1400,4100,900,400,100,300,100
hh_with_children,percentiles_91_95,1984,194500,193500,142900,1100,5200,7600,300,1200,13400,4800,500,6100,1000,2300,1600,5500,1000,600,200,200,100
hh_with_children,percentiles_91_95,1985,195900,195100,147300,1700,5500,7700,200,1100,11000,5800,900,5400,900,1800,1400,4500,800,500,100,200,100
hh_with_children,percentiles_91_95,1986,204400,203400,149000,1900,5500,8000,200,1200,14400,8200,900,5000,700,2100,1400,4800,1000,500,100,300,100
hh_with_children,percentiles_91_95,1987,209000,208000,155800,2100,6000,8500,200,1500,12500,4800,500,5200,900,2300,2100,5500,1000,500,200,200,100
hh_with_children,percentiles_91_95,1988,212300,211300,155700,2600,6500,8800,200,1500,15500,3600,500,5200,900,2200,1900,6000,1000,600,100,200,100
hh_with_children,percentiles_91_95,1989,216600,215500,155900,2800,6500,8800,200,1500,16000,4700,700,6200,1200,2100,2100,6800,1100,500,100,200,300
hh_with_children,percentiles_91_95,1990,214800,213700,155600,2900,7100,9200,200,1400,17300,2600,500,5600,1000,2000,1700,6600,1000,500,200,200,100
hh_with_children,percentiles_91_95,1991,211800,210600,154100,2900,7000,9400,200,1300,16200,2700,600,5200,1200,2200,1700,5800,1200,600,200,200,100
hh_with_children,percentiles_91_95,1992,213500,212600,155900,3800,8000,9700,200,1400,16600,2800,500,3400,1100,1500,1700,6100,1000,500,200,200,0
hh_with_children,percentiles_91_95,1993,215100,213900,156000,3700,8700,9700,200,1600,16000,3900,800,2600,1300,1800,2200,5300,1200,600,200,300,100
hh_with_children,percentiles_91_95,1994,219200,217900,157800,4100,9800,9700,200,1800,15800,2800,600,2700,1300,1900,2200,7200,1300,800,300,200,100
hh_with_children,percentiles_91_95,1995,228600,227400,164300,5200,9500,10500,200,2000,17600,2900,400,3100,1400,1800,2200,6300,1200,600,200,200,200
hh_with_children,percentiles_91_95,1996,235100,233500,168000,5900,9100,10600,200,2100,17400,3900,500,3100,1300,2200,2300,7000,1600,900,400,200,100
hh_with_children,percentiles_91_95,1997,244600,243200,172600,5800,8100,10800,200,2200,17800,6700,500,3400,1400,2900,2800,8200,1400,800,400,200,100
hh_with_children,percentiles_91_95,1998,257400,256500,184200,6500,8400,11400,200,2100,18900,7600,400,3100,1500,2200,2400,7600,1000,500,200,100,200
hh_with_children,percentiles_91_95,1999,268200,266900,188700,6800,8400,11800,200,2100,19100,9900,400,2700,1600,2800,2600,9800,1200,600,200,200,200
hh_with_children,percentiles_91_95,2000,276700,275400,192800,7200,8500,12100,200,2100,20300,10200,500,3400,1800,3300,2600,10600,1300,700,300,200,100
hh_with_children,percentiles_91_95,2001,268400,266800,196200,7200,8900,12600,200,1500,18500,4200,500,3000,1300,2500,1600,8600,1600,1000,300,300,100
hh_with_children,percentiles_91_95,2002,262000,260500,191300,7800,10200,12200,200,1300,18600,3200,600,2300,1600,1800,1500,8000,1500,800,200,500,100
hh_with_children,percentiles_91_95,2003,266800,265100,190000,10400,11300,12300,200,1800,18800,3900,500,1800,1300,1700,2000,9000,1700,900,300,500,0
hh_with_children,percentiles_91_95,2004,276500,275000,193600,11400,12400,12600,200,2300,20400,5700,400,1900,1400,2400,2500,7900,1600,1000,300,300,0
hh_with_children,percentiles_91_95,2005,284900,283300,195300,11800,12500,12400,100,3000,22200,7800,400,2300,1300,2500,3100,8500,1600,900,400,300,100
hh_with_children,percentiles_91_95,2006,295700,294200,200900,12400,12700,12700,100,3400,21900,8900,500,3300,1500,3000,3600,9300,1400,800,300,200,100
hh_with_children,percentiles_91_95,2007,305900,304300,205700,13000,11600,13000,100,2900,25200,9800,700,3800,1400,3400,3100,10500,1600,900,400,200,100
hh_with_children,percentiles_91_95,2008,292900,291100,206900,12900,12000,13200,100,1800,20400,3800,800,2900,1600,2700,1700,10400,1700,900,500,300,100
hh_with_children,percentiles_91_95,2009,284000,281300,202800,12300,12500,13500,100,1400,18300,2000,700,2200,1500,1900,1300,10900,2700,1200,600,800,100
hh_with_children,percentiles_91_95,2010,286200,283700,203600,12300,12000,13300,100,1900,19600,2400,500,1400,1500,2000,1600,11400,2400,1100,500,700,100
hh_with_children,percentiles_91_95,2011,288600,286300,203800,12200,11900,13100,100,1900,19700,3200,600,1300,1800,2500,1800,12300,2300,1100,400,600,100
hh_with_children,percentiles_91_95,2012,295300,293000,208300,12500,11800,13400,100,2300,21100,3500,600,1300,1700,3000,1800,11700,2200,1200,500,400,100
hh_with_children,percentiles_91_95,2013,303800,301500,214700,13500,11600,14000,100,2500,20900,4400,500,1100,1700,2600,2400,11600,2300,1100,600,300,300
hh_with_children,percentiles_91_95,2014,310900,308700,217500,13800,11200,14200,100,2700,22600,5900,500,1100,1900,2700,2600,11900,2300,1300,600,300,100
hh_with_children,percentiles_91_95,2015,322400,320100,224300,14500,11200,14400,100,2600,25800,5900,600,1300,2100,3300,2800,11200,2200,1300,700,200,100
hh_with_children,percentiles_91_95,2016,323200,321300,226900,14800,11700,14600,100,2500,25300,5200,500,1200,1800,2900,2400,11500,2000,1300,500,200,100
hh_with_children,percentiles_91_95,2017,332300,330200,231500,14900,11500,15100,100,1900,26800,7000,500,1100,2000,3300,1900,12500,2100,1200,600,200,100
hh_with_children,percentiles_91_95,2018,342600,340600,241600,15600,11700,15400,100,1800,24700,8300,500,1200,1600,3500,1800,12700,2000,1200,500,200,0
hh_with_children,percentiles_91_95,2019,350200,348200,249400,16000,11800,16000,100,1700,25100,7200,400,1500,1800,3300,1700,12300,1900,1200,500,200,0
hh_with_children,percentiles_91_95,2020,361300,358100,256200,16500,11600,16700,100,1800,23500,10700,500,1100,1700,3300,1800,12600,3200,1500,800,900,100
hh_with_children,percentiles_91_95,2021,372200,370200,259900,16600,11300,16500,100,2100,28200,15900,400,700,1700,3700,1900,11000,2000,1000,600,500,0
hh_with_children,percentiles_91_95,2022,372900,370700,262800,16600,11100,16500,100,2600,29700,8600,300,1000,2500,3700,2400,12800,2200,1000,800,200,200
hh_with_children,percentiles_96_99,1979,275100,274100,166500,0,4700,4500,200,2100,40900,19900,1200,9300,3200,6200,9700,5600,1000,700,100,200,100
hh_with_children,percentiles_96_99,1980,267400,266400,169500,0,4300,5000,200,1800,33700,16600,1100,11200,3400,7300,7400,5100,1000,600,100,200,100
hh_with_children,percentiles_96_99,1981,266000,264700,173600,0,4600,5500,200,1500,29200,15400,1300,13400,2800,6800,5500,4900,1300,900,100,200,100
hh_with_children,percentiles_96_99,1982,264700,263600,182500,0,5000,6200,200,900,26100,12200,1600,11500,3000,6600,2800,5000,1100,700,200,100,0
hh_with_children,percentiles_96_99,1983,271700,270600,179700,0,5700,6600,200,1200,27100,18000,2300,10600,3000,5600,3900,6300,1200,700,100,200,100
hh_with_children,percentiles_96_99,1984,289900,288700,189900,1100,5200,7200,200,1500,34400,17900,2200,10700,2900,5000,4300,6200,1300,800,200,200,100
hh_with_children,percentiles_96_99,1985,293700,292500,192500,1800,5900,7600,200,1400,30700,21300,3000,10800,2700,4800,4100,5700,1200,600,200,200,200
hh_with_children,percentiles_96_99,1986,322800,321900,203100,1900,6000,7700,200,1600,35500,33700,3500,9200,3700,4800,4300,6700,900,500,100,200,100
hh_with_children,percentiles_96_99,1987,316300,315100,202800,2200,6700,8000,200,1900,39700,18600,2500,11600,3300,5600,6100,5900,1300,800,200,100,100
hh_with_children,percentiles_96_99,1988,330500,329400,211100,2400,7100,8400,200,2000,46600,16600,1900,11300,2900,5400,5500,8100,1100,500,200,100,200
hh_with_children,percentiles_96_99,1989,330700,329900,212500,2800,7100,8800,200,2000,44200,14100,2500,12900,3000,5600,5300,8800,800,500,100,100,100
hh_with_children,percentiles_96_99,1990,329600,328300,211600,2700,7400,8800,200,1800,48500,12000,2300,11900,3000,5400,5200,7500,1300,700,300,100,200
hh_with_children,percentiles_96_99,1991,324300,323300,208200,3000,7500,9300,200,1700,49500,9800,2500,11100,3000,5200,4700,7700,1000,500,200,200,100
hh_with_children,percentiles_96_99,1992,332300,331100,216700,3800,8400,10500,200,1900,50000,10000,2400,7600,3200,4400,5000,7100,1300,600,200,200,200
hh_with_children,percentiles_96_99,1993,331700,330500,214600,4400,9300,10200,200,2200,49500,10800,2400,6200,3000,4500,5700,7500,1200,700,200,200,100
hh_with_children,percentiles_96_99,1994,337600,336400,217200,4300,10500,10600,200,2400,52200,10100,2100,5400,3200,4200,5900,8000,1200,600,300,200,100
hh_with_children,percentiles_96_99,1995,355900,354700,229800,4700,10400,10800,200,2700,53600,11800,2400,6900,3300,5200,6800,6300,1200,600,300,200,100
hh_with_children,percentiles_96_99,1996,378500,377000,239500,5600,10300,11200,200,2900,56800,16500,1900,6700,3500,6200,7100,8700,1500,900,500,100,0
hh_with_children,percentiles_96_99,1997,399500,398300,253700,5300,9900,11700,200,3100,57200,21700,1900,6700,3500,7100,7400,8900,1200,800,300,100,0
hh_with_children,percentiles_96_99,1998,427600,426200,270200,5800,9600,12300,200,3000,63800,25000,2300,7300,3800,6800,7100,9200,1400,900,300,100,100
hh_with_children,percentiles_96_99,1999,449500,448700,277600,6200,9200,13000,200,3000,67600,33600,2100,7100,3600,7300,7700,10500,900,500,200,100,0
hh_with_children,percentiles_96_99,2000,457700,456000,285600,6500,9600,13400,200,3000,63900,32700,2200,8000,3900,8400,7300,11400,1700,1000,300,100,200
hh_with_children,percentiles_96_99,2001,434400,432800,286600,6100,10400,13200,100,2100,63900,16200,2300,7600,3700,5600,4800,10000,1600,1000,300,200,100
hh_with_children,percentiles_96_99,2002,418800,417300,278400,9100,11300,13300,100,1900,62800,11100,2200,5100,3200,4600,4200,9900,1500,1000,300,300,0
hh_with_children,percentiles_96_99,2003,428000,426700,278600,12800,11900,13500,100,2500,62000,15700,2000,4000,3600,5200,6300,8400,1300,700,300,300,100
hh_with_children,percentiles_96_99,2004,453500,451800,286900,13900,12600,13700,100,3300,67700,21300,1900,4100,3300,6300,7400,9400,1700,1100,300,200,0
hh_with_children,percentiles_96_99,2005,490800,489100,295700,14700,12900,13700,100,4400,77400,30600,2100,5600,3800,7300,10400,10500,1600,900,400,200,100
hh_with_children,percentiles_96_99,2006,508700,507100,304700,15500,12700,14100,100,4900,77300,33700,2700,7300,3700,8200,11200,11000,1600,900,500,200,100
hh_with_children,percentiles_96_99,2007,526100,524500,319400,16000,12100,14500,100,4300,77400,34300,2800,9100,3900,9900,9400,11100,1600,1000,400,200,100
hh_with_children,percentiles_96_99,2008,481700,480100,310500,16500,12100,14600,100,2500,71600,14500,2700,7200,3800,7800,5000,11100,1600,900,400,200,0
hh_with_children,percentiles_96_99,2009,453100,450900,301900,16900,12400,15200,100,2000,63300,7700,2500,4700,3100,5200,3800,12200,2200,1000,500,600,0
hh_with_children,percentiles_96_99,2010,464000,462000,307900,16800,12100,15100,100,2800,63000,10000,2500,3700,3500,5900,4900,13600,2000,1000,500,500,0
hh_with_children,percentiles_96_99,2011,475900,473600,317500,17300,11800,15000,100,2800,63800,9800,2500,3600,3900,6500,5000,13800,2300,1300,600,500,100
hh_with_children,percentiles_96_99,2012,500000,498200,323800,16700,11900,15100,100,3400,75600,14800,2100,3000,4100,7400,5600,14500,1900,1000,500,300,0
hh_with_children,percentiles_96_99,2013,504300,502100,324800,17600,11500,15600,100,3600,77300,16400,2000,2700,4200,7600,7500,11100,2200,1300,600,200,100
hh_with_children,percentiles_96_99,2014,526900,524600,337200,18100,11200,16000,100,4100,78500,21700,1800,2500,4700,8500,8200,12100,2400,1500,700,200,0
hh_with_children,percentiles_96_99,2015,544100,541600,353000,18800,11500,16400,100,3900,82800,19100,1800,2600,3700,8300,7200,12400,2500,1400,800,200,0
hh_with_children,percentiles_96_99,2016,542800,541000,357200,19000,11500,16500,100,3700,79900,18000,1600,2500,3800,8600,7100,11400,1900,1100,500,100,100
hh_with_children,percentiles_96_99,2017,565800,563500,366600,19300,11900,17200,100,2800,84000,26700,1800,2700,4100,9400,5800,10900,2300,1400,700,200,100
hh_with_children,percentiles_96_99,2018,577300,575500,374600,20200,11600,17500,100,2700,87000,26500,1600,3200,4000,10100,5300,11200,1800,1000,600,100,0
hh_with_children,percentiles_96_99,2019,592700,590800,389400,20600,11900,18100,100,2600,84700,25200,1400,3800,4800,10500,5200,12500,1900,1000,500,200,200
hh_with_children,percentiles_96_99,2020,605100,602600,398900,21200,11900,19000,100,2700,78400,33100,1500,2900,5300,9800,5300,12400,2600,1100,500,900,100
hh_with_children,percentiles_96_99,2021,665600,663200,417200,20500,11200,18700,100,3300,97900,54400,1400,2200,4000,11400,6000,15000,2400,1200,800,400,0
hh_with_children,percentiles_96_99,2022,638400,636000,416800,21200,11300,18900,100,4000,91500,29000,1400,3000,5000,12200,7400,14200,2400,1100,1100,200,0
hh_with_children,top_1_percent,1979,779200,777600,323600,0,4200,3600,200,4000,88300,185500,11500,29000,12000,41500,68000,6400,1600,1300,200,100,0
hh_with_children,top_1_percent,1980,752300,751200,337200,0,3900,4300,200,3400,72400,174800,9200,33900,11900,40200,51300,8300,1200,900,100,200,0
hh_with_children,top_1_percent,1981,778300,777100,350000,0,4900,4700,200,2800,60300,186100,12800,47500,14000,44000,43700,6100,1200,800,100,200,0
hh_with_children,top_1_percent,1982,792000,790600,363100,0,5100,6100,200,1800,68200,199600,15000,41400,15900,38300,26700,9100,1300,900,200,100,200
hh_with_children,top_1_percent,1983,924100,922500,387100,0,5800,6700,200,2600,87500,266500,20200,43900,15300,39800,38800,8000,1600,1000,300,100,200
hh_with_children,top_1_percent,1984,1013200,1011400,433300,1000,5400,7300,200,3300,106900,272400,24100,57000,14300,28600,44000,13500,1800,1400,200,200,100
hh_with_children,top_1_percent,1985,1013600,1012800,406200,1500,5800,7300,200,2900,101600,328200,22900,47800,12500,29400,41400,5300,800,600,100,100,100
hh_with_children,top_1_percent,1986,1590200,1588900,426500,1600,5400,7500,200,3200,106700,800600,38500,48100,10500,73000,64300,2800,1300,400,200,100,600
hh_with_children,top_1_percent,1987,1129300,1128000,525500,1900,7500,8700,200,4800,166900,220400,19000,66100,13500,31200,50600,11800,1300,700,300,100,200
hh_with_children,top_1_percent,1988,1375800,1374800,612000,2000,8100,8600,200,5600,246800,265600,17500,72600,12800,40300,57900,24700,1100,600,200,0,300
hh_with_children,top_1_percent,1989,1316800,1315900,562500,2400,8300,9000,200,5000,249500,228300,20100,91000,15400,46600,55900,21800,900,500,100,100,200
hh_with_children,top_1_percent,1990,1105500,1104300,526400,2400,8900,9100,200,4400,211900,154900,14300,65600,12500,31000,43700,18900,1100,400,200,100,400
hh_with_children,top_1_percent,1991,1114300,1113200,519400,2700,8300,8000,200,3900,222700,138000,22500,69800,12800,36300,44300,24300,1100,500,200,200,200
hh_with_children,top_1_percent,1992,1226600,1225200,594400,3200,8100,10700,200,4900,248400,161400,20500,50600,14700,33800,53400,20900,1400,900,400,100,0
hh_with_children,top_1_percent,1993,1238200,1237300,581800,3600,9000,8900,200,5500,241900,190500,20100,44600,16700,32200,66000,16400,900,500,200,100,100
hh_with_children,top_1_percent,1994,1203200,1202400,554000,3800,10700,13700,200,5700,258600,165300,19700,39600,15300,30300,66200,19400,800,200,100,100,400
hh_with_children,top_1_percent,1995,1422800,1420900,622800,3900,13200,15800,100,6900,293100,217600,23300,58900,16000,42300,83700,23200,2000,1100,800,100,0
hh_with_children,top_1_percent,1996,1566600,1565800,661500,4400,12400,16600,100,7500,310900,307600,20000,52700,16200,42300,86200,27400,700,400,200,100,0
hh_with_children,top_1_percent,1997,1707700,1706400,689100,4400,10000,17500,100,7900,308800,410000,22500,52100,17200,46800,93000,27200,1300,900,300,0,0
hh_with_children,top_1_percent,1998,1985000,1983800,800700,4600,11100,19600,100,8300,344300,525200,23700,59000,14600,47700,96000,28800,1200,800,300,100,0
hh_with_children,top_1_percent,1999,2423500,2423000,973300,5100,9900,22600,100,9900,394500,699400,27700,65300,14800,55800,111300,33300,400,300,100,100,0
hh_with_children,top_1_percent,2000,2735400,2734100,1106800,5500,10700,24800,100,10800,377400,858700,29500,75700,14700,68000,119400,32000,1300,900,300,100,0
hh_with_children,top_1_percent,2001,2121100,2119500,933200,5200,11300,22200,100,6300,407600,441800,29900,75300,18300,54600,83600,30100,1600,1000,200,100,200
hh_with_children,top_1_percent,2002,1854500,1852800,841700,9200,11700,20700,100,5200,435500,294100,26500,52100,15600,43500,71000,26000,1700,1000,500,200,0
hh_with_children,top_1_percent,2003,1971400,1970000,822400,12400,13000,20300,100,7000,442000,366900,26100,51900,17000,56500,108000,26400,1400,800,400,200,0
hh_with_children,top_1_percent,2004,2303500,2301900,870500,13300,12100,20700,100,9100,488000,536600,24700,56200,16200,85000,140900,28400,1600,1200,300,100,0
hh_with_children,top_1_percent,2005,2697900,2696200,904100,13100,13300,21200,100,12400,563400,723900,30100,84700,19500,89800,189300,31300,1700,1100,300,100,100
hh_with_children,top_1_percent,2006,3096400,3094700,968800,13600,12800,22200,100,14300,628200,864000,44600,128200,19500,123100,224700,30500,1700,1200,400,100,0
hh_with_children,top_1_percent,2007,3358300,3356700,1074400,14100,12100,23700,100,13400,609500,1021100,48600,148400,19300,141000,198800,32300,1500,1000,400,100,0
hh_with_children,top_1_percent,2008,2657200,2655200,982900,14700,12500,22600,100,7400,592600,573300,41000,103400,22400,123100,123300,35900,2000,1000,400,200,400
hh_with_children,top_1_percent,2009,1910900,1909300,807700,16200,12800,21000,100,4900,522000,246700,27800,62700,15000,68000,78300,26300,1600,800,400,400,0
hh_with_children,top_1_percent,2010,2448500,2446600,902200,15900,10900,21800,100,7600,574600,484300,32700,75500,16900,111800,149800,42500,1900,1100,400,400,0
hh_with_children,top_1_percent,2011,2301600,2299400,909900,16200,10800,21900,100,7500,550300,426200,26600,55600,17500,86700,130100,40100,2100,1300,600,300,0
hh_with_children,top_1_percent,2012,2799100,2796100,966500,15300,10700,22800,100,9400,655000,650900,26900,64200,21200,143700,158300,51200,3000,1800,900,200,0
hh_with_children,top_1_percent,2013,2401300,2399600,910900,16800,11400,22400,100,9400,582800,464300,24100,56200,20500,97800,150100,32800,1700,1100,400,100,0
hh_with_children,top_1_percent,2014,2755300,2753400,975500,16600,10000,22400,100,10900,608400,666200,23600,56000,24200,124000,176200,39400,1900,1400,400,100,0
hh_with_children,top_1_percent,2015,2933700,2931800,1048800,17700,9200,24800,100,10800,681200,690500,23100,57400,19200,133800,176100,39000,2000,1300,500,200,0
hh_with_children,top_1_percent,2016,2712000,2710400,995300,18100,10700,24000,100,9600,659900,588900,18900,53100,17600,113400,158900,42000,1600,1100,300,100,0
hh_with_children,top_1_percent,2017,2874900,2872300,1019000,17900,10600,24800,100,7400,697800,724500,19100,58200,18600,121700,113900,38800,2600,1600,900,100,0
hh_with_children,top_1_percent,2018,2710600,2707900,959900,18600,10300,24100,100,6500,610600,729700,17600,55200,19300,116600,99700,39800,2700,1500,1000,100,0
hh_with_children,top_1_percent,2019,2656500,2654500,1000600,19500,11200,25400,100,6200,597800,652000,17700,61300,20800,111400,91400,39200,2000,1200,500,100,100
hh_with_children,top_1_percent,2020,3016700,3014300,1074900,20100,11200,27100,100,6800,661300,873500,15700,50600,21500,108300,96300,46900,2400,1200,600,600,0
hh_with_children,top_1_percent,2021,4349400,4347100,1290500,18400,10800,29500,100,9400,897400,1648500,16100,51400,20500,159100,134500,60800,2300,1300,800,300,0
hh_with_children,top_1_percent,2022,3213300,3211100,1080700,18900,10100,26700,100,9600,790600,872100,13100,51200,23900,120500,145300,48400,2100,1100,900,100,0
elderly_headed_hh,all_quintiles,1979,57200,38700,9700,0,400,500,0,100,2000,4100,400,7000,1400,3400,3900,5700,18500,13900,4300,100,100
elderly_headed_hh,all_quintiles,1980,57300,38000,9300,0,300,500,0,100,1600,3500,500,8600,1500,3500,3100,5600,19300,14300,4800,100,100
elderly_headed_hh,all_quintiles,1981,60000,39600,9300,0,300,500,0,100,1200,3300,500,10900,1600,3600,2500,5800,20400,15000,5200,100,100
elderly_headed_hh,all_quintiles,1982,62400,40500,9700,0,300,500,0,100,1100,3500,700,11800,1500,3800,1600,6000,21900,15800,5800,100,100
elderly_headed_hh,all_quintiles,1983,64600,41800,9400,0,400,500,0,100,1300,4600,800,11100,1400,3600,2100,6500,22800,16300,6300,100,100
elderly_headed_hh,all_quintiles,1984,68400,45300,10200,0,300,600,0,100,1500,5100,1000,12000,1500,3500,2500,7000,23000,16400,6400,100,100
elderly_headed_hh,all_quintiles,1985,70400,46900,10200,100,400,600,0,100,1400,6100,1100,11800,1500,3600,2300,7900,23500,16500,6800,100,100
elderly_headed_hh,all_quintiles,1986,75300,51200,10200,100,400,600,0,100,1500,10900,1300,10600,1400,3600,2500,7900,24100,16800,7100,100,200
elderly_headed_hh,all_quintiles,1987,68400,44900,9700,100,400,600,0,100,1600,4600,2000,9400,1200,3800,3100,8200,23600,16500,7000,100,100
elderly_headed_hh,all_quintiles,1988,70900,47400,9900,100,500,600,0,100,2000,4900,2000,9700,1200,4000,3200,9200,23500,16500,7000,100,0
elderly_headed_hh,all_quintiles,1989,71500,47800,9400,100,500,600,0,100,1900,4300,2200,10900,1200,4000,3100,9500,23700,16500,7100,100,100
elderly_headed_hh,all_quintiles,1990,71200,46700,9900,100,500,600,0,100,2000,2900,2200,10700,1300,3700,2800,9900,24500,16800,7600,100,100
elderly_headed_hh,all_quintiles,1991,68500,43000,9100,100,500,600,0,100,1400,2300,2200,9400,1200,3300,2500,10400,25400,17300,7900,100,100
elderly_headed_hh,all_quintiles,1992,71500,44800,9900,100,500,600,0,100,1900,2900,2400,7400,1300,3600,2900,11100,26700,18000,8500,100,100
elderly_headed_hh,all_quintiles,1993,72100,44200,9500,100,600,600,0,100,1800,3500,2400,5800,1400,3500,3300,11400,27900,18300,9300,100,100
elderly_headed_hh,all_quintiles,1994,72200,44000,9500,100,600,600,0,100,1900,3300,2400,5300,1400,3500,3500,11700,28200,18500,9500,100,100
elderly_headed_hh,all_quintiles,1995,76400,47400,10300,200,600,700,0,100,1900,3800,2200,6200,1400,3700,3800,12300,28900,18800,10000,100,100
elderly_headed_hh,all_quintiles,1996,83700,53800,11300,200,600,700,0,100,2300,5900,2300,6800,1600,4200,4400,13300,29900,19100,10600,100,100
elderly_headed_hh,all_quintiles,1997,88100,57700,11500,200,500,700,0,100,2600,8000,2300,6900,1600,4600,4400,14200,30400,19300,11000,100,100
elderly_headed_hh,all_quintiles,1998,92900,62300,12400,300,500,800,0,100,2800,10000,2300,6900,1600,4500,4200,15800,30700,19900,10700,100,100
elderly_headed_hh,all_quintiles,1999,96100,65800,13100,300,600,900,0,100,3200,11000,2400,6600,1700,4900,4100,16900,30300,19900,10200,100,100
elderly_headed_hh,all_quintiles,2000,94500,64800,12900,300,600,900,0,100,2900,10900,2100,6800,1600,4500,3700,17300,29700,19500,10000,100,100
elderly_headed_hh,all_quintiles,2001,89400,58300,12900,300,600,900,0,100,2800,6100,2100,6800,1700,3900,2700,17300,31100,20200,10800,100,100
elderly_headed_hh,all_quintiles,2002,86200,54100,12400,300,700,800,0,100,2900,4900,2100,5100,1700,3500,2500,17100,32100,20500,11300,100,100
elderly_headed_hh,all_quintiles,2003,87600,55300,13000,400,800,900,0,100,3100,5600,2000,4000,1700,3600,3200,16800,32300,20600,11500,100,100
elderly_headed_hh,all_quintiles,2004,94600,62300,13700,500,900,900,0,200,3700,9100,1900,3800,1800,4300,4100,17600,32200,20000,12000,100,100
elderly_headed_hh,all_quintiles,2005,103000,69500,14500,600,1000,900,0,200,4500,11500,1800,4300,1900,4500,5200,18500,33400,20900,12400,100,100
elderly_headed_hh,all_quintiles,2006,109000,73600,14800,600,1000,1000,0,200,4200,12500,2100,5500,1900,5000,5700,19200,35400,21400,13900,100,100
elderly_headed_hh,all_quintiles,2007,117700,82300,16500,600,1000,1100,0,200,4500,15500,2300,6500,1900,5900,5200,21100,35400,21500,13700,100,100
elderly_headed_hh,all_quintiles,2008,103500,67500,16400,700,1100,1100,0,100,3700,6800,2100,5200,2200,5100,2900,20200,35900,21700,13900,200,100
elderly_headed_hh,all_quintiles,2009,98000,59000,16300,700,1100,1100,0,100,3000,3600,2100,4200,1800,4000,2300,18800,39000,23500,15000,400,100
elderly_headed_hh,all_quintiles,2010,102400,63900,16600,700,1200,1100,0,200,4000,4700,2100,3200,1900,4100,2900,21400,38500,23200,14700,500,100
elderly_headed_hh,all_quintiles,2011,103100,65700,17200,700,1200,1100,0,200,4800,5100,2000,2700,2000,4300,3000,21500,37400,22800,14200,400,100
elderly_headed_hh,all_quintiles,2012,110700,72800,18200,800,1200,1200,0,200,5500,8900,1800,2200,2100,5300,3600,21900,37900,23400,14200,300,100
elderly_headed_hh,all_quintiles,2013,108000,70100,18600,800,1200,1200,0,200,5400,6600,1700,1900,2200,4400,3800,22100,37900,23500,14100,200,100
elderly_headed_hh,all_quintiles,2014,112000,74500,19100,800,1200,1200,0,200,6000,9100,1500,1700,2200,5000,4100,22400,37600,23300,14000,100,100
elderly_headed_hh,all_quintiles,2015,115300,76600,20400,900,1300,1300,0,200,6400,9100,1400,1700,2000,5000,3900,23000,38700,24100,14400,100,100
elderly_headed_hh,all_quintiles,2016,112900,74200,20400,900,1300,1300,0,200,6400,7600,1300,1700,1800,4800,3600,22900,38700,24000,14500,100,100
elderly_headed_hh,all_quintiles,2017,115800,77600,21200,1000,1300,1400,0,200,6300,10300,1300,1700,1900,5000,2700,23300,38300,23900,14200,100,100
elderly_headed_hh,all_quintiles,2018,120300,82200,22200,1000,2200,1400,0,200,6700,11000,1200,2000,2000,5500,2600,24200,38100,23900,14000,100,100
elderly_headed_hh,all_quintiles,2019,124500,84500,23200,1100,2200,1500,0,200,6800,10300,1200,2500,2000,5700,2500,25200,40000,24700,15100,100,100
elderly_headed_hh,all_quintiles,2020,126400,83700,23100,1100,2100,1500,0,200,6800,12200,1200,2000,2300,5600,2500,23100,42700,24900,17200,500,100
elderly_headed_hh,all_quintiles,2021,139300,97500,23500,1100,2100,1500,0,200,8700,21000,1000,1500,2100,5900,2800,26200,41800,24300,17100,300,100
elderly_headed_hh,all_quintiles,2022,132700,90900,23400,1100,1900,1500,0,200,9400,12500,900,1800,2200,5900,3400,26500,41800,24500,17100,100,100
elderly_headed_hh,lowest_quintile,1979,23400,5100,1300,0,0,100,0,0,200,0,0,1100,300,100,300,1700,18300,13600,4400,0,200
elderly_headed_hh,lowest_quintile,1980,23200,4200,1100,0,0,100,0,0,100,0,0,1100,200,100,200,1400,18900,13800,4900,0,200
elderly_headed_hh,lowest_quintile,1981,23800,4000,1000,0,0,100,0,0,100,0,0,1100,200,100,200,1300,19800,14400,5200,0,200
elderly_headed_hh,lowest_quintile,1982,24700,3800,1000,0,0,100,0,0,0,0,0,1100,200,100,100,1100,20900,14800,5800,0,200
elderly_headed_hh,lowest_quintile,1983,25300,3600,800,0,0,100,0,0,0,0,0,1200,100,100,100,1100,21700,15200,6300,0,200
elderly_headed_hh,lowest_quintile,1984,26300,4500,1000,0,0,100,0,0,0,0,0,1400,200,100,200,1500,21800,15200,6300,100,200
elderly_headed_hh,lowest_quintile,1985,26400,4500,1000,0,0,100,0,0,0,0,0,1400,200,100,200,1400,21900,15100,6600,0,200
elderly_headed_hh,lowest_quintile,1986,27000,4300,900,0,0,100,0,0,0,0,0,1300,100,100,200,1500,22700,15600,6900,0,200
elderly_headed_hh,lowest_quintile,1987,26300,4000,800,0,0,100,0,0,0,0,0,1200,100,100,200,1400,22300,15200,6900,0,200
elderly_headed_hh,lowest_quintile,1988,26500,4200,800,0,0,100,0,0,0,0,0,1100,200,200,200,1600,22300,15300,6900,0,100
elderly_headed_hh,lowest_quintile,1989,26800,4500,900,0,0,100,0,0,0,0,0,1200,200,200,200,1700,22300,15200,7000,0,100
elderly_headed_hh,lowest_quintile,1990,27900,4800,1000,0,0,100,0,0,100,-100,0,1300,200,200,200,1800,23100,15500,7400,0,100
elderly_headed_hh,lowest_quintile,1991,28400,4600,900,0,0,100,0,0,100,0,0,1200,100,200,200,1800,23800,15900,7700,0,100
elderly_headed_hh,lowest_quintile,1992,29000,4100,800,0,0,100,0,0,0,0,0,1000,100,200,200,1600,24900,16500,8300,100,100
elderly_headed_hh,lowest_quintile,1993,30200,4000,800,0,0,100,0,0,0,0,0,900,100,200,200,1700,26200,16900,9100,100,100
elderly_headed_hh,lowest_quintile,1994,30800,3800,800,0,0,100,0,0,0,0,0,700,200,200,200,1600,27000,17600,9200,0,200
elderly_headed_hh,lowest_quintile,1995,32200,4500,900,0,0,100,0,0,100,0,0,800,100,200,300,1900,27700,17900,9700,0,100
elderly_headed_hh,lowest_quintile,1996,32600,4400,900,0,0,100,0,0,0,0,0,700,100,200,200,1900,28300,17900,10300,0,100
elderly_headed_hh,lowest_quintile,1997,33800,4800,1100,0,0,100,0,0,100,100,0,700,100,200,200,2100,29000,18300,10600,0,100
elderly_headed_hh,lowest_quintile,1998,35500,5600,1200,0,0,100,0,0,100,100,0,900,200,200,300,2500,29900,19200,10600,0,0
elderly_headed_hh,lowest_quintile,1999,35900,6300,1500,0,0,100,0,0,100,100,0,800,200,300,300,2900,29500,19200,10200,0,100
elderly_headed_hh,lowest_quintile,2000,34100,5900,1400,0,100,100,0,0,100,100,0,700,200,200,200,2800,28200,18300,9800,0,100
elderly_headed_hh,lowest_quintile,2001,34000,5600,1200,0,0,100,0,0,0,0,0,900,200,300,200,2700,28400,17800,10500,0,100
elderly_headed_hh,lowest_quintile,2002,34800,5600,1100,0,0,100,0,0,100,-100,0,800,200,300,200,2900,29300,18000,11100,100,100
elderly_headed_hh,lowest_quintile,2003,34400,5000,1000,0,0,100,0,0,100,-100,0,700,200,300,200,2700,29400,18100,11100,100,100
elderly_headed_hh,lowest_quintile,2004,34500,5300,1100,0,0,100,0,0,100,-100,0,500,100,300,200,3000,29300,17400,11700,100,100
elderly_headed_hh,lowest_quintile,2005,35300,5200,1000,0,0,100,0,0,100,0,0,500,100,200,200,2800,30100,18000,12000,0,100
elderly_headed_hh,lowest_quintile,2006,37800,5700,1200,0,0,100,0,0,100,0,0,600,100,200,300,3000,32200,18600,13500,0,100
elderly_headed_hh,lowest_quintile,2007,38500,6800,1400,0,100,100,0,0,0,100,0,700,100,200,200,3700,31700,18400,13200,100,100
elderly_headed_hh,lowest_quintile,2008,39100,6300,1300,0,0,100,0,0,0,-100,0,700,200,300,200,3500,32800,19100,13500,100,100
elderly_headed_hh,lowest_quintile,2009,40700,5300,1200,0,0,100,0,0,0,-200,0,600,200,300,100,3000,35400,20500,14500,300,100
elderly_headed_hh,lowest_quintile,2010,40200,5100,1100,0,0,100,0,0,100,-100,0,400,200,200,100,3000,35100,20100,14500,400,0
elderly_headed_hh,lowest_quintile,2011,39800,5100,1100,0,0,100,0,0,100,-100,0,300,200,300,100,3100,34600,20200,14000,300,0
elderly_headed_hh,lowest_quintile,2012,39600,4900,1100,0,0,100,0,0,100,-100,0,200,100,200,100,2900,34700,20500,13900,200,100
elderly_headed_hh,lowest_quintile,2013,39700,5300,1100,0,0,100,0,0,100,0,0,200,200,200,200,3200,34400,20300,13900,100,100
elderly_headed_hh,lowest_quintile,2014,38600,5000,1100,0,0,100,0,0,100,0,0,100,100,200,100,3000,33500,19800,13600,100,100
elderly_headed_hh,lowest_quintile,2015,40700,5800,1200,0,100,100,0,0,100,0,0,200,200,200,100,3500,35000,20800,14000,0,100
elderly_headed_hh,lowest_quintile,2016,40700,5700,1300,0,100,100,0,0,100,0,0,200,200,200,100,3500,35100,20900,14100,0,100
elderly_headed_hh,lowest_quintile,2017,40300,5500,1300,0,0,100,0,0,100,0,0,100,200,200,100,3300,34700,20700,13900,0,100
elderly_headed_hh,lowest_quintile,2018,40300,6100,1300,0,300,100,0,0,100,0,0,200,200,200,100,3600,34100,20400,13600,0,0
elderly_headed_hh,lowest_quintile,2019,43700,7200,1600,0,300,100,0,0,100,0,0,200,200,300,100,4100,36500,21700,14700,0,100
elderly_headed_hh,lowest_quintile,2020,44600,6300,1500,0,300,100,0,0,100,0,0,200,200,300,100,3500,38300,21200,16600,300,100
elderly_headed_hh,lowest_quintile,2021,43500,6000,1200,0,300,100,0,0,200,100,0,100,200,200,100,3500,37500,20700,16500,200,100
elderly_headed_hh,lowest_quintile,2022,44700,6800,1400,0,200,100,0,0,100,0,0,100,200,300,100,4200,37900,21300,16500,100,100
elderly_headed_hh,second_quintile,1979,50200,30500,9000,0,400,500,0,100,700,500,0,7400,900,1100,2400,7500,19700,15100,4400,200,100
elderly_headed_hh,second_quintile,1980,50100,28800,7700,0,300,500,0,100,600,400,0,8200,800,1100,1900,7300,21200,16000,5000,100,100
elderly_headed_hh,second_quintile,1981,50600,28300,6900,0,300,400,0,100,400,200,0,9400,800,1300,1400,7000,22300,16600,5400,100,100
elderly_headed_hh,second_quintile,1982,50800,27000,6300,0,300,400,0,0,300,300,0,10300,700,1400,900,6100,23800,17500,6000,100,100
elderly_headed_hh,second_quintile,1983,50800,26100,6200,0,300,400,0,0,300,300,0,9300,600,1100,1100,6400,24700,18000,6500,100,100
elderly_headed_hh,second_quintile,1984,53800,28600,6800,0,200,500,0,100,400,400,100,9900,600,1100,1300,7300,25200,18300,6600,100,100
elderly_headed_hh,second_quintile,1985,54300,28500,6100,0,300,400,0,0,400,300,100,9900,700,1100,1200,8000,25800,18400,7100,200,100
elderly_headed_hh,second_quintile,1986,54500,28600,6400,0,200,400,0,100,100,400,100,9300,600,1100,1200,8500,25900,18500,7300,100,100
elderly_headed_hh,second_quintile,1987,53800,28200,5700,0,300,400,0,100,600,400,100,7900,600,1300,1500,9200,25600,18200,7200,100,100
elderly_headed_hh,second_quintile,1988,54400,29200,5800,0,300,400,0,100,500,200,100,7900,600,1500,1500,10100,25200,17900,7200,100,0
elderly_headed_hh,second_quintile,1989,55100,29100,5600,0,300,400,0,100,500,300,100,8200,600,1300,1400,10200,26000,18300,7500,100,100
elderly_headed_hh,second_quintile,1990,56900,29900,5900,0,300,400,0,100,400,100,100,8300,600,1500,1400,10600,27000,18700,8100,100,100
elderly_headed_hh,second_quintile,1991,56600,28800,5600,0,300,400,0,0,400,200,100,7600,600,1400,1300,10900,27800,19100,8400,100,100
elderly_headed_hh,second_quintile,1992,57200,28100,5500,0,300,400,0,0,500,300,200,6200,600,1400,1300,11400,29100,19900,8900,200,100
elderly_headed_hh,second_quintile,1993,58700,28300,5500,0,400,400,0,100,500,400,100,5000,700,1500,1500,12200,30500,20200,9900,200,200
elderly_headed_hh,second_quintile,1994,58800,28300,5200,0,400,400,0,100,400,300,200,4700,600,1600,1600,12800,30500,20300,9900,100,100
elderly_headed_hh,second_quintile,1995,61800,30400,6200,100,400,500,0,100,400,400,200,4900,700,1500,1700,13400,31300,20500,10600,100,100
elderly_headed_hh,second_quintile,1996,62300,30100,5900,100,300,400,0,100,400,500,200,4900,700,1500,1700,13300,32300,20900,11200,100,100
elderly_headed_hh,second_quintile,1997,63700,31300,6300,100,300,500,0,100,500,700,200,5000,700,1500,1600,13900,32300,20700,11500,100,100
elderly_headed_hh,second_quintile,1998,65000,33400,6800,100,300,500,0,100,400,1000,200,5100,700,1500,1500,15200,31600,20400,11100,100,100
elderly_headed_hh,second_quintile,1999,65000,34300,7000,100,300,500,0,100,500,900,200,4900,700,1600,1500,15900,30700,19900,10700,100,100
elderly_headed_hh,second_quintile,2000,63200,34200,7300,100,400,600,0,100,400,1000,200,4700,600,1500,1300,16100,29000,18500,10400,100,100
elderly_headed_hh,second_quintile,2001,66300,33700,7100,100,400,500,0,100,400,500,200,4900,700,1600,1000,16200,32600,21000,11400,100,100
elderly_headed_hh,second_quintile,2002,66500,32600,6900,100,300,500,0,0,300,100,200,3800,800,1500,900,17100,33900,21600,12100,200,100
elderly_headed_hh,second_quintile,2003,66700,32200,6800,100,400,500,0,100,500,0,200,2900,700,1400,1000,17600,34500,21900,12300,200,100
elderly_headed_hh,second_quintile,2004,66800,33200,7300,100,500,500,0,100,500,200,200,2500,700,1400,1100,18100,33700,20700,12800,100,0
elderly_headed_hh,second_quintile,2005,70200,34300,7500,100,500,600,0,100,600,300,200,2600,700,1400,1300,18300,35900,22300,13300,100,100
elderly_headed_hh,second_quintile,2006,72700,35100,7900,100,500,600,0,100,600,500,200,3000,700,1300,1400,18000,37600,22600,14700,100,200
elderly_headed_hh,second_quintile,2007,75700,37400,8400,100,600,600,0,100,300,800,200,3400,700,1300,1200,19600,38300,23200,14900,100,100
elderly_headed_hh,second_quintile,2008,74400,35400,8300,100,400,600,0,100,300,100,200,3100,800,1400,800,19100,39000,23500,15300,200,100
elderly_headed_hh,second_quintile,2009,74500,32400,7400,100,400,600,0,0,400,-300,300,2500,800,1400,600,18100,42100,25300,16200,500,100
elderly_headed_hh,second_quintile,2010,73400,31800,7100,100,400,500,0,100,300,-100,200,1700,800,1200,600,19000,41600,25000,16000,500,100
elderly_headed_hh,second_quintile,2011,72600,32200,7200,100,400,500,0,100,400,0,200,1300,700,1300,600,19300,40400,24800,15100,400,100
elderly_headed_hh,second_quintile,2012,73000,31800,7100,100,500,500,0,100,500,100,200,1000,800,1500,600,19000,41100,25300,15400,400,100
elderly_headed_hh,second_quintile,2013,74100,32900,7600,100,500,600,0,100,600,300,200,800,800,1100,700,19600,41100,25500,15200,300,200
elderly_headed_hh,second_quintile,2014,73900,33300,8100,100,500,600,0,100,600,600,100,600,800,1000,800,19300,40700,25400,15000,100,100
elderly_headed_hh,second_quintile,2015,77200,35200,8500,100,600,600,0,100,600,500,200,700,700,1200,700,20700,42000,26300,15500,100,100
elderly_headed_hh,second_quintile,2016,77800,35600,8600,100,500,600,0,100,600,300,200,600,700,1200,700,21300,42200,26300,15700,100,100
elderly_headed_hh,second_quintile,2017,77500,36000,9000,100,600,700,0,100,700,600,200,600,700,1200,500,21100,41400,26100,15100,100,100
elderly_headed_hh,second_quintile,2018,78700,37100,9300,200,1400,700,0,100,600,600,200,700,800,1100,500,20900,41600,26400,14900,100,100
elderly_headed_hh,second_quintile,2019,83400,40100,10300,200,1500,800,0,100,600,800,100,900,800,1300,500,22100,43300,26900,16200,100,100
elderly_headed_hh,second_quintile,2020,83000,36400,9100,100,1300,700,0,100,500,700,200,800,900,1200,500,20400,46700,27600,18400,600,100
elderly_headed_hh,second_quintile,2021,83000,37500,9400,200,1400,700,0,100,700,1000,100,500,600,1000,400,21400,45500,26800,18300,300,100
elderly_headed_hh,second_quintile,2022,84900,39400,10400,200,1200,800,0,100,600,600,100,600,700,1200,600,22300,45500,27000,18300,100,100
elderly_headed_hh,middle_quintile,1979,69100,50400,15800,0,800,900,100,200,1400,1600,100,10900,1500,2400,3900,10800,18800,14200,4200,200,100
elderly_headed_hh,middle_quintile,1980,67600,48000,14500,0,600,900,100,200,900,1000,100,12700,1400,2300,3100,10300,19600,14700,4600,200,100
elderly_headed_hh,middle_quintile,1981,69500,48200,13300,0,600,800,100,100,700,900,100,15700,1200,2700,2500,9400,21300,15800,5300,100,100
elderly_headed_hh,middle_quintile,1982,70400,47000,13100,0,600,800,100,100,400,600,100,16400,1100,2200,1400,10000,23400,17200,5900,200,100
elderly_headed_hh,middle_quintile,1983,70800,46200,12300,0,600,800,100,100,700,900,200,14700,1200,2100,1800,10800,24700,18200,6300,100,100
elderly_headed_hh,middle_quintile,1984,74000,49000,12100,0,500,800,100,100,800,1200,200,16600,1300,2300,2300,10600,25000,18100,6600,200,0
elderly_headed_hh,middle_quintile,1985,74900,49500,11900,100,600,800,100,100,600,1100,200,15800,1100,2700,2000,12500,25300,18000,7100,100,100
elderly_headed_hh,middle_quintile,1986,77500,51500,12400,100,600,900,100,100,1000,2200,100,14200,1100,2900,2100,13700,26000,18200,7500,200,200
elderly_headed_hh,middle_quintile,1987,75000,50600,13400,100,700,900,100,100,500,1300,300,12700,1200,3000,2700,13600,24400,17200,7000,100,100
elderly_headed_hh,middle_quintile,1988,75000,51400,13100,100,700,1000,100,100,900,800,300,12700,1100,2800,2600,15100,23600,16600,6900,100,0
elderly_headed_hh,middle_quintile,1989,75600,52200,12200,100,900,900,0,100,700,900,400,14300,1000,2900,2700,15100,23400,16000,7200,100,100
elderly_headed_hh,middle_quintile,1990,75700,52200,12700,100,800,900,0,100,1000,400,400,13400,1100,2700,2400,15900,23500,15600,7700,100,100
elderly_headed_hh,middle_quintile,1991,75600,50800,11400,100,700,800,0,100,700,600,500,12200,1200,2800,2200,17600,24700,16300,8300,100,0
elderly_headed_hh,middle_quintile,1992,76600,51100,11700,100,800,900,0,100,900,900,700,10300,1000,2900,2500,18300,25500,16500,8700,200,100
elderly_headed_hh,middle_quintile,1993,76800,50400,11700,100,900,900,0,100,900,1400,800,7200,1200,2900,2600,19700,26400,16400,9700,200,100
elderly_headed_hh,middle_quintile,1994,77900,51800,12700,200,1000,900,0,100,800,1000,900,6700,1300,3200,2800,20100,26000,16200,9600,100,100
elderly_headed_hh,middle_quintile,1995,79900,53900,13400,200,1000,1000,0,200,700,1100,800,8000,1200,2800,3000,20500,25900,15600,10200,100,100
elderly_headed_hh,middle_quintile,1996,81800,54100,12500,200,800,900,0,200,800,1500,600,8200,1200,3000,3100,21000,27700,16500,11000,100,200
elderly_headed_hh,middle_quintile,1997,83500,55700,12700,200,800,1000,0,200,600,2300,600,8000,1200,3100,3000,21900,27800,16200,11400,100,200
elderly_headed_hh,middle_quintile,1998,85500,57500,13300,200,700,1000,0,200,700,2600,700,7700,1100,3100,2700,23400,28100,17100,10800,100,100
elderly_headed_hh,middle_quintile,1999,87600,59300,14200,300,800,1100,0,200,800,2800,600,7100,1000,3300,2600,24700,28300,17900,10200,100,100
elderly_headed_hh,middle_quintile,2000,88900,60000,14300,400,900,1100,0,200,600,2600,500,7400,1100,3100,2400,25500,28900,18500,10300,100,100
elderly_headed_hh,middle_quintile,2001,91400,58700,14000,300,900,1100,0,100,800,1200,600,7500,1200,2700,1700,26500,32600,21400,11000,100,100
elderly_headed_hh,middle_quintile,2002,91400,57600,15000,300,1000,1100,0,100,700,500,700,5700,1300,2600,1500,27000,33900,21900,11600,200,100
elderly_headed_hh,middle_quintile,2003,91700,57600,14700,400,1200,1100,0,100,1000,400,900,4100,1100,2600,1700,28400,34100,22000,11800,200,100
elderly_headed_hh,middle_quintile,2004,94300,59700,15400,400,1400,1200,0,200,1200,1000,600,3700,1200,2700,1900,28800,34600,22100,12200,200,100
elderly_headed_hh,middle_quintile,2005,96600,61300,16100,400,1500,1200,0,300,1100,1400,500,4000,1200,2500,2300,28800,35300,22300,12700,200,100
elderly_headed_hh,middle_quintile,2006,100000,62200,16100,400,1400,1200,0,300,900,1700,500,5000,1100,2600,2600,28200,37800,23200,14400,100,100
elderly_headed_hh,middle_quintile,2007,101300,64400,17300,500,1400,1300,0,200,1000,2100,500,5300,1300,2500,2200,28800,37000,22700,14000,100,100
elderly_headed_hh,middle_quintile,2008,99600,61800,16700,400,1400,1200,0,100,900,400,600,4700,1300,2800,1300,29900,37800,23100,14300,200,200
elderly_headed_hh,middle_quintile,2009,100200,58500,15700,400,1300,1200,0,100,800,-100,800,3800,1300,2200,1000,30000,41700,25400,15600,500,100
elderly_headed_hh,middle_quintile,2010,98300,57700,15500,300,1200,1200,0,100,900,100,600,2500,1200,2100,1100,30700,40500,24700,15200,600,0
elderly_headed_hh,middle_quintile,2011,98200,58500,15300,300,1400,1100,0,100,1100,500,600,2000,1300,2300,1200,31200,39700,24400,14700,500,100
elderly_headed_hh,middle_quintile,2012,98900,58700,16000,400,1300,1200,0,200,1100,500,500,1600,1200,2300,1100,31200,40200,25200,14600,400,100
elderly_headed_hh,middle_quintile,2013,100600,60000,16100,400,1200,1200,0,200,1100,1100,500,1100,1200,2100,1400,32400,40600,25500,14800,300,100
elderly_headed_hh,middle_quintile,2014,101900,61100,16300,400,1400,1200,0,200,1100,1600,400,1000,1200,2200,1500,32600,40800,25800,14700,200,100
elderly_headed_hh,middle_quintile,2015,105800,64100,17800,500,1500,1300,0,200,1200,1400,400,1000,1300,2200,1400,33800,41600,26400,14900,100,100
elderly_headed_hh,middle_quintile,2016,105700,64200,18100,500,1300,1400,0,200,1300,900,400,900,1200,2100,1200,34600,41500,26200,15100,100,100
elderly_headed_hh,middle_quintile,2017,106200,65600,18600,500,1600,1400,0,200,1500,1800,400,1000,1100,2100,1000,34500,40600,25700,14700,100,100
elderly_headed_hh,middle_quintile,2018,107000,66400,19100,500,2800,1400,0,200,1200,1900,300,1000,1100,2100,900,33700,40600,25900,14500,100,100
elderly_headed_hh,middle_quintile,2019,112400,69600,19900,600,2900,1500,0,100,1400,1800,300,1300,1000,2300,800,35600,42900,26900,15600,100,200
elderly_headed_hh,middle_quintile,2020,112800,67100,18100,500,2700,1400,0,100,1400,1900,400,1200,1200,2500,900,34800,45800,27200,17900,500,100
elderly_headed_hh,middle_quintile,2021,113500,68800,19600,600,2700,1500,0,200,1400,3000,300,700,1100,2000,800,34800,44700,26600,17700,300,100
elderly_headed_hh,middle_quintile,2022,115300,70800,21400,700,2500,1600,0,200,1700,1500,300,800,1000,2300,1000,35700,44500,26500,17700,100,200
elderly_headed_hh,fourth_quintile,1979,91300,72700,23900,0,1000,1400,100,300,2900,2800,100,15400,2200,4400,5900,12400,18600,14100,4200,100,100
elderly_headed_hh,fourth_quintile,1980,90200,71000,23100,0,800,1300,100,300,2000,2600,100,18100,2200,3800,4700,11900,19200,14300,4800,100,0
elderly_headed_hh,fourth_quintile,1981,90900,70200,21200,0,800,1400,100,200,1500,1500,100,21100,2300,4200,3600,12300,20700,15400,5100,100,100
elderly_headed_hh,fourth_quintile,1982,90600,69000,20300,0,800,1300,100,100,1100,1700,200,22500,1600,4500,2200,12700,21600,15800,5500,200,100
elderly_headed_hh,fourth_quintile,1983,92000,69200,18500,0,900,1200,100,100,1400,2000,200,21600,1900,4700,2900,13700,22800,16600,6000,100,100
elderly_headed_hh,fourth_quintile,1984,94100,73900,20800,100,900,1400,100,200,1500,2200,200,22400,1700,4300,3300,14700,20300,14000,6100,200,100
elderly_headed_hh,fourth_quintile,1985,95700,74300,20900,200,900,1400,100,200,800,3100,200,21600,1700,4800,3100,15400,21400,14500,6700,100,0
elderly_headed_hh,fourth_quintile,1986,99600,77500,22000,200,1000,1500,100,200,1500,4600,500,19500,1900,4800,3200,16400,22200,14800,7100,100,200
elderly_headed_hh,fourth_quintile,1987,100100,78800,22600,200,1200,1600,100,200,1600,2900,1200,17800,1600,5800,4300,17700,21300,14300,6900,100,100
elderly_headed_hh,fourth_quintile,1988,102100,80000,20800,200,1300,1500,100,200,1600,2100,1700,18800,1800,5500,4400,20000,22100,15100,6800,100,0
elderly_headed_hh,fourth_quintile,1989,103200,79700,19800,200,1300,1500,100,200,2000,2400,1400,19900,1400,5400,4100,20000,23500,16400,7000,100,100
elderly_headed_hh,fourth_quintile,1990,103200,78800,19600,200,1200,1500,100,200,1900,1600,1700,19400,1300,4900,3800,21500,24400,16700,7500,100,100
elderly_headed_hh,fourth_quintile,1991,103400,77700,19100,200,1300,1400,100,200,1600,1700,2000,17400,1600,4600,3600,22900,25700,17700,7800,100,0
elderly_headed_hh,fourth_quintile,1992,106300,78800,20800,400,1400,1600,100,200,1800,2000,1900,12200,2100,5000,3700,25800,27500,18800,8400,200,100
elderly_headed_hh,fourth_quintile,1993,107800,79500,20700,300,1700,1500,100,200,1500,3100,2400,9700,2200,5400,4400,26400,28300,18700,9200,200,200
elderly_headed_hh,fourth_quintile,1994,111000,82400,22700,400,1700,1700,100,300,1500,2800,2700,9000,2100,5300,4700,27400,28600,18700,9700,200,100
elderly_headed_hh,fourth_quintile,1995,113700,83500,21100,500,1700,1600,100,300,1700,3100,2200,11100,1800,5300,5100,28000,30300,19900,10200,100,100
elderly_headed_hh,fourth_quintile,1996,115100,84400,22100,600,1600,1700,100,300,1200,3700,1800,10600,2200,5000,4900,28700,30800,20200,10400,100,100
elderly_headed_hh,fourth_quintile,1997,118200,85900,21200,500,1100,1600,100,300,1300,4700,1900,10800,2000,5400,4800,30200,32200,20800,11200,100,100
elderly_headed_hh,fourth_quintile,1998,122400,90300,22300,600,1300,1700,100,300,2000,5400,1600,11200,2000,5600,4500,31800,32100,21400,10400,100,200
elderly_headed_hh,fourth_quintile,1999,126000,93800,24200,800,1400,1800,100,300,1900,5700,1600,10400,2200,6100,4400,32900,32200,21800,10200,100,100
elderly_headed_hh,fourth_quintile,2000,125600,93400,24000,800,1400,1800,100,300,2000,5400,1500,11200,1800,5500,4100,33700,32200,22000,10000,100,100
elderly_headed_hh,fourth_quintile,2001,125200,92900,25600,1000,1600,2000,100,200,2200,2300,1800,10300,2000,5100,2800,36000,32300,21600,10500,100,100
elderly_headed_hh,fourth_quintile,2002,124300,90600,24000,800,1800,1700,100,200,2100,1700,1900,8100,2000,4700,2500,39000,33700,22500,11000,200,0
elderly_headed_hh,fourth_quintile,2003,125200,92000,27600,1100,2200,2000,100,300,1800,1800,2000,5900,2400,4400,3000,37500,33200,21800,11100,200,100
elderly_headed_hh,fourth_quintile,2004,129000,94500,26900,1200,2300,2000,100,300,2000,2900,1900,5400,1900,4800,3400,39500,34500,22500,11800,100,100
elderly_headed_hh,fourth_quintile,2005,133500,97900,27100,1100,2700,2000,100,400,2700,3800,1500,5600,2100,4900,4200,39700,35500,23000,12300,100,100
elderly_headed_hh,fourth_quintile,2006,136200,98800,25600,1200,2400,1900,0,400,2400,4700,1600,7500,1900,5200,4800,39100,37400,23500,13700,100,100
elderly_headed_hh,fourth_quintile,2007,137900,101000,26900,1200,2300,2000,0,400,2200,4700,1400,8200,1700,5200,3900,40900,36900,23300,13400,200,100
elderly_headed_hh,fourth_quintile,2008,136000,98600,28200,1200,2800,2100,0,200,2100,1600,1600,6700,2200,4900,2300,42600,37400,23500,13400,200,200
elderly_headed_hh,fourth_quintile,2009,135900,95400,28100,1100,2800,2100,0,200,2400,1000,1900,5800,2200,4200,1900,41900,40500,25200,14600,600,100
elderly_headed_hh,fourth_quintile,2010,134200,94500,27600,1100,2700,2000,0,300,2300,800,1700,4000,1900,4000,2100,43900,39700,24700,14300,600,100
elderly_headed_hh,fourth_quintile,2011,133500,95500,28300,1000,2800,2100,0,300,2400,1200,1500,3100,2100,3900,2000,44800,38000,23900,13500,500,100
elderly_headed_hh,fourth_quintile,2012,134700,96100,28200,1100,2600,2100,0,300,2700,1900,1400,2300,2100,4500,2200,44700,38600,24800,13400,300,100
elderly_headed_hh,fourth_quintile,2013,137000,98200,29000,1200,2600,2200,0,300,2200,2400,1200,1900,2200,4100,2700,46100,38800,24900,13500,300,100
elderly_headed_hh,fourth_quintile,2014,139400,100200,30300,1200,2600,2300,0,400,2900,3400,800,1400,1900,4100,2600,46400,39200,25000,13900,200,200
elderly_headed_hh,fourth_quintile,2015,144700,104400,31200,1400,2700,2400,0,400,2800,3300,1000,1500,1800,4300,2600,49100,40300,25700,14400,100,100
elderly_headed_hh,fourth_quintile,2016,144800,104300,31700,1300,2700,2400,0,300,3100,2700,900,1500,1800,4100,2400,49200,40500,25900,14400,100,0
elderly_headed_hh,fourth_quintile,2017,147300,107500,33400,1400,2800,2500,0,300,3400,4100,900,1400,1900,4300,1800,49300,39800,25800,13800,100,100
elderly_headed_hh,fourth_quintile,2018,148900,108900,33400,1400,4300,2500,0,300,3400,4400,700,1800,1700,4200,1700,49000,40000,25800,14000,100,100
elderly_headed_hh,fourth_quintile,2019,153800,112700,35700,1600,4400,2700,0,300,3600,3800,800,2300,1800,4500,1600,49500,41200,26100,14900,100,100
elderly_headed_hh,fourth_quintile,2020,157300,113200,36100,1800,4500,2800,0,300,3200,4300,800,2100,2400,4500,1700,48800,44100,26500,16900,600,100
elderly_headed_hh,fourth_quintile,2021,157000,113500,34500,1700,4300,2600,0,300,2800,7100,500,1300,1900,4000,1600,50800,43500,26000,17000,300,200
elderly_headed_hh,fourth_quintile,2022,158700,115600,37200,1800,4100,2900,0,400,3400,3600,600,1400,1900,4700,2000,51800,43100,26100,16800,100,0
elderly_headed_hh,highest_quintile,1979,228600,210900,43500,0,1200,1700,100,600,15800,36100,4000,31000,8500,26500,25400,16500,17700,13400,4100,100,0
elderly_headed_hh,highest_quintile,1980,212000,193900,40000,0,1000,1600,100,400,11900,28700,4100,37400,8600,25200,18800,16000,18200,13500,4500,200,100
elderly_headed_hh,highest_quintile,1981,209800,190600,38600,0,1100,1800,100,300,9300,26100,4100,46100,8600,23700,14000,16700,19200,14200,4900,100,0
elderly_headed_hh,highest_quintile,1982,215900,194600,41100,0,1100,2000,100,200,9100,28200,5400,47200,8500,24900,8600,18100,21200,15500,5600,100,0
elderly_headed_hh,highest_quintile,1983,221200,199800,39700,0,1200,1900,100,300,10100,36700,7000,41800,8000,22700,11300,19100,21400,15400,5900,100,100
elderly_headed_hh,highest_quintile,1984,241300,217000,43300,200,1200,2100,100,300,11500,40400,8200,45100,8200,21700,13400,21200,24300,17900,6300,100,100
elderly_headed_hh,highest_quintile,1985,259600,234200,45100,300,1200,2200,100,300,11600,49400,9400,45700,8400,22300,13000,25200,25400,18600,6700,100,100
elderly_headed_hh,highest_quintile,1986,295000,269600,44000,400,1400,2300,100,300,12200,91500,11200,39700,8100,22600,14200,21700,25400,18300,6800,100,300
elderly_headed_hh,highest_quintile,1987,264600,239000,44400,400,1700,2200,100,400,14500,41800,18900,38700,6900,25400,19200,24300,25600,18700,6700,100,100
elderly_headed_hh,highest_quintile,1988,286400,260500,47800,400,1900,2400,100,500,18400,45600,18200,41400,6800,28000,20200,29000,25900,18900,6800,100,100
elderly_headed_hh,highest_quintile,1989,274200,248500,41900,500,1900,2200,100,400,15900,37500,19200,46900,7200,26700,18700,29300,25800,19000,6700,100,100
elderly_headed_hh,highest_quintile,1990,263800,237000,45700,500,1800,2400,100,400,16500,25400,18700,46200,7400,24400,16900,30500,26800,19500,7200,100,0
elderly_headed_hh,highest_quintile,1991,251200,222600,43400,500,2000,2400,100,400,12900,21200,20000,40700,7600,22500,15400,33800,28500,20700,7500,100,200
elderly_headed_hh,highest_quintile,1992,267000,237400,49300,700,2100,2700,100,400,17000,25600,21600,31100,8000,23900,18400,36600,29500,21200,8000,200,100
elderly_headed_hh,highest_quintile,1993,268700,237500,47300,700,2500,2600,100,500,16500,30600,20900,25000,8300,23300,21600,37600,31200,22000,8800,200,100
elderly_headed_hh,highest_quintile,1994,277500,246400,47300,800,2700,2700,100,500,18800,30300,21300,23700,8900,23200,23900,42300,31100,21700,9200,100,100
elderly_headed_hh,highest_quintile,1995,281500,249700,48400,1100,2600,2800,100,600,17400,32300,18800,27200,8400,24400,24600,41100,31700,22000,9600,100,100
elderly_headed_hh,highest_quintile,1996,309700,276800,51700,1200,2300,2900,100,600,20200,46000,18200,29000,8700,25700,26200,44000,32900,22500,10100,100,200
elderly_headed_hh,highest_quintile,1997,331000,297200,51100,1100,2000,2800,100,600,22100,61500,17700,28600,8800,27900,26400,46500,33900,22800,10800,100,200
elderly_headed_hh,highest_quintile,1998,342500,309000,53300,1200,1900,3000,100,600,22200,73300,16800,27300,8200,26100,24100,50900,33600,23200,10200,100,100
elderly_headed_hh,highest_quintile,1999,366100,332900,55600,1400,2100,3100,100,600,25500,82600,17600,26900,8900,28300,24600,55500,33200,23200,9700,100,300
elderly_headed_hh,highest_quintile,2000,368900,333600,55600,1500,2100,3100,100,600,24400,84400,15600,28700,9100,27200,22600,58600,35300,24900,10000,100,300
elderly_headed_hh,highest_quintile,2001,348900,313000,61300,1700,2600,3500,100,400,26800,54700,17800,30900,10700,24500,18200,59700,35900,25200,10500,200,100
elderly_headed_hh,highest_quintile,2002,342400,305800,62800,1800,3200,3400,100,400,30700,48700,18400,24300,11000,23000,18600,59600,36600,25700,10700,200,100
elderly_headed_hh,highest_quintile,2003,360500,323500,67400,2800,3500,3800,100,600,32900,56800,17000,20200,11300,25300,25100,56800,37000,25600,11200,100,0
elderly_headed_hh,highest_quintile,2004,401900,364600,68700,3100,3700,3800,100,800,35600,84500,15300,19000,11400,29400,31300,57900,37200,25400,11800,100,0
elderly_headed_hh,highest_quintile,2005,415900,378300,66200,3100,4000,3700,100,1000,37700,94300,13900,20900,11100,28300,35600,58500,37500,25300,12000,100,200
elderly_headed_hh,highest_quintile,2006,420300,381600,63600,3100,3900,3600,100,1000,33500,95900,15200,25000,10500,30300,36100,59700,38800,25500,13100,100,0
elderly_headed_hh,highest_quintile,2007,450500,411300,67900,3300,3300,3700,0,900,35300,111900,15400,29200,10300,35400,31800,62900,39300,25600,13500,100,100
elderly_headed_hh,highest_quintile,2008,398900,360100,78100,4000,4200,4300,100,700,38000,58300,16300,24600,13200,33000,19800,65700,38800,25400,13100,100,100
elderly_headed_hh,highest_quintile,2009,361000,319800,83000,4300,4800,4700,100,500,39400,33600,16000,19400,10800,26200,16100,60800,41200,26900,13900,400,0
elderly_headed_hh,highest_quintile,2010,363800,323500,77300,4000,4800,4300,100,700,36900,39400,14700,14700,11000,24700,19200,71700,40300,26600,13300,400,0
elderly_headed_hh,highest_quintile,2011,378500,340000,82700,4200,5000,4500,100,800,42300,42100,13900,13100,11400,26200,19900,73800,38400,25400,12700,300,100
elderly_headed_hh,highest_quintile,2012,415900,376500,84700,4500,4600,4700,0,900,43900,68300,12100,11000,11400,32100,23400,74900,39500,26000,13200,300,0
elderly_headed_hh,highest_quintile,2013,373100,333900,82700,4600,4600,4800,0,900,42200,46100,11000,9200,11300,24700,22900,68800,39200,26100,12800,200,0
elderly_headed_hh,highest_quintile,2014,401200,361300,83700,4600,4100,4700,0,1000,44000,62700,9700,8400,11800,29200,25400,72000,39900,26600,13100,100,0
elderly_headed_hh,highest_quintile,2015,418400,377900,93000,5300,4500,5200,0,1100,48700,64600,9200,8500,10500,29500,24500,73400,40500,27000,13400,100,0
elderly_headed_hh,highest_quintile,2016,410900,370900,94600,5200,5100,5300,0,1000,50200,56500,9000,8800,9700,28900,23000,73700,40000,26400,13400,100,0
elderly_headed_hh,highest_quintile,2017,422000,381500,95000,5200,4400,5500,0,800,48400,72100,8400,8900,9800,29800,17000,76300,40500,26600,13700,100,0
elderly_headed_hh,highest_quintile,2018,429200,388700,95600,5500,6000,5500,0,700,49100,73400,7500,9900,10200,32200,15600,77400,40500,26700,13500,100,100
elderly_headed_hh,highest_quintile,2019,435400,394000,98800,5600,6100,5700,0,700,50900,69300,7600,12100,10100,33200,15000,78900,41400,27100,14200,100,100
elderly_headed_hh,highest_quintile,2020,462600,418600,105700,6100,6100,6100,0,700,57200,88500,7700,9900,11700,34300,15600,69000,44000,27100,16500,500,0
elderly_headed_hh,highest_quintile,2021,518900,474800,99200,5500,5300,5600,0,800,64200,139400,6100,7200,10400,34400,16900,79900,44000,27100,16600,200,100
elderly_headed_hh,highest_quintile,2022,500400,456500,102400,5900,5200,5900,0,1000,73800,91600,6200,10100,12700,36500,22700,82600,43900,27300,16500,100,100
elderly_headed_hh,percentiles_81_90,1979,116300,99000,34800,0,1400,2000,100,500,5900,4700,500,18000,3400,6600,7900,13300,17300,13100,4000,200,0
elderly_headed_hh,percentiles_81_90,1980,113900,95800,29200,0,1000,1600,100,300,2900,5600,500,24000,3400,6600,7200,13400,18200,13400,4500,200,0
elderly_headed_hh,percentiles_81_90,1981,116500,96800,30500,0,1000,1800,100,300,2200,3600,600,27500,2800,7400,5200,13800,19700,14700,4900,100,100
elderly_headed_hh,percentiles_81_90,1982,117200,95800,30600,0,1100,1900,100,200,2500,2300,900,28800,2600,7400,3000,14500,21300,15700,5400,200,0
elderly_headed_hh,percentiles_81_90,1983,118300,97200,28900,0,1100,1800,100,200,1800,4500,900,27800,3100,6800,4100,15900,21200,15200,5800,100,100
elderly_headed_hh,percentiles_81_90,1984,129300,105300,31400,200,1100,2000,100,300,3300,4800,1200,28800,2200,6700,4700,18700,23900,17200,6500,100,100
elderly_headed_hh,percentiles_81_90,1985,129400,105000,30600,200,1100,2000,100,200,2000,5000,1200,28100,2600,7900,4400,19800,24400,17500,6700,100,0
elderly_headed_hh,percentiles_81_90,1986,130800,107500,33500,400,1300,2300,100,300,3400,10100,1400,23700,1700,8100,4400,17000,23300,16100,6600,100,400
elderly_headed_hh,percentiles_81_90,1987,133100,109000,29100,400,1400,1900,100,300,3500,6800,3400,22900,2100,8900,6500,21700,24100,17200,6600,200,100
elderly_headed_hh,percentiles_81_90,1988,137700,113400,33500,400,1700,2400,100,300,3700,5500,4400,22500,1700,9100,6300,21600,24300,17300,6900,100,0
elderly_headed_hh,percentiles_81_90,1989,137500,113300,28700,500,1600,2000,100,300,2400,5200,4400,26500,2800,8600,6400,23800,24300,17600,6500,100,100
elderly_headed_hh,percentiles_81_90,1990,137700,111700,29000,400,1700,2100,100,300,3100,3800,4800,26600,2900,8100,6200,22700,26000,18600,7200,100,0
elderly_headed_hh,percentiles_81_90,1991,140400,112500,29400,400,1600,2100,100,200,3200,3600,4600,22500,3000,8200,5500,28100,27900,19800,7900,100,100
elderly_headed_hh,percentiles_81_90,1992,142200,113700,28700,600,1700,2100,100,300,3600,5800,5600,16800,2400,9000,6400,30600,28400,19800,8200,200,200
elderly_headed_hh,percentiles_81_90,1993,145600,114800,31800,600,2300,2300,100,300,2400,6000,6000,12900,3000,9700,7300,30000,30800,21500,8900,300,100
elderly_headed_hh,percentiles_81_90,1994,145700,115600,29300,600,2200,2200,100,300,3200,5400,5900,11900,3400,9200,7700,34200,30100,20500,9300,100,200
elderly_headed_hh,percentiles_81_90,1995,147100,116500,29100,800,2100,2200,100,400,2400,5900,5300,14500,2700,9800,8300,33000,30600,20900,9400,100,200
elderly_headed_hh,percentiles_81_90,1996,153400,121200,30300,1000,1900,2300,100,400,4100,7300,4500,15500,3300,10000,8600,32100,32200,21600,10400,100,100
elderly_headed_hh,percentiles_81_90,1997,157600,124400,28500,900,1600,2200,100,400,4000,11100,4900,15000,3000,10600,8500,33700,33200,22100,10900,100,200
elderly_headed_hh,percentiles_81_90,1998,161000,128900,30300,1100,1600,2300,100,400,3700,11500,3700,15000,2700,9600,7200,39700,32100,21800,10000,100,100
elderly_headed_hh,percentiles_81_90,1999,165300,134000,32500,1200,1600,2400,100,400,3300,13900,3600,14000,3000,10600,7400,40000,31300,21400,9600,100,200
elderly_headed_hh,percentiles_81_90,2000,168600,135700,31200,1400,1900,2400,100,300,4100,13500,3500,14600,3200,9900,6900,42800,32800,22500,9900,100,400
elderly_headed_hh,percentiles_81_90,2001,171200,137500,41100,1700,2400,3100,100,300,4100,5300,4000,16700,3400,8300,4900,42000,33700,23200,10200,200,0
elderly_headed_hh,percentiles_81_90,2002,168000,133800,38700,1700,2700,2800,100,300,3900,4500,4400,11600,3900,7700,4400,47300,34200,23200,10700,300,100
elderly_headed_hh,percentiles_81_90,2003,171800,136900,40700,2200,2800,3000,100,400,4700,5100,4400,9000,3700,8200,5500,47100,34900,23800,10900,100,100
elderly_headed_hh,percentiles_81_90,2004,175900,140700,41300,2100,3100,3000,100,500,4400,8100,3900,7800,4400,8900,6600,46500,35200,23400,11700,100,0
elderly_headed_hh,percentiles_81_90,2005,179400,142900,37300,2200,3200,2700,100,600,4600,9900,3400,8700,3800,9400,8000,49000,36400,24000,11900,100,400
elderly_headed_hh,percentiles_81_90,2006,183200,146300,37800,2300,3300,2800,100,700,4900,9400,3800,11100,3600,9100,8300,49200,36900,23800,12900,100,100
elderly_headed_hh,percentiles_81_90,2007,186200,148900,37100,2200,2900,2800,0,500,4600,11900,3000,11900,3400,9900,7000,51500,37300,23800,13400,200,0
elderly_headed_hh,percentiles_81_90,2008,181100,143900,40500,2700,3600,3100,100,400,4800,4300,4400,9700,3400,10000,4200,52800,37200,23900,13100,100,200
elderly_headed_hh,percentiles_81_90,2009,183400,142900,45500,2700,3800,3400,100,300,4900,2300,4200,8400,3200,7700,3300,53100,40400,26100,13800,400,0
elderly_headed_hh,percentiles_81_90,2010,181000,142100,42500,2600,3900,3100,100,400,5000,3200,3600,5900,3400,7600,4000,56900,38900,25100,13500,400,0
elderly_headed_hh,percentiles_81_90,2011,180100,142900,41900,2400,3700,3100,0,400,6200,3000,3800,4900,3400,8000,3900,58200,37200,23900,12900,300,100
elderly_headed_hh,percentiles_81_90,2012,185700,147200,46200,2900,4000,3500,0,500,5600,4000,2400,3400,3600,7500,3700,60000,38500,24800,13300,400,0
elderly_headed_hh,percentiles_81_90,2013,187200,149300,48000,3000,3700,3700,0,600,6500,6000,2400,3000,3300,7200,5000,56800,37900,24700,12900,300,100
elderly_headed_hh,percentiles_81_90,2014,190300,151100,45300,3000,3600,3500,0,600,5600,7500,2600,2500,3200,8300,5300,60200,39200,25600,13400,200,100
elderly_headed_hh,percentiles_81_90,2015,198000,157900,51700,3700,4000,4000,0,600,7100,7100,2200,2500,3200,6900,4700,60100,40100,26100,13800,100,0
elderly_headed_hh,percentiles_81_90,2016,198600,160300,53200,3500,4400,4100,0,600,6900,5700,2400,2300,3400,7600,4500,61600,38400,24900,13300,100,0
elderly_headed_hh,percentiles_81_90,2017,202700,163100,53300,3600,3900,4100,0,400,6900,8600,2100,2400,3200,7800,3400,63300,39600,25700,13700,200,0
elderly_headed_hh,percentiles_81_90,2018,206200,166600,54100,3800,5600,4200,0,400,7200,9700,1900,2900,3000,8100,3200,62400,39600,25800,13500,100,200
elderly_headed_hh,percentiles_81_90,2019,213800,173200,58600,4000,5900,4600,0,400,7600,8700,1600,3400,3300,8600,3100,63300,40700,26400,14200,100,100
elderly_headed_hh,percentiles_81_90,2020,216300,173800,61100,4100,5800,4700,0,500,8000,10100,1800,2800,4800,8300,3200,58400,42500,25700,16200,600,0
elderly_headed_hh,percentiles_81_90,2021,221700,178800,59100,3900,5400,4500,0,500,8100,16600,1300,1800,3300,8200,3200,62900,42800,26100,16400,300,100
elderly_headed_hh,percentiles_81_90,2022,222500,179700,61000,4400,5300,4700,0,600,8600,8600,1300,2500,3700,8700,3900,66300,42700,26300,16200,100,100
elderly_headed_hh,percentiles_91_95,1979,145700,127700,41000,0,1400,2100,100,500,7200,8100,1200,23000,3800,12400,11600,15400,18000,13800,4000,200,0
elderly_headed_hh,percentiles_91_95,1980,144200,126200,39700,0,1200,2100,100,400,6100,8200,700,28100,5400,10100,9400,14700,18000,13300,4500,100,100
elderly_headed_hh,percentiles_91_95,1981,144200,124300,32900,0,1200,1900,100,300,4400,6300,900,35300,4800,12100,7400,16700,19900,14700,5100,100,0
elderly_headed_hh,percentiles_91_95,1982,147300,125400,37500,0,1000,2200,100,200,3700,4600,2400,34000,5700,10600,4100,19400,21900,16000,5800,0,0
elderly_headed_hh,percentiles_91_95,1983,145000,124700,34600,0,1200,2100,100,200,4300,8400,1900,33900,4300,10500,5600,17600,20300,14500,5700,0,0
elderly_headed_hh,percentiles_91_95,1984,158700,136100,40200,300,1400,2400,100,300,6600,8300,2100,37300,4400,9500,6600,16700,22600,16400,6100,100,100
elderly_headed_hh,percentiles_91_95,1985,160900,136900,37900,300,1200,2400,100,300,4200,9300,2200,35900,3300,10700,6000,23100,24000,17400,6600,100,0
elderly_headed_hh,percentiles_91_95,1986,165000,139400,32900,400,1100,2100,100,300,3500,20400,2000,30900,4000,12900,6600,22100,25600,18200,7100,100,200
elderly_headed_hh,percentiles_91_95,1987,172100,147100,39000,500,1800,2400,100,400,5100,11100,6400,31200,3400,13600,9700,22200,25000,18200,6600,100,100
elderly_headed_hh,percentiles_91_95,1988,171000,146800,37300,500,2000,2400,100,400,7300,8100,6800,28900,3400,13600,8900,27000,24200,17400,6600,100,0
elderly_headed_hh,percentiles_91_95,1989,176200,150900,34800,500,1700,2400,100,300,6500,11000,8200,33200,2700,13400,9300,26800,25300,18100,7000,100,0
elderly_headed_hh,percentiles_91_95,1990,173600,147600,36700,600,1700,2500,100,300,5400,7300,8800,30400,4400,14000,8700,26500,26000,18700,7200,100,100
elderly_headed_hh,percentiles_91_95,1991,173200,146000,37000,600,2200,2500,100,300,5200,5900,8000,28700,3100,12600,7700,32100,27300,19700,7100,200,300
elderly_headed_hh,percentiles_91_95,1992,177600,147900,35000,600,2100,2400,100,300,4100,7100,11300,22400,3900,14300,9400,34900,29700,21600,7900,100,100
elderly_headed_hh,percentiles_91_95,1993,177500,147800,36100,800,2200,2600,100,400,5200,10000,8300,16700,4900,13800,10600,36100,29700,20400,8700,200,400
elderly_headed_hh,percentiles_91_95,1994,181200,150200,33300,600,2400,2300,100,400,5400,9300,10100,17200,4000,12900,11600,40700,31000,21400,9500,100,100
elderly_headed_hh,percentiles_91_95,1995,187700,157200,39400,1100,2500,2800,100,500,4900,10200,9700,19100,4900,14200,12600,35200,30500,20800,9600,100,0
elderly_headed_hh,percentiles_91_95,1996,194100,162600,40100,1200,2200,2900,100,500,4700,12900,6500,18900,3800,13600,11700,43500,31600,21200,9800,100,500
elderly_headed_hh,percentiles_91_95,1997,200100,167700,37100,1300,2000,2700,100,500,4700,16800,7600,18700,4300,15700,12000,44400,32400,21800,10500,0,100
elderly_headed_hh,percentiles_91_95,1998,207000,174400,41800,1400,1800,3000,100,500,6400,18900,7200,18600,4300,15000,10800,44600,32700,22400,10100,0,100
elderly_headed_hh,percentiles_91_95,1999,212600,179600,38800,1600,2000,2800,100,400,7300,23800,8000,17000,3500,15100,10800,48500,33000,22900,9800,100,200
elderly_headed_hh,percentiles_91_95,2000,223000,187800,38100,1500,2000,2700,100,400,7700,25500,6700,19600,4300,14600,10500,54200,35200,24800,10100,100,300
elderly_headed_hh,percentiles_91_95,2001,217000,182100,39400,1700,2300,2900,100,300,7400,12900,9000,20700,5800,14200,8200,57200,34900,24500,10300,100,100
elderly_headed_hh,percentiles_91_95,2002,215900,179300,42500,1600,3100,2900,100,300,10100,12300,9400,16600,6100,13200,8100,53100,36500,25700,10800,100,0
elderly_headed_hh,percentiles_91_95,2003,217200,182000,56100,3500,3300,4000,100,500,11200,10900,6500,11300,5400,11900,8500,48700,35200,24100,10900,200,0
elderly_headed_hh,percentiles_91_95,2004,228500,191300,55300,3700,3400,3900,100,700,10300,15700,5500,10700,6300,12900,10100,52900,37100,25100,11900,100,0
elderly_headed_hh,percentiles_91_95,2005,235200,198100,55000,3900,4100,3900,100,900,9200,18100,5700,11800,5300,12500,12000,55700,37000,24800,12000,200,100
elderly_headed_hh,percentiles_91_95,2006,240100,201700,48700,3400,3800,3500,100,800,10000,20100,7000,14800,5200,15200,13700,55400,38400,25300,13000,100,0
elderly_headed_hh,percentiles_91_95,2007,242200,203900,49300,3800,3400,3600,0,700,8300,22200,5800,16500,5200,15800,11300,58000,38300,24900,13200,100,200
elderly_headed_hh,percentiles_91_95,2008,238200,199500,60700,4400,4300,4400,100,500,9600,6200,7000,14100,6500,13900,6200,61600,38700,25100,13300,200,100
elderly_headed_hh,percentiles_91_95,2009,233400,193500,65800,4200,4700,4700,100,500,10000,5800,6400,10200,5700,10900,5200,59100,39900,26000,13500,400,0
elderly_headed_hh,percentiles_91_95,2010,237000,197200,60300,3700,5100,4300,100,600,12100,5400,7200,7600,6300,10600,6200,67700,39900,26300,13000,600,0
elderly_headed_hh,percentiles_91_95,2011,236800,199100,63900,4700,5400,4600,100,600,11100,5600,5900,5300,6200,11200,5800,68700,37700,25100,12200,300,100
elderly_headed_hh,percentiles_91_95,2012,242700,203700,65000,4700,4300,4600,0,700,11700,9500,5700,4900,6100,12600,6700,67100,39000,25600,13200,200,0
elderly_headed_hh,percentiles_91_95,2013,246100,206700,62300,4800,4400,4500,0,700,13500,11300,5100,3800,7000,12500,8900,67700,39400,26600,12600,200,0
elderly_headed_hh,percentiles_91_95,2014,250600,211300,64100,4700,3900,4600,0,800,11600,15600,4100,3900,6200,13500,9400,68700,39300,26100,13100,100,0
elderly_headed_hh,percentiles_91_95,2015,258500,219200,66700,4900,4500,4800,0,800,13700,14900,4000,3800,5900,15000,9200,70900,39200,26300,12700,100,100
elderly_headed_hh,percentiles_91_95,2016,263500,223700,70700,5000,5000,5000,0,800,14800,14800,4000,4100,5200,13000,8500,72700,39800,26400,13200,100,0
elderly_headed_hh,percentiles_91_95,2017,271200,231300,71400,5300,4500,5200,0,600,14800,18800,3900,3700,5900,14900,6600,75600,39800,25800,13900,100,0
elderly_headed_hh,percentiles_91_95,2018,278600,238900,76700,5700,6500,5600,0,600,14800,19700,3000,4200,5700,15300,5900,75200,39700,26000,13500,100,100
elderly_headed_hh,percentiles_91_95,2019,281000,241800,77100,5700,6400,5600,0,600,14200,18500,3200,5100,4900,15400,5600,79400,39200,25500,13500,100,100
elderly_headed_hh,percentiles_91_95,2020,292300,248400,87600,6800,6300,6400,0,600,16100,22500,3400,4400,6800,15200,5800,66400,43900,27100,16400,400,0
elderly_headed_hh,percentiles_91_95,2021,298300,255400,79400,6300,5500,5700,0,700,17400,33100,2700,3000,5700,14700,5800,75400,42900,26300,16400,200,100
elderly_headed_hh,percentiles_91_95,2022,300100,256600,82100,6700,5600,5900,0,800,18800,20000,3200,3600,5800,17000,7600,79300,43500,27100,16300,100,0
elderly_headed_hh,percentiles_96_99,1979,201200,183600,37200,0,1100,1600,100,500,15200,20700,2200,34900,9100,21800,21100,18200,17700,13500,4100,0,100
elderly_headed_hh,percentiles_96_99,1980,195800,177600,37600,0,1000,1600,100,400,12200,18000,2900,40600,7700,22200,16400,17000,18300,13600,4500,200,0
elderly_headed_hh,percentiles_96_99,1981,196100,178000,35300,0,1200,1700,100,300,10300,15300,2200,52500,7400,22300,12600,16900,18000,13200,4800,100,0
elderly_headed_hh,percentiles_96_99,1982,197100,176200,37300,0,1200,1900,100,200,8600,12800,2000,54900,7300,23700,7300,19000,20800,15200,5600,0,0
elderly_headed_hh,percentiles_96_99,1983,205700,183400,37300,0,1200,1800,100,300,9900,21800,3200,48000,7800,21400,9800,20800,22200,16000,6100,100,100
elderly_headed_hh,percentiles_96_99,1984,219800,195400,38300,300,1200,2000,100,300,9200,21500,3200,52600,9000,22500,11700,23600,24400,18300,6000,0,0
elderly_headed_hh,percentiles_96_99,1985,229800,203500,43300,400,1300,2300,100,300,8700,31100,3900,48900,7600,20900,10900,23800,26300,19700,6500,100,0
elderly_headed_hh,percentiles_96_99,1986,250100,224200,43600,400,1700,2400,100,300,10900,48400,7800,41800,6300,23500,11400,25600,25900,19000,6600,0,300
elderly_headed_hh,percentiles_96_99,1987,246900,220300,43300,400,1800,2400,100,400,12400,31200,15300,38200,7300,26200,17300,24200,26700,19700,6900,0,100
elderly_headed_hh,percentiles_96_99,1988,249600,222200,40300,400,1800,2200,100,400,12400,22900,19300,42100,7800,27000,17300,28100,27400,20600,6600,100,100
elderly_headed_hh,percentiles_96_99,1989,255600,228700,41300,600,2100,2300,100,400,11500,23000,18300,47400,8600,26600,16800,29800,26900,20200,6600,100,100
elderly_headed_hh,percentiles_96_99,1990,247700,220600,45200,600,2100,2600,100,400,13800,15500,17300,47100,6600,22600,14800,31900,27100,20000,7000,0,100
elderly_headed_hh,percentiles_96_99,1991,244500,216100,43800,700,2100,2500,100,400,11000,17000,19900,42200,8400,21300,14700,32200,28400,21000,7300,0,0
elderly_headed_hh,percentiles_96_99,1992,260000,230800,54400,800,2700,3200,100,500,14100,19400,23100,29900,9300,21900,17000,34600,29200,21300,7600,300,0
elderly_headed_hh,percentiles_96_99,1993,259100,227700,47500,800,2500,2800,100,500,13800,23900,22200,24700,8100,21900,19900,39000,31400,22600,8600,100,0
elderly_headed_hh,percentiles_96_99,1994,264100,233100,50600,1200,3100,3100,100,600,14900,21300,22000,20900,9500,20800,20700,44300,31100,21900,8900,0,200
elderly_headed_hh,percentiles_96_99,1995,282100,248300,49800,1300,2800,3000,100,600,16200,25900,18300,27800,9600,22000,22800,48000,33800,23800,10000,0,0
elderly_headed_hh,percentiles_96_99,1996,287800,253700,50300,1400,2300,3000,100,600,14500,31100,17000,27900,10200,23200,22700,49400,34100,23900,10000,100,100
elderly_headed_hh,percentiles_96_99,1997,309000,274000,50600,1300,2100,3000,100,600,17000,43500,17800,27500,9700,27600,23500,49900,35000,23600,10900,100,300
elderly_headed_hh,percentiles_96_99,1998,323700,288400,51800,1300,1700,3100,100,600,16600,53800,18200,25800,9700,27200,21900,56600,35300,24700,10600,100,0
elderly_headed_hh,percentiles_96_99,1999,337100,302300,51100,1400,2100,3100,100,600,15600,60700,18700,24600,10900,27300,22000,64400,34800,24700,9800,0,200
elderly_headed_hh,percentiles_96_99,2000,351200,314100,56200,1700,2100,3500,100,600,17300,62500,16800,27000,10600,28400,20800,66400,37100,26600,10100,100,400
elderly_headed_hh,percentiles_96_99,2001,334100,295600,60300,1700,2400,3700,100,400,20400,37700,19100,28300,12300,23400,15800,70100,38500,27500,11000,100,0
elderly_headed_hh,percentiles_96_99,2002,321500,282700,64800,1800,3100,3700,100,400,23200,30400,17300,20700,12400,21200,14600,69000,38800,27900,10700,100,100
elderly_headed_hh,percentiles_96_99,2003,334800,295000,68400,3300,4200,4100,100,600,25300,36000,15900,19000,13000,21200,19700,64300,39800,27900,11800,100,0
elderly_headed_hh,percentiles_96_99,2004,347500,308500,66300,3500,4100,3900,100,800,25600,48100,15200,16700,11300,26400,23100,63600,39000,27100,11800,100,0
elderly_headed_hh,percentiles_96_99,2005,371400,333400,68100,3900,4500,4000,100,1100,30600,61200,13600,19100,12600,25900,28700,59900,38000,26100,11800,100,100
elderly_headed_hh,percentiles_96_99,2006,386600,346400,69800,3900,4300,4100,100,1200,25400,62600,15400,23400,11700,30400,30300,63800,40200,26800,13300,100,0
elderly_headed_hh,percentiles_96_99,2007,398400,356900,71500,4300,3400,4100,0,1000,28300,63300,15600,26000,12300,34000,25200,67800,41500,27500,13900,100,100
elderly_headed_hh,percentiles_96_99,2008,370800,330900,86800,5600,4300,5000,100,700,30500,25100,15700,23900,15600,31100,14600,71900,39800,26700,12900,100,0
elderly_headed_hh,percentiles_96_99,2009,349300,307500,96900,6900,5800,5800,100,700,32000,17300,15600,19200,13000,23300,12000,59000,41900,27700,13900,300,0
elderly_headed_hh,percentiles_96_99,2010,360400,318500,92700,6300,5900,5500,100,900,30900,20300,15000,13800,13700,21400,14500,77500,41900,28400,13200,300,100
elderly_headed_hh,percentiles_96_99,2011,363100,323200,97400,6300,6200,5600,100,900,33200,20600,13100,11400,14000,22600,14200,77700,39900,26900,12600,300,0
elderly_headed_hh,percentiles_96_99,2012,380000,340100,100000,6800,5600,5900,0,1100,37300,29000,13000,9900,14000,24800,15600,76900,40000,26900,12900,200,100
elderly_headed_hh,percentiles_96_99,2013,384400,344500,100900,6600,6000,5900,0,1200,38400,31900,12200,8300,13800,24600,20300,74400,39900,27200,12500,200,0
elderly_headed_hh,percentiles_96_99,2014,394200,353400,95900,6600,4600,5700,0,1200,36700,41400,10900,7100,14100,28300,21800,79000,40800,27700,13000,100,0
elderly_headed_hh,percentiles_96_99,2015,409700,368100,108800,7700,4900,6300,0,1300,37800,40700,9900,6900,12700,28300,20300,82300,41600,28100,13400,100,0
elderly_headed_hh,percentiles_96_99,2016,413900,372000,113900,7800,5700,6500,0,1200,43300,35600,10300,7300,12200,28600,19400,80100,41800,28000,13700,100,0
elderly_headed_hh,percentiles_96_99,2017,427500,385800,115600,7600,4700,6700,0,900,40900,51300,9500,7500,11300,30900,15100,83800,41700,28000,13500,100,0
elderly_headed_hh,percentiles_96_99,2018,434300,392800,114700,7600,6200,6600,0,900,42000,52700,8400,7800,12000,31900,13700,88300,41500,27900,13500,100,0
elderly_headed_hh,percentiles_96_99,2019,448900,405500,117300,7700,6100,6700,0,800,46900,52100,8600,10600,12400,34000,13700,88700,43400,28800,14500,100,100
elderly_headed_hh,percentiles_96_99,2020,469900,424000,128300,8800,6300,7300,0,900,49700,64700,9600,9100,14100,34400,14200,76500,45900,28600,16900,300,100
elderly_headed_hh,percentiles_96_99,2021,503300,457500,112400,7000,5300,6200,0,900,51000,104100,7500,6200,12700,36000,15400,92700,45800,28600,16900,200,100
elderly_headed_hh,percentiles_96_99,2022,481700,436100,115600,7500,4800,6500,0,1100,53400,63300,7900,8400,15400,36000,19500,96800,45600,28500,17000,100,0
elderly_headed_hh,top_1_percent,1979,675300,657300,81000,0,1100,1000,100,1000,53300,184000,20000,65700,26300,105000,96300,22500,18100,13600,4400,0,0
elderly_headed_hh,top_1_percent,1980,621600,603300,75800,0,1100,1100,100,800,44500,147200,22000,81100,30100,105900,70700,23000,18300,13500,4600,0,100
elderly_headed_hh,top_1_percent,1981,629400,609800,80500,0,1300,1600,100,700,36200,152400,24600,103200,35300,94600,54900,24500,19600,14200,5300,0,0
elderly_headed_hh,top_1_percent,1982,639800,619100,84800,0,1200,2000,100,400,37400,170500,30000,102700,32500,98800,34400,24500,20700,15000,5600,0,0
elderly_headed_hh,top_1_percent,1983,727300,704800,89600,0,1300,2200,100,600,47600,225800,44300,87100,31000,99400,47900,27900,22500,16100,6200,100,0
elderly_headed_hh,top_1_percent,1984,779500,751000,95900,200,1400,2300,100,700,50600,245300,50900,95200,32000,88200,55900,32200,28500,22100,6400,0,0
elderly_headed_hh,top_1_percent,1985,870300,841200,103600,300,1300,2400,100,700,58500,285200,56800,107700,35600,87000,54500,47600,29100,21900,6900,0,300
elderly_headed_hh,top_1_percent,1986,1048300,1018400,91300,400,1800,2300,100,700,53200,519300,59900,93100,36200,75900,58600,25700,29900,22700,7000,0,200
elderly_headed_hh,top_1_percent,1987,887900,859200,105100,400,2100,2300,100,1000,71400,233000,99000,103300,26800,96900,81100,36700,28600,22000,6600,0,0
elderly_headed_hh,top_1_percent,1988,1130400,1099900,137700,400,2300,2600,100,1300,107000,318300,87000,130000,28800,124900,98200,61400,30500,23200,7200,0,0
elderly_headed_hh,top_1_percent,1989,1013700,984700,105700,400,2300,2500,100,1000,95100,246500,97200,146800,28600,118500,87400,52700,29000,22000,7000,0,0
elderly_headed_hh,top_1_percent,1990,995800,964600,131100,500,2000,2700,100,1100,100600,175900,97900,155000,34000,115300,82700,65500,31300,23700,7600,0,0
elderly_headed_hh,top_1_percent,1991,858000,824100,109100,500,2500,2600,100,800,72000,132300,105200,131400,32200,100900,71100,63400,33900,25000,7800,100,1100
elderly_headed_hh,top_1_percent,1992,1024400,989700,154500,700,2600,4100,100,1300,113200,171500,108500,115300,37100,114900,93800,72100,34700,25900,8700,100,0
elderly_headed_hh,top_1_percent,1993,969600,934300,131300,800,3400,3100,100,1300,103100,187900,103400,91100,36800,99900,105400,66800,35300,26400,9000,0,0
elderly_headed_hh,top_1_percent,1994,999900,964900,135400,900,4200,4200,100,1400,114500,189500,100000,87300,38100,102300,117300,69600,34900,25800,9000,0,100
elderly_headed_hh,top_1_percent,1995,1089300,1055200,149100,1300,4600,4900,100,1700,116800,218200,100700,100700,38400,118400,128900,71500,34200,25300,8900,0,0
elderly_headed_hh,top_1_percent,1996,1236800,1201400,164900,1200,4000,5000,100,1900,133400,310200,100700,107200,37100,121200,136900,77700,35400,25700,9700,0,0
elderly_headed_hh,top_1_percent,1997,1444100,1407000,180800,1200,2900,5300,100,2100,157100,436500,95700,113200,42000,131300,145900,93100,37200,26200,10900,0,0
elderly_headed_hh,top_1_percent,1998,1541300,1503900,187500,1400,3800,5400,100,2000,159500,539900,95000,107800,38800,124100,138300,100300,37500,27600,9800,0,0
elderly_headed_hh,top_1_percent,1999,1695300,1657900,209400,1800,4700,6400,100,2200,194500,586600,99500,114100,42200,140300,140900,115300,37400,26800,9400,100,1200
elderly_headed_hh,top_1_percent,2000,1806200,1764700,221500,1800,3400,6400,100,2200,192400,662600,95100,128200,46700,143100,138900,122500,41500,31000,10400,0,100
elderly_headed_hh,top_1_percent,2001,1576500,1534900,216800,1600,4300,6300,100,1500,203700,446400,102100,132000,53400,131500,114400,120900,41600,30400,10700,200,400
elderly_headed_hh,top_1_percent,2002,1483300,1441300,214200,2200,5700,6200,100,1400,219900,382300,105800,109600,51000,120100,117600,105400,42000,31200,10700,100,0
elderly_headed_hh,top_1_percent,2003,1577400,1533800,205700,3000,5000,6100,100,1800,224500,441200,98200,93000,53400,140800,162600,98400,43600,31400,12100,0,0
elderly_headed_hh,top_1_percent,2004,1854400,1812600,218100,5500,5800,6200,100,2300,245400,642200,84500,89200,51900,158500,200700,102300,41700,29900,11800,0,0
elderly_headed_hh,top_1_percent,2005,2135400,2092700,227800,3300,6000,6300,100,3200,289400,785400,85500,107900,56900,166500,246900,107500,42700,30200,12500,0,0
elderly_headed_hh,top_1_percent,2006,2137600,2093000,209200,3900,5800,6200,0,3200,256800,810300,91200,123700,54800,172400,245700,109700,44500,30600,13800,0,0
elderly_headed_hh,top_1_percent,2007,2506900,2462100,262200,3800,4400,7000,0,3300,285500,1007200,102700,160500,53200,221600,232100,118600,44800,31200,13600,0,0
elderly_headed_hh,top_1_percent,2008,2007000,1963500,289900,4700,5800,7900,100,2200,303000,563500,102900,130200,74800,205500,149200,123700,43500,30100,13400,0,0
elderly_headed_hh,top_1_percent,2009,1675700,1628900,290100,5700,7800,8600,100,1800,321100,318200,106000,103100,58900,173900,123700,110100,46800,31800,14900,100,0
elderly_headed_hh,top_1_percent,2010,1761700,1717000,279100,6100,6600,8200,100,2400,303100,393300,97600,86700,59500,170500,154200,149600,44700,30600,13900,100,100
elderly_headed_hh,top_1_percent,2011,1942500,1899200,322400,7200,7700,9100,100,2700,361500,429000,96400,86800,64400,181500,166500,164100,43200,30200,12900,100,0
elderly_headed_hh,top_1_percent,2012,2373900,2328700,321300,6400,5700,8800,0,3200,381600,732500,84200,76800,65100,254700,210200,178100,45200,31500,13400,100,200
elderly_headed_hh,top_1_percent,2013,1852500,1807900,299500,6900,6400,8800,0,3100,357900,438100,77000,66100,65300,167800,182200,128700,44600,31000,13500,100,0
elderly_headed_hh,top_1_percent,2014,2090700,2048000,325600,7000,5700,8700,0,3700,385700,588600,63300,59800,70900,200400,200500,128000,42700,30300,12400,0,0
elderly_headed_hh,top_1_percent,2015,2141200,2097600,354000,7700,6400,10000,0,3700,415200,600700,61000,60000,57600,200900,192200,128200,43600,30200,13300,0,100
elderly_headed_hh,top_1_percent,2016,2159300,2115000,361800,8400,7200,10500,0,3600,446400,562800,61100,67300,54300,209100,193100,129400,44300,30800,13400,0,0
elderly_headed_hh,top_1_percent,2017,2218200,2173500,361400,8000,5400,10700,0,2600,430000,691600,57200,69100,57100,207600,137800,135000,44800,30600,14100,0,0
elderly_headed_hh,top_1_percent,2018,2231100,2186000,344900,7800,6200,10000,0,2400,432800,691700,53400,76700,62000,231500,126600,140000,45100,31000,14000,100,0
elderly_headed_hh,top_1_percent,2019,2228300,2181400,357800,8700,6000,10700,0,2300,440800,647000,54800,90700,61300,235500,121000,144900,46900,31600,15200,0,0
elderly_headed_hh,top_1_percent,2020,2664800,2615700,395100,8700,6000,10900,0,2500,548900,909800,55600,78300,66500,272000,136300,125100,49100,31300,17200,400,200
elderly_headed_hh,top_1_percent,2021,3208600,3159200,377600,8000,5000,10500,0,2800,623500,1396600,43600,59200,63500,262400,146200,160100,49400,31400,17900,100,0
elderly_headed_hh,top_1_percent,2022,2797300,2749800,370000,8100,5000,10500,0,3300,682100,877400,38800,79400,78600,260200,187900,148400,47500,30400,17100,0,0
nonelderly_childless_hh,all_quintiles,1979,78400,76200,55600,0,2400,2800,200,700,3400,2600,100,2600,500,1100,1700,2400,2200,1500,300,300,200
nonelderly_childless_hh,all_quintiles,1980,76500,74000,54600,0,2000,2800,200,600,2800,2400,100,3200,500,1100,1400,2400,2500,1500,300,500,100
nonelderly_childless_hh,all_quintiles,1981,76400,73900,54500,0,2100,3000,100,500,2200,2300,200,3900,500,1300,1100,2400,2500,1600,300,400,200
nonelderly_childless_hh,all_quintiles,1982,77300,74600,54900,0,2300,3100,200,300,2100,2500,200,3900,600,1400,700,2400,2700,1600,300,600,200
nonelderly_childless_hh,all_quintiles,1983,77400,74800,54400,0,2400,3100,200,400,2400,3200,300,3500,500,1100,800,2600,2600,1500,300,600,200
nonelderly_childless_hh,all_quintiles,1984,80300,77900,55200,300,2300,3300,200,500,3400,3400,300,3800,600,1000,1000,2700,2400,1500,300,400,200
nonelderly_childless_hh,all_quintiles,1985,83000,80700,57100,500,2500,3500,200,400,2900,4200,400,3700,500,1200,1000,2600,2300,1400,400,400,200
nonelderly_childless_hh,all_quintiles,1986,88200,85800,58900,600,2500,3700,200,500,3200,7400,400,3200,500,1200,1000,2600,2400,1400,400,400,200
nonelderly_childless_hh,all_quintiles,1987,87600,85200,60800,600,2800,3800,200,600,3800,3000,500,3200,600,1300,1300,2800,2400,1500,300,300,200
nonelderly_childless_hh,all_quintiles,1988,92600,90200,62400,700,3000,4000,200,600,4900,3400,500,3500,600,1500,1400,3500,2500,1600,400,300,300
nonelderly_childless_hh,all_quintiles,1989,91600,89200,61900,800,3100,4000,100,600,4700,2900,600,3700,600,1400,1300,3600,2500,1500,400,300,300
nonelderly_childless_hh,all_quintiles,1990,92600,89900,62700,900,3100,4100,100,600,4900,2400,600,3800,600,1300,1300,3500,2700,1600,400,400,300
nonelderly_childless_hh,all_quintiles,1991,90000,87100,61500,800,3100,4100,100,500,4500,2000,600,3300,600,1200,1100,3600,2900,1600,400,500,300
nonelderly_childless_hh,all_quintiles,1992,92800,89500,63000,1000,3400,4100,100,600,5200,2200,600,2400,600,1100,1200,3900,3200,1800,500,700,300
nonelderly_childless_hh,all_quintiles,1993,92000,88800,61800,1100,3800,4100,100,600,5000,2500,600,1900,800,1100,1400,3900,3200,1800,500,600,200
nonelderly_childless_hh,all_quintiles,1994,92700,89800,62300,1200,4000,4200,100,700,5200,2500,600,1800,700,1100,1500,3800,2900,1700,500,400,300
nonelderly_childless_hh,all_quintiles,1995,94200,91300,62900,1500,3900,4300,100,800,5000,2700,600,2000,700,1200,1600,4100,3000,1800,600,400,200
nonelderly_childless_hh,all_quintiles,1996,97900,94900,64500,1700,3900,4400,100,800,5400,3900,500,2000,600,1300,1700,4200,3000,1800,700,400,200
nonelderly_childless_hh,all_quintiles,1997,101600,98500,66100,1700,3500,4400,100,800,5800,5300,500,2000,700,1400,1800,4500,3100,1800,700,300,300
nonelderly_childless_hh,all_quintiles,1998,105800,102700,68400,1900,3400,4600,100,800,6100,6300,500,2000,600,1300,1700,5000,3100,1900,700,300,200
nonelderly_childless_hh,all_quintiles,1999,110300,107100,70900,2100,3400,4800,100,800,6200,7500,500,1900,700,1400,1700,5300,3100,1900,700,300,200
nonelderly_childless_hh,all_quintiles,2000,112200,109000,71800,2100,3500,4800,100,800,5800,7900,500,2100,700,1600,1700,5600,3200,2000,700,300,200
nonelderly_childless_hh,all_quintiles,2001,107100,103800,71800,2200,3700,4900,100,500,5900,3800,500,1900,700,1200,1100,5500,3300,1900,800,400,200
nonelderly_childless_hh,all_quintiles,2002,101400,97600,68400,2100,3900,4700,100,500,5700,2500,400,1300,600,900,900,5700,3800,2100,800,700,200
nonelderly_childless_hh,all_quintiles,2003,103300,99400,68200,2500,4400,4700,100,600,5700,3000,400,1100,600,1000,1300,5700,4000,2200,900,700,200
nonelderly_childless_hh,all_quintiles,2004,107200,103300,68500,2600,4800,4700,100,800,6500,4700,400,1100,700,1200,1600,5700,3900,2300,900,500,200
nonelderly_childless_hh,all_quintiles,2005,113400,109400,69000,2700,5100,4700,100,1100,7800,6900,400,1400,700,1400,2300,5900,3900,2400,1000,400,200
nonelderly_childless_hh,all_quintiles,2006,115700,111600,70300,2800,5000,4800,100,1200,7500,7200,500,1800,600,1600,2400,5800,4100,2400,1100,400,200
nonelderly_childless_hh,all_quintiles,2007,115900,111900,71700,2800,4700,4900,100,1000,6800,7100,500,2000,600,1700,1900,6000,4000,2300,1200,400,200
nonelderly_childless_hh,all_quintiles,2008,109400,105100,70800,2800,4700,4900,100,600,6100,3600,500,1600,700,1600,1100,6000,4200,2300,1200,600,200
nonelderly_childless_hh,all_quintiles,2009,104100,98600,68400,2600,4800,4800,100,500,5700,1800,500,1200,600,1200,900,5800,5500,2600,1200,1500,100
nonelderly_childless_hh,all_quintiles,2010,102500,96900,66200,2500,4600,4600,100,600,5700,2400,400,900,600,1200,1100,6100,5700,2700,1300,1500,200
nonelderly_childless_hh,all_quintiles,2011,103200,98000,66900,2600,4600,4600,100,600,6100,2600,400,700,600,1300,1100,5900,5100,2500,1400,1100,100
nonelderly_childless_hh,all_quintiles,2012,107500,102400,68300,2600,4500,4700,100,700,7000,4200,400,700,700,1600,1300,5600,5100,2700,1400,800,100
nonelderly_childless_hh,all_quintiles,2013,105800,101100,68800,2700,4400,4800,100,800,6700,3100,300,600,700,1200,1400,5600,4700,2600,1300,600,200
nonelderly_childless_hh,all_quintiles,2014,109700,105300,70900,2800,4400,4900,100,900,7100,4400,300,500,700,1400,1500,5500,4300,2500,1300,400,200
nonelderly_childless_hh,all_quintiles,2015,111600,107400,73000,2900,4600,5100,100,800,7000,4100,300,500,600,1300,1300,5800,4200,2500,1200,300,100
nonelderly_childless_hh,all_quintiles,2016,113100,108800,74400,2900,4700,5100,100,800,7100,3900,300,500,600,1300,1400,5500,4300,2500,1300,300,200
nonelderly_childless_hh,all_quintiles,2017,117500,113100,77000,3100,4900,5300,100,600,7600,5300,300,600,600,1400,1000,5500,4300,2500,1400,300,200
nonelderly_childless_hh,all_quintiles,2018,122600,118500,79600,3200,4700,5500,100,600,8200,6100,300,800,700,1800,1100,5900,4200,2500,1400,200,100
nonelderly_childless_hh,all_quintiles,2019,123000,118800,81000,3300,5000,5600,100,600,7600,5200,300,800,600,1700,1000,6100,4200,2400,1400,200,200
nonelderly_childless_hh,all_quintiles,2020,122300,116700,78800,3300,4900,5400,100,600,7400,6600,200,600,600,1500,900,5800,5600,2400,1600,1500,200
nonelderly_childless_hh,all_quintiles,2021,131600,126600,80800,3300,4800,5500,100,700,9300,11500,200,500,600,1800,1100,6500,5000,2300,1600,900,200
nonelderly_childless_hh,all_quintiles,2022,128700,124600,83400,3400,4600,5700,100,800,9100,6500,200,600,700,1800,1400,6300,4100,2200,1600,300,100
nonelderly_childless_hh,lowest_quintile,1979,15300,9300,5800,0,300,300,0,100,400,0,0,500,100,100,200,1600,6000,4600,800,300,400
nonelderly_childless_hh,lowest_quintile,1980,14600,8200,5200,0,300,300,0,100,100,0,0,500,100,100,100,1400,6400,4800,900,500,300
nonelderly_childless_hh,lowest_quintile,1981,14800,8100,5300,0,300,300,0,0,-100,100,0,500,100,100,100,1300,6700,5100,1000,300,300
nonelderly_childless_hh,lowest_quintile,1982,14300,7500,4800,0,300,300,0,0,100,100,0,500,100,100,100,1200,6700,4600,1000,700,400
nonelderly_childless_hh,lowest_quintile,1983,13300,7100,4600,0,300,300,0,0,100,0,0,600,100,100,100,900,6200,4100,1000,600,500
nonelderly_childless_hh,lowest_quintile,1984,14200,8400,4800,0,400,300,0,0,100,100,0,800,200,100,100,1400,5800,4100,900,300,400
nonelderly_childless_hh,lowest_quintile,1985,14100,8100,5200,0,300,400,0,0,300,0,0,600,100,100,100,1000,6000,4200,1100,300,400
nonelderly_childless_hh,lowest_quintile,1986,14000,8300,5200,0,300,400,0,0,200,100,0,600,100,100,100,1100,5700,4000,1000,300,400
nonelderly_childless_hh,lowest_quintile,1987,14600,8200,5400,0,300,400,0,100,300,0,0,500,100,100,100,800,6400,4500,1200,300,500
nonelderly_childless_hh,lowest_quintile,1988,15200,8300,5700,0,200,400,0,100,300,100,0,500,100,100,100,800,6900,4900,1300,200,500
nonelderly_childless_hh,lowest_quintile,1989,16000,9200,6300,0,200,500,0,100,200,100,0,400,100,100,100,1000,6800,4600,1200,200,700
nonelderly_childless_hh,lowest_quintile,1990,16300,9500,6500,0,300,500,0,100,500,0,0,500,100,100,100,1000,6800,4500,1300,300,700
nonelderly_childless_hh,lowest_quintile,1991,16800,9300,6300,0,300,500,0,100,300,0,0,500,100,100,100,900,7500,4800,1500,500,800
nonelderly_childless_hh,lowest_quintile,1992,17600,9000,6300,0,300,500,0,100,300,0,0,400,100,100,100,700,8500,5200,1700,900,700
nonelderly_childless_hh,lowest_quintile,1993,16400,8100,5500,0,300,400,0,100,300,0,0,300,100,100,100,800,8300,5400,1700,700,500
nonelderly_childless_hh,lowest_quintile,1994,16000,8000,5300,0,300,400,0,100,400,0,0,200,100,100,100,800,8000,5200,1900,300,600
nonelderly_childless_hh,lowest_quintile,1995,16900,8900,6100,0,400,500,0,100,300,0,0,300,100,100,100,900,8000,5200,2000,300,500
nonelderly_childless_hh,lowest_quintile,1996,16100,8000,5400,0,300,400,0,100,400,100,0,200,100,100,100,700,8200,5400,2100,300,400
nonelderly_childless_hh,lowest_quintile,1997,16700,8400,5600,0,400,400,0,100,400,100,0,200,100,100,100,900,8300,5300,2200,300,500
nonelderly_childless_hh,lowest_quintile,1998,17800,9400,6300,0,400,500,0,100,400,100,0,200,100,100,100,1100,8400,5500,2200,200,400
nonelderly_childless_hh,lowest_quintile,1999,18700,10400,6800,0,400,500,0,100,700,100,0,200,100,100,100,1200,8300,5500,2100,200,500
nonelderly_childless_hh,lowest_quintile,2000,18000,9400,6300,0,400,500,0,100,500,100,0,300,100,100,100,1000,8600,5600,2300,200,400
nonelderly_childless_hh,lowest_quintile,2001,17100,9600,6400,0,400,500,0,0,700,0,0,200,100,100,100,1000,7500,4300,2500,300,400
nonelderly_childless_hh,lowest_quintile,2002,16400,8500,5500,0,400,400,0,0,500,0,0,200,100,100,100,1100,7900,4600,2400,600,300
nonelderly_childless_hh,lowest_quintile,2003,17100,8400,5600,0,400,400,0,100,500,0,0,200,100,100,100,1000,8600,4800,2700,700,500
nonelderly_childless_hh,lowest_quintile,2004,17100,8500,5500,0,400,400,0,100,700,0,0,200,100,100,100,900,8600,5100,2700,400,400
nonelderly_childless_hh,lowest_quintile,2005,18200,9600,6300,0,500,500,0,100,500,0,0,200,100,100,100,1200,8600,5100,2800,300,400
nonelderly_childless_hh,lowest_quintile,2006,19500,10200,6700,0,500,500,0,100,800,0,0,200,100,100,100,1000,9300,5000,3600,300,400
nonelderly_childless_hh,lowest_quintile,2007,20300,11800,7900,0,500,600,0,100,1000,100,0,200,100,100,100,1100,8500,4300,3500,300,300
nonelderly_childless_hh,lowest_quintile,2008,20200,10900,7600,0,500,600,0,100,700,0,0,200,100,100,100,900,9300,4500,3800,600,300
nonelderly_childless_hh,lowest_quintile,2009,20800,9500,6300,0,500,500,0,0,700,0,0,200,100,100,100,900,11300,5000,3800,2100,300
nonelderly_childless_hh,lowest_quintile,2010,20000,8900,6100,0,400,400,0,100,800,0,0,100,100,100,100,700,11100,4900,3700,2200,300
nonelderly_childless_hh,lowest_quintile,2011,19800,9300,6200,0,400,500,0,100,900,0,0,100,100,100,100,900,10400,4800,3900,1500,200
nonelderly_childless_hh,lowest_quintile,2012,19000,8500,5700,0,400,400,0,100,800,0,0,100,100,100,100,700,10500,5200,4000,1000,300
nonelderly_childless_hh,lowest_quintile,2013,19500,9800,6600,0,400,500,0,100,1000,0,0,100,100,100,100,900,9700,5000,3600,800,300
nonelderly_childless_hh,lowest_quintile,2014,17900,9100,6200,0,300,500,0,100,900,0,0,100,100,100,100,800,8900,4800,3500,300,300
nonelderly_childless_hh,lowest_quintile,2015,18600,9300,6300,0,400,500,0,100,900,0,0,100,100,100,100,800,9300,5300,3500,200,300
nonelderly_childless_hh,lowest_quintile,2016,18800,9600,6200,0,400,500,0,100,1400,0,0,100,100,100,100,800,9200,5000,3700,200,400
nonelderly_childless_hh,lowest_quintile,2017,19500,10000,6400,0,400,500,0,0,1400,0,0,100,100,100,100,900,9500,5000,4100,200,300
nonelderly_childless_hh,lowest_quintile,2018,19300,10100,7100,0,500,500,0,100,1000,0,0,100,100,100,0,500,9100,5000,3900,100,200
nonelderly_childless_hh,lowest_quintile,2019,21000,11900,8200,0,700,600,0,100,1100,100,0,100,100,100,0,800,9200,4700,4000,200,300
nonelderly_childless_hh,lowest_quintile,2020,18700,9000,6100,0,700,500,0,0,700,100,0,100,100,100,0,600,9800,4000,4100,1400,200
nonelderly_childless_hh,lowest_quintile,2021,18800,9300,6400,0,600,500,0,100,800,100,0,0,100,100,0,600,9500,4000,4300,900,300
nonelderly_childless_hh,lowest_quintile,2022,19700,10800,7400,0,600,600,0,100,600,400,0,100,100,100,100,800,8900,4400,4100,300,100
nonelderly_childless_hh,second_quintile,1979,33700,30900,23000,0,1300,1400,100,300,900,100,0,900,100,100,300,2400,2800,1900,300,500,200
nonelderly_childless_hh,second_quintile,1980,32400,29200,21600,0,900,1300,100,200,800,100,0,1100,200,200,300,2400,3200,2000,300,700,200
nonelderly_childless_hh,second_quintile,1981,32300,29200,21400,0,900,1400,100,200,800,100,0,1300,100,200,200,2400,3100,2000,300,600,200
nonelderly_childless_hh,second_quintile,1982,31400,28000,20800,0,1100,1300,100,100,700,100,0,1400,200,200,100,1900,3400,2000,300,900,200
nonelderly_childless_hh,second_quintile,1983,30600,27300,19300,0,1100,1200,100,100,1000,100,0,1500,100,200,200,2200,3400,2000,400,800,200
nonelderly_childless_hh,second_quintile,1984,32700,29800,20600,0,1300,1400,100,200,1100,200,0,1700,200,200,200,2600,2900,1700,400,600,200
nonelderly_childless_hh,second_quintile,1985,32500,29800,21500,100,1200,1500,100,200,800,100,0,1400,200,200,200,2300,2700,1600,400,500,200
nonelderly_childless_hh,second_quintile,1986,32400,29500,21000,100,1200,1500,100,200,900,200,0,1200,200,200,200,2600,2900,1800,400,500,200
nonelderly_childless_hh,second_quintile,1987,32100,29200,20600,100,1200,1400,100,200,1000,200,0,1200,200,200,300,2400,2900,1800,400,400,200
nonelderly_childless_hh,second_quintile,1988,33200,30200,21400,100,1100,1600,100,200,1200,100,0,1000,200,200,200,2700,3100,1900,400,400,400
nonelderly_childless_hh,second_quintile,1989,33800,30700,21900,100,1200,1600,100,200,1100,200,0,1100,100,200,200,2700,3100,1800,400,400,500
nonelderly_childless_hh,second_quintile,1990,34900,31400,22600,100,1200,1700,100,200,1100,100,0,1100,100,200,200,2500,3600,2200,500,500,300
nonelderly_childless_hh,second_quintile,1991,33600,30100,21300,100,1200,1600,100,200,1300,100,0,1100,200,200,200,2600,3500,2000,500,700,300
nonelderly_childless_hh,second_quintile,1992,33500,29400,20800,100,1200,1600,100,200,1200,100,0,800,200,200,200,2800,4100,2100,600,900,500
nonelderly_childless_hh,second_quintile,1993,33400,29300,20800,100,1300,1500,100,200,1400,200,0,600,200,200,200,2500,4000,2400,700,700,200
nonelderly_childless_hh,second_quintile,1994,33500,29900,20900,100,1600,1600,100,200,1200,100,0,500,200,200,300,2700,3700,2300,600,600,300
nonelderly_childless_hh,second_quintile,1995,35400,31700,22400,200,1600,1700,100,300,1200,200,0,600,300,200,300,2800,3800,2300,700,500,200
nonelderly_childless_hh,second_quintile,1996,35300,31700,22300,200,1600,1700,100,300,1300,200,0,500,100,200,200,2900,3700,2200,800,500,200
nonelderly_childless_hh,second_quintile,1997,36400,33000,23400,200,1600,1800,100,300,1400,200,0,600,200,200,200,2800,3500,2000,800,400,300
nonelderly_childless_hh,second_quintile,1998,38200,34700,25100,300,1600,1900,100,300,1100,200,0,500,200,200,200,3100,3500,2000,800,500,200
nonelderly_childless_hh,second_quintile,1999,39700,36100,25700,300,1700,1900,100,300,1300,400,0,500,200,200,200,3300,3600,2100,700,400,300
nonelderly_childless_hh,second_quintile,2000,39800,36100,25900,300,1700,1900,100,300,1300,300,0,500,200,200,200,3300,3700,2300,800,400,200
nonelderly_childless_hh,second_quintile,2001,39700,35500,25500,300,1700,1900,100,200,1300,100,0,500,200,200,100,3400,4100,2400,900,600,300
nonelderly_childless_hh,second_quintile,2002,39400,34600,24400,100,1800,1800,100,200,1500,0,0,400,200,200,100,3800,4800,2700,1000,800,300
nonelderly_childless_hh,second_quintile,2003,38600,33600,23800,100,1900,1800,100,200,1200,0,0,300,200,200,200,3600,5000,2900,1000,800,300
nonelderly_childless_hh,second_quintile,2004,39400,34700,24300,200,2100,1800,100,300,1400,100,0,300,200,200,200,3500,4600,2800,1000,600,300
nonelderly_childless_hh,second_quintile,2005,40500,35700,25300,200,2300,1900,100,400,1300,100,0,300,100,200,200,3300,4900,3000,1100,500,300
nonelderly_childless_hh,second_quintile,2006,41400,36400,25700,200,2300,1900,100,400,1500,100,0,300,100,200,200,3300,4900,3100,1200,400,200
nonelderly_childless_hh,second_quintile,2007,43100,38000,26900,200,2200,2000,100,400,1300,200,0,400,200,200,200,3700,5100,3100,1300,500,200
nonelderly_childless_hh,second_quintile,2008,41500,36400,26100,200,2100,2000,100,200,1500,0,0,400,200,200,100,3400,5100,2900,1300,700,200
nonelderly_childless_hh,second_quintile,2009,40500,33600,23800,200,1900,1800,100,200,1600,0,0,300,100,200,100,3300,7000,3500,1400,1900,200
nonelderly_childless_hh,second_quintile,2010,40400,33200,23500,100,1800,1800,100,200,1400,0,0,200,100,200,100,3700,7200,3600,1600,1800,200
nonelderly_childless_hh,second_quintile,2011,39900,33700,24200,200,1900,1800,100,200,1500,100,0,200,200,200,100,3000,6200,3200,1400,1400,200
nonelderly_childless_hh,second_quintile,2012,39100,33000,23700,200,1900,1800,100,300,1700,0,0,100,100,200,100,3000,6100,3300,1600,1000,200
nonelderly_childless_hh,second_quintile,2013,39500,33900,24300,200,1800,1800,100,300,1600,100,0,100,100,200,100,3200,5500,3300,1400,600,200
nonelderly_childless_hh,second_quintile,2014,39900,34400,24900,200,1800,1900,100,300,1700,100,0,100,100,100,100,3100,5500,3300,1500,400,200
nonelderly_childless_hh,second_quintile,2015,41900,36700,26200,200,2000,2000,100,300,1800,100,0,100,200,100,100,3500,5200,3300,1400,300,200
nonelderly_childless_hh,second_quintile,2016,42700,37200,26500,200,2000,2000,100,300,2000,100,0,100,200,100,100,3500,5500,3300,1500,300,300
nonelderly_childless_hh,second_quintile,2017,42900,37300,27000,200,1900,2000,100,200,1700,200,0,100,200,200,100,3200,5700,3500,1600,300,200
nonelderly_childless_hh,second_quintile,2018,44300,39000,28300,200,2100,2100,100,200,1800,200,0,100,200,200,100,3400,5300,3300,1500,200,200
nonelderly_childless_hh,second_quintile,2019,46300,41300,30300,300,2400,2300,100,200,1800,200,0,100,200,200,100,3300,4900,3000,1500,200,200
nonelderly_childless_hh,second_quintile,2020,45400,38000,27700,300,2400,2100,100,200,1400,200,0,100,200,200,100,3000,7400,3100,1800,2300,200
nonelderly_childless_hh,second_quintile,2021,46200,39600,28900,300,2400,2200,100,200,1600,300,0,100,200,100,100,3200,6600,3100,1800,1400,300
nonelderly_childless_hh,second_quintile,2022,46400,41400,30400,300,2100,2300,0,300,1800,100,0,100,200,200,100,3300,5000,2800,1700,300,100
nonelderly_childless_hh,middle_quintile,1979,52600,50600,39200,0,2100,2200,200,500,1500,200,0,1300,200,200,500,2600,2000,1300,200,400,200
nonelderly_childless_hh,middle_quintile,1980,50500,48300,37800,0,1600,2200,200,400,1200,200,0,1600,200,200,400,2400,2200,1100,200,700,200
nonelderly_childless_hh,middle_quintile,1981,50600,48500,37700,0,1700,2300,100,300,1100,200,0,1800,200,300,300,2300,2100,1200,200,600,100
nonelderly_childless_hh,middle_quintile,1982,50000,47700,36800,0,1900,2300,200,200,1000,200,0,2100,200,400,200,2300,2400,1200,200,800,200
nonelderly_childless_hh,middle_quintile,1983,49800,47500,35800,0,2000,2200,200,300,1200,300,0,1900,200,300,300,2700,2300,1100,200,800,200
nonelderly_childless_hh,middle_quintile,1984,52700,50800,37500,100,2100,2500,200,300,1900,300,100,2200,300,400,300,2800,2000,1100,200,400,300
nonelderly_childless_hh,middle_quintile,1985,52700,50700,37700,200,2100,2600,200,300,1600,200,100,2100,200,400,300,3100,1900,1000,200,500,200
nonelderly_childless_hh,middle_quintile,1986,53900,51800,38600,200,2000,2700,200,300,1700,400,100,1700,300,400,300,3000,2100,1200,300,500,200
nonelderly_childless_hh,middle_quintile,1987,53900,51800,38700,200,2200,2700,200,400,1700,300,0,1500,200,400,400,3000,2100,1200,300,400,200
nonelderly_childless_hh,middle_quintile,1988,54500,52500,38300,300,2300,2800,200,400,1800,300,100,1600,200,400,400,3600,2000,1100,300,400,300
nonelderly_childless_hh,middle_quintile,1989,54800,53000,38900,300,2400,2800,100,400,1800,200,0,1600,200,400,300,3500,1800,1000,200,400,300
nonelderly_childless_hh,middle_quintile,1990,55500,53200,39100,300,2400,2900,100,400,1800,100,0,1400,300,300,300,3800,2300,1300,300,500,200
nonelderly_childless_hh,middle_quintile,1991,54500,52000,38000,300,2300,2800,100,300,1700,200,0,1500,200,300,300,3800,2500,1200,400,600,300
nonelderly_childless_hh,middle_quintile,1992,55500,52700,38500,400,2500,2900,100,400,1900,200,0,1000,200,300,300,4000,2800,1300,400,800,300
nonelderly_childless_hh,middle_quintile,1993,54800,52200,37700,400,2900,2800,100,400,1700,300,0,800,200,300,300,4200,2600,1300,400,700,300
nonelderly_childless_hh,middle_quintile,1994,55000,52500,38200,400,2900,2800,100,400,1600,200,0,700,300,300,300,4200,2500,1300,400,500,200
nonelderly_childless_hh,middle_quintile,1995,56900,54700,39600,600,3000,3000,100,500,1700,300,100,800,200,300,400,4300,2200,1200,400,500,200
nonelderly_childless_hh,middle_quintile,1996,58000,55600,40400,600,3000,3000,100,500,1600,300,0,800,200,300,400,4100,2400,1300,500,500,200
nonelderly_childless_hh,middle_quintile,1997,59200,56900,41800,700,2800,3100,100,500,1500,400,0,800,200,300,300,4200,2300,1300,400,500,200
nonelderly_childless_hh,middle_quintile,1998,61400,59100,43300,800,2800,3200,100,500,1900,400,0,800,200,300,300,4500,2300,1300,400,400,100
nonelderly_childless_hh,middle_quintile,1999,63400,60900,45100,900,2800,3400,100,500,1500,500,0,700,200,300,300,4500,2500,1500,400,400,100
nonelderly_childless_hh,middle_quintile,2000,63600,61200,45200,900,2800,3400,100,500,1600,600,0,700,200,300,300,4500,2400,1500,400,400,200
nonelderly_childless_hh,middle_quintile,2001,64000,61000,45000,900,2900,3400,100,300,1700,100,0,800,200,400,200,4800,3100,1800,500,600,200
nonelderly_childless_hh,middle_quintile,2002,62900,59400,43900,500,3200,3300,100,300,1700,0,0,500,200,300,200,5000,3600,2000,600,800,200
nonelderly_childless_hh,middle_quintile,2003,63000,59200,43200,600,3400,3200,100,400,1500,100,100,500,300,300,200,5200,3800,2200,600,800,200
nonelderly_childless_hh,middle_quintile,2004,64500,60900,44300,600,3900,3300,100,500,1800,100,0,400,200,300,300,5000,3600,2200,600,600,200
nonelderly_childless_hh,middle_quintile,2005,65400,62000,44600,700,4100,3300,100,700,1700,200,0,400,200,300,300,5200,3500,2200,600,500,200
nonelderly_childless_hh,middle_quintile,2006,65900,62400,45100,700,4100,3400,100,800,1600,300,0,500,200,300,300,4900,3500,2200,700,400,200
nonelderly_childless_hh,middle_quintile,2007,68900,65300,47700,800,3800,3600,100,700,1500,400,0,600,200,300,300,5200,3600,2200,800,500,200
nonelderly_childless_hh,middle_quintile,2008,66200,62600,46100,800,3800,3500,100,400,1400,100,0,500,200,300,200,5100,3600,2100,800,600,200
nonelderly_childless_hh,middle_quintile,2009,65300,60200,44100,700,3800,3300,100,300,1500,0,100,400,200,300,100,5300,5100,2400,800,1700,200
nonelderly_childless_hh,middle_quintile,2010,64600,59200,43000,600,3700,3200,100,400,1600,0,0,300,200,200,200,5500,5400,2700,1000,1600,100
nonelderly_childless_hh,middle_quintile,2011,63800,59100,42600,600,3700,3200,100,400,1800,200,100,200,200,300,200,5400,4800,2500,900,1200,100
nonelderly_childless_hh,middle_quintile,2012,63800,59300,43100,700,3800,3200,100,500,1800,100,0,200,200,300,200,5100,4500,2500,900,900,100
nonelderly_childless_hh,middle_quintile,2013,65400,61100,44700,700,3600,3400,100,500,1800,200,0,100,200,200,200,5400,4300,2500,900,700,200
nonelderly_childless_hh,middle_quintile,2014,65800,62000,45700,700,3600,3500,100,600,1700,200,0,200,200,200,200,5000,3800,2300,900,400,200
nonelderly_childless_hh,middle_quintile,2015,68000,64500,47600,800,3800,3600,100,500,1900,300,0,100,200,300,200,5100,3500,2200,800,300,100
nonelderly_childless_hh,middle_quintile,2016,68100,64700,48400,800,4000,3700,100,500,1500,200,0,100,200,200,200,4900,3400,2100,800,300,200
nonelderly_childless_hh,middle_quintile,2017,70100,66400,49700,900,4000,3800,100,400,1700,300,0,100,200,200,100,4900,3600,2200,900,300,200
nonelderly_childless_hh,middle_quintile,2018,71200,67800,50900,900,4000,3900,100,400,1800,300,0,100,200,200,100,5000,3400,2200,900,300,100
nonelderly_childless_hh,middle_quintile,2019,73800,70100,53000,1000,4300,4000,100,400,1800,300,0,100,200,200,100,4600,3700,2300,1000,300,200
nonelderly_childless_hh,middle_quintile,2020,74000,68600,51200,1000,4400,3900,100,400,1600,400,0,200,200,300,100,4800,5400,2500,1200,1600,200
nonelderly_childless_hh,middle_quintile,2021,74000,69600,51800,1000,4300,3900,100,400,1900,600,0,100,200,300,100,5000,4400,2200,1100,1000,100
nonelderly_childless_hh,middle_quintile,2022,74600,71000,53400,1100,4000,4100,100,500,2000,300,0,100,200,300,200,4700,3700,2100,1200,300,100
nonelderly_childless_hh,fourth_quintile,1979,75000,73700,59300,0,2800,3400,200,800,1700,300,0,1800,200,300,600,2200,1300,700,100,300,200
nonelderly_childless_hh,fourth_quintile,1980,74000,72400,58100,0,2400,3300,200,600,1700,400,0,2200,200,300,600,2300,1600,800,100,500,100
nonelderly_childless_hh,fourth_quintile,1981,74800,73100,58500,0,2500,3600,200,500,1300,300,0,2600,200,400,500,2400,1700,800,200,500,100
nonelderly_childless_hh,fourth_quintile,1982,74400,72500,57200,0,2700,3500,200,300,1400,300,0,3100,200,500,300,2600,1900,900,200,700,100
nonelderly_childless_hh,fourth_quintile,1983,74600,72800,56900,0,2800,3600,200,400,1800,500,0,2700,200,500,400,2800,1800,900,200,600,100
nonelderly_childless_hh,fourth_quintile,1984,78400,76800,58800,300,2800,3800,200,500,2600,500,100,2900,400,500,500,3000,1500,800,200,400,100
nonelderly_childless_hh,fourth_quintile,1985,78600,77100,59900,400,3000,4000,200,500,1800,500,100,2800,200,500,400,3000,1400,700,200,300,200
nonelderly_childless_hh,fourth_quintile,1986,81400,79800,62100,500,3000,4200,200,500,1900,800,100,2500,200,500,400,2900,1500,800,200,400,100
nonelderly_childless_hh,fourth_quintile,1987,82400,80900,62000,600,3300,4200,200,600,2200,500,100,2200,300,600,600,3400,1600,800,200,400,200
nonelderly_childless_hh,fourth_quintile,1988,83500,82000,62400,700,3500,4500,200,600,2200,300,100,2200,200,600,500,3800,1500,800,200,300,200
nonelderly_childless_hh,fourth_quintile,1989,84100,82500,62200,800,3600,4500,200,600,2200,400,100,2300,300,600,500,4100,1600,900,200,300,200
nonelderly_childless_hh,fourth_quintile,1990,83400,81600,62000,800,3700,4600,200,600,2000,200,100,2300,200,500,500,4000,1800,900,200,400,200
nonelderly_childless_hh,fourth_quintile,1991,83000,81000,61200,800,3600,4500,200,500,2100,300,100,2000,300,600,500,4300,2000,1000,200,600,200
nonelderly_childless_hh,fourth_quintile,1992,83300,81100,61200,900,4000,4500,200,600,2100,300,100,1500,300,500,400,4500,2200,1100,300,700,200
nonelderly_childless_hh,fourth_quintile,1993,83500,81200,60800,1000,4400,4500,200,600,2000,400,100,1100,300,500,500,4700,2200,1100,300,600,200
nonelderly_childless_hh,fourth_quintile,1994,84300,82300,61600,1100,4600,4500,100,700,1900,400,100,1000,300,500,500,4800,1900,1100,200,400,200
nonelderly_childless_hh,fourth_quintile,1995,86300,84500,62700,1400,4600,4700,100,800,2200,400,100,1200,300,500,600,4900,1800,1000,300,400,100
nonelderly_childless_hh,fourth_quintile,1996,87900,86100,63900,1600,4500,4800,100,800,2000,600,100,1200,300,500,600,5000,1900,1000,300,400,100
nonelderly_childless_hh,fourth_quintile,1997,90100,88100,65300,1700,4100,4900,100,800,2400,800,100,1200,300,600,600,5300,2100,1100,300,300,300
nonelderly_childless_hh,fourth_quintile,1998,94200,92200,68900,2000,4100,5200,100,800,2300,900,100,1200,300,500,500,5500,2000,1200,300,300,100
nonelderly_childless_hh,fourth_quintile,1999,97000,95100,70600,2200,4000,5300,100,800,2300,1100,100,1100,300,500,500,6000,1900,1100,300,300,100
nonelderly_childless_hh,fourth_quintile,2000,98400,96500,71600,2400,4200,5400,100,800,2100,1000,100,1100,300,600,500,6200,1900,1200,300,300,100
nonelderly_childless_hh,fourth_quintile,2001,97500,95200,70900,2300,4300,5400,100,500,2100,400,100,1000,300,500,300,6800,2300,1400,300,500,200
nonelderly_childless_hh,fourth_quintile,2002,95900,93300,70300,1700,4700,5200,100,500,2000,100,100,800,300,400,300,6700,2600,1300,400,700,100
nonelderly_childless_hh,fourth_quintile,2003,96500,93900,69400,1900,5200,5200,100,700,2300,100,100,700,300,400,400,7000,2600,1500,300,700,100
nonelderly_childless_hh,fourth_quintile,2004,99900,97200,71200,2000,5900,5300,100,800,2400,400,100,600,300,400,400,7200,2700,1600,500,500,100
nonelderly_childless_hh,fourth_quintile,2005,101300,98800,71700,2100,6400,5400,100,1100,2400,500,100,600,300,500,500,7100,2500,1500,400,400,200
nonelderly_childless_hh,fourth_quintile,2006,103700,100900,73300,2100,6300,5500,100,1200,2400,700,100,800,300,500,600,6900,2700,1700,500,400,200
nonelderly_childless_hh,fourth_quintile,2007,105800,103200,75400,2200,6000,5700,100,1100,2300,800,100,1000,300,600,500,7100,2600,1600,500,400,100
nonelderly_childless_hh,fourth_quintile,2008,103500,100600,74300,2200,5900,5600,100,600,1900,200,100,800,300,500,300,7700,2900,1600,500,600,100
nonelderly_childless_hh,fourth_quintile,2009,100400,96800,71800,1900,5900,5400,100,500,2100,0,100,600,300,400,200,7300,3700,1700,600,1300,100
nonelderly_childless_hh,fourth_quintile,2010,99700,96100,70700,1900,5900,5300,100,700,2200,100,100,400,300,500,300,7500,3700,1800,500,1300,100
nonelderly_childless_hh,fourth_quintile,2011,100300,96900,71100,1900,6000,5300,100,700,2300,300,100,300,300,500,300,7700,3400,1800,600,1000,100
nonelderly_childless_hh,fourth_quintile,2012,101000,97500,71300,2000,5900,5400,100,800,2600,200,100,300,400,400,300,7800,3400,1900,600,800,100
nonelderly_childless_hh,fourth_quintile,2013,102800,99700,73400,2100,5800,5500,100,800,2500,400,100,200,400,400,400,7500,3100,1800,500,600,100
nonelderly_childless_hh,fourth_quintile,2014,105100,102200,75700,2200,5800,5700,100,1000,2500,600,100,200,300,400,400,7400,2900,1700,600,400,100
nonelderly_childless_hh,fourth_quintile,2015,108800,106100,78500,2300,6000,5900,100,900,2700,600,100,200,300,400,400,7700,2700,1700,600,400,100
nonelderly_childless_hh,fourth_quintile,2016,109500,106800,80000,2300,6100,6100,100,900,2500,400,100,200,300,400,300,7100,2700,1700,600,300,100
nonelderly_childless_hh,fourth_quintile,2017,111200,108700,81500,2400,6300,6200,100,700,2500,700,0,200,300,400,200,7200,2600,1600,600,300,100
nonelderly_childless_hh,fourth_quintile,2018,113100,110400,82400,2600,6200,6300,100,600,2600,700,100,200,300,500,200,7500,2800,1800,700,300,100
nonelderly_childless_hh,fourth_quintile,2019,116900,114100,85500,2800,6500,6500,100,600,2700,700,100,300,300,600,200,7400,2700,1700,700,300,100
nonelderly_childless_hh,fourth_quintile,2020,117900,114100,86100,2900,6500,6600,100,600,2200,800,100,200,300,500,200,7000,3800,1600,800,1300,100
nonelderly_childless_hh,fourth_quintile,2021,118900,115700,85900,3000,6400,6600,100,700,3200,1400,0,200,300,500,200,7100,3200,1600,700,700,200
nonelderly_childless_hh,fourth_quintile,2022,120300,117700,88700,3100,6200,6800,100,900,3000,600,0,200,300,600,300,6900,2600,1500,800,300,100
nonelderly_childless_hh,highest_quintile,1979,149600,148700,103000,0,3900,4700,200,1300,9000,8000,400,5900,1200,3200,4500,3200,900,500,100,200,100
nonelderly_childless_hh,highest_quintile,1980,146600,145500,102400,0,3300,4700,200,1100,7500,7200,400,7300,1200,3300,3600,3400,1100,500,100,400,100
nonelderly_childless_hh,highest_quintile,1981,146700,145700,102700,0,3400,5200,200,900,6100,6800,400,8800,1400,3500,2800,3300,1100,500,100,300,100
nonelderly_childless_hh,highest_quintile,1982,148700,147400,104100,0,3800,5500,200,600,5900,7600,600,8400,1500,3700,1700,3900,1300,700,100,400,100
nonelderly_childless_hh,highest_quintile,1983,153000,151700,106100,0,4000,5600,200,700,6500,9700,800,7300,1300,2900,2200,4300,1300,700,200,300,100
nonelderly_childless_hh,highest_quintile,1984,164400,163300,111100,800,3900,6100,200,900,9100,10900,1000,8100,1300,2700,2600,4600,1200,600,200,300,100
nonelderly_childless_hh,highest_quintile,1985,167100,166000,111200,1100,4100,6300,200,800,8100,13200,1200,8000,1300,3300,2600,4500,1200,700,200,200,100
nonelderly_childless_hh,highest_quintile,1986,182500,181300,115600,1400,4200,6700,200,900,8900,23600,1300,6800,1100,3200,2700,4600,1200,600,200,300,100
nonelderly_childless_hh,highest_quintile,1987,176500,175300,119400,1500,4800,6800,200,1200,10300,9200,1500,7100,1300,3300,3300,5300,1200,700,100,200,100
nonelderly_childless_hh,highest_quintile,1988,191100,189800,123900,1700,5300,7200,200,1200,14000,10500,1700,8000,1400,4000,3700,7000,1300,800,100,200,200
nonelderly_childless_hh,highest_quintile,1989,188900,187600,122700,2000,5400,7200,200,1200,13700,9000,1800,8800,1400,3800,3400,7000,1400,800,200,200,100
nonelderly_childless_hh,highest_quintile,1990,189000,187600,123200,2000,5400,7300,200,1100,14300,7400,2000,9000,1500,3700,3500,7000,1400,800,200,300,200
nonelderly_childless_hh,highest_quintile,1991,181800,180400,121200,2000,5300,7400,200,1000,13000,6100,1900,7400,1500,3300,3000,7100,1400,800,200,400,100
nonelderly_childless_hh,highest_quintile,1992,189300,187800,125800,2500,6000,7600,200,1100,14700,6700,1900,5500,1600,3100,3300,7700,1600,800,200,400,100
nonelderly_childless_hh,highest_quintile,1993,187100,185500,123300,2600,6600,7500,200,1300,14000,7600,1800,4400,1900,3000,3900,7300,1600,900,200,400,100
nonelderly_childless_hh,highest_quintile,1994,190500,189100,124500,2900,7200,7800,200,1400,15300,7700,1700,4100,1700,3000,4300,7200,1400,700,200,300,200
nonelderly_childless_hh,highest_quintile,1995,197500,196100,127900,3500,6900,8100,200,1500,14600,8600,1800,4800,2000,3400,4700,8000,1400,800,200,300,100
nonelderly_childless_hh,highest_quintile,1996,207300,205900,131700,4000,6800,8300,200,1600,15800,12500,1600,5000,1700,3500,4900,8300,1500,800,300,300,100
nonelderly_childless_hh,highest_quintile,1997,220900,219400,137600,4000,6100,8500,200,1700,17200,17300,1500,5000,1800,4200,5300,9000,1400,800,300,200,100
nonelderly_childless_hh,highest_quintile,1998,234100,232800,143500,4500,6000,8900,100,1600,18800,21500,1600,5200,1700,4000,5200,10400,1300,800,200,200,100
nonelderly_childless_hh,highest_quintile,1999,245800,244500,149500,4900,6100,9200,100,1700,19200,25100,1500,5000,1800,4300,5300,10700,1300,800,200,200,100
nonelderly_childless_hh,highest_quintile,2000,257400,256000,155500,5100,6200,9500,100,1700,18800,27500,1800,5700,1900,5000,5300,11800,1400,900,200,200,100
nonelderly_childless_hh,highest_quintile,2001,234700,233200,153000,5200,6500,9600,100,1100,18700,13100,1500,4900,1900,3400,3400,10800,1500,800,200,300,100
nonelderly_childless_hh,highest_quintile,2002,223300,221500,147600,5900,7100,9400,100,1000,18400,8800,1400,3400,1700,2500,2900,11200,1800,900,200,500,100
nonelderly_childless_hh,highest_quintile,2003,228500,226700,147300,7300,8100,9500,100,1400,18700,10600,1300,2800,1700,2800,4000,10900,1800,900,300,500,100
nonelderly_childless_hh,highest_quintile,2004,245600,243900,150400,7600,9000,9600,100,1800,21500,17000,1300,2900,1800,3800,5300,11800,1700,900,300,400,100
nonelderly_childless_hh,highest_quintile,2005,269900,268100,153000,7900,9500,9600,100,2400,26900,25700,1600,4200,2000,4700,7900,12500,1800,1100,300,300,100
nonelderly_childless_hh,highest_quintile,2006,274100,272300,154700,8300,9200,9700,100,2600,26000,26500,1900,5400,1900,5300,8100,12700,1800,1100,400,300,100
nonelderly_childless_hh,highest_quintile,2007,277400,275700,159800,8600,9000,10100,100,2200,24300,26600,1900,5900,1800,5700,6400,13300,1700,1100,300,200,100
nonelderly_childless_hh,highest_quintile,2008,259600,257800,160000,8600,9000,10200,100,1400,23500,13900,1900,4600,2100,5200,3900,13400,1800,1000,300,400,100
nonelderly_childless_hh,highest_quintile,2009,239700,237300,153900,8100,9300,10100,100,1000,21400,6700,1600,3200,1700,3700,2900,13600,2400,1100,300,900,0
nonelderly_childless_hh,highest_quintile,2010,244100,241600,154300,8000,9000,10000,100,1400,20800,9500,1500,2500,1800,3900,3800,15000,2500,1200,400,800,100
nonelderly_childless_hh,highest_quintile,2011,249000,246800,157400,8200,9100,10100,100,1400,22000,10100,1400,2200,1900,4100,3900,14900,2200,1100,400,600,100
nonelderly_childless_hh,highest_quintile,2012,264800,262500,161400,8300,8800,10200,100,1700,24700,16500,1300,2100,2100,5700,4900,14600,2200,1200,400,500,100
nonelderly_childless_hh,highest_quintile,2013,258000,256000,161900,8500,8800,10500,100,1900,24000,12000,1200,1800,2000,4300,4900,14000,2000,1100,400,400,100
nonelderly_childless_hh,highest_quintile,2014,270100,268200,166300,8800,8800,10700,100,2100,25200,16800,1100,1700,2200,4900,5400,14200,1900,1100,400,300,100
nonelderly_childless_hh,highest_quintile,2015,274000,272200,171300,9300,9100,11100,100,2000,24900,16000,1000,1600,1900,4500,4900,14600,1800,1100,400,300,0
nonelderly_childless_hh,highest_quintile,2016,278600,276500,175300,9300,9300,11200,100,1900,25800,15500,1100,1700,1700,4700,5100,13800,2100,1200,500,300,100
nonelderly_childless_hh,highest_quintile,2017,289400,287500,180100,9600,9500,11600,100,1400,28000,19800,1000,1800,1700,5000,3700,14100,1900,1100,400,200,100
nonelderly_childless_hh,highest_quintile,2018,307300,305500,187700,10000,8800,11800,100,1400,30400,24100,1100,2700,2000,6400,4100,15000,1800,1100,500,200,0
nonelderly_childless_hh,highest_quintile,2019,308500,306600,191300,10300,9200,12200,100,1300,28900,21100,1100,2900,2000,6200,3700,16300,2000,1200,500,200,100
nonelderly_childless_hh,highest_quintile,2020,325400,322700,198800,10800,9200,12600,100,1400,30900,28000,1000,2300,1700,5900,3700,16400,2700,1200,500,900,100
nonelderly_childless_hh,highest_quintile,2021,356400,353900,201400,10500,8900,12400,100,1600,37100,48300,900,1800,1900,6900,4600,17400,2400,1200,700,500,100
nonelderly_childless_hh,highest_quintile,2022,330900,329000,200200,10600,8600,12600,100,2000,34900,26800,800,2200,2200,6700,5400,16000,1900,1100,600,200,0
nonelderly_childless_hh,percentiles_81_90,1979,103300,102300,81900,0,3600,4400,200,1100,2900,800,0,2800,300,600,1100,2500,1000,500,100,300,100
nonelderly_childless_hh,percentiles_81_90,1980,101300,100100,80100,0,3100,4400,200,900,2600,700,0,3500,400,700,1000,2700,1200,500,100,500,100
nonelderly_childless_hh,percentiles_81_90,1981,102000,100700,80300,0,3100,4800,200,700,2200,600,100,4100,400,700,800,2700,1200,600,100,400,200
nonelderly_childless_hh,percentiles_81_90,1982,101900,100500,79700,0,3400,4800,200,400,2000,600,100,4400,700,900,500,2800,1400,700,100,500,100
nonelderly_childless_hh,percentiles_81_90,1983,103700,102300,81500,0,3600,5000,200,600,2200,700,100,3700,400,700,500,3200,1400,700,200,400,100
nonelderly_childless_hh,percentiles_81_90,1984,110300,109100,85500,500,3600,5500,200,700,3100,700,100,4100,300,600,700,3300,1200,600,200,300,100
nonelderly_childless_hh,percentiles_81_90,1985,108900,107600,84200,900,3700,5500,200,600,2500,900,100,3800,400,800,600,3400,1300,700,200,300,100
nonelderly_childless_hh,percentiles_81_90,1986,115300,114000,88600,1100,3800,6000,200,700,3200,1700,100,3500,300,800,600,3400,1300,600,200,400,100
nonelderly_childless_hh,percentiles_81_90,1987,116500,115200,89300,1200,4400,6000,200,900,3000,900,200,3100,300,1000,800,4000,1200,700,100,300,200
nonelderly_childless_hh,percentiles_81_90,1988,117400,116200,88800,1300,4600,6300,200,900,3400,600,200,3000,400,1000,800,4800,1200,600,100,300,200
nonelderly_childless_hh,percentiles_81_90,1989,120000,118600,89200,1500,4700,6300,200,900,3800,800,300,3600,400,900,800,5200,1400,800,200,300,200
nonelderly_childless_hh,percentiles_81_90,1990,117800,116400,88400,1600,4800,6400,200,800,3100,500,200,3300,400,800,700,5100,1500,800,200,400,100
nonelderly_childless_hh,percentiles_81_90,1991,115200,113700,86200,1500,4700,6200,200,700,3200,600,200,2800,400,800,700,5500,1500,800,200,400,100
nonelderly_childless_hh,percentiles_81_90,1992,116000,114300,86900,1800,5200,6300,200,800,3000,600,200,2000,300,700,700,5500,1700,900,200,500,200
nonelderly_childless_hh,percentiles_81_90,1993,117300,115700,87300,2000,5900,6400,200,900,2900,800,200,1600,400,800,800,5500,1600,800,200,500,200
nonelderly_childless_hh,percentiles_81_90,1994,120000,118500,89400,2200,6200,6500,200,1000,3200,600,200,1500,400,700,800,5400,1500,800,200,400,200
nonelderly_childless_hh,percentiles_81_90,1995,122400,121000,90200,2600,6100,6600,200,1100,2800,700,300,1800,600,900,1000,6100,1400,800,200,300,100
nonelderly_childless_hh,percentiles_81_90,1996,126200,124500,92400,3200,5900,6800,200,1200,2900,1100,300,1700,500,1000,1000,6400,1600,900,300,300,100
nonelderly_childless_hh,percentiles_81_90,1997,129800,128400,95100,3300,5400,7100,200,1200,3500,1500,200,1700,500,1000,900,6800,1500,800,300,300,100
nonelderly_childless_hh,percentiles_81_90,1998,134500,133100,98800,3700,5200,7400,200,1100,3700,1700,200,1800,400,900,800,7300,1400,800,200,200,100
nonelderly_childless_hh,percentiles_81_90,1999,139300,138000,101900,4100,5300,7600,100,1200,4000,2200,100,1700,500,1000,900,7300,1300,800,200,200,100
nonelderly_childless_hh,percentiles_81_90,2000,142200,140800,103400,4300,5300,7800,100,1100,3700,2400,200,1700,500,1200,900,8200,1400,900,200,200,100
nonelderly_childless_hh,percentiles_81_90,2001,139400,137800,102500,4300,5600,7700,100,800,3900,800,200,1700,600,800,600,8100,1600,900,200,400,100
nonelderly_childless_hh,percentiles_81_90,2002,137800,135800,101800,3700,6200,7600,100,700,3300,600,200,1300,500,700,500,8600,1900,900,200,600,100
nonelderly_childless_hh,percentiles_81_90,2003,140400,138400,102600,4400,7000,7700,100,1000,3800,400,200,900,500,700,600,8500,2000,1000,300,600,100
nonelderly_childless_hh,percentiles_81_90,2004,144800,142900,103800,4700,7900,7800,100,1200,3800,900,200,800,500,800,700,9500,1900,1000,300,400,200
nonelderly_childless_hh,percentiles_81_90,2005,147900,146100,104700,4900,8500,7900,100,1600,4400,1300,200,1100,500,800,900,9200,1800,1100,300,400,200
nonelderly_childless_hh,percentiles_81_90,2006,151700,149700,106700,5100,8300,8000,100,1800,4200,1800,200,1500,500,1000,1100,9300,2000,1200,400,300,200
nonelderly_childless_hh,percentiles_81_90,2007,155300,153400,110000,5300,7900,8300,100,1600,4300,1900,200,1600,500,1100,900,9700,1800,1100,400,300,100
nonelderly_childless_hh,percentiles_81_90,2008,152100,150000,109300,5200,8000,8300,100,900,3600,600,200,1400,500,1100,500,10300,2100,1200,300,400,100
nonelderly_childless_hh,percentiles_81_90,2009,147300,144800,106600,4600,8200,8000,100,700,3300,200,200,900,600,800,400,10200,2600,1200,300,1000,0
nonelderly_childless_hh,percentiles_81_90,2010,146800,144200,105200,4600,8000,7900,100,1000,3600,400,200,700,500,800,500,10600,2700,1300,400,900,100
nonelderly_childless_hh,percentiles_81_90,2011,149400,146800,106400,4800,8000,8000,100,1000,4100,500,200,600,600,1100,500,10800,2600,1300,500,700,100
nonelderly_childless_hh,percentiles_81_90,2012,151900,149200,108600,5000,8000,8200,100,1200,4200,700,100,500,700,900,600,10500,2700,1500,500,600,100
nonelderly_childless_hh,percentiles_81_90,2013,153900,151600,110600,5100,7800,8400,100,1300,4400,1000,100,400,600,900,700,10200,2300,1300,400,500,100
nonelderly_childless_hh,percentiles_81_90,2014,158300,156200,113100,5200,7900,8600,100,1400,4600,1500,100,400,700,1000,800,10700,2100,1200,400,300,100
nonelderly_childless_hh,percentiles_81_90,2015,164700,162600,118200,5600,8200,9000,100,1400,5000,1300,100,300,600,900,700,11200,2000,1300,400,300,0
nonelderly_childless_hh,percentiles_81_90,2016,165500,163400,119900,5700,8400,9100,100,1300,4600,1100,100,300,600,1000,700,10600,2100,1300,400,300,100
nonelderly_childless_hh,percentiles_81_90,2017,168400,166300,122000,5900,8700,9300,100,1000,4900,1600,100,300,600,900,500,10400,2100,1200,500,300,100
nonelderly_childless_hh,percentiles_81_90,2018,172000,170000,125100,6200,8300,9600,100,1000,4700,1700,100,400,600,900,500,10900,2000,1200,500,200,100
nonelderly_childless_hh,percentiles_81_90,2019,177600,175500,128900,6400,8800,9900,100,900,4800,1500,100,600,700,1000,500,11200,2200,1300,500,200,100
nonelderly_childless_hh,percentiles_81_90,2020,182200,179100,130800,6800,8900,10100,100,900,4700,2100,100,400,500,1100,500,12200,3000,1300,600,1000,100
nonelderly_childless_hh,percentiles_81_90,2021,183900,181200,130500,6900,8500,10000,100,1100,6000,3700,100,300,700,1100,500,11600,2700,1300,700,500,100
nonelderly_childless_hh,percentiles_81_90,2022,184600,182500,134100,7000,8300,10300,100,1300,5700,1500,100,400,600,1200,600,11200,2100,1200,600,200,0
nonelderly_childless_hh,percentiles_91_95,1979,131700,131000,102700,0,4100,5200,200,1400,4900,1700,100,4300,600,1100,1900,2800,800,400,100,200,100
nonelderly_childless_hh,percentiles_91_95,1980,129700,128800,100500,0,3500,5100,200,1100,4300,1700,100,5700,600,1300,1700,3100,900,500,100,300,100
nonelderly_childless_hh,percentiles_91_95,1981,130400,129600,101300,0,3600,5700,200,900,3700,900,100,6600,500,1600,1200,3100,800,400,100,200,100
nonelderly_childless_hh,percentiles_91_95,1982,130300,129200,102500,0,4000,5900,200,500,3100,800,100,5800,500,1700,700,3300,1100,600,100,300,100
nonelderly_childless_hh,percentiles_91_95,1983,134200,133000,104200,0,4100,6100,200,700,3700,1600,200,5500,700,1300,900,3700,1300,700,100,300,100
nonelderly_childless_hh,percentiles_91_95,1984,143800,142600,110100,900,4100,6600,200,900,4700,1600,200,6100,500,1300,1100,4300,1200,600,200,300,100
nonelderly_childless_hh,percentiles_91_95,1985,142000,141000,108400,1200,4200,6800,200,800,3800,2100,200,5800,600,1400,1000,4400,1000,600,100,200,100
nonelderly_childless_hh,percentiles_91_95,1986,149800,148700,113500,1500,4200,7300,200,900,4700,3600,300,4800,700,1300,1000,4500,1100,500,100,200,100
nonelderly_childless_hh,percentiles_91_95,1987,154000,152900,116200,1700,5000,7400,200,1100,4600,2100,400,4900,600,1600,1500,5500,1100,700,200,200,100
nonelderly_childless_hh,percentiles_91_95,1988,156100,154900,117000,2000,5500,7800,200,1200,4900,1600,400,4600,600,1600,1300,6100,1200,700,100,200,100
nonelderly_childless_hh,percentiles_91_95,1989,158600,157300,117400,2200,5600,7800,200,1100,5800,1800,500,5100,600,1800,1400,5800,1300,900,200,200,100
nonelderly_childless_hh,percentiles_91_95,1990,154500,153200,114400,2200,5400,7900,200,1000,5400,1100,500,5400,700,1500,1300,6200,1400,700,200,200,300
nonelderly_childless_hh,percentiles_91_95,1991,152500,151200,113700,2200,5500,8000,200,900,5100,1200,600,4500,600,1500,1200,5800,1300,700,200,300,200
nonelderly_childless_hh,percentiles_91_95,1992,155000,153700,114900,2800,6300,8000,200,1000,4900,1300,600,3400,700,1400,1300,6700,1400,700,100,400,100
nonelderly_childless_hh,percentiles_91_95,1993,156400,154900,114800,3000,6800,8000,200,1200,5900,1800,400,2500,1000,1500,1500,6400,1500,800,200,400,100
nonelderly_childless_hh,percentiles_91_95,1994,157300,156000,116400,3200,7200,8300,200,1300,6100,1300,500,2100,800,1300,1400,6100,1200,600,200,300,200
nonelderly_childless_hh,percentiles_91_95,1995,162200,160800,117600,3900,6900,8500,200,1400,5400,1600,600,2600,1100,1700,1700,7600,1500,900,200,300,100
nonelderly_childless_hh,percentiles_91_95,1996,169600,168100,122000,4600,6900,8800,200,1500,5900,2500,500,3200,1000,1700,1900,7400,1500,900,300,300,100
nonelderly_childless_hh,percentiles_91_95,1997,174900,173500,126400,4600,6300,9000,200,1600,6200,3300,400,2900,1100,2000,1800,7800,1400,800,300,200,100
nonelderly_childless_hh,percentiles_91_95,1998,182500,181300,130300,5200,6100,9300,200,1500,7500,4100,400,2700,1000,1900,1700,9500,1300,700,200,200,100
nonelderly_childless_hh,percentiles_91_95,1999,189800,188500,134700,5700,6000,9600,100,1500,7200,5600,500,2600,900,2200,1800,10000,1400,800,300,200,100
nonelderly_childless_hh,percentiles_91_95,2000,194000,192500,137700,5800,6200,9800,100,1500,6900,5100,400,3200,1000,2300,1700,10700,1400,800,200,200,100
nonelderly_childless_hh,percentiles_91_95,2001,188900,187500,138500,6100,6400,10100,100,1000,6800,1700,400,2700,900,1500,1000,10200,1400,800,300,300,100
nonelderly_childless_hh,percentiles_91_95,2002,184300,182500,134900,6600,7200,9800,100,900,6500,1100,300,1900,800,1100,900,10300,1800,900,200,500,200
nonelderly_childless_hh,percentiles_91_95,2003,187800,186200,135500,7800,8100,10000,100,1300,6800,1200,400,1400,800,1100,1000,10800,1700,900,300,400,100
nonelderly_childless_hh,percentiles_91_95,2004,194500,193100,137200,8300,9200,10000,100,1600,7600,2600,300,1300,900,1400,1400,11100,1400,800,200,300,100
nonelderly_childless_hh,percentiles_91_95,2005,203900,202200,140000,9000,9900,10300,100,2200,8000,4000,300,1800,1000,1800,2000,11900,1700,1000,300,300,100
nonelderly_childless_hh,percentiles_91_95,2006,207200,205500,140900,9000,9500,10400,100,2400,8800,4200,500,2400,800,2000,2200,12300,1700,900,300,300,100
nonelderly_childless_hh,percentiles_91_95,2007,214900,213200,146700,9500,9400,10800,100,2100,8500,4300,400,3100,1000,2400,1900,12900,1700,1000,400,200,100
nonelderly_childless_hh,percentiles_91_95,2008,206100,204400,145700,9200,9400,10800,100,1300,7300,1500,500,2300,1100,2000,1000,12300,1700,1000,300,400,0
nonelderly_childless_hh,percentiles_91_95,2009,200400,197900,141300,8500,9600,10500,100,1000,7000,800,500,1600,1000,1500,800,13700,2500,1200,400,900,100
nonelderly_childless_hh,percentiles_91_95,2010,202400,199800,140900,8500,9400,10500,100,1300,7900,1000,400,1200,1100,1500,1000,14900,2500,1300,400,700,100
nonelderly_childless_hh,percentiles_91_95,2011,206100,204000,145000,8800,9500,10700,100,1400,8300,1100,500,900,1000,1500,900,14300,2100,1000,400,600,0
nonelderly_childless_hh,percentiles_91_95,2012,208800,206900,147300,8900,9200,10900,100,1600,8600,1700,400,800,1200,1800,1100,13400,1900,1000,300,500,100
nonelderly_childless_hh,percentiles_91_95,2013,214000,212200,150100,9400,9300,11200,100,1800,8900,2600,300,600,1000,1600,1400,13900,1800,1100,300,400,0
nonelderly_childless_hh,percentiles_91_95,2014,220100,218200,153900,9600,9400,11400,100,2000,9300,3200,300,600,1100,2100,1600,13700,1900,1100,400,300,100
nonelderly_childless_hh,percentiles_91_95,2015,225900,224200,159000,10300,9600,11800,100,1900,8700,3100,300,600,1300,2000,1500,14000,1700,1000,400,200,0
nonelderly_childless_hh,percentiles_91_95,2016,228700,226400,161800,10200,9800,11900,100,1800,8800,3100,400,700,1200,2000,1600,13200,2200,1300,600,300,100
nonelderly_childless_hh,percentiles_91_95,2017,235400,233700,165900,10700,10000,12400,100,1400,9300,4100,300,600,1000,2200,1100,14600,1800,1100,400,200,100
nonelderly_childless_hh,percentiles_91_95,2018,241900,240200,170700,11200,9500,12700,100,1300,9900,4500,300,800,1200,2300,1100,14700,1800,1100,400,200,100
nonelderly_childless_hh,percentiles_91_95,2019,249500,247700,175100,11400,9700,12900,100,1200,10300,3800,400,1000,1200,2400,1000,17000,1800,1200,400,100,0
nonelderly_childless_hh,percentiles_91_95,2020,257300,254800,181500,11800,9700,13400,100,1300,9800,5600,200,800,1200,2100,1000,16300,2400,1000,400,800,100
nonelderly_childless_hh,percentiles_91_95,2021,264300,262100,181500,11900,9300,13200,100,1500,12400,9200,300,600,1200,2700,1300,17000,2200,1100,600,400,100
nonelderly_childless_hh,percentiles_91_95,2022,263500,261800,187200,12200,9100,13500,100,1900,11300,4700,300,800,1200,2700,1500,15300,1800,1000,600,200,0
nonelderly_childless_hh,percentiles_96_99,1979,189700,188800,127200,0,4300,5000,200,1600,16200,8600,500,9300,1800,4000,5900,4400,900,400,100,200,100
nonelderly_childless_hh,percentiles_96_99,1980,183800,182800,127000,0,3700,5200,200,1400,12000,6600,400,11700,1700,3900,4500,4600,1000,500,100,300,100
nonelderly_childless_hh,percentiles_96_99,1981,184100,183200,127500,0,3800,5800,200,1100,10500,5900,500,13700,1800,4900,3500,4000,1000,600,100,200,100
nonelderly_childless_hh,percentiles_96_99,1982,184600,183300,130900,0,4300,6300,200,700,9300,4700,700,12100,1800,4800,1800,5600,1300,800,200,300,100
nonelderly_childless_hh,percentiles_96_99,1983,190600,189500,133500,0,4500,6500,200,900,10200,8100,800,11000,1700,3900,2500,5700,1100,700,100,200,100
nonelderly_childless_hh,percentiles_96_99,1984,207200,206100,140400,1100,4200,6900,200,1100,15600,8200,1000,11600,2100,4000,3000,6600,1000,500,100,200,100
nonelderly_childless_hh,percentiles_96_99,1985,208500,207500,143700,1600,4600,7300,200,1100,12100,10500,1000,11200,1900,3800,2800,5500,1000,600,200,200,100
nonelderly_childless_hh,percentiles_96_99,1986,227600,226300,150100,1800,4800,7800,200,1200,14100,19800,1400,9600,1800,4100,3000,6600,1200,700,200,200,200
nonelderly_childless_hh,percentiles_96_99,1987,223500,222400,152000,2100,5600,8000,200,1500,15200,8700,2100,9700,2000,4500,4000,6700,1100,700,200,200,0
nonelderly_childless_hh,percentiles_96_99,1988,232500,231100,153900,2300,6100,8300,200,1500,18500,8100,2100,11000,2200,4500,4100,8300,1400,1000,200,100,100
nonelderly_childless_hh,percentiles_96_99,1989,237500,236200,158700,2700,6400,8500,200,1500,17600,7200,2400,11100,2000,4800,3800,9300,1300,800,100,100,200
nonelderly_childless_hh,percentiles_96_99,1990,229900,228700,155300,2800,6400,8700,200,1400,16400,5100,2800,11300,1900,4300,3600,8500,1200,800,100,200,0
nonelderly_childless_hh,percentiles_96_99,1991,225900,224600,154500,2800,6300,9000,200,1300,16900,4700,1900,8800,2000,3800,3100,9300,1300,800,200,200,100
nonelderly_childless_hh,percentiles_96_99,1992,232700,231500,157900,3400,7200,9400,200,1400,18600,5300,2300,6300,2200,3600,3500,10100,1300,800,100,300,100
nonelderly_childless_hh,percentiles_96_99,1993,232900,231400,156900,3600,7800,9300,200,1600,17900,6200,2200,5400,2800,4000,4200,9400,1500,900,200,200,100
nonelderly_childless_hh,percentiles_96_99,1994,238900,237600,161600,3900,8800,9600,200,1800,19200,5300,2000,4800,2300,3800,4200,10300,1200,600,100,200,300
nonelderly_childless_hh,percentiles_96_99,1995,249500,248300,167000,4800,7900,10000,200,2000,18400,7100,2100,5800,3300,4600,5200,10000,1200,700,200,200,100
nonelderly_childless_hh,percentiles_96_99,1996,258100,257100,169100,5300,7900,10000,200,2100,22000,8900,2100,6200,2400,5000,5100,10800,1100,700,200,200,0
nonelderly_childless_hh,percentiles_96_99,1997,273900,272500,177400,5300,7000,10300,100,2200,22100,13500,1800,6200,2500,5900,5500,12600,1400,800,300,200,100
nonelderly_childless_hh,percentiles_96_99,1998,289900,288600,185400,5600,7000,10600,100,2100,26800,15500,1600,6700,2600,5500,5100,14000,1300,800,200,200,100
nonelderly_childless_hh,percentiles_96_99,1999,304700,303400,190900,5900,7300,11100,100,2100,28300,19900,1600,6700,2900,5900,5500,15000,1300,900,200,200,0
nonelderly_childless_hh,percentiles_96_99,2000,310700,309300,199200,6200,7200,11500,100,2100,25400,18400,1800,7300,2800,6500,5100,15500,1400,1000,200,200,100
nonelderly_childless_hh,percentiles_96_99,2001,293700,292400,200000,6400,7800,11900,100,1500,24700,8500,1400,6000,2700,4300,3100,14000,1300,700,200,200,100
nonelderly_childless_hh,percentiles_96_99,2002,282600,281300,194200,9300,8500,11900,100,1300,23600,5200,1300,3800,2300,3100,2500,14100,1300,700,200,400,0
nonelderly_childless_hh,percentiles_96_99,2003,292000,290300,195900,12100,10100,12200,100,1900,24000,7300,1200,3200,2400,3400,3600,12900,1600,800,200,500,100
nonelderly_childless_hh,percentiles_96_99,2004,306700,305200,197200,12600,10800,12000,100,2300,27500,12000,1300,3200,2900,4200,4800,14400,1500,800,300,300,100
nonelderly_childless_hh,percentiles_96_99,2005,330200,328500,197900,13000,11300,11700,100,3100,33500,19300,1600,4600,3100,5400,7300,16800,1800,1100,300,200,100
nonelderly_childless_hh,percentiles_96_99,2006,343000,341500,206200,14300,10500,12000,100,3400,34800,19100,1900,6400,3100,6300,7700,15800,1500,1000,300,200,0
nonelderly_childless_hh,percentiles_96_99,2007,354300,352800,213500,14800,10600,12400,100,3000,34800,20600,2200,7300,2900,7500,6500,16600,1400,900,300,200,100
nonelderly_childless_hh,percentiles_96_99,2008,328000,326500,211900,14900,10500,12700,100,1800,29700,7500,2100,5600,3300,5900,3400,17200,1400,700,300,300,100
nonelderly_childless_hh,percentiles_96_99,2009,308800,306900,207900,14500,10900,13100,100,1400,24500,3400,1800,3800,2300,3900,2300,17200,1900,800,200,800,0
nonelderly_childless_hh,percentiles_96_99,2010,318000,316000,211700,14200,10700,12900,100,2000,25300,5100,1800,2900,2700,4100,3100,19400,2100,1100,300,700,100
nonelderly_childless_hh,percentiles_96_99,2011,324400,322700,216200,14500,10800,13000,100,2000,27200,5100,1600,2400,3000,4600,3100,19200,1800,900,300,500,0
nonelderly_childless_hh,percentiles_96_99,2012,340900,339300,223000,14400,10200,13100,100,2400,32700,8200,1700,2100,3200,5700,3700,18900,1700,900,300,400,0
nonelderly_childless_hh,percentiles_96_99,2013,344800,343100,226000,14900,10300,13600,100,2600,32300,8900,1500,2000,3100,5300,4700,17800,1700,800,400,300,200
nonelderly_childless_hh,percentiles_96_99,2014,358500,357000,230700,15600,10200,13800,100,2900,33800,12900,1500,2000,3100,6400,5500,18500,1500,900,300,200,100
nonelderly_childless_hh,percentiles_96_99,2015,371400,370000,240700,16300,10400,14100,100,2800,36400,12600,1500,2000,2900,6200,5100,18800,1400,800,400,200,0
nonelderly_childless_hh,percentiles_96_99,2016,369500,367900,246900,16500,10700,14400,100,2600,31900,10400,1500,1800,2700,6000,4700,17700,1600,1000,500,200,0
nonelderly_childless_hh,percentiles_96_99,2017,387500,385900,254800,16800,10800,15000,100,2000,36900,15600,1200,1900,2700,6600,3700,17900,1500,900,300,200,0
nonelderly_childless_hh,percentiles_96_99,2018,396300,395000,258700,17000,9300,15000,100,1900,38000,17400,1100,2400,3000,7000,3600,20400,1300,800,300,100,0
nonelderly_childless_hh,percentiles_96_99,2019,408500,406700,269400,17600,9500,15700,100,1800,37800,15200,1400,3100,3200,8100,3600,20400,1800,1100,400,200,0
nonelderly_childless_hh,percentiles_96_99,2020,425500,423100,280100,18100,9500,16200,100,1900,38100,20600,1000,2400,2800,7100,3500,21800,2300,900,500,700,200
nonelderly_childless_hh,percentiles_96_99,2021,465600,463600,287600,17100,9200,15700,100,2300,50400,37500,1200,1900,3200,9100,4500,23800,2000,1100,600,300,0
nonelderly_childless_hh,percentiles_96_99,2022,440200,438700,289300,17000,8900,16000,100,2800,44300,19000,900,2100,3300,8500,5000,21400,1500,900,400,200,0
nonelderly_childless_hh,top_1_percent,1979,607800,607000,228500,0,4200,3400,200,2800,72500,132500,7200,34500,13300,43800,56000,8100,800,500,100,100,100
nonelderly_childless_hh,top_1_percent,1980,593500,592400,244400,0,3700,3700,200,2500,62200,123500,6100,40200,13000,43400,42500,7100,1100,700,200,100,100
nonelderly_childless_hh,top_1_percent,1981,571700,570600,237200,0,4000,4400,100,1900,42600,123800,6800,51400,16300,40100,33400,8600,1000,600,200,200,0
nonelderly_childless_hh,top_1_percent,1982,637200,636000,259700,0,4600,5900,200,1300,52900,153200,10900,52800,15600,45400,23200,10300,1200,900,100,200,0
nonelderly_childless_hh,top_1_percent,1983,644900,643400,255900,0,4400,5900,200,1700,55500,175000,12700,42200,14300,34200,27900,13500,1500,1100,200,100,200
nonelderly_childless_hh,top_1_percent,1984,735100,733700,271600,800,3900,6000,200,2100,75900,212400,16500,52400,14300,31400,36200,9900,1500,1000,200,200,100
nonelderly_childless_hh,top_1_percent,1985,807100,805400,281200,1100,4600,6100,200,2000,81700,246500,22100,55800,13400,42100,35900,12800,1700,1200,200,200,200
nonelderly_childless_hh,top_1_percent,1986,975500,974300,274900,1200,4900,6200,200,2100,77800,441500,21600,45800,10400,40200,38100,9500,1200,800,100,200,0
nonelderly_childless_hh,top_1_percent,1987,817300,815500,340100,1600,5400,7200,200,3100,113600,159500,22900,58300,13800,35800,42000,12100,1800,1300,300,100,200
nonelderly_childless_hh,top_1_percent,1988,1047200,1045200,420700,1900,7000,7900,200,3900,171700,191800,24700,70600,14300,50400,50100,30100,2000,1500,200,100,200
nonelderly_childless_hh,top_1_percent,1989,961700,959900,377400,2000,7200,8000,200,3400,162100,161400,24500,82100,14600,45200,45400,26300,1800,1400,200,100,200
nonelderly_childless_hh,top_1_percent,1990,1019000,1017700,421400,2000,6800,8200,200,3500,186500,136600,27900,86500,17700,47300,47500,25600,1300,900,100,200,100
nonelderly_childless_hh,top_1_percent,1991,866200,864400,384500,2400,6800,8400,200,2900,148300,102400,27000,67100,15800,38000,38200,22500,1800,1400,200,100,100
nonelderly_childless_hh,top_1_percent,1992,981400,979300,461500,3000,7500,10600,200,3800,181400,110600,24900,52300,17600,35700,43900,26500,2100,1500,300,200,0
nonelderly_childless_hh,top_1_percent,1993,908300,906500,404400,2700,8300,8600,100,3900,165000,123200,25200,41400,18700,32300,50900,21900,1800,1400,100,200,100
nonelderly_childless_hh,top_1_percent,1994,968400,966900,395100,3400,10400,11900,100,4100,193400,139300,26000,44300,18100,36900,63200,20600,1500,1100,200,100,100
nonelderly_childless_hh,top_1_percent,1995,1026100,1023700,430900,3600,11500,12900,100,4800,191200,152400,25000,48800,16400,38000,64900,23100,2400,1100,100,100,1100
nonelderly_childless_hh,top_1_percent,1996,1136000,1134900,466700,3900,11300,13500,100,5400,196500,224100,21600,47300,16600,36800,68500,22600,1100,700,200,100,100
nonelderly_childless_hh,top_1_percent,1997,1362000,1360900,532600,3700,10500,14600,100,6100,228700,316700,23200,53000,18500,47200,78800,27200,1100,700,200,100,100
nonelderly_childless_hh,top_1_percent,1998,1546200,1544600,580800,3900,10100,15300,100,6100,243100,413900,26700,57400,18900,49700,82700,35900,1600,1100,300,100,100
nonelderly_childless_hh,top_1_percent,1999,1559700,1558600,599100,4600,9900,16300,100,6200,229100,440800,24000,50700,18500,48000,77200,34100,1100,800,100,100,0
nonelderly_childless_hh,top_1_percent,2000,1688200,1686700,644900,4700,11000,17100,100,6400,231100,488400,29600,59300,18300,57500,78000,40300,1500,1100,200,100,0
nonelderly_childless_hh,top_1_percent,2001,1323100,1321800,592600,4900,11200,17000,100,4100,233600,245300,24700,50300,18500,39700,50800,29000,1300,900,200,100,100
nonelderly_childless_hh,top_1_percent,2002,1149000,1147300,517900,8900,11200,15700,100,3300,240900,169800,21700,34900,17400,29100,44000,32300,1700,1000,300,300,0
nonelderly_childless_hh,top_1_percent,2003,1210500,1209200,511800,15000,11900,15500,100,4400,242600,205800,21000,31900,17900,36400,64300,30400,1300,700,100,300,200
nonelderly_childless_hh,top_1_percent,2004,1466400,1465000,559400,12500,12200,16000,100,6000,290200,323600,20400,36000,18500,51200,88200,30600,1400,900,200,200,0
nonelderly_childless_hh,top_1_percent,2005,1884900,1882700,609000,13100,12000,16500,100,8500,390600,490500,27300,55500,22500,67400,133300,36500,2200,1500,400,100,100
nonelderly_childless_hh,top_1_percent,2006,1958900,1957000,602400,13400,11500,16300,100,9100,379600,537900,32800,71900,20600,77700,141500,42200,1900,1300,500,100,0
nonelderly_childless_hh,top_1_percent,2007,1882400,1881200,618200,14000,12300,17100,100,7900,336600,521900,33100,72500,18800,78900,105700,44100,1200,800,300,100,0
nonelderly_childless_hh,top_1_percent,2008,1607700,1606400,621800,14400,11700,17400,100,4800,348100,294700,31200,55900,23000,74800,67900,40500,1400,800,300,200,0
nonelderly_childless_hh,top_1_percent,2009,1314000,1312600,556200,15700,11500,17000,100,3400,333400,148200,25800,39700,18500,54700,50800,37600,1400,600,200,500,0
nonelderly_childless_hh,top_1_percent,2010,1391300,1389900,575300,16000,11300,17100,100,4900,305000,207400,24400,32400,18900,59500,69300,48200,1400,800,200,400,100
nonelderly_childless_hh,top_1_percent,2011,1414900,1413500,584300,15500,11100,17100,100,4900,313900,217500,22800,30300,19700,56700,71700,47700,1400,900,100,300,0
nonelderly_childless_hh,top_1_percent,2012,1771300,1769500,643500,15400,10100,17900,100,6400,372000,377300,22100,32500,22300,98700,96400,54800,1800,1000,400,200,200
nonelderly_childless_hh,top_1_percent,2013,1524700,1523500,607500,16300,9200,17800,100,6400,352900,243400,21000,28200,23500,64600,85900,46700,1100,700,200,200,100
nonelderly_childless_hh,top_1_percent,2014,1687000,1686100,642700,16100,10000,17900,100,7300,373200,341600,17900,26000,25700,69500,95600,42600,900,500,200,200,0
nonelderly_childless_hh,top_1_percent,2015,1695400,1694300,660500,17900,10100,18900,100,7000,373500,344400,16600,24600,18900,66800,90200,44900,1100,700,300,100,0
nonelderly_childless_hh,top_1_percent,2016,1683900,1682100,657300,17400,10200,18900,100,6400,394800,317600,17700,26300,16200,67400,89600,42400,1700,1100,600,100,0
nonelderly_childless_hh,top_1_percent,2017,1868200,1866800,710800,17300,10100,20100,100,5200,442300,410500,16400,30900,18000,75100,67300,42800,1300,700,400,100,100
nonelderly_childless_hh,top_1_percent,2018,2062500,2060900,775300,17800,9100,21100,100,5300,458400,470700,18400,47100,20000,101000,71700,45100,1500,1000,500,100,0
nonelderly_childless_hh,top_1_percent,2019,1961300,1960200,743800,18100,9100,21000,100,4700,433400,429100,18800,45600,18400,93400,65000,59900,1000,700,200,100,0
nonelderly_childless_hh,top_1_percent,2020,2131800,2130400,792700,19200,8700,22200,100,5100,471400,545500,16100,35000,15800,87900,64500,46200,1400,500,400,400,100
nonelderly_childless_hh,top_1_percent,2021,2716900,2714200,853400,16800,8800,22500,100,6300,548100,947100,15800,30500,17600,99700,80500,67000,2700,1400,900,300,200
nonelderly_childless_hh,top_1_percent,2022,2282300,2280500,764300,17500,8400,21300,100,6800,554600,568000,12300,38100,24500,102500,101700,60500,1800,1100,600,100,0
