Level: State and Local,,,,,,,,,,,,,,,,,,,,,,,,,,,,,,,,,,,,,,,,,,,,,,,,,,,,,,,,,,,,,,,,,,,,,,,,,,,,,,,,,,,,,,,,,,,,,,,,,,,,,,,,,,,,,,,,,,,,,,,,,,,,,,,,,,,,,,,,,,,,,,,,,,,,,,,,,,,,,,,,,,,,,,,,,,,,,,,,,,,,,,,,,,,,,,,,,,,,,,,,,,,,,,,,,,,,,,,,,,,,,,,,,,,,,,,,,,,,,,,,,,,,,,,,,,,,,,,,,,,,,,,,,,,,,,,,,,,,,,,,,,,,,,,,
Unit:Total (thousands), Nominal,,,,,,,,,,,,,,,,,,,,,,,,,,,,,,,,,,,,,,,,,,,,,,,,,,,,,,,,,,,,,,,,,,,,,,,,,,,,,,,,,,,,,,,,,,,,,,,,,,,,,,,,,,,,,,,,,,,,,,,,,,,,,,,,,,,,,,,,,,,,,,,,,,,,,,,,,,,,,,,,,,,,,,,,,,,,,,,,,,,,,,,,,,,,,,,,,,,,,,,,,,,,,,,,,,,,,,,,,,,,,,,,,,,,,,,,,,,,,,,,,,,,,,,,,,,,,,,,,,,,,,,,,,,,,,,,,,,,,,,,,,,,,,,
State,Year,(R01) Total Revenue,(R02) Total Rev-Own Sources,(R03) General Revenue,(R04) Gen Rev-Own Sources,(R05) Total Taxes,(R06) Property Tax (T01),(R07) NonProperty Taxes,(R08) Tot Sales & Gr Rec Tax,(R09) Total Gen Sales Tax (T09),(R10) Total Select Sales Tax,(R11) Alcoholic Beverage Tax (T10),(R12) Amusement Tax (T11),(R13) Insurance Premium Tax (T12),(R14) Motor Fuels Tax (T13),(R15) Parimutuels Tax (T14),(R16) Public Utility Tax (T15),(R17) Tobacco Tax (T16),(R18) Other Select Sales Tax (T19),(R19) Total License Taxes,(R20) Alcoholic Beverage Lic (T20),(R21) Corporation License (T22),(R22) Motor Veh & Oper Lic,(R23) Motor Vehicle License (T24),(R24) Motor Veh Oper License (T25),(R25) Other License Taxes,(R26) Total Income Taxes,(R27) Individual Income Tax (T40),(R28) Corp Net Income Tax (T41),(R29) Death and Gift Tax (T50),(R30) Taxes NEC,(R31) Total IG Revenue,(R32) Total Fed IG Revenue,(R33) Fed IGR-Gen Rev Shar (B27),(R34) Total State IG Revenue,(R35) Tot Local IG Rev,(R36) Tot Chgs and Misc Rev,(R37) Total General Charges,(R38) Chg-Air Transportation (A01),(R39) Chg-Total Education,(R40) Chg-Elem Ed-Sch Lunch (A09),(R41) Chg-Total High Ed,(R42) Chg-High Ed-Aux Enterp (A16),(R43) Chg-High Ed-Other (A18),(R44) Chg-Education NEC,(R45) Chg-Hospitals (A36),(R46) Chg-Highways,(R47) Chg-Regular Highways (A44),(R48) Chg-Toll Highways (A45),(R49) Chg-Housing & Comm Dev (A50),(R50) Chg-Total Nat Res,(R51) Chg-Parking (A60),(R52) Chg-Parks & Recreation (A61),(R53) Chg-Sewerage (A80),(R54) Chg-Solid Waste Mgmt (A81),(R55) Chg-Water Transport (A87),(R56) Chg-All Other NEC,(R57) Misc General Revenue,(R58) Special Assessments (U01),(R59) Total Prop Sale,(R60) Interest Revenue (U20),(R61) Misc General Rev NEC,(R62) Liquor Store and Utility Revenue,(R63) Liquor Stores Revenue (A90),(R64) Total Utility Revenue,(R65) Water Utility Revenue (A91),(R66) Nonwater Utility Rev,(R67) Electric Utility Rev (A92),(R68) Gas Utility Rev (A93),(R69) Transit Utility Rev (A94),(R70) Total Insur Trust Rev,(R71) Total Emp Ret Rev,(R72) Emp Ret-Employee Ctrib,(R73) Emp Ret-From Other Gov (X05),(R74) Emp Ret-From Admin Govt,(R75) Emp Ret-Int Rev (X08),(R76) Total Unemp Rev,(R77) Unemp-Payroll Tax (Y01),(R78) Oth Ins Trust-Tot Rev,(R79) Lottery-Ticket Sales (Z51),(R80) Lottery-Prizes Awarded (Z52),(R81) Lottery-Admin Exp (Z53),(R82) Lottery-Net Proceeds (Z54),(E001) Total Expenditure,(E002) Total IG Expenditure,(E003) Direct Expenditure,(E004) Total Current Expend,(E005) Total Current Oper,(E006) Total Capital Outlays,(E007) Total Construction,(E008) Total Other Cap Outlay,(E009) Tot Assist & Subsidies,(E010) Total Interest on Debt,(E011) Total Insur Trust Ben,(E012) Total Salaries & Wages (Z00),(E013) General Expenditure,(E014) Direct General Expend,(E015) General Current Expend,(E016) General Direct Current Expend,(E017) General Current Oper,(E018) General Capital Outlay,(E019) Police & Fire Protection-Dir Exp,(E020) Air Trans-Direct Expend,(E021) Total Correct-Dir Exp,(E022) Total Correct-Cur Oper,(E023) Total Correct-Cap Out,(E024) Total Educ-Direct Exp,(E025) Total Educ-Cur Oper,(E026) Total Educ-Cap Outlay,(E027) Elem Educ-Direct Exp,(E028) Elem Educ-Current Oper (E12),(E029) Elem Educ-Cap Outlay,(E030) Total High Ed-Dir Exp,(E031) Total High Ed-Cur Oper,(E032) High Ed-Aux-Cur Oper (E16),(E033) High Ed-NEC-Cur Oper (E18),(E034) Total High Ed-Cap Out,(E035) Total Other Education,(E036) Educational Assistance (E19),(E037) Educ-NEC-Direct Expend,(E038) Educ-NEC-Current Oper (E21),(E039) Educ-NEC-Cap Outlay,(E040) Emp Sec Adm-Direct Exp,(E041) Fin Admin & Gen Control-Direct Exp,(E042) Fin Admin & Gen Control-Current Oper,(E043) Fin Admin & Gen Control-Cap Outlay,(E044) Fin Admin-Direct Exp,(E045) Cen Staff-Direct Exp,(E046) Fire Prot-Direct Exp,(E047) Fire Prot-Current Oper (E24),(E048) Fire Prot-Cap Outlay,(E049) Gen Pub Bldg-Total Exp,(E050) Gen Pub Bldg-Cur Oper (E31),(E051) Gen Pub Bldg-Cap Out,(E052) Health & Hosp-Dir Exp,(E053) Health & Hosp-Cur Oper,(E054) Health & Hosp-Cap Out,(E055) Health-Direct Expend,(E056) Health-Current Oper (E32),(E057) Health-Capital Outlay,(E058) Total Hospital-Dir Exp,(E059) Total Hospital-Cur Op,(E060) Total Hospital-Cap Out,(E061) Own Hospital-Total Exp,(E062) Own Hospital-Cur Oper (E36),(E063) Own Hospital-Cap Out,(E064) Hosp-Other-Direct Exp,(E065) Total Highways-Dir Exp,(E066) Total Highways-Cur Op,(E067) Total Highways-Cap Out,(E068) Regular Hwy-Direct Exp,(E069) Regular Hwy-Cur Oper (E44),(E070) Regular Hwy-Cap Outlay,(E071) Toll Hwy-Total Expend,(E072) Toll Hwy-Current Oper (E45),(E073) Toll Hwy-Cap Outlay,(E074) Hous & Com-Direct Exp,(E075) Hous & Com-Cur Oper (E50),(E076) Hous & Com-Cap Outlay,(E077) Libraries-Direct Exp,(E078) Libraries-Current Oper (E52),(E079) Libraries-Cap Outlay,(E080) Total Nat Res-Dir Exp,(E081) Total Nat Res-Cur Oper,(E082) Total Nat Res-Cap Out,(E083) Parking-Direct Expend,(E084) Parks & Rec-Direct Exp,(E085) Parks & Rec-Cur Oper (E61),(E086) Parks & Rec-Cap Outlay,(E087) Police Prot-Direct Exp,(E088) Police Prot-Cur Oper (E62),(E089) Police Prot-Cap Outlay,(E090) Public Welf-Direct Exp,(E091) Public Welf-Cur Oper,(E092) Public Welf-Cash Asst,(E093) Welf-Categ-Cash Assist (E67),(E094) Welf-Cash-Cash Assist (E68),(E095) Public Welf-Cap Outlay,(E096) Sanitation-Dir Exp,(E097) Sewerage-Direct Expend,(E098) Sewerage-Current Oper (E80),(E099) Sewerage-Cap Outlay,(E100) SW Mgmt-Direct Expend,(E101) SW Mgmt-Current Oper (E81),(E102) SW Mgmt-Capital Outlay,(E103) Water Trans-Direct Exp,(E104) Interest on Gen Debt (I89),(E105) General NEC-Direct Exp,(E106) Liquor Store and Utility Expend,(E107) Liquor Stores-Tot Exp,(E108) Liquor Stores-Cur Oper (E90),(E109) Liquor Stores-Cap Out,(E110) Total Util-Total Exp,(E111) Total Util-Inter Exp,(E112) Total Util-Cur Oper,(E113) Total Util-Cap Outlay,(E114) Water Util-Total Exp,(E115) Water Util-Inter Exp (I91),(E116) Water Util-Cur Oper (E91),(E117) Water Util-Cap Outlay,(E118) Non Water Util-Total Exp,(E119) Non Water Util-Inter Exp,(E120) Non Water Util-Cur Oper,(E121) Non Water Util-Cap Outlay,(E122) Elec Util-Total Exp,(E123) Elec Util-Inter Exp (I92),(E124) Elec Util-Cur Oper (E92),(E125) Elec Util-Cap Outlay,(E126) Gas Util-Total Exp,(E127) Gas Util-Inter Exp (I93),(E128) Gas Util-Cur Oper (E93),(E129) Gas Util-Cap Outlay,(E130) Transit Util-Total Exp,(E131) Transit Util-Inter Exp (I94),(E132) Transit Util-Cur Oper (E94),(E133) Transit Util-Cap Outlay,(E134) Emp Ret-Total Expend,(E135) Emp Ret-Benefit Paymts (X11),(E136) Emp Ret-Withdrawals (X12),(E137) Unemp Comp-Total Exp,(E138) Oth Ins Trust-Tot Exp,(D01) Total Debt Outstanding,(D02) Total Long-Term Debt Out,(D03) ST Debt Out-End of Year (64V),(D04) Total Net LT Debt Out,(D05) Change In Debt During Yr,(D06) Total LTD Issued,(D07) LTD Iss-Utility,(D08) LTD Iss-Util-Water,(D09) LTD Iss-Util-Electric,(D10) LTD Iss-Util-Gas Supply,(D11) LTD Iss-Util-Transit,(D12) LTD Iss-General,(D13) Total LTD Retired,(D14) LTD Ret-Utility,(D15) LTD Ret-Util-Water,(D16) LTD Ret-Util-Electric,(D17) LTD Ret-Util-Gas Supply,(D18) LTD Ret-Util-Transit,(D19) LTD Ret-General,(D20) Total LTD Out-Utility,(D21) LTD Out-Util-Water,(D22) LTD Out-Util-Electric,(D23) LTD Out-Util-Gas Supply,(D24) LTD Out-Util-Transit,(D25) LTD Out-General,(D26) LTD Out-Gen-Elem Educ,(D27) LTD Out-Gen-Other NEC,(D28) Total LTD Out-FFC,(D29) LTD Out-FFC-Utility,(D30) LTD Out-FFC-Water Util,(D31) LTD Out-FFC-Elec Util,(D32) LTD Out-FFC-Gas Util,(D33) LTD Out-FFC-Trans Util,(D34) LTD Out-FFC-General,(D35) Tot LTD Out-NG,(D36) LTD Out-NG-Utility,(D37) LTD Out-NG-Water Util (44A),(D38) LTD Out-NG-Elec Util (44B),(D39) LTD Out-NG-Gas Util (44C),(D40) LTD Out-NG-Trans Util (44D),(D41) LTD Out-NG-General,(D42) Total Cash & Securities,(D43) Total Cash & Deposits,(D44) Total Securities,(D45) Securities-Total Federal,(D46) Securities-State & Local,(D47) Securities-Other NEC,(D48) Insur Trust-Cash & Sec,(D49) Emp Retire-Cash & Sec,(D50) Emp Retire-Cash & Dep (X21),(D51) Emp Retire-Total Sec,(D52) Emp Retire-Sec-Tot Fed,(D53) Emp Retire-Sec-St & Loc (X35),(D54) Emp Retire-Sec-Tot Nong,(D55) Unemp Comp-Cash & Sec,(D56) Unemp Comp-Bal In US Trs (Y07),(D57) Unemp Comp-Other Balance (Y08),(D58) Other Insur Trusts-Cash & Sec,(D59) Nonin Trust-Cash & Sec,(D60) Nonin Trust-Cash & Dep,(D61) Nonin Trust-Total Sec,(D62) Nonin Trust-Sec-Tot Fed,(D63) Nonin Trust-Sec-St & Loc,(D64) Nonin Trust-Sec-Other,(D65) Sinking Fd-Cash & Sec,(D66) Bond Fd-Cash & Sec,(D67) Oth Nonin Fd-Cash & Sec
United States,1979,"$404,891,107 ","$329,727,279 ","$343,235,783 ","$268,071,955 ","$205,471,549 ","$64,943,568 ","$140,527,981 ","$74,247,148 ","$46,558,597 ","$27,688,551 ","$2,548,263 ","$177,833 ","$2,937,657 ","$10,080,370 ","$717,447 ","$5,217,824 ","$3,773,012 ","$2,236,145 ","$8,607,540 ","$179,418 ","$1,261,522 ","$5,539,295 ","$5,163,123 ","$376,172 ","$1,627,305 ","$49,059,310 ","$36,931,786 ","$12,127,524 ","$1,973,230 ","$6,640,753 ","$75,163,828 ","$75,163,828 ","$6,851,387 ",$0 ,$0 ,"$62,600,406 ","$39,469,100 ","$1,561,534 ","$12,417,216 ","$1,934,875 ","$9,196,732 ","$3,312,603 ","$5,884,129 ","$1,285,609 ","$10,955,624 ","$1,729,169 ","$381,109 ","$1,348,060 ","$1,198,907 ","$651,697 ","$312,332 ","$1,076,186 ","$3,337,566 ","$869,521 ","$738,522 ","$4,620,826 ","$23,131,306 ","$1,136,486 ","$406,154 ","$11,800,731 ","$9,787,935 ","$22,628,517 ","$2,898,037 ","$19,730,480 ","$6,249,831 ","$13,480,649 ","$9,938,477 ","$1,296,679 ","$2,245,493 ","$39,026,807 ","$21,923,101 ","$6,071,692 ","$5,303,505 ","$10,035,400 ","$10,547,904 ","$12,941,130 ","$11,817,424 ","$4,162,576 ","$1,809,554 ","$787,517 ","$139,921 ","$882,116 ","$381,867,140 ","$1,493,256 ","$380,373,884 ","$328,671,157 ","$274,166,672 ","$53,195,983 ","$43,325,821 ","$9,870,162 ","$14,044,166 ","$15,462,767 ","$23,504,296 ","$149,104,137 ","$327,517,300 ","$326,024,044 ","$282,689,447 ","$281,196,191 ","$254,164,839 ","$44,827,853 ","$17,354,002 ","$1,906,065 ","$5,534,423 ","$4,910,788 ","$623,635 ","$119,448,201 ","$107,820,384 ","$9,504,595 ","$83,385,150 ","$77,015,004 ","$6,370,146 ","$30,058,856 ","$27,277,775 ","$2,973,427 ","$24,304,348 ","$2,781,081 ","$6,004,195 ","$2,123,222 ","$3,880,973 ","$3,527,605 ","$353,368 ","$1,806,110 ","$13,812,922 ","$13,396,849 ","$416,073 ","$6,071,229 ","$4,912,726 ","$5,146,503 ","$4,770,731 ","$375,772 ","$2,829,058 ","$1,693,276 ","$1,135,782 ","$28,217,540 ","$26,233,923 ","$1,983,617 ","$7,178,775 ","$6,896,636 ","$282,139 ","$21,038,765 ","$19,337,287 ","$1,701,478 ","$20,346,387 ","$18,826,739 ","$1,519,648 ","$692,378 ","$28,440,094 ","$12,873,563 ","$15,566,531 ","$27,583,404 ","$12,384,036 ","$15,199,368 ","$856,690 ","$489,527 ","$367,163 ","$4,724,116 ","$3,039,120 ","$1,684,996 ","$1,504,666 ","$1,325,253 ","$179,413 ","$4,705,957 ","$3,985,618 ","$720,339 ","$324,011 ","$5,895,567 ","$4,104,251 ","$1,791,316 ","$12,207,499 ","$11,649,332 ","$558,167 ","$40,418,130 ","$28,340,704 ","$11,918,757 ","$10,625,041 ","$1,293,716 ","$158,669 ","$11,787,444 ","$8,795,399 ","$3,176,408 ","$5,618,991 ","$2,992,045 ","$2,662,731 ","$329,314 ","$1,044,738 ","$12,987,186 ","$23,283,814 ","$30,845,544 ","$2,416,206 ","$2,405,961 ","$10,245 ","$28,429,338 ","$2,475,581 ","$17,595,872 ","$8,357,885 ","$8,068,538 ","$956,379 ","$4,411,458 ","$2,700,701 ","$20,360,800 ","$1,519,202 ","$13,184,414 ","$5,657,184 ","$12,664,653 ","$1,219,454 ","$7,502,210 ","$3,942,989 ","$1,231,445 ","$21,744 ","$1,113,674 ","$96,027 ","$6,464,702 ","$278,004 ","$4,568,530 ","$1,618,168 ","$12,273,221 ","$10,772,189 ","$1,501,032 ","$8,886,033 ","$2,345,042 ","$304,102,860 ","$292,302,088 ","$11,800,772 ","$248,636,115 ","$15,286,966 ","$42,084,541 ","$8,333,201 ","$2,869,471 ","$5,072,476 ","$97,706 ","$293,548 ","$33,751,340 ","$27,056,224 ","$4,627,071 ","$2,268,063 ","$2,143,052 ","$20,899 ","$195,057 ","$22,429,153 ","$49,590,592 ","$20,118,150 ","$23,964,426 ","$427,007 ","$5,081,009 ","$242,711,496 ","$31,860,449 ","$210,851,047 ","$145,385,265 ","$11,431,258 ","$7,604,986 ","$391,596 ","$22,445 ","$3,412,231 ","$133,954,007 ","$146,916,823 ","$38,159,334 ","$12,513,164 ","$23,572,830 ","$404,562 ","$1,668,778 ","$108,757,489 ","$362,358,734 ","$96,478,096 ","$265,880,638 ","$72,282,853 ","$10,247,907 ","$183,349,878 ","$179,596,557 ","$159,651,327 ","$3,322,843 ","$156,328,484 ","$25,347,412 ","$3,867,424 ","$127,113,648 ","$11,387,397 ","$11,340,677 ","$46,720 ","$8,557,833 ","$182,762,177 ","$81,470,751 ","$101,291,426 ","$44,752,275 ","$5,596,056 ","$50,943,095 ","$43,665,973 ","$33,230,613 ","$105,865,591 "
United States,1980,"$451,536,599 ","$368,508,054 ","$382,321,572 ","$299,293,027 ","$223,462,640 ","$68,498,743 ","$154,963,897 ","$79,926,588 ","$51,327,616 ","$28,598,972 ","$2,641,976 ","$234,070 ","$3,113,231 ","$9,821,603 ","$731,476 ","$5,887,726 ","$3,874,160 ","$2,294,730 ","$9,078,807 ","$179,026 ","$1,387,780 ","$5,713,413 ","$5,324,005 ","$389,408 ","$1,798,588 ","$55,401,095 ","$42,079,764 ","$13,321,331 ","$2,035,269 ","$8,522,138 ","$83,028,545 ","$83,028,545 ","$6,844,291 ",$0 ,$0 ,"$75,830,387 ","$44,373,026 ","$1,825,749 ","$13,756,483 ","$2,013,065 ","$10,408,603 ","$3,709,393 ","$6,699,210 ","$1,334,815 ","$12,732,887 ","$1,750,898 ","$380,606 ","$1,370,292 ","$1,309,975 ","$725,805 ","$335,156 ","$1,174,440 ","$3,875,198 ","$997,925 ","$820,883 ","$5,067,627 ","$31,457,361 ","$1,287,780 ","$517,024 ","$17,024,931 ","$12,627,626 ","$25,559,447 ","$3,200,586 ","$22,358,861 ","$6,765,752 ","$15,593,109 ","$11,387,176 ","$1,808,756 ","$2,397,177 ","$43,655,580 ","$25,440,583 ","$6,464,950 ","$5,760,425 ","$11,736,971 ","$13,215,208 ","$13,528,698 ","$11,674,400 ","$4,686,299 ","$2,107,325 ","$919,774 ","$130,287 ","$1,057,264 ","$434,073,391 ","$1,746,304 ","$432,327,087 ","$371,179,913 ","$307,810,611 ","$62,893,478 ","$51,491,671 ","$11,401,807 ","$15,221,918 ","$17,604,482 ","$28,796,598 ","$163,896,104 ","$369,086,155 ","$367,339,851 ","$316,135,901 ","$314,389,597 ","$284,420,836 ","$52,950,254 ","$19,211,934 ","$2,500,979 ","$6,447,503 ","$5,658,431 ","$789,072 ","$133,210,804 ","$120,177,822 ","$10,736,823 ","$92,930,007 ","$85,568,212 ","$7,361,795 ","$33,919,259 ","$30,947,230 ","$3,411,574 ","$27,535,656 ","$2,972,029 ","$6,361,538 ","$2,296,159 ","$4,065,379 ","$3,662,380 ","$402,999 ","$2,008,792 ","$15,416,064 ","$14,947,645 ","$468,419 ","$6,718,705 ","$5,489,800 ","$5,718,232 ","$5,277,627 ","$440,605 ","$3,018,141 ","$1,837,900 ","$1,180,241 ","$32,173,469 ","$29,730,414 ","$2,443,055 ","$8,386,679 ","$7,908,992 ","$477,687 ","$23,786,790 ","$21,821,422 ","$1,965,368 ","$22,984,888 ","$21,235,747 ","$1,749,141 ","$801,902 ","$33,311,286 ","$14,177,789 ","$19,133,497 ","$32,243,411 ","$13,639,142 ","$18,604,269 ","$1,067,875 ","$538,647 ","$529,228 ","$6,061,567 ","$3,812,788 ","$2,248,779 ","$1,693,627 ","$1,491,077 ","$202,550 ","$5,509,157 ","$4,456,690 ","$1,052,467 ","$343,053 ","$6,520,259 ","$4,497,679 ","$2,022,580 ","$13,493,702 ","$12,851,415 ","$642,287 ","$45,552,246 ","$32,492,482 ","$12,921,675 ","$11,585,229 ","$1,336,446 ","$138,089 ","$13,214,358 ","$9,892,321 ","$3,620,840 ","$6,271,481 ","$3,322,037 ","$2,965,493 ","$356,544 ","$1,168,418 ","$14,746,843 ","$25,231,351 ","$36,190,638 ","$2,591,439 ","$2,581,211 ","$10,228 ","$33,599,199 ","$2,857,639 ","$20,808,564 ","$9,932,996 ","$9,227,513 ","$1,020,933 ","$4,871,826 ","$3,334,754 ","$24,371,686 ","$1,836,706 ","$15,936,738 ","$6,598,242 ","$15,015,946 ","$1,520,241 ","$8,924,173 ","$4,571,532 ","$1,714,707 ","$30,514 ","$1,579,054 ","$105,139 ","$7,641,033 ","$285,951 ","$5,433,511 ","$1,921,571 ","$14,007,638 ","$12,206,593 ","$1,801,045 ","$12,070,600 ","$2,718,360 ","$335,603,055 ","$322,455,791 ","$13,147,264 ","$262,926,565 ","$25,913,194 ","$42,364,088 ","$6,446,263 ","$2,048,804 ","$4,203,468 ","$54,677 ","$139,314 ","$35,917,825 ","$17,404,337 ","$2,551,518 ","$920,475 ","$941,400 ","$19,450 ","$670,193 ","$14,852,819 ","$55,168,060 ","$21,060,673 ","$29,008,787 ","$560,596 ","$4,538,004 ","$267,287,731 ","$32,301,833 ","$234,985,898 ","$149,802,214 ","$12,336,468 ","$7,821,756 ","$1,540,167 ","$26,811 ","$2,947,734 ","$137,465,746 ","$172,653,577 ","$42,831,592 ","$13,238,917 ","$27,468,620 ","$533,785 ","$1,590,270 ","$129,821,985 ","$407,814,801 ","$101,641,528 ","$306,173,273 ","$81,668,730 ","$11,378,618 ","$213,125,925 ","$205,696,919 ","$183,696,631 ","$4,218,810 ","$179,477,821 ","$32,750,725 ","$4,024,562 ","$142,702,534 ","$11,970,650 ","$11,994,039 ","($23,389)","$10,029,638 ","$202,117,882 ","$85,014,567 ","$117,103,315 ","$46,280,613 ","$6,408,921 ","$64,413,781 ","$59,529,226 ","$33,206,160 ","$109,382,496 "
United States,1981,"$506,727,811 ","$416,433,444 ","$423,403,675 ","$333,109,308 ","$244,514,139 ","$74,969,444 ","$169,544,695 ","$85,971,420 ","$55,641,390 ","$30,330,030 ","$2,819,826 ","$259,577 ","$3,321,350 ","$9,858,532 ","$751,844 ","$6,712,290 ","$4,046,700 ","$2,559,911 ","$9,904,838 ","$212,418 ","$1,611,721 ","$6,107,664 ","$5,678,676 ","$428,988 ","$1,973,035 ","$60,569,923 ","$46,426,426 ","$14,143,497 ","$2,228,968 ","$10,869,546 ","$90,294,367 ","$90,294,367 ","$5,648,770 ",$0 ,$0 ,"$88,595,169 ","$50,237,600 ","$2,098,012 ","$15,325,604 ","$2,104,558 ","$11,803,001 ","$4,220,758 ","$7,582,243 ","$1,418,045 ","$14,759,904 ","$1,912,689 ","$418,102 ","$1,494,587 ","$1,346,167 ","$830,639 ","$368,863 ","$1,369,756 ","$4,499,824 ","$1,202,430 ","$903,850 ","$5,619,862 ","$38,357,569 ","$1,353,475 ","$576,591 ","$20,458,012 ","$15,969,491 ","$29,895,616 ","$3,278,491 ","$26,617,125 ","$7,717,612 ","$18,899,513 ","$13,714,634 ","$2,219,838 ","$2,965,041 ","$53,428,520 ","$30,382,585 ","$7,312,764 ","$6,722,856 ","$13,090,014 ","$16,346,965 ","$18,570,198 ","$11,224,269 ","$4,475,737 ","$2,713,101 ","$1,420,571 ","$132,524 ","$1,160,006 ","$487,047,370 ","$1,873,007 ","$485,174,363 ","$419,450,893 ","$343,623,393 ","$67,596,477 ","$54,950,290 ","$12,646,187 ","$16,860,879 ","$20,511,098 ","$36,582,516 ","$178,900,382 ","$407,448,837 ","$405,575,830 ","$351,428,856 ","$349,555,849 ","$315,563,800 ","$56,019,981 ","$21,282,779 ","$2,743,072 ","$7,392,898 ","$6,485,773 ","$907,125 ","$145,784,259 ","$131,946,625 ","$11,327,648 ","$100,534,479 ","$93,093,256 ","$7,441,223 ","$38,114,279 ","$34,640,179 ","$3,836,649 ","$30,803,530 ","$3,474,100 ","$7,135,501 ","$2,509,986 ","$4,625,515 ","$4,213,190 ","$412,325 ","$2,276,431 ","$16,770,222 ","$16,325,293 ","$444,929 ","$7,229,521 ","$6,190,088 ","$6,335,761 ","$5,835,922 ","$499,839 ","$3,229,744 ","$2,029,525 ","$1,200,219 ","$36,100,405 ","$33,541,259 ","$2,559,146 ","$9,770,841 ","$9,189,526 ","$581,315 ","$26,329,564 ","$24,351,733 ","$1,977,831 ","$25,634,568 ","$23,790,054 ","$1,844,514 ","$694,996 ","$34,603,137 ","$15,268,985 ","$19,334,152 ","$33,493,539 ","$14,681,099 ","$18,812,440 ","$1,109,598 ","$587,886 ","$521,712 ","$7,085,907 ","$4,396,680 ","$2,689,227 ","$1,865,190 ","$1,634,799 ","$230,391 ","$6,175,263 ","$5,158,266 ","$1,016,997 ","$377,345 ","$7,063,772 ","$4,992,231 ","$2,071,541 ","$14,947,018 ","$14,260,192 ","$686,826 ","$52,247,596 ","$37,752,162 ","$14,349,965 ","$12,833,229 ","$1,516,736 ","$145,469 ","$14,898,220 ","$11,121,401 ","$4,210,108 ","$6,911,293 ","$3,776,819 ","$3,314,609 ","$462,210 ","$1,508,252 ","$17,131,170 ","$27,040,168 ","$43,016,017 ","$2,726,226 ","$2,711,745 ","$14,481 ","$40,289,791 ","$3,379,928 ","$25,347,848 ","$11,562,015 ","$10,582,266 ","$1,142,491 ","$5,655,741 ","$3,784,034 ","$29,707,525 ","$2,237,437 ","$19,692,107 ","$7,777,981 ","$17,870,579 ","$1,906,006 ","$10,984,564 ","$4,980,009 ","$2,229,756 ","$43,493 ","$2,005,207 ","$181,056 ","$9,607,190 ","$287,938 ","$6,702,336 ","$2,616,916 ","$15,694,641 ","$13,885,930 ","$1,808,711 ","$17,932,386 ","$2,955,489 ","$363,891,881 ","$348,329,538 ","$15,562,343 ","$273,815,934 ","$27,075,065 ","$43,818,507 ","$7,810,051 ","$2,029,261 ","$5,532,410 ","$136,876 ","$111,504 ","$36,008,456 ","$18,929,346 ","$3,115,769 ","$1,341,355 ","$1,393,359 ","$21,036 ","$360,019 ","$15,813,577 ","$60,124,761 ","$21,832,566 ","$33,254,210 ","$664,862 ","$4,373,123 ","$288,204,777 ","$39,659,615 ","$248,545,162 ","$151,750,413 ","$11,682,769 ","$8,046,717 ","$797,502 ","$21,244 ","$2,817,306 ","$140,067,644 ","$196,579,125 ","$48,441,992 ","$13,785,849 ","$32,456,708 ","$643,618 ","$1,555,817 ","$148,137,133 ","$454,393,144 ","$105,173,157 ","$349,219,987 ","$95,134,776 ","$10,707,179 ","$243,378,032 ","$232,169,227 ","$209,861,533 ","$4,485,892 ","$205,375,641 ","$42,475,974 ","$3,995,100 ","$158,904,567 ","$11,648,548 ","$11,735,725 ","($87,177)","$10,659,146 ","$222,223,917 ","$88,629,950 ","$133,593,967 ","$49,692,686 ","$5,577,722 ","$78,323,559 ","$74,513,604 ","$31,648,662 ","$116,061,651 "
United States,1982,"$547,717,920 ","$460,435,792 ","$457,653,563 ","$370,371,435 ","$266,389,820 ","$82,067,442 ","$184,322,378 ","$93,612,948 ","$60,573,300 ","$33,039,648 ","$2,946,833 ","$309,780 ","$3,462,603 ","$10,619,673 ","$730,478 ","$7,712,670 ","$4,133,432 ","$3,124,179 ","$10,530,741 ","$213,789 ","$1,760,577 ","$6,460,952 ","$5,973,698 ","$487,254 ","$2,095,423 ","$65,766,490 ","$50,738,164 ","$15,028,326 ","$2,350,092 ","$12,062,107 ","$87,282,128 ","$87,282,128 ","$4,575,576 ",$0 ,$0 ,"$103,981,615 ","$56,920,307 ","$2,296,246 ","$17,098,018 ","$2,308,085 ","$13,524,570 ","$4,692,428 ","$8,832,142 ","$1,265,363 ","$17,372,088 ","$2,081,807 ","$482,056 ","$1,599,751 ","$1,535,871 ","$818,911 ","$394,381 ","$1,525,396 ","$4,952,515 ","$1,427,396 ","$965,532 ","$6,452,146 ","$47,061,308 ","$1,598,974 ","$669,720 ","$25,744,313 ","$19,048,301 ","$34,040,011 ","$3,342,945 ","$30,697,066 ","$8,472,461 ","$22,224,605 ","$16,027,491 ","$2,670,730 ","$3,526,384 ","$56,024,346 ","$34,142,743 ","$8,022,781 ","$6,981,242 ","$14,630,406 ","$19,138,720 ","$16,922,393 ","$11,961,831 ","$4,959,210 ","$3,532,195 ","$1,842,334 ","$163,706 ","$1,526,155 ","$524,587,774 ","$1,793,289 ","$522,794,485 ","$457,948,664 ","$375,057,117 ","$66,639,110 ","$53,504,837 ","$13,134,273 ","$17,334,945 ","$24,320,795 ","$39,442,518 ","$191,570,258 ","$436,732,944 ","$434,939,655 ","$382,588,041 ","$380,794,752 ","$343,299,987 ","$54,144,903 ","$23,536,910 ","$2,864,028 ","$8,469,988 ","$7,464,108 ","$1,005,880 ","$154,282,461 ","$140,773,552 ","$10,854,909 ","$105,761,428 ","$98,897,036 ","$6,864,392 ","$41,569,919 ","$37,873,995 ","$4,255,172 ","$33,618,823 ","$3,695,924 ","$6,951,114 ","$2,654,000 ","$4,297,114 ","$4,002,521 ","$294,593 ","$2,285,868 ","$18,840,472 ","$18,252,603 ","$587,869 ","$8,105,530 ","$5,194,943 ","$7,025,556 ","$6,554,989 ","$470,567 ","$3,285,585 ","$2,244,974 ","$1,040,611 ","$40,718,742 ","$38,378,744 ","$2,339,998 ","$10,473,389 ","$10,165,945 ","$307,444 ","$30,245,353 ","$28,212,799 ","$2,032,554 ","$29,659,179 ","$27,647,781 ","$2,011,398 ","$586,174 ","$34,520,249 ","$16,341,873 ","$18,178,376 ","$33,414,756 ","$15,710,785 ","$17,703,971 ","$1,105,493 ","$631,088 ","$474,405 ","$8,583,940 ","$5,325,112 ","$3,258,828 ","$2,012,593 ","$1,788,546 ","$224,047 ","$6,567,117 ","$5,494,737 ","$1,072,380 ","$406,483 ","$7,501,291 ","$5,471,922 ","$2,029,369 ","$16,511,354 ","$15,771,047 ","$740,307 ","$56,216,380 ","$41,382,752 ","$14,680,016 ","$13,007,593 ","$1,672,423 ","$153,612 ","$14,940,214 ","$10,806,209 ","$4,884,325 ","$5,921,884 ","$4,134,005 ","$3,550,822 ","$583,183 ","$1,373,013 ","$20,159,820 ","$28,374,501 ","$48,412,312 ","$2,841,713 ","$2,831,672 ","$10,041 ","$45,570,599 ","$4,160,975 ","$28,925,458 ","$12,484,166 ","$11,408,258 ","$1,275,067 ","$6,443,804 ","$3,689,387 ","$34,162,341 ","$2,885,908 ","$22,481,654 ","$8,794,779 ","$20,446,411 ","$2,558,401 ","$12,285,000 ","$5,603,010 ","$2,566,390 ","$47,698 ","$2,399,095 ","$119,597 ","$11,149,540 ","$279,809 ","$7,797,559 ","$3,072,172 ","$17,812,977 ","$15,661,007 ","$2,151,970 ","$18,126,010 ","$3,503,531 ","$404,579,046 ","$385,786,218 ","$18,792,828 ","$302,752,566 ","$32,130,301 ","$49,182,053 ","$9,373,066 ","$2,080,701 ","$6,766,446 ","$34,555 ","$491,364 ","$39,808,987 ","$20,954,706 ","$2,451,834 ","$1,183,342 ","$938,429 ","$33,322 ","$296,741 ","$18,502,872 ","$68,124,909 ","$23,809,945 ","$39,048,027 ","$688,201 ","$4,578,736 ","$317,661,309 ","$39,807,615 ","$277,853,694 ","$153,946,273 ","$12,551,477 ","$8,677,667 ","$1,000,968 ","$67,480 ","$2,805,362 ","$141,394,796 ","$231,839,945 ","$55,573,432 ","$15,132,278 ","$38,047,059 ","$620,721 ","$1,773,374 ","$176,266,513 ","$506,793,364 ","$111,051,178 ","$395,742,186 ","$111,236,240 ","$11,449,371 ","$273,056,575 ","$262,812,632 ","$243,248,231 ","$7,318,872 ","$235,929,359 ","$54,247,239 ","$3,847,247 ","$177,834,873 ","$6,787,016 ","$6,967,617 ","($180,601)","$12,777,385 ","$243,980,732 ","$96,678,918 ","$147,301,814 ","$53,151,192 ","$6,175,368 ","$87,975,254 ","$83,033,652 ","$32,344,100 ","$128,602,980 "
United States,1983,"$593,371,721 ","$503,365,206 ","$486,752,954 ","$396,746,439 ","$284,436,467 ","$89,104,863 ","$195,331,604 ","$100,246,638 ","$64,889,896 ","$35,356,742 ","$2,978,016 ","$366,044 ","$3,854,115 ","$10,942,477 ","$729,269 ","$8,871,235 ","$4,182,084 ","$3,433,502 ","$11,117,117 ","$223,470 ","$1,848,127 ","$6,731,667 ","$6,227,018 ","$504,649 ","$2,313,853 ","$69,386,574 ","$55,128,927 ","$14,257,647 ","$2,544,640 ","$12,036,635 ","$90,006,515 ","$90,006,515 ","$4,583,457 ",$0 ,$0 ,"$112,309,972 ","$62,625,024 ","$2,535,352 ","$18,829,177 ","$2,363,388 ","$14,808,190 ","$4,998,177 ","$9,810,013 ","$1,657,599 ","$19,243,593 ","$2,237,906 ","$504,214 ","$1,733,692 ","$1,643,060 ","$900,580 ","$453,319 ","$1,710,743 ","$5,815,779 ","$1,644,389 ","$986,410 ","$6,624,716 ","$49,684,948 ","$1,624,559 ","$1,033,480 ","$26,102,284 ","$20,924,625 ","$37,254,155 ","$3,311,096 ","$33,943,059 ","$9,528,164 ","$24,414,895 ","$17,822,871 ","$3,046,919 ","$3,545,105 ","$69,364,612 ","$42,526,072 ","$8,699,466 ","$7,835,982 ","$15,100,135 ","$25,990,624 ","$21,582,459 ","$12,903,668 ","$5,256,081 ","$4,794,250 ","$2,482,927 ","$254,901 ","$2,026,122 ","$566,662,933 ","$1,764,928 ","$564,898,005 ","$498,929,234 ","$401,967,445 ","$67,733,699 ","$53,017,965 ","$14,715,734 ","$18,684,102 ","$29,178,188 ","$47,334,571 ","$204,378,391 ","$466,516,499 ","$464,751,571 ","$411,665,344 ","$409,900,416 ","$367,080,073 ","$54,851,155 ","$25,539,687 ","$3,013,502 ","$9,783,483 ","$8,539,997 ","$1,243,486 ","$163,875,678 ","$150,205,083 ","$10,880,442 ","$112,945,179 ","$105,745,678 ","$7,199,501 ","$43,820,105 ","$40,416,615 ","$4,551,227 ","$35,865,388 ","$3,403,490 ","$7,110,394 ","$2,790,153 ","$4,320,241 ","$4,042,790 ","$277,451 ","$2,473,187 ","$20,882,568 ","$20,220,900 ","$661,668 ","$8,788,705 ","$4,241,950 ","$7,582,075 ","$7,052,488 ","$529,587 ","$3,625,490 ","$2,451,353 ","$1,174,137 ","$43,749,854 ","$41,290,020 ","$2,459,834 ","$11,298,102 ","$10,936,784 ","$361,318 ","$32,451,752 ","$30,353,236 ","$2,098,516 ","$31,864,881 ","$29,798,030 ","$2,066,851 ","$586,871 ","$36,654,925 ","$18,027,691 ","$18,627,234 ","$35,349,964 ","$17,246,494 ","$18,103,470 ","$1,304,961 ","$781,197 ","$523,764 ","$8,505,128 ","$5,583,756 ","$2,921,372 ","$2,213,222 ","$1,983,302 ","$229,920 ","$7,082,232 ","$5,771,732 ","$1,310,500 ","$454,483 ","$8,049,832 ","$5,949,900 ","$2,099,932 ","$17,957,612 ","$17,233,236 ","$724,376 ","$59,157,097 ","$43,106,688 ","$15,892,901 ","$13,691,754 ","$2,201,147 ","$157,508 ","$15,603,463 ","$11,239,056 ","$5,432,761 ","$5,806,295 ","$4,364,407 ","$3,865,974 ","$498,433 ","$1,457,991 ","$24,136,241 ","$28,493,508 ","$52,811,863 ","$2,816,400 ","$2,804,026 ","$12,374 ","$49,995,463 ","$5,041,947 ","$32,083,346 ","$12,870,170 ","$12,453,908 ","$1,497,464 ","$7,135,295 ","$3,821,149 ","$37,541,555 ","$3,544,483 ","$24,948,051 ","$9,049,021 ","$22,222,709 ","$3,188,953 ","$13,742,162 ","$5,291,594 ","$3,007,745 ","$49,560 ","$2,815,290 ","$142,895 ","$12,311,101 ","$305,970 ","$8,390,599 ","$3,614,532 ","$19,254,527 ","$17,484,213 ","$1,770,314 ","$24,172,447 ","$3,907,597 ","$454,500,890 ","$435,946,410 ","$18,554,480 ","$333,957,775 ","$44,285,120 ","$72,450,967 ","$10,501,396 ","$3,215,773 ","$6,260,941 ","$161,098 ","$863,584 ","$61,949,571 ","$26,894,394 ","$4,081,414 ","$1,709,199 ","$2,099,590 ","$40,025 ","$232,600 ","$22,812,980 ","$74,465,959 ","$25,503,427 ","$42,931,147 ","$842,773 ","$5,188,612 ","$361,480,451 ","$39,210,630 ","$322,269,821 ","$163,121,486 ","$13,829,439 ","$9,632,215 ","$1,280,816 ","$65,065 ","$2,851,343 ","$149,292,047 ","$272,824,924 ","$60,636,520 ","$15,871,212 ","$41,650,331 ","$777,708 ","$2,337,269 ","$212,188,404 ","$585,847,750 ","$121,594,514 ","$464,253,236 ","$135,327,070 ","$9,736,960 ","$319,189,206 ","$305,728,221 ","$287,282,344 ","$8,929,523 ","$278,352,821 ","$69,470,610 ","$2,482,887 ","$206,399,324 ","$4,817,872 ","$5,009,367 ","($191,495)","$13,628,005 ","$280,119,529 ","$107,417,133 ","$172,702,396 ","$61,826,707 ","$5,736,043 ","$105,139,646 ","$101,988,635 ","$38,569,610 ","$139,561,284 "
United States,1984,"$651,996,807 ","$555,061,525 ","$542,729,549 ","$445,794,267 ","$320,193,816 ","$96,456,745 ","$223,737,071 ","$114,097,342 ","$75,211,609 ","$38,885,733 ","$3,149,592 ","$383,747 ","$3,973,688 ","$12,555,442 ","$739,391 ","$9,458,327 ","$4,327,284 ","$4,298,262 ","$12,402,129 ","$260,946 ","$2,103,845 ","$7,401,200 ","$6,833,895 ","$567,305 ","$2,636,138 ","$81,669,438 ","$64,871,351 ","$16,798,087 ","$2,226,041 ","$13,342,121 ","$96,935,282 ","$96,935,282 ","$4,541,068 ",$0 ,$0 ,"$125,600,451 ","$69,022,177 ","$2,745,041 ","$20,614,222 ","$2,499,091 ","$16,362,107 ","$5,394,329 ","$10,967,778 ","$1,753,024 ","$20,553,735 ","$2,471,058 ","$581,106 ","$1,889,952 ","$1,873,611 ","$976,578 ","$525,924 ","$1,897,550 ","$6,661,535 ","$1,921,076 ","$1,072,896 ","$7,708,951 ","$56,578,274 ","$1,905,399 ","$934,233 ","$27,455,926 ","$26,282,716 ","$40,613,586 ","$3,239,685 ","$37,373,901 ","$10,466,984 ","$26,906,917 ","$19,613,735 ","$3,501,467 ","$3,791,715 ","$68,653,672 ","$46,180,014 ","$8,778,965 ","$8,370,058 ","$16,793,110 ","$29,030,991 ","$16,759,179 ","$17,178,912 ","$5,714,479 ","$6,236,960 ","$3,268,215 ","$284,223 ","$2,684,521 ","$600,222,142 ","$1,722,118 ","$598,500,024 ","$529,584,174 ","$433,576,456 ","$70,637,968 ","$53,822,429 ","$16,815,539 ","$19,694,325 ","$34,438,537 ","$40,152,738 ","$219,266,108 ","$505,007,861 ","$503,285,743 ","$446,979,589 ","$445,257,471 ","$396,866,778 ","$58,028,272 ","$27,463,719 ","$3,584,454 ","$11,087,901 ","$9,642,102 ","$1,445,799 ","$176,107,629 ","$161,577,518 ","$11,596,220 ","$120,895,748 ","$113,637,717 ","$7,258,031 ","$47,612,902 ","$43,758,157 ","$4,919,310 ","$38,838,847 ","$3,854,745 ","$7,598,979 ","$2,933,891 ","$4,665,088 ","$4,181,644 ","$483,444 ","$2,555,711 ","$22,496,460 ","$21,808,724 ","$687,736 ","$9,502,336 ","$4,441,908 ","$8,201,727 ","$7,707,629 ","$494,098 ","$3,859,338 ","$2,610,652 ","$1,248,686 ","$46,329,429 ","$43,963,113 ","$2,366,316 ","$12,276,521 ","$11,905,760 ","$370,761 ","$34,052,908 ","$32,057,353 ","$1,995,555 ","$33,439,436 ","$31,467,451 ","$1,971,985 ","$613,472 ","$39,418,823 ","$19,150,193 ","$20,268,630 ","$38,040,007 ","$18,334,265 ","$19,705,742 ","$1,378,816 ","$815,928 ","$562,888 ","$9,283,284 ","$6,179,676 ","$3,103,608 ","$2,412,517 ","$2,160,961 ","$251,556 ","$7,420,655 ","$6,006,974 ","$1,413,681 ","$483,985 ","$8,343,451 ","$6,380,960 ","$1,962,491 ","$19,261,992 ","$18,462,547 ","$799,445 ","$64,709,444 ","$47,756,056 ","$16,758,966 ","$14,445,780 ","$2,313,186 ","$194,422 ","$16,225,085 ","$11,515,530 ","$5,851,817 ","$5,663,713 ","$4,709,555 ","$4,135,822 ","$573,733 ","$1,329,338 ","$28,696,368 ","$31,478,152 ","$55,061,543 ","$2,740,883 ","$2,730,393 ","$10,490 ","$52,320,660 ","$5,742,169 ","$33,979,285 ","$12,599,206 ","$12,579,505 ","$1,665,390 ","$7,476,385 ","$3,437,730 ","$39,741,155 ","$4,076,779 ","$26,502,900 ","$9,161,476 ","$23,206,055 ","$3,536,419 ","$14,516,811 ","$5,152,825 ","$3,343,704 ","$73,904 ","$3,134,455 ","$135,345 ","$13,191,396 ","$466,456 ","$8,851,634 ","$3,873,306 ","$21,915,295 ","$19,812,637 ","$2,102,658 ","$14,059,628 ","$4,177,815 ","$506,329,678 ","$486,369,248 ","$19,960,430 ","$360,920,428 ","$39,094,771 ","$71,620,920 ","$11,446,096 ","$2,655,849 ","$7,678,455 ","$32,421 ","$1,079,371 ","$60,174,824 ","$33,940,716 ","$5,293,009 ","$1,506,730 ","$3,127,766 ","$38,694 ","$619,819 ","$28,647,707 ","$82,573,022 ","$27,390,389 ","$47,782,326 ","$989,549 ","$6,410,758 ","$403,796,226 ","$40,871,881 ","$362,924,345 ","$166,894,758 ","$13,385,172 ","$9,581,533 ","$768,836 ","$51,262 ","$2,983,541 ","$153,509,586 ","$319,474,490 ","$69,187,850 ","$17,808,856 ","$47,013,490 ","$938,287 ","$3,427,217 ","$250,286,640 ","$670,592,681 ","$138,820,769 ","$531,771,912 ","$162,282,235 ","$11,007,067 ","$358,482,610 ","$341,717,060 ","$323,008,007 ","$13,223,064 ","$309,784,943 ","$85,412,062 ","$2,263,368 ","$222,109,513 ","$5,734,724 ","$5,664,626 ","$70,098 ","$12,974,329 ","$328,875,621 ","$119,526,805 ","$209,348,816 ","$72,559,054 ","$7,223,212 ","$129,566,550 ","$125,448,820 ","$38,815,825 ","$164,610,976 "
United States,1985,"$720,062,166 ","$613,904,230 ","$598,120,535 ","$491,962,599 ","$350,366,541 ","$103,756,624 ","$246,609,917 ","$126,375,711 ","$84,295,648 ","$42,080,063 ","$3,286,482 ","$411,580 ","$4,534,025 ","$13,630,659 ","$693,940 ","$10,047,216 ","$4,557,580 ","$4,918,581 ","$14,326,555 ","$234,732 ","$2,812,524 ","$8,298,379 ","$7,681,131 ","$617,248 ","$2,980,920 ","$89,513,589 ","$70,361,403 ","$19,152,186 ","$2,327,515 ","$14,066,547 ","$106,157,936 ","$106,157,936 ","$4,556,263 ",$0 ,$0 ,"$141,596,058 ","$74,322,626 ","$3,117,639 ","$21,957,563 ","$2,616,267 ","$17,533,673 ","$5,717,750 ","$11,815,923 ","$1,807,623 ","$21,496,444 ","$2,756,641 ","$659,568 ","$2,097,073 ","$2,072,186 ","$1,039,923 ","$573,945 ","$2,096,896 ","$7,429,840 ","$2,143,325 ","$1,141,679 ","$8,496,545 ","$67,273,432 ","$2,110,548 ","$850,118 ","$33,303,809 ","$31,008,957 ","$44,772,026 ","$3,235,492 ","$41,536,534 ","$11,979,703 ","$29,556,831 ","$21,767,248 ","$3,573,130 ","$4,216,453 ","$77,169,605 ","$53,211,523 ","$9,468,022 ","$9,197,343 ","$18,049,829 ","$34,546,158 ","$17,639,533 ","$18,357,522 ","$6,318,549 ","$8,121,506 ","$4,234,572 ","$363,523 ","$3,523,411 ","$657,888,116 ","$1,963,468 ","$655,924,648 ","$577,990,050 ","$472,311,615 ","$79,898,066 ","$60,653,360 ","$19,244,706 ","$20,707,185 ","$38,817,167 ","$44,190,615 ","$236,820,546 ","$553,899,378 ","$551,935,910 ","$487,447,565 ","$485,484,097 ","$432,349,868 ","$66,451,813 ","$29,872,947 ","$3,743,822 ","$12,838,627 ","$11,140,169 ","$1,698,458 ","$192,685,974 ","$175,904,393 ","$13,477,151 ","$131,986,576 ","$123,628,802 ","$8,357,774 ","$52,316,006 ","$47,686,746 ","$5,331,486 ","$42,355,260 ","$4,629,260 ","$8,383,392 ","$3,304,430 ","$5,078,962 ","$4,588,845 ","$490,117 ","$2,592,119 ","$24,785,899 ","$23,918,414 ","$867,485 ","$10,471,463 ","$4,874,528 ","$8,916,631 ","$8,311,272 ","$605,359 ","$4,105,160 ","$2,802,678 ","$1,302,482 ","$49,580,667 ","$46,871,682 ","$2,708,985 ","$13,710,925 ","$13,236,544 ","$474,381 ","$35,869,742 ","$33,635,138 ","$2,234,604 ","$35,255,076 ","$33,033,597 ","$2,221,479 ","$614,666 ","$44,988,995 ","$21,088,905 ","$23,900,090 ","$43,507,498 ","$20,191,799 ","$23,315,699 ","$1,481,497 ","$897,106 ","$584,391 ","$10,377,777 ","$7,161,186 ","$3,216,591 ","$2,699,929 ","$2,401,582 ","$298,347 ","$8,356,643 ","$6,620,859 ","$1,735,784 ","$591,729 ","$9,160,228 ","$6,963,864 ","$2,196,364 ","$20,956,316 ","$19,994,157 ","$962,159 ","$69,523,337 ","$51,881,630 ","$17,401,338 ","$14,902,797 ","$2,498,541 ","$240,369 ","$17,397,964 ","$12,185,960 ","$6,260,171 ","$5,925,789 ","$5,212,004 ","$4,494,541 ","$717,463 ","$1,493,160 ","$32,427,044 ","$34,713,889 ","$59,798,123 ","$2,822,956 ","$2,811,403 ","$11,553 ","$56,975,167 ","$6,390,123 ","$37,150,344 ","$13,434,700 ","$14,297,760 ","$1,810,004 ","$8,327,776 ","$4,159,980 ","$42,677,407 ","$4,580,119 ","$28,822,568 ","$9,274,720 ","$25,341,478 ","$3,999,819 ","$16,094,941 ","$5,246,718 ","$3,467,916 ","$72,830 ","$3,197,524 ","$197,562 ","$13,868,013 ","$507,470 ","$9,530,103 ","$3,830,440 ","$24,413,594 ","$21,999,359 ","$2,414,235 ","$14,995,083 ","$4,781,938 ","$568,633,199 ","$549,049,851 ","$19,583,348 ","$397,050,336 ","$58,130,341 ","$101,163,771 ","$13,826,360 ","$3,677,111 ","$8,597,014 ","$157,260 ","$1,394,975 ","$87,337,411 ","$43,520,623 ","$6,137,498 ","$2,313,763 ","$3,399,338 ","$42,245 ","$382,152 ","$37,383,125 ","$90,830,667 ","$29,231,275 ","$53,082,463 ","$1,130,317 ","$7,386,612 ","$458,219,184 ","$41,009,212 ","$417,209,972 ","$176,159,719 ","$13,770,605 ","$10,024,300 ","$731,733 ","$45,301 ","$2,969,271 ","$162,389,114 ","$372,890,132 ","$77,060,062 ","$19,206,975 ","$52,350,730 ","$1,085,016 ","$4,417,341 ","$295,830,070 ","$786,912,544 ","$167,901,480 ","$619,011,064 ","$199,852,026 ","$9,433,472 ","$409,725,566 ","$395,309,486 ","$370,632,527 ","$17,212,749 ","$353,419,778 ","$108,122,234 ","$1,281,685 ","$244,015,859 ","$8,653,154 ","$8,787,865 ","($134,711)","$16,023,805 ","$391,603,058 ","$141,613,698 ","$249,989,360 ","$84,087,546 ","$7,525,296 ","$158,376,518 ","$151,999,515 ","$47,584,245 ","$192,019,298 "
United States,1986,"$783,377,916 ","$670,279,107 ","$641,485,913 ","$528,387,104 ","$373,079,186 ","$111,709,287 ","$261,369,899 ","$135,004,563 ","$90,694,713 ","$44,309,850 ","$3,332,734 ","$464,611 ","$5,489,842 ","$14,438,826 ","$646,264 ","$10,025,365 ","$4,649,965 ","$5,262,243 ","$15,494,400 ","$239,912 ","$3,062,623 ","$8,936,475 ","$8,240,892 ","$695,583 ","$3,255,390 ","$94,359,057 ","$74,364,912 ","$19,994,145 ","$2,535,464 ","$13,976,415 ","$113,098,809 ","$113,098,809 ","$4,423,902 ",$0 ,$0 ,"$155,307,918 ","$80,400,020 ","$3,454,174 ","$23,745,319 ","$2,793,869 ","$19,060,272 ","$6,128,188 ","$12,932,084 ","$1,891,178 ","$22,829,942 ","$2,917,691 ","$729,131 ","$2,188,560 ","$2,201,938 ","$1,138,664 ","$631,872 ","$2,203,494 ","$8,361,192 ","$2,447,328 ","$1,229,927 ","$9,238,479 ","$74,907,898 ","$2,162,967 ","$1,085,578 ","$35,901,699 ","$35,757,654 ","$47,162,720 ","$3,312,571 ","$43,850,149 ","$13,260,170 ","$30,589,979 ","$22,845,860 ","$3,291,135 ","$4,452,984 ","$94,729,283 ","$69,365,494 ","$10,585,837 ","$9,814,918 ","$18,783,927 ","$48,964,739 ","$18,266,811 ","$18,714,912 ","$7,096,978 ","$11,054,502 ","$5,807,392 ","$556,486 ","$4,690,624 ","$717,457,666 ","$2,105,831 ","$715,351,835 ","$626,980,257 ","$511,377,784 ","$90,477,409 ","$67,967,634 ","$22,509,775 ","$22,588,295 ","$44,370,141 ","$46,538,206 ","$256,621,901 ","$605,622,528 ","$603,516,697 ","$530,495,857 ","$528,390,026 ","$468,738,102 ","$75,126,671 ","$32,271,984 ","$4,256,947 ","$14,957,343 ","$12,621,322 ","$2,336,021 ","$210,818,505 ","$191,605,678 ","$15,490,407 ","$145,110,764 ","$135,101,786 ","$10,008,978 ","$56,535,108 ","$51,318,277 ","$5,793,747 ","$45,524,530 ","$5,216,831 ","$9,172,633 ","$3,722,420 ","$5,450,213 ","$5,185,615 ","$264,598 ","$2,707,220 ","$27,696,489 ","$26,565,068 ","$1,131,421 ","$11,896,904 ","$5,403,900 ","$9,586,526 ","$8,928,813 ","$657,713 ","$4,106,314 ","$2,851,206 ","$1,255,108 ","$53,535,897 ","$50,697,555 ","$2,838,342 ","$15,549,541 ","$15,004,968 ","$544,573 ","$37,986,356 ","$35,692,587 ","$2,293,769 ","$37,363,782 ","$35,088,876 ","$2,274,906 ","$622,574 ","$49,368,228 ","$22,561,302 ","$26,806,926 ","$47,538,848 ","$21,591,212 ","$25,947,636 ","$1,829,380 ","$970,090 ","$859,290 ","$11,284,888 ","$7,768,750 ","$3,516,138 ","$2,947,501 ","$2,627,814 ","$319,687 ","$9,073,838 ","$7,270,692 ","$1,803,146 ","$682,460 ","$10,164,420 ","$7,610,607 ","$2,553,813 ","$22,685,458 ","$21,613,042 ","$1,072,416 ","$73,784,593 ","$54,605,283 ","$18,864,344 ","$16,227,856 ","$2,636,488 ","$314,966 ","$19,141,856 ","$13,307,328 ","$6,846,416 ","$6,460,912 ","$5,834,528 ","$4,883,234 ","$951,294 ","$1,725,447 ","$37,063,629 ","$37,929,138 ","$65,296,932 ","$2,866,590 ","$2,856,162 ","$10,428 ","$62,430,342 ","$7,306,512 ","$39,783,520 ","$15,340,310 ","$16,195,860 ","$1,983,105 ","$9,079,222 ","$5,133,533 ","$46,234,482 ","$5,323,407 ","$30,704,298 ","$10,206,777 ","$28,182,170 ","$4,629,659 ","$17,425,308 ","$6,127,203 ","$3,291,450 ","$77,471 ","$2,964,192 ","$249,787 ","$14,760,862 ","$616,277 ","$10,314,798 ","$3,829,787 ","$26,521,100 ","$24,441,921 ","$2,079,179 ","$14,886,895 ","$5,130,211 ","$658,874,867 ","$640,549,689 ","$18,325,178 ","$458,931,433 ","$86,769,206 ","$162,045,330 ","$27,322,564 ","$7,353,751 ","$18,064,948 ","$128,805 ","$1,775,060 ","$134,722,766 ","$74,359,998 ","$15,285,418 ","$4,524,010 ","$9,757,774 ","$148,925 ","$854,709 ","$59,074,580 ","$104,849,306 ","$32,476,047 ","$62,920,967 ","$1,125,895 ","$8,326,397 ","$535,700,383 ","$43,008,644 ","$492,691,739 ","$190,069,704 ","$14,119,936 ","$10,616,914 ","$577,285 ","$37,757 ","$2,887,980 ","$175,949,768 ","$450,479,985 ","$90,729,370 ","$21,859,133 ","$62,343,682 ","$1,088,138 ","$5,438,417 ","$359,750,615 ","$926,229,688 ","$193,539,455 ","$732,690,233 ","$223,052,944 ","$11,282,019 ","$498,355,270 ","$466,514,420 ","$431,120,842 ","$16,167,145 ","$414,953,697 ","$117,044,280 ","$1,195,521 ","$296,713,896 ","$18,079,345 ","$18,199,777 ","($120,432)","$17,314,233 ","$459,715,268 ","$158,623,065 ","$301,092,203 ","$97,407,223 ","$9,478,326 ","$194,206,654 ","$181,618,256 ","$65,589,353 ","$212,507,659 "
United States,1987,"$843,878,724 ","$729,021,267 ","$686,860,499 ","$572,003,042 ","$404,802,978 ","$121,202,638 ","$283,600,340 ","$144,090,686 ","$96,602,538 ","$47,488,148 ","$3,381,485 ","$482,131 ","$6,348,824 ","$16,156,344 ","$648,728 ","$10,172,099 ","$4,791,760 ","$5,506,777 ","$16,596,116 ","$249,522 ","$3,095,261 ","$9,694,182 ","$8,973,589 ","$720,593 ","$3,557,151 ","$106,359,354 ","$83,934,727 ","$22,424,627 ","$3,069,132 ","$13,485,052 ","$114,857,457 ","$114,857,457 ","$2,451,066 ",$0 ,$0 ,"$167,200,064 ","$87,446,717 ","$3,825,118 ","$24,988,132 ","$3,025,751 ","$20,243,255 ","$6,401,602 ","$13,841,653 ","$1,719,126 ","$24,155,753 ","$3,192,480 ","$825,923 ","$2,366,557 ","$2,434,898 ","$1,295,558 ","$684,362 ","$2,506,409 ","$9,263,207 ","$2,888,831 ","$1,312,318 ","$10,899,651 ","$79,753,347 ","$2,410,870 ","$922,308 ","$37,138,180 ","$39,281,989 ","$50,167,729 ","$3,358,367 ","$46,809,362 ","$14,402,746 ","$32,406,616 ","$24,672,325 ","$2,970,976 ","$4,763,315 ","$106,850,496 ","$79,491,004 ","$11,237,039 ","$10,588,518 ","$20,040,201 ","$57,665,436 ","$18,925,064 ","$17,592,353 ","$8,434,428 ","$11,584,339 ","$6,077,657 ","$663,892 ","$4,842,790 ","$777,045,448 ","$2,455,538 ","$774,589,910 ","$678,203,672 ","$551,091,093 ","$98,841,776 ","$74,162,473 ","$24,679,303 ","$23,466,243 ","$50,387,192 ","$50,803,606 ","$274,734,458 ","$657,133,732 ","$654,678,194 ","$573,943,546 ","$571,488,008 ","$506,130,556 ","$83,190,186 ","$35,195,255 ","$4,913,994 ","$16,637,907 ","$14,181,737 ","$2,456,170 ","$226,618,646 ","$204,841,168 ","$17,803,181 ","$156,910,098 ","$145,555,439 ","$11,354,659 ","$60,072,709 ","$53,931,871 ","$5,921,610 ","$48,010,261 ","$6,140,838 ","$9,635,839 ","$3,974,297 ","$5,661,542 ","$5,353,858 ","$307,684 ","$2,751,691 ","$30,057,841 ","$28,773,080 ","$1,284,761 ","$12,871,828 ","$5,901,449 ","$10,452,893 ","$9,723,621 ","$729,272 ","$4,847,669 ","$2,967,028 ","$1,880,641 ","$57,087,593 ","$54,058,525 ","$3,029,068 ","$16,903,423 ","$16,371,149 ","$532,274 ","$40,184,170 ","$37,687,376 ","$2,496,794 ","$39,528,235 ","$37,036,941 ","$2,491,294 ","$655,935 ","$52,354,963 ","$24,002,789 ","$28,352,174 ","$50,303,335 ","$22,982,553 ","$27,320,782 ","$2,051,628 ","$1,020,236 ","$1,031,392 ","$11,769,900 ","$8,375,980 ","$3,393,920 ","$3,297,578 ","$2,889,965 ","$407,613 ","$9,942,615 ","$7,785,961 ","$2,156,654 ","$760,559 ","$11,018,276 ","$8,180,115 ","$2,838,161 ","$24,742,362 ","$23,483,014 ","$1,259,348 ","$80,219,521 ","$60,423,993 ","$19,490,624 ","$16,863,591 ","$2,627,033 ","$304,904 ","$21,647,340 ","$15,147,941 ","$7,664,958 ","$7,482,983 ","$6,499,399 ","$5,455,061 ","$1,044,338 ","$1,751,110 ","$41,891,209 ","$41,914,527 ","$69,108,110 ","$2,935,701 ","$2,922,287 ","$13,414 ","$66,172,409 ","$8,495,983 ","$42,038,250 ","$15,638,176 ","$18,466,637 ","$2,366,949 ","$9,964,736 ","$6,134,952 ","$47,705,772 ","$6,129,034 ","$32,073,514 ","$9,503,224 ","$28,951,042 ","$5,366,935 ","$18,498,147 ","$5,085,960 ","$2,895,114 ","$62,910 ","$2,579,619 ","$252,585 ","$15,859,616 ","$699,189 ","$10,995,748 ","$4,164,679 ","$29,602,708 ","$27,376,141 ","$2,226,567 ","$15,248,132 ","$5,952,766 ","$727,131,608 ","$711,218,957 ","$15,912,651 ","$518,115,700 ","$49,102,323 ","$134,357,652 ","$29,408,166 ","$9,209,985 ","$15,839,266 ","$448,741 ","$3,910,174 ","$104,949,486 ","$83,036,500 ","$18,778,309 ","$5,483,586 ","$11,127,383 ","$295,174 ","$1,872,166 ","$64,258,191 ","$120,512,517 ","$38,323,885 ","$70,760,020 ","$1,043,105 ","$10,385,507 ","$590,706,440 ","$44,852,620 ","$545,853,820 ","$201,203,101 ","$15,288,473 ","$11,690,444 ","$704,079 ","$36,364 ","$2,857,586 ","$185,914,628 ","$510,015,856 ","$105,224,044 ","$26,633,441 ","$70,055,941 ","$1,006,741 ","$7,527,921 ","$404,791,812 ","$1,051,357,799 ","$221,753,065 ","$829,604,734 ","$267,900,987 ","$11,048,234 ","$550,655,513 ","$549,214,595 ","$507,591,989 ","$22,588,508 ","$485,003,481 ","$146,289,713 ","$606,350 ","$338,107,418 ","$22,509,687 ","$22,606,658 ","($96,971)","$19,112,919 ","$502,143,204 ","$175,454,281 ","$326,688,923 ","$111,998,646 ","$10,034,702 ","$204,655,575 ","$193,103,257 ","$73,161,276 ","$235,878,671 "
United States,1988,"$884,116,964 ","$766,515,234 ","$726,761,578 ","$609,159,848 ","$435,740,719 ","$132,212,301 ","$303,528,418 ","$156,452,331 ","$105,237,831 ","$51,214,500 ","$3,481,695 ","$530,792 ","$6,937,863 ","$17,787,382 ","$676,607 ","$10,500,598 ","$5,040,819 ","$6,258,744 ","$17,673,687 ","$244,495 ","$3,173,016 ","$10,260,423 ","$9,494,103 ","$766,320 ","$3,995,753 ","$112,012,977 ","$88,349,539 ","$23,663,438 ","$3,274,394 ","$14,115,029 ","$117,601,730 ","$117,601,730 ",N/A,$0 ,$0 ,"$173,419,129 ","$94,543,604 ","$4,108,857 ","$27,033,887 ","$3,233,178 ","$21,663,913 ","$6,589,453 ","$15,074,460 ","$2,136,796 ","$26,128,715 ","$3,609,863 ","$1,015,327 ","$2,594,536 ","$2,540,847 ","$1,355,428 ","$736,854 ","$3,040,904 ","$10,147,120 ","$3,335,199 ","$1,413,845 ","$11,092,085 ","$78,875,525 ","$2,558,112 ","$1,087,738 ","$47,307,454 ","$27,922,221 ","$52,515,781 ","$3,290,163 ","$49,225,618 ","$15,314,515 ","$33,911,103 ","$26,239,582 ","$2,905,124 ","$4,766,397 ","$104,839,605 ","$77,818,122 ","$11,814,534 ","$10,906,712 ","$19,978,431 ","$55,096,865 ","$17,272,502 ","$17,748,337 ","$9,748,981 ","$14,036,112 ","$7,528,207 ","$853,553 ","$5,654,352 ","$826,848,709 ","$2,657,327 ","$824,191,382 ","$722,529,016 ","$591,261,210 ","$104,319,693 ","$78,597,548 ","$25,722,145 ","$23,927,966 ","$52,803,043 ","$51,879,470 ","$295,689,176 ","$704,920,584 ","$702,263,257 ","$615,402,390 ","$612,745,063 ","$544,498,746 ","$89,518,194 ","$38,029,647 ","$5,350,812 ","$18,985,958 ","$15,951,401 ","$3,034,557 ","$242,683,417 ","$220,111,948 ","$18,528,887 ","$169,694,203 ","$157,905,548 ","$11,788,655 ","$62,687,689 ","$56,290,708 ","$6,250,782 ","$50,039,926 ","$6,396,981 ","$10,301,525 ","$4,042,582 ","$6,258,943 ","$5,915,692 ","$343,251 ","$2,853,110 ","$32,631,465 ","$31,348,156 ","$1,283,309 ","$13,588,616 ","$6,532,641 ","$11,752,856 ","$10,951,716 ","$801,140 ","$4,788,278 ","$3,155,211 ","$1,633,067 ","$61,939,865 ","$58,504,301 ","$3,435,564 ","$18,487,825 ","$17,816,254 ","$671,571 ","$43,452,040 ","$40,688,047 ","$2,763,993 ","$42,897,558 ","$40,140,653 ","$2,756,905 ","$554,482 ","$55,620,868 ","$23,986,223 ","$31,634,645 ","$53,120,999 ","$22,865,944 ","$30,255,055 ","$2,499,869 ","$1,120,279 ","$1,379,590 ","$13,254,519 ","$9,635,548 ","$3,618,971 ","$3,500,747 ","$3,061,273 ","$439,474 ","$10,238,064 ","$8,344,158 ","$1,893,906 ","$784,884 ","$12,069,762 ","$8,928,009 ","$3,141,753 ","$26,276,791 ","$25,080,517 ","$1,196,274 ","$86,457,302 ","$66,265,279 ","$19,884,027 ","$17,260,555 ","$2,623,472 ","$307,996 ","$23,678,593 ","$16,328,592 ","$8,028,443 ","$8,300,149 ","$7,350,001 ","$6,124,859 ","$1,225,142 ","$1,841,771 ","$44,318,351 ","$43,235,844 ","$70,048,655 ","$2,837,265 ","$2,817,541 ","$19,724 ","$67,211,390 ","$8,484,692 ","$43,944,923 ","$14,781,775 ","$18,863,929 ","$2,453,349 ","$10,358,709 ","$6,051,871 ","$48,347,461 ","$6,031,343 ","$33,586,214 ","$8,729,904 ","$29,046,861 ","$5,231,866 ","$19,342,184 ","$4,472,811 ","$2,824,542 ","$70,172 ","$2,495,292 ","$259,078 ","$16,476,058 ","$729,305 ","$11,748,738 ","$3,998,015 ","$32,125,132 ","$29,710,697 ","$2,414,435 ","$13,092,828 ","$6,661,510 ","$755,033,598 ","$739,297,703 ","$15,735,895 ","$425,354,315 ","$23,285,558 ","$89,703,247 ","$13,909,190 ","$4,395,015 ","$8,474,123 ","$62,223 ","$977,829 ","$75,794,057 ","$63,759,098 ","$10,748,533 ","$2,940,969 ","$6,940,772 ","$54,675 ","$812,117 ","$53,010,565 ","$124,892,591 ","$39,274,300 ","$74,732,240 ","$1,097,046 ","$9,789,005 ","$614,405,112 ","$47,471,822 ","$566,933,290 ","$211,286,038 ","$14,872,475 ","$11,325,478 ","$650,720 ","$35,871 ","$2,860,406 ","$196,413,563 ","$528,011,665 ","$110,020,116 ","$27,948,822 ","$74,081,520 ","$1,061,175 ","$6,928,599 ","$417,991,549 ","$1,229,119,109 ",N/A,N/A,N/A,N/A,N/A,"$596,123,968 ","$547,759,512 ","$41,626,114 ","$506,133,398 ","$152,998,347 ",N/A,"$353,135,051 ","$27,483,153 ","$27,596,075 ","($112,922)","$20,881,303 ","$632,995,141 ",N/A,N/A,N/A,N/A,N/A,"$313,943,388 ","$71,739,632 ","$247,312,121 "
United States,1989,"$953,802,436 ","$827,978,704 ","$786,129,230 ","$660,305,498 ","$468,890,917 ","$142,400,237 ","$326,490,680 ","$166,335,997 ","$112,673,222 ","$53,662,775 ","$3,396,842 ","$572,649 ","$7,431,017 ","$18,719,149 ","$665,704 ","$10,761,126 ","$5,252,858 ","$6,863,430 ","$18,415,462 ","$250,237 ","$3,008,750 ","$10,878,403 ","$10,083,471 ","$794,932 ","$4,278,072 ","$123,731,634 ","$97,805,749 ","$25,925,885 ","$3,510,286 ","$14,497,301 ","$125,823,732 ","$125,823,732 ",N/A,$0 ,$0 ,"$191,414,581 ","$104,576,430 ","$4,694,727 ","$30,060,067 ","$3,343,785 ","$24,049,372 ","$7,080,267 ","$16,969,105 ","$2,666,910 ","$28,744,864 ","$3,929,731 ","$1,132,066 ","$2,797,665 ","$2,754,384 ","$1,484,045 ","$795,606 ","$3,182,107 ","$11,344,838 ","$3,817,404 ","$1,415,686 ","$12,352,971 ","$86,838,151 ","$2,275,151 ","$1,103,403 ","$53,056,729 ","$30,402,868 ","$56,224,957 ","$3,315,189 ","$52,909,768 ","$16,767,400 ","$36,142,368 ","$28,186,841 ","$2,929,647 ","$5,025,880 ","$111,448,249 ","$81,173,736 ","$12,837,066 ","$11,512,261 ","$19,685,636 ","$56,824,398 ","$19,704,164 ","$17,264,650 ","$10,570,349 ","$17,266,477 ","$9,226,796 ","$980,416 ","$7,059,265 ","$890,863,307 ","$2,931,083 ","$887,932,224 ","$778,919,639 ","$640,540,734 ","$111,943,668 ","$84,036,690 ","$27,906,978 ","$24,974,797 ","$55,479,482 ","$54,993,543 ","$317,574,143 ","$762,360,469 ","$759,429,386 ","$665,802,127 ","$662,871,044 ","$591,301,522 ","$96,558,342 ","$39,702,878 ","$5,752,001 ","$21,197,451 ","$17,959,406 ","$3,238,045 ","$263,898,223 ","$237,805,250 ","$21,854,475 ","$185,170,700 ","$170,586,643 ","$14,584,057 ","$67,550,270 ","$60,699,209 ","$6,313,343 ","$54,385,866 ","$6,851,061 ","$11,177,253 ","$4,238,498 ","$6,938,755 ","$6,519,398 ","$419,357 ","$2,947,169 ","$35,777,576 ","$34,110,672 ","$1,666,904 ","$14,993,045 ","$6,784,005 ","$11,932,217 ","$11,060,259 ","$871,958 ","$5,145,335 ","$3,302,780 ","$1,842,555 ","$67,757,301 ","$64,312,423 ","$3,444,878 ","$20,684,388 ","$19,971,423 ","$712,965 ","$47,072,913 ","$44,341,000 ","$2,731,913 ","$46,458,503 ","$43,732,342 ","$2,726,161 ","$614,410 ","$58,104,619 ","$25,350,149 ","$32,754,470 ","$55,532,755 ","$24,101,291 ","$31,431,464 ","$2,571,864 ","$1,248,858 ","$1,323,006 ","$14,738,393 ","$10,972,931 ","$3,765,462 ","$3,783,451 ","$3,258,729 ","$524,722 ","$11,092,132 ","$9,072,834 ","$2,019,298 ","$754,578 ","$12,926,933 ","$9,577,155 ","$3,349,778 ","$27,770,661 ","$26,391,038 ","$1,379,623 ","$94,962,182 ","$73,827,740 ","$20,733,771 ","$17,915,076 ","$2,818,695 ","$400,671 ","$25,772,606 ","$17,038,864 ","$8,696,088 ","$8,342,776 ","$8,733,742 ","$7,069,261 ","$1,664,481 ","$1,922,867 ","$46,594,725 ","$46,598,966 ","$73,509,295 ","$2,871,520 ","$2,857,081 ","$14,439 ","$70,637,775 ","$8,884,757 ","$46,382,131 ","$15,370,887 ","$20,524,366 ","$2,737,386 ","$11,414,848 ","$6,372,132 ","$50,113,409 ","$6,147,371 ","$34,967,283 ","$8,998,755 ","$30,177,608 ","$5,370,015 ","$20,516,970 ","$4,290,623 ","$2,840,923 ","$70,782 ","$2,491,592 ","$278,549 ","$17,094,878 ","$706,574 ","$11,958,721 ","$4,429,583 ","$34,894,469 ","$32,740,799 ","$2,153,670 ","$12,861,837 ","$7,237,237 ","$799,077,130 ","$781,113,593 ","$17,963,537 ","$446,187,144 ","$40,461,369 ","$102,160,576 ","$13,746,964 ","$5,361,536 ","$6,300,294 ","$188,166 ","$1,896,968 ","$88,413,612 ","$63,756,973 ","$9,349,565 ","$3,010,234 ","$5,254,456 ","$159,521 ","$925,354 ","$54,407,408 ","$127,523,540 ","$42,334,985 ","$73,405,266 ","$1,091,491 ","$10,691,798 ","$653,590,053 ","$52,671,796 ","$600,918,257 ","$224,109,208 ","$15,939,937 ","$11,690,643 ","$801,619 ","$27,598 ","$3,420,077 ","$208,169,271 ","$557,004,385 ","$111,583,603 ","$30,644,342 ","$72,603,647 ","$1,063,893 ","$7,271,721 ","$445,420,782 ","$1,361,680,886 ",N/A,N/A,N/A,N/A,N/A,"$684,921,576 ","$627,321,634 ","$55,598,044 ","$571,723,590 ","$162,671,535 ",N/A,"$409,052,055 ","$34,423,839 ","$34,565,977 ","($142,138)","$23,176,103 ","$676,759,310 ",N/A,N/A,N/A,N/A,N/A,"$334,926,449 ","$75,785,632 ","$266,047,229 "
United States,1990,"$1,032,114,523 ","$895,312,599 ","$849,501,585 ","$712,699,661 ","$501,618,648 ","$155,613,321 ","$346,005,327 ","$177,884,755 ","$121,286,594 ","$56,598,161 ","$3,469,894 ","$622,943 ","$7,403,420 ","$20,043,185 ","$658,245 ","$11,416,361 ","$5,734,061 ","$7,250,052 ","$19,634,702 ","$266,387 ","$3,105,078 ","$11,445,513 ","$10,617,333 ","$828,180 ","$4,817,724 ","$129,206,059 ","$105,639,737 ","$23,566,322 ","$3,855,278 ","$15,424,533 ","$136,801,924 ","$136,801,924 ",N/A,$0 ,$0 ,"$211,081,013 ","$115,540,659 ","$5,173,476 ","$32,840,468 ","$3,453,889 ","$26,339,412 ","$7,677,795 ","$18,661,617 ","$3,047,167 ","$31,113,880 ","$4,148,468 ","$1,138,748 ","$3,009,720 ","$2,846,034 ","$1,820,418 ","$854,430 ","$3,356,365 ","$12,894,028 ","$4,753,151 ","$1,487,613 ","$14,252,328 ","$95,540,354 ","$2,426,513 ","$1,303,346 ","$58,723,670 ","$33,086,825 ","$58,642,454 ","$3,440,572 ","$55,201,882 ","$17,674,155 ","$37,527,727 ","$29,268,197 ","$3,043,413 ","$5,216,117 ","$123,970,484 ","$94,267,525 ","$13,867,706 ","$12,399,017 ","$21,254,782 ","$68,000,791 ","$18,440,960 ","$15,486,449 ","$11,261,999 ","$18,818,592 ","$10,212,690 ","$1,120,594 ","$7,485,308 ","$975,939,985 ","$3,245,365 ","$972,694,620 ","$852,838,188 ","$700,130,748 ","$123,101,797 ","$89,144,138 ","$33,957,659 ","$27,226,784 ","$58,914,048 ","$63,321,243 ","$340,653,779 ","$834,818,220 ","$831,572,855 ","$728,335,806 ","$725,090,441 ","$648,124,562 ","$106,482,414 ","$43,762,687 ","$6,483,626 ","$24,635,201 ","$20,825,401 ","$3,809,800 ","$288,148,071 ","$257,222,841 ","$25,997,378 ","$202,009,431 ","$183,952,928 ","$18,056,503 ","$73,418,284 ","$65,976,981 ","$6,732,184 ","$59,244,797 ","$7,441,303 ","$12,720,356 ","$4,927,852 ","$7,792,504 ","$7,292,932 ","$499,572 ","$3,014,354 ","$39,192,794 ","$37,312,933 ","$1,879,861 ","$16,217,095 ","$7,373,499 ","$13,186,081 ","$12,071,231 ","$1,114,850 ","$5,643,399 ","$3,509,120 ","$2,134,279 ","$74,634,739 ","$70,786,874 ","$3,847,865 ","$24,222,735 ","$23,249,958 ","$972,777 ","$50,412,004 ","$47,536,916 ","$2,875,088 ","$49,724,576 ","$46,870,330 ","$2,854,246 ","$687,428 ","$61,057,330 ","$27,190,599 ","$33,866,731 ","$58,397,310 ","$25,856,430 ","$32,540,880 ","$2,660,020 ","$1,334,169 ","$1,325,851 ","$15,479,337 ","$11,482,724 ","$3,996,613 ","$4,101,814 ","$3,552,493 ","$549,321 ","$12,330,027 ","$9,785,036 ","$2,544,991 ","$749,235 ","$14,325,628 ","$10,449,015 ","$3,876,613 ","$30,576,606 ","$29,041,687 ","$1,534,919 ","$107,286,581 ","$84,371,984 ","$22,296,127 ","$19,372,319 ","$2,923,808 ","$618,470 ","$28,452,664 ","$18,308,853 ","$9,952,971 ","$8,355,882 ","$10,143,811 ","$8,325,363 ","$1,818,448 ","$1,968,378 ","$49,739,095 ","$50,567,895 ","$77,800,522 ","$2,925,813 ","$2,907,224 ","$18,589 ","$74,874,709 ","$9,174,953 ","$49,098,962 ","$16,600,794 ","$22,101,397 ","$2,904,333 ","$12,324,346 ","$6,872,718 ","$52,773,312 ","$6,270,620 ","$36,774,616 ","$9,728,076 ","$30,996,783 ","$5,433,908 ","$21,587,144 ","$3,975,731 ","$2,988,742 ","$72,544 ","$2,606,406 ","$309,792 ","$18,787,787 ","$764,168 ","$12,581,066 ","$5,442,553 ","$38,354,896 ","$35,919,753 ","$2,435,143 ","$16,499,338 ","$8,467,009 ","$858,005,815 ","$838,700,199 ","$19,305,616 ","$474,447,753 ","$45,613,307 ","$108,468,487 ","$15,417,619 ","$5,307,965 ","$8,651,732 ","$247,984 ","$1,209,938 ","$93,050,868 ","$64,830,512 ","$8,589,878 ","$3,306,544 ","$4,677,387 ","$94,403 ","$511,544 ","$56,240,634 ","$134,749,599 ","$45,748,374 ","$76,335,993 ","$1,244,442 ","$11,420,790 ","$703,950,600 ","$60,448,145 ","$643,502,455 ","$242,540,737 ","$16,842,024 ","$11,864,781 ","$946,668 ","$25,272 ","$4,005,303 ","$225,698,713 ","$596,159,462 ","$117,907,575 ","$33,883,593 ","$75,389,325 ","$1,219,170 ","$7,415,487 ","$478,251,887 ","$1,490,833,295 ",N/A,N/A,N/A,N/A,N/A,"$766,089,794 ","$703,771,697 ","$53,843,182 ","$649,928,515 ","$183,656,671 ",N/A,"$466,271,844 ","$37,247,224 ","$37,440,097 ","($192,873)","$25,070,873 ","$724,743,501 ",N/A,N/A,N/A,N/A,N/A,"$364,252,446 ","$75,064,113 ","$285,426,942 "
United States,1991,"$1,080,862,400 ","$926,763,491 ","$902,206,807 ","$748,107,898 ","$525,355,132 ","$167,999,489 ","$357,355,643 ","$185,570,228 ","$125,448,814 ","$60,121,414 ","$3,683,241 ","$695,550 ","$7,754,483 ","$21,315,691 ","$635,308 ","$11,993,168 ","$6,170,036 ","$7,873,937 ","$20,225,962 ","$261,659 ","$3,119,281 ","$11,782,269 ","$10,915,134 ","$867,135 ","$5,062,753 ","$131,583,277 ","$109,340,832 ","$22,242,445 ","$4,310,627 ","$15,665,549 ","$154,098,909 ","$154,098,909 ",N/A,$0 ,$0 ,"$222,752,766 ","$125,235,530 ","$5,718,240 ","$35,626,633 ","$3,663,055 ","$28,850,814 ","$8,164,950 ","$20,685,864 ","$3,112,764 ","$33,712,542 ","$4,512,776 ","$1,180,031 ","$3,332,745 ","$2,932,241 ","$1,817,526 ","$923,935 ","$3,614,883 ","$14,030,743 ","$5,572,894 ","$1,534,803 ","$15,238,314 ","$97,517,236 ","$2,320,253 ","$893,703 ","$58,586,210 ","$35,717,070 ","$60,736,278 ","$3,571,165 ","$57,165,113 ","$18,034,149 ","$39,130,964 ","$30,489,473 ","$3,012,652 ","$5,628,839 ","$117,919,315 ","$87,205,826 ","$16,229,615 ","$11,901,238 ","$21,409,549 ","$59,074,962 ","$18,025,351 ","$14,715,370 ","$12,688,138 ","$19,304,203 ","$10,465,801 ","$1,173,522 ","$7,664,880 ","$1,063,270,462 ","$3,465,801 ","$1,059,804,661 ","$931,620,242 ","$762,007,025 ","$131,650,220 ","$96,653,724 ","$34,996,496 ","$30,455,533 ","$61,533,374 ","$74,158,509 ","$366,405,908 ","$908,107,875 ","$904,642,074 ","$793,505,852 ","$790,040,051 ","$707,350,924 ","$114,602,023 ","$46,567,822 ","$7,233,199 ","$27,356,376 ","$23,170,085 ","$4,186,291 ","$309,302,355 ","$276,518,826 ","$27,251,358 ","$217,642,750 ","$197,790,802 ","$19,851,948 ","$78,748,664 ","$71,684,613 ","$7,182,327 ","$64,502,286 ","$7,064,051 ","$12,910,941 ","$5,532,171 ","$7,378,770 ","$7,043,411 ","$335,359 ","$3,249,688 ","$42,409,891 ","$40,334,034 ","$2,075,857 ","$16,995,023 ","$8,415,785 ","$13,796,137 ","$12,804,801 ","$991,336 ","$6,051,485 ","$3,648,612 ","$2,402,873 ","$81,109,950 ","$76,970,575 ","$4,139,375 ","$26,705,604 ","$25,699,424 ","$1,006,180 ","$54,404,346 ","$51,271,151 ","$3,133,195 ","$53,696,553 ","$50,574,162 ","$3,122,391 ","$707,793 ","$64,936,616 ","$28,527,927 ","$36,408,689 ","$61,890,609 ","$26,979,234 ","$34,911,375 ","$3,046,007 ","$1,548,693 ","$1,497,314 ","$16,647,593 ","$12,258,865 ","$4,388,728 ","$4,442,137 ","$3,766,528 ","$675,609 ","$12,575,248 ","$10,101,428 ","$2,473,820 ","$813,557 ","$15,930,189 ","$11,228,252 ","$4,701,937 ","$32,771,685 ","$31,225,752 ","$1,545,933 ","$126,964,579 ","$101,546,257 ","$24,920,900 ","$21,706,800 ","$3,214,100 ","$497,422 ","$31,013,616 ","$19,675,544 ","$10,571,427 ","$9,104,117 ","$11,338,072 ","$9,701,293 ","$1,636,779 ","$2,048,664 ","$52,233,594 ","$53,755,515 ","$81,004,078 ","$3,004,703 ","$2,983,857 ","$20,846 ","$77,999,375 ","$9,299,780 ","$51,672,244 ","$17,027,351 ","$23,560,543 ","$3,070,771 ","$12,991,122 ","$7,498,650 ","$54,438,832 ","$6,229,009 ","$38,681,122 ","$9,528,701 ","$31,090,032 ","$5,238,356 ","$22,272,822 ","$3,578,854 ","$2,969,530 ","$83,695 ","$2,572,261 ","$313,574 ","$20,379,270 ","$906,958 ","$13,836,039 ","$5,636,273 ","$42,121,090 ","$39,520,552 ","$2,600,538 ","$22,135,392 ","$9,902,027 ","$915,711,466 ","$894,019,062 ","$21,692,404 ","$522,122,491 ","$53,830,996 ","$118,053,703 ","$13,233,753 ","$5,766,683 ","$4,313,982 ","$199,593 ","$2,953,495 ","$104,819,950 ","$65,666,450 ","$8,321,007 ","$2,901,929 ","$4,578,689 ","$91,500 ","$748,889 ","$57,345,443 ","$141,231,046 ","$48,529,742 ","$76,809,370 ","$1,389,100 ","$14,502,834 ","$752,788,016 ","$70,992,750 ","$681,795,266 ","$269,206,518 ","$17,410,311 ","$12,247,598 ","$903,979 ","$107,504 ","$4,151,230 ","$251,796,207 ","$624,812,544 ","$123,820,735 ","$36,282,144 ","$75,905,391 ","$1,281,596 ","$10,351,604 ","$500,991,809 ","$1,562,880,889 ",N/A,N/A,N/A,N/A,N/A,"$820,383,098 ","$759,253,923 ","$50,668,385 ","$708,585,538 ","$190,897,642 ",N/A,"$517,687,896 ","$33,131,243 ","$33,377,815 ","($246,572)","$27,997,932 ","$742,497,791 ",N/A,N/A,N/A,N/A,N/A,"$371,896,571 ","$80,488,229 ","$290,112,991 "
United States,1992,"$1,189,987,099 ","$1,010,812,769 ","$979,136,792 ","$799,962,462 ","$559,859,016 ","$180,336,841 ","$379,522,175 ","$197,731,143 ","$131,979,152 ","$65,751,991 ","$3,882,309 ","$816,194 ","$7,866,756 ","$22,958,092 ","$606,289 ","$13,475,193 ","$6,311,867 ","$9,835,291 ","$22,466,429 ","$263,339 ","$4,109,933 ","$12,504,716 ","$11,496,534 ","$1,008,182 ","$5,588,441 ","$139,518,089 ","$115,637,837 ","$23,880,252 ","$4,485,629 ","$15,320,885 ","$179,174,330 ","$179,174,330 ",N/A,$0 ,$0 ,"$240,103,446 ","$138,304,683 ","$5,953,910 ","$39,029,101 ","$3,764,412 ","$32,018,401 ","$8,703,233 ","$23,315,168 ","$3,246,288 ","$38,030,282 ","$4,762,448 ","$1,226,712 ","$3,535,736 ","$3,001,605 ","$1,812,979 ","$982,742 ","$3,921,372 ","$15,574,293 ","$6,570,138 ","$1,630,588 ","$17,035,225 ","$101,798,763 ","$2,568,498 ","$744,749 ","$55,556,512 ","$42,929,004 ","$63,239,911 ","$3,631,806 ","$59,608,105 ","$19,464,412 ","$40,143,693 ","$31,421,710 ","$3,056,038 ","$5,665,945 ","$147,610,396 ","$105,852,752 ","$15,895,125 ","$12,520,606 ","$20,396,927 ","$77,437,021 ","$27,019,195 ","$15,861,375 ","$14,738,449 ","$19,872,237 ","$10,823,404 ","$1,204,672 ","$7,844,161 ","$1,156,781,435 ","$3,632,179 ","$1,153,149,256 ","$1,020,261,334 ","$828,424,165 ","$136,520,101 ","$102,294,182 ","$34,225,919 ","$32,976,049 ","$65,014,293 ","$90,214,648 ","$383,323,239 ","$981,252,765 ","$977,620,586 ","$862,597,133 ","$858,964,954 ","$770,624,858 ","$118,655,632 ","$50,182,797 ","$8,275,649 ","$28,818,627 ","$24,919,360 ","$3,899,267 ","$324,651,916 ","$287,997,777 ","$30,927,079 ","$227,273,362 ","$205,852,539 ","$21,420,823 ","$84,127,578 ","$74,967,011 ","$7,672,967 ","$67,294,044 ","$9,160,567 ","$13,250,976 ","$5,727,060 ","$7,523,916 ","$7,178,227 ","$345,689 ","$3,716,776 ","$45,100,031 ","$43,260,864 ","$1,839,167 ","$18,331,292 ","$8,722,942 ","$14,751,172 ","$13,736,282 ","$1,014,890 ","$6,056,315 ","$3,812,949 ","$2,243,366 ","$88,572,882 ","$84,098,851 ","$4,474,031 ","$29,431,600 ","$28,392,435 ","$1,039,165 ","$59,141,282 ","$55,706,416 ","$3,434,866 ","$58,344,481 ","$54,961,012 ","$3,383,469 ","$796,801 ","$67,351,483 ","$30,189,387 ","$37,162,096 ","$63,971,463 ","$28,568,053 ","$35,403,410 ","$3,380,020 ","$1,621,334 ","$1,758,686 ","$17,459,165 ","$12,901,825 ","$4,557,340 ","$4,713,062 ","$4,071,403 ","$641,659 ","$12,858,150 ","$10,593,770 ","$2,264,380 ","$874,455 ","$16,001,330 ","$12,009,902 ","$3,991,428 ","$35,431,625 ","$33,956,125 ","$1,475,500 ","$155,153,467 ","$127,438,447 ","$27,247,057 ","$23,866,656 ","$3,380,401 ","$467,963 ","$33,402,698 ","$21,008,588 ","$11,749,945 ","$9,258,643 ","$12,394,110 ","$10,845,021 ","$1,549,089 ","$1,898,741 ","$55,364,047 ","$57,168,995 ","$85,314,022 ","$3,089,976 ","$3,076,811 ","$13,165 ","$82,224,046 ","$9,650,246 ","$54,722,496 ","$17,851,304 ","$24,833,879 ","$3,278,194 ","$13,927,286 ","$7,628,399 ","$57,390,167 ","$6,372,052 ","$40,795,210 ","$10,222,905 ","$32,518,602 ","$5,315,205 ","$23,216,011 ","$3,987,386 ","$3,077,733 ","$94,654 ","$2,545,557 ","$437,522 ","$21,793,832 ","$962,193 ","$15,033,642 ","$5,797,997 ","$46,357,844 ","$43,874,178 ","$2,483,666 ","$32,887,355 ","$10,969,449 ","$975,609,632 ","$954,144,191 ","$21,465,441 ","$568,828,905 ","$56,524,134 ","$157,946,836 ","$22,050,592 ","$9,820,506 ","$8,178,033 ","$227,639 ","$3,824,414 ","$135,896,244 ","$100,543,585 ","$14,088,238 ","$5,250,156 ","$6,371,663 ","$80,542 ","$2,385,877 ","$86,455,347 ","$148,762,963 ","$52,459,102 ","$78,636,704 ","$1,564,931 ","$16,102,226 ","$805,381,228 ","$78,138,115 ","$727,243,113 ","$295,879,277 ","$17,294,924 ","$12,176,789 ","$597,094 ","$119,647 ","$4,401,394 ","$278,584,353 ","$658,264,914 ","$131,468,039 ","$40,282,313 ","$78,039,610 ","$1,445,284 ","$11,700,832 ","$526,796,875 ","$1,653,783,260 ",N/A,N/A,N/A,N/A,N/A,"$873,135,960 ","$814,696,731 ","$52,561,666 ","$762,135,065 ","$201,273,328 ",N/A,"$560,861,737 ","$27,390,308 ","$27,676,791 ","($286,483)","$31,048,921 ","$780,647,300 ",N/A,N/A,N/A,N/A,N/A,"$385,315,286 ","$80,493,714 ","$314,838,300 "
United States,1993,"$1,270,826,852 ","$1,072,164,218 ","$1,041,643,379 ","$842,980,745 ","$594,300,495 ","$189,743,930 ","$404,556,565 ","$209,648,859 ","$138,822,010 ","$70,826,849 ","$3,866,390 ","$993,356 ","$7,985,956 ","$24,248,667 ","$553,762 ","$14,387,678 ","$6,421,170 ","$12,369,870 ","$24,182,294 ","$279,186 ","$4,338,210 ","$13,421,277 ","$12,402,407 ","$1,018,870 ","$6,143,621 ","$149,652,698 ","$123,235,406 ","$26,417,292 ","$4,697,637 ","$16,375,077 ","$198,662,634 ","$198,662,634 ",N/A,$0 ,$0 ,"$248,680,250 ","$149,350,881 ","$6,648,199 ","$41,926,701 ","$3,853,584 ","$34,955,021 ","$9,052,947 ","$25,902,074 ","$3,118,096 ","$41,141,163 ","$4,929,347 ","$1,318,423 ","$3,610,924 ","$3,354,459 ","$2,147,974 ","$1,002,090 ","$4,151,557 ","$15,998,924 ","$7,303,571 ","$1,738,683 ","$19,008,213 ","$99,329,369 ","$2,663,882 ","$841,952 ","$50,806,302 ","$45,017,233 ","$65,245,971 ","$3,641,321 ","$61,604,650 ","$20,450,540 ","$41,154,110 ","$31,985,302 ","$3,333,573 ","$5,835,235 ","$163,937,502 ","$113,054,103 ","$16,447,100 ","$13,271,341 ","$22,397,803 ","$83,335,527 ","$34,649,445 ","$18,619,005 ","$16,233,954 ","$23,592,374 ","$13,345,790 ","$1,420,061 ","$8,826,523 ","$1,213,723,590 ","$3,626,834 ","$1,210,096,756 ","$1,077,824,293 ","$875,924,688 ","$135,899,297 ","$100,152,725 ","$35,746,572 ","$34,663,749 ","$64,802,275 ","$98,806,747 ","$396,336,250 ","$1,030,433,816 ","$1,026,806,982 ","$910,485,496 ","$906,858,662 ","$817,095,369 ","$119,948,320 ","$51,779,469 ","$9,290,158 ","$29,630,809 ","$26,488,823 ","$3,141,986 ","$342,287,080 ","$304,718,002 ","$31,358,626 ","$240,310,015 ","$218,208,100 ","$22,101,915 ","$88,108,569 ","$79,159,767 ","$7,785,606 ","$71,374,161 ","$8,948,802 ","$13,868,496 ","$6,210,452 ","$7,658,044 ","$7,350,135 ","$307,909 ","$3,945,023 ","$46,541,140 ","$44,840,780 ","$1,700,360 ","$19,323,620 ","$8,644,840 ","$15,372,647 ","$14,414,093 ","$958,554 ","$5,995,216 ","$3,796,750 ","$2,198,466 ","$94,854,613 ","$89,563,892 ","$5,290,721 ","$32,290,647 ","$30,969,061 ","$1,321,586 ","$62,563,966 ","$58,594,831 ","$3,969,135 ","$61,772,417 ","$57,820,794 ","$3,951,623 ","$791,549 ","$68,369,567 ","$31,389,207 ","$36,980,360 ","$64,936,688 ","$29,733,290 ","$35,203,398 ","$3,432,879 ","$1,655,917 ","$1,776,962 ","$18,774,659 ","$13,883,755 ","$4,890,904 ","$4,662,447 ","$4,089,046 ","$573,401 ","$13,235,523 ","$11,098,637 ","$2,136,886 ","$697,892 ","$16,177,491 ","$12,328,603 ","$3,848,888 ","$36,406,822 ","$34,876,749 ","$1,530,073 ","$167,098,371 ","$138,191,004 ","$28,451,513 ","$25,045,098 ","$3,406,415 ","$455,854 ","$35,613,540 ","$22,784,869 ","$12,523,644 ","$10,261,225 ","$12,828,671 ","$11,367,778 ","$1,460,893 ","$2,168,233 ","$55,099,544 ","$60,586,207 ","$84,483,027 ","$3,061,545 ","$3,052,623 ","$8,922 ","$81,421,482 ","$9,702,731 ","$55,776,696 ","$15,942,055 ","$24,621,180 ","$3,592,379 ","$14,529,217 ","$6,499,584 ","$56,800,302 ","$6,110,352 ","$41,247,479 ","$9,442,471 ","$32,230,911 ","$5,142,725 ","$23,327,877 ","$3,760,309 ","$3,273,135 ","$88,449 ","$2,756,425 ","$428,261 ","$21,296,256 ","$879,178 ","$15,163,177 ","$5,253,901 ","$51,662,181 ","$49,126,968 ","$2,535,213 ","$35,409,045 ","$11,735,521 ","$1,017,686,475 ","$994,968,243 ","$22,718,232 ","$617,057,211 ","$50,935,349 ","$195,563,790 ","$35,535,509 ","$14,274,454 ","$18,162,397 ","$550,974 ","$2,547,684 ","$160,028,281 ","$146,977,227 ","$24,161,496 ","$10,183,166 ","$13,226,595 ","$221,344 ","$530,391 ","$122,815,731 ","$157,624,751 ","$57,675,715 ","$82,022,930 ","$1,874,286 ","$16,051,820 ","$837,343,492 ","$89,846,619 ","$747,496,873 ","$321,186,139 ","$18,323,037 ","$11,966,656 ","$1,101,918 ","$152,554 ","$5,101,909 ","$302,863,102 ","$673,782,104 ","$139,301,714 ","$45,709,059 ","$80,921,012 ","$1,721,732 ","$10,949,911 ","$534,480,390 ","$1,750,967,164 ",N/A,N/A,N/A,N/A,N/A,"$942,316,448 ","$878,815,029 ","$65,735,632 ","$813,079,397 ","$200,687,325 ",N/A,"$612,392,072 ","$27,002,098 ","$27,299,700 ","($297,602)","$36,499,321 ","$808,650,716 ",N/A,N/A,N/A,N/A,N/A,"$377,911,032 ","$87,177,158 ","$343,562,526 "
United States,1994,"$1,331,492,151 ","$1,115,999,862 ","$1,100,490,377 ","$884,998,088 ","$625,528,938 ","$197,141,008 ","$428,387,930 ","$223,628,301 ","$149,039,888 ","$74,588,413 ","$3,903,861 ","$1,343,642 ","$8,646,407 ","$25,202,592 ","$529,059 ","$15,062,585 ","$6,903,032 ","$12,997,235 ","$25,047,834 ","$301,757 ","$4,508,691 ","$13,821,977 ","$12,762,168 ","$1,059,809 ","$6,415,409 ","$157,129,436 ","$128,809,920 ","$28,319,516 ","$5,054,028 ","$17,528,331 ","$215,492,289 ","$215,492,289 ",N/A,$0 ,$0 ,"$259,469,150 ","$161,166,144 ","$7,074,108 ","$44,493,055 ","$4,003,334 ","$37,059,225 ","$9,636,020 ","$27,423,205 ","$3,430,496 ","$44,210,613 ","$5,208,694 ","$1,411,129 ","$3,797,565 ","$3,357,173 ","$2,106,425 ","$1,077,614 ","$4,301,644 ","$18,320,897 ","$8,189,126 ","$1,785,191 ","$21,041,604 ","$98,303,006 ","$2,989,494 ","$765,639 ","$48,676,661 ","$45,871,212 ","$70,075,062 ","$3,606,516 ","$66,468,546 ","$22,692,069 ","$43,776,477 ","$33,807,601 ","$3,712,533 ","$6,256,343 ","$160,926,712 ","$114,303,989 ","$17,333,372 ","$13,904,727 ","$18,983,552 ","$83,065,890 ","$29,901,482 ","$21,047,649 ","$16,721,241 ","$26,727,717 ","$15,368,143 ","$1,558,941 ","$9,800,633 ","$1,264,289,223 ","$3,647,527 ","$1,260,641,696 ","$1,126,788,380 ","$927,898,814 ","$137,500,843 ","$101,991,607 ","$35,509,236 ","$35,295,463 ","$64,484,405 ","$95,462,171 ","$410,609,598 ","$1,077,664,555 ","$1,074,017,028 ","$958,351,912 ","$954,704,385 ","$864,448,654 ","$119,312,643 ","$54,767,418 ","$9,414,319 ","$32,270,345 ","$28,976,245 ","$3,294,100 ","$353,286,956 ","$317,296,543 ","$29,011,728 ","$246,981,375 ","$227,288,557 ","$19,692,818 ","$90,871,177 ","$81,912,586 ","$8,516,022 ","$73,396,564 ","$8,958,591 ","$15,434,404 ","$6,978,685 ","$8,455,719 ","$8,095,400 ","$360,319 ","$4,070,807 ","$49,233,272 ","$47,306,063 ","$1,927,209 ","$20,576,816 ","$9,120,452 ","$16,122,797 ","$15,212,352 ","$910,445 ","$6,482,286 ","$4,033,791 ","$2,448,495 ","$100,429,498 ","$95,272,598 ","$5,156,900 ","$35,328,725 ","$33,833,272 ","$1,495,453 ","$65,100,773 ","$61,439,326 ","$3,661,447 ","$64,273,445 ","$60,620,468 ","$3,652,977 ","$827,328 ","$72,067,398 ","$32,564,363 ","$39,503,035 ","$68,429,773 ","$30,762,393 ","$37,667,380 ","$3,637,625 ","$1,801,970 ","$1,835,655 ","$19,899,295 ","$15,833,754 ","$4,065,541 ","$4,954,133 ","$4,343,920 ","$610,213 ","$13,987,396 ","$11,638,392 ","$2,349,004 ","$729,078 ","$16,675,588 ","$12,756,314 ","$3,919,274 ","$38,644,621 ","$36,998,096 ","$1,646,525 ","$179,829,425 ","$151,009,607 ","$28,314,899 ","$24,719,256 ","$3,595,643 ","$504,919 ","$35,664,649 ","$21,623,860 ","$13,634,654 ","$7,989,206 ","$14,040,789 ","$12,252,461 ","$1,788,328 ","$2,628,350 ","$54,960,268 ","$62,666,547 ","$91,162,497 ","$2,984,596 ","$2,976,476 ","$8,120 ","$88,177,901 ","$9,524,137 ","$60,473,684 ","$18,180,080 ","$26,617,294 ","$3,629,516 ","$16,094,437 ","$6,893,341 ","$61,560,607 ","$5,894,621 ","$44,379,247 ","$11,286,739 ","$33,829,381 ","$4,911,436 ","$24,887,858 ","$4,030,087 ","$3,509,894 ","$97,158 ","$3,122,565 ","$290,171 ","$24,221,332 ","$886,027 ","$16,368,824 ","$6,966,481 ","$55,665,355 ","$52,816,914 ","$2,848,441 ","$28,623,671 ","$11,173,145 ","$1,074,660,279 ","$1,047,994,000 ","$26,666,279 ","$672,788,939 ","$44,326,813 ","$207,806,930 ","$42,883,144 ","$17,252,435 ","$22,790,892 ","$187,778 ","$2,652,039 ","$164,923,786 ","$166,552,037 ","$37,920,007 ","$13,291,643 ","$22,530,404 ","$416,815 ","$1,681,145 ","$128,632,030 ","$164,898,107 ","$63,126,223 ","$81,774,581 ","$1,847,855 ","$18,149,448 ","$883,095,893 ","$94,332,300 ","$788,763,593 ","$345,517,966 ","$18,799,555 ","$12,677,442 ","$835,099 ","$148,808 ","$5,138,206 ","$326,718,411 ","$702,476,034 ","$146,098,552 ","$50,448,781 ","$80,939,482 ","$1,699,047 ","$13,011,242 ","$556,377,482 ","$1,888,533,021 ",N/A,N/A,N/A,N/A,N/A,"$1,043,132,692 ","$974,653,385 ","$61,289,534 ","$913,363,851 ","$224,862,644 ",N/A,"$688,501,207 ","$28,914,560 ","$29,126,071 ","($211,511)","$39,564,747 ","$845,400,329 ",N/A,N/A,N/A,N/A,N/A,"$375,205,061 ","$89,719,401 ","$380,475,867 "
United States,1995,"$1,417,924,528 ","$1,189,153,110 ","$1,169,504,619 ","$940,733,201 ","$660,576,796 ","$203,451,246 ","$457,125,550 ","$237,268,397 ","$160,166,175 ","$77,102,222 ","$3,905,881 ","$1,619,114 ","$8,621,912 ","$26,205,551 ","$505,813 ","$14,990,117 ","$7,535,681 ","$13,718,153 ","$27,210,725 ","$303,465 ","$5,017,539 ","$14,643,887 ","$13,494,997 ","$1,148,890 ","$7,245,834 ","$169,336,409 ","$137,930,595 ","$31,405,814 ","$4,921,289 ","$18,388,730 ","$228,771,418 ","$228,771,418 ",N/A,$0 ,$0 ,"$280,156,405 ","$172,062,415 ","$7,663,061 ","$47,548,446 ","$4,129,238 ","$39,750,771 ","$10,200,231 ","$29,550,540 ","$3,668,437 ","$46,969,622 ","$5,424,578 ","$1,414,680 ","$4,009,898 ","$3,519,715 ","$2,162,293 ","$1,092,766 ","$4,627,910 ","$19,723,048 ","$8,636,120 ","$1,923,232 ","$22,771,624 ","$108,093,990 ","$3,105,852 ","$952,394 ","$53,457,462 ","$50,578,282 ","$72,270,882 ","$3,637,179 ","$68,633,703 ","$23,879,068 ","$44,754,635 ","$34,626,919 ","$3,588,145 ","$6,539,571 ","$176,149,027 ","$122,595,119 ","$18,599,641 ","$15,755,533 ","$25,234,578 ","$88,239,945 ","$37,224,702 ","$33,428,393 ","$16,329,206 ","$29,997,512 ","$17,475,343 ","$1,712,198 ","$11,310,227 ","$1,351,437,907 ","$3,674,903 ","$1,347,763,004 ","$1,199,997,477 ","$985,692,755 ","$151,440,430 ","$110,011,692 ","$41,428,738 ","$36,866,948 ","$66,423,191 ","$107,339,680 ","$430,949,826 ","$1,149,863,246 ","$1,146,188,343 ","$1,017,459,619 ","$1,013,784,716 ","$919,947,625 ","$132,403,627 ","$58,064,013 ","$8,397,419 ","$35,856,854 ","$32,034,305 ","$3,822,549 ","$378,272,664 ","$334,500,007 ","$35,708,255 ","$264,240,479 ","$239,432,602 ","$24,807,877 ","$97,048,481 ","$86,587,203 ","$8,938,627 ","$77,648,576 ","$10,461,278 ","$16,983,704 ","$8,064,402 ","$8,919,302 ","$8,480,202 ","$439,100 ","$3,946,014 ","$52,945,962 ","$50,680,136 ","$2,265,826 ","$22,379,913 ","$9,632,159 ","$17,009,481 ","$15,916,754 ","$1,092,727 ","$7,071,992 ","$4,257,139 ","$2,814,853 ","$105,946,445 ","$101,063,904 ","$4,882,541 ","$38,019,973 ","$36,529,335 ","$1,490,638 ","$67,926,472 ","$64,534,569 ","$3,391,903 ","$67,110,104 ","$63,719,473 ","$3,390,631 ","$816,368 ","$77,108,526 ","$34,547,339 ","$42,561,187 ","$73,435,920 ","$32,706,171 ","$40,729,749 ","$3,672,606 ","$1,841,168 ","$1,831,438 ","$21,508,779 ","$16,981,539 ","$4,527,240 ","$5,284,677 ","$4,631,135 ","$653,542 ","$15,251,187 ","$12,360,294 ","$2,890,893 ","$800,118 ","$17,888,496 ","$13,803,011 ","$4,085,485 ","$41,054,532 ","$39,111,349 ","$1,943,183 ","$193,109,515 ","$163,652,162 ","$28,800,857 ","$25,279,253 ","$3,521,604 ","$656,496 ","$38,572,902 ","$23,583,401 ","$14,689,898 ","$8,893,503 ","$14,989,501 ","$13,015,295 ","$1,974,206 ","$2,309,348 ","$56,970,143 ","$66,883,289 ","$94,234,981 ","$3,020,203 ","$3,011,137 ","$9,066 ","$91,214,778 ","$9,453,048 ","$62,733,993 ","$19,027,737 ","$28,040,858 ","$3,618,680 ","$16,956,361 ","$7,465,817 ","$63,173,920 ","$5,834,368 ","$45,777,632 ","$11,561,920 ","$34,021,256 ","$4,823,141 ","$25,483,473 ","$3,714,642 ","$3,433,922 ","$171,931 ","$2,921,875 ","$340,116 ","$25,718,742 ","$839,296 ","$17,372,284 ","$7,507,162 ","$61,427,170 ","$58,772,521 ","$2,654,649 ","$35,203,966 ","$10,708,544 ","$1,115,370,314 ","$1,088,331,126 ","$27,039,188 ","$697,288,565 ","$31,013,173 ","$129,337,175 ","$12,735,580 ","$6,823,672 ","$4,116,133 ","$196,751 ","$1,599,024 ","$116,601,595 ","$95,069,816 ","$11,820,990 ","$5,810,893 ","$4,997,907 ","$161,291 ","$850,899 ","$83,248,826 ","$163,895,176 ","$61,920,960 ","$80,600,498 ","$1,830,673 ","$19,543,045 ","$924,435,950 ","$118,235,697 ","$806,200,253 ","$377,274,802 ","$19,050,060 ","$12,669,240 ","$755,029 ","$151,559 ","$5,474,232 ","$358,224,742 ","$711,056,324 ","$144,845,116 ","$49,251,720 ","$79,845,469 ","$1,679,114 ","$14,068,813 ","$566,211,208 ","$2,058,500,651 ",N/A,N/A,N/A,N/A,N/A,"$1,170,370,322 ","$1,091,396,626 ","$69,795,757 ","$1,021,600,869 ","$238,450,245 ",N/A,"$783,150,624 ","$35,567,531 ","$33,464,879 ","$2,102,652 ","$43,406,165 ","$888,130,329 ",N/A,N/A,N/A,N/A,N/A,"$391,042,561 ","$91,386,440 ","$405,701,328 "
United States,1996,"$1,513,633,310 ","$1,278,742,668 ","$1,222,820,838 ","$987,930,196 ","$689,038,310 ","$209,439,663 ","$479,598,647 ","$248,992,852 ","$169,071,068 ","$79,921,784 ","$3,987,900 ","$1,861,478 ","$9,082,492 ","$26,832,575 ","$464,766 ","$15,920,356 ","$7,520,362 ","$14,251,855 ","$28,334,684 ","$309,707 ","$5,162,518 ","$14,938,568 ","$13,770,065 ","$1,168,503 ","$7,923,891 ","$178,852,676 ","$146,843,565 ","$32,009,111 ","$5,352,273 ","$18,066,162 ","$234,890,642 ","$234,890,642 ",N/A,$0 ,$0 ,"$298,891,886 ","$182,200,568 ","$8,169,769 ","$49,741,350 ","$4,306,583 ","$41,545,513 ","$10,627,289 ","$30,918,224 ","$3,889,254 ","$50,544,099 ","$5,610,268 ","$1,445,861 ","$4,164,407 ","$3,605,181 ","$2,076,297 ","$1,106,646 ","$4,915,654 ","$21,067,257 ","$9,019,066 ","$2,131,166 ","$24,213,815 ","$116,691,318 ","$3,123,006 ","$856,371 ","$57,592,191 ","$55,119,750 ","$75,325,747 ","$3,732,273 ","$71,593,474 ","$25,432,942 ","$46,160,532 ","$35,475,984 ","$3,795,303 ","$6,889,245 ","$215,486,725 ","$165,410,710 ","$19,602,203 ","$16,495,528 ","$25,018,099 ","$129,312,979 ","$33,863,717 ","$30,052,477 ","$16,212,298 ","$31,962,213 ","$18,814,380 ","$1,796,440 ","$11,329,416 ","$1,397,634,473 ","$3,920,141 ","$1,393,714,332 ","$1,238,723,492 ","$1,021,155,474 ","$158,910,981 ","$116,075,753 ","$42,835,228 ","$36,153,660 ","$68,743,465 ","$108,750,752 ","$447,638,265 ","$1,193,276,179 ","$1,189,356,038 ","$1,053,134,179 ","$1,049,214,038 ","$954,148,172 ","$140,142,000 ","$62,391,673 ","$8,793,310 ","$37,510,101 ","$34,417,209 ","$3,092,892 ","$398,858,597 ","$349,334,656 ","$40,302,493 ","$279,352,858 ","$250,484,928 ","$28,867,930 ","$100,735,501 ","$89,729,385 ","$9,248,888 ","$80,480,497 ","$11,006,116 ","$18,770,238 ","$9,221,448 ","$9,548,790 ","$9,120,343 ","$428,447 ","$3,930,611 ","$54,990,729 ","$52,425,209 ","$2,565,520 ","$22,632,538 ","$10,150,451 ","$17,708,772 ","$16,491,748 ","$1,217,024 ","$7,153,920 ","$4,443,134 ","$2,710,786 ","$110,813,428 ","$105,647,905 ","$5,165,523 ","$40,165,568 ","$38,598,333 ","$1,567,235 ","$70,647,860 ","$67,049,572 ","$3,598,288 ","$69,820,986 ","$66,228,418 ","$3,592,568 ","$826,874 ","$79,092,337 ","$35,639,006 ","$43,453,331 ","$75,290,801 ","$33,724,008 ","$41,566,793 ","$3,801,536 ","$1,914,998 ","$1,886,538 ","$22,666,152 ","$17,961,889 ","$4,704,263 ","$5,720,039 ","$4,984,809 ","$735,230 ","$15,818,611 ","$12,776,446 ","$3,042,165 ","$874,174 ","$19,136,612 ","$14,267,648 ","$4,868,964 ","$44,682,901 ","$42,272,171 ","$2,410,730 ","$193,480,276 ","$165,837,580 ","$26,930,236 ","$23,783,412 ","$3,146,824 ","$712,460 ","$39,364,749 ","$24,665,007 ","$15,339,361 ","$9,325,646 ","$14,699,742 ","$13,169,699 ","$1,530,043 ","$2,577,557 ","$58,912,206 ","$67,270,956 ","$95,607,542 ","$3,098,753 ","$3,085,168 ","$13,585 ","$92,508,789 ","$9,831,259 ","$63,922,134 ","$18,755,396 ","$28,949,742 ","$3,913,473 ","$17,654,825 ","$7,381,444 ","$63,559,047 ","$5,917,786 ","$46,267,309 ","$11,373,952 ","$34,084,245 ","$4,801,544 ","$25,760,283 ","$3,522,418 ","$3,513,617 ","$177,568 ","$3,017,662 ","$318,387 ","$25,961,185 ","$938,674 ","$17,489,364 ","$7,533,147 ","$68,009,635 ","$64,678,307 ","$3,331,328 ","$29,509,353 ","$11,231,764 ","$1,169,714,317 ","$1,145,665,852 ","$24,048,465 ","$751,588,425 ","$30,716,005 ","$141,087,105 ","$17,676,859 ","$11,407,342 ","$4,576,311 ","$43,361 ","$1,649,845 ","$123,410,246 ","$106,500,625 ","$15,922,857 ","$9,478,584 ","$5,554,645 ","$109,644 ","$779,984 ","$90,577,768 ","$170,250,022 ","$66,186,813 ","$79,975,943 ","$1,807,168 ","$22,280,098 ","$975,415,830 ","$130,702,313 ","$844,713,517 ","$399,630,527 ","$19,838,217 ","$12,483,014 ","$966,574 ","$312,998 ","$6,075,631 ","$379,792,310 ","$746,035,325 ","$150,411,805 ","$53,703,799 ","$79,009,369 ","$1,494,170 ","$16,204,467 ","$595,623,520 ","$2,261,696,974 ",N/A,N/A,N/A,N/A,N/A,"$1,329,344,114 ","$1,247,502,971 ","$66,291,240 ","$1,181,211,731 ","$260,335,099 ",N/A,"$920,876,632 ","$36,934,872 ","$37,105,025 ","($170,153)","$44,906,271 ","$932,352,860 ",N/A,N/A,N/A,N/A,N/A,"$394,077,427 ","$93,331,322 ","$444,944,111 "
United States,1997,"$1,616,495,229 ","$1,371,648,524 ","$1,289,237,245 ","$1,044,390,540 ","$728,303,973 ","$218,877,317 ","$509,426,656 ","$261,418,066 ","$178,373,323 ","$83,044,743 ","$4,021,740 ","$1,954,188 ","$9,170,869 ","$28,094,363 ","$423,547 ","$16,196,246 ","$7,666,546 ","$15,517,244 ","$29,293,738 ","$307,872 ","$5,886,308 ","$15,216,759 ","$14,028,870 ","$1,187,889 ","$7,882,799 ","$192,862,311 ","$159,041,889 ","$33,820,422 ","$5,940,439 ","$19,912,102 ","$244,846,705 ","$244,846,705 ",N/A,$0 ,$0 ,"$316,086,567 ","$190,872,382 ","$9,070,340 ","$52,748,833 ","$4,506,512 ","$44,231,090 ","$11,280,145 ","$32,950,945 ","$4,011,231 ","$49,743,880 ","$5,992,510 ","$1,494,223 ","$4,498,287 ","$3,901,150 ","$2,670,784 ","$1,196,442 ","$5,414,438 ","$22,025,194 ","$9,440,081 ","$2,099,257 ","$26,569,473 ","$125,214,185 ","$3,504,188 ","$1,633,452 ","$61,324,151 ","$58,752,394 ","$78,186,269 ","$3,894,840 ","$74,291,429 ","$26,894,701 ","$47,396,728 ","$36,008,478 ","$4,088,248 ","$7,300,002 ","$249,071,715 ","$199,655,228 ","$20,919,398 ","$17,200,637 ","$27,783,431 ","$161,535,193 ","$34,779,678 ","$30,913,109 ","$14,636,809 ","$33,682,271 ","$19,389,954 ","$1,902,721 ","$12,389,596 ","$1,460,561,005 ","$3,863,260 ","$1,456,697,745 ","$1,289,147,101 ","$1,068,782,858 ","$171,413,904 ","$130,475,455 ","$40,938,449 ","$33,455,340 ","$71,921,571 ","$111,124,072 ","$468,947,366 ","$1,249,984,080 ","$1,246,120,820 ","$1,098,687,315 ","$1,094,824,055 ","$999,199,966 ","$151,296,765 ","$66,712,592 ","$10,135,720 ","$39,881,865 ","$37,072,386 ","$2,809,479 ","$418,416,040 ","$365,601,476 ","$44,076,698 ","$293,961,293 ","$261,751,052 ","$32,210,241 ","$106,061,001 ","$94,781,856 ","$9,868,446 ","$84,913,410 ","$11,279,145 ","$18,393,746 ","$8,737,866 ","$9,655,880 ","$9,068,568 ","$587,312 ","$4,009,035 ","$58,751,932 ","$55,788,562 ","$2,963,370 ","$24,400,409 ","$10,845,651 ","$19,323,358 ","$17,804,336 ","$1,519,022 ","$7,891,806 ","$4,636,667 ","$3,255,139 ","$110,494,531 ","$105,429,690 ","$5,064,841 ","$42,226,151 ","$40,877,968 ","$1,348,183 ","$68,268,380 ","$64,551,722 ","$3,716,658 ","$67,488,589 ","$63,775,067 ","$3,713,522 ","$779,791 ","$82,061,882 ","$37,100,154 ","$44,961,728 ","$77,956,588 ","$35,080,567 ","$42,876,021 ","$4,105,294 ","$2,019,587 ","$2,085,707 ","$23,530,358 ","$18,040,689 ","$5,489,669 ","$6,230,375 ","$5,370,792 ","$859,583 ","$16,607,113 ","$13,565,802 ","$3,041,311 ","$813,001 ","$20,719,711 ","$15,142,905 ","$5,576,806 ","$47,389,234 ","$44,973,342 ","$2,415,892 ","$199,969,780 ","$174,545,446 ","$24,717,265 ","$21,769,924 ","$2,947,341 ","$707,069 ","$41,348,904 ","$25,667,207 ","$16,077,721 ","$9,589,486 ","$15,681,697 ","$14,117,199 ","$1,564,498 ","$2,809,308 ","$62,168,749 ","$73,568,118 ","$99,452,853 ","$3,235,922 ","$3,225,475 ","$10,447 ","$96,216,931 ","$9,752,822 ","$66,357,417 ","$20,106,692 ","$31,175,791 ","$4,035,633 ","$18,419,447 ","$8,720,711 ","$65,041,140 ","$5,717,189 ","$47,937,970 ","$11,385,981 ","$34,470,345 ","$4,574,925 ","$26,436,465 ","$3,458,955 ","$3,895,456 ","$107,189 ","$3,388,902 ","$399,365 ","$26,675,339 ","$1,035,075 ","$18,112,603 ","$7,527,661 ","$72,840,023 ","$69,372,635 ","$3,467,388 ","$27,158,233 ","$11,125,816 ","$1,224,509,545 ","$1,207,873,472 ","$16,636,073 ","$797,727,024 ","$36,848,157 ","$151,259,583 ","$20,049,950 ","$12,789,336 ","$5,096,934 ","$280,274 ","$1,883,406 ","$131,209,633 ","$109,287,762 ","$17,509,201 ","$9,197,166 ","$6,959,414 ","$132,125 ","$1,220,496 ","$91,778,561 ","$179,052,845 ","$75,245,842 ","$79,118,189 ","$2,021,601 ","$22,667,213 ","$1,028,820,627 ","$138,991,440 ","$889,829,187 ","$417,886,701 ","$23,326,756 ","$16,455,402 ","$671,586 ","$163,504 ","$6,036,264 ","$394,559,945 ","$789,986,771 ","$155,726,089 ","$58,790,440 ","$78,446,603 ","$1,858,097 ","$16,630,949 ","$634,260,682 ","$2,546,915,931 ",N/A,N/A,N/A,N/A,N/A,"$1,543,890,351 ","$1,448,084,035 ","$74,820,216 ","$1,373,263,819 ","$266,422,078 ",N/A,"$1,106,841,741 ","$40,904,602 ","$41,045,130 ","($140,528)","$54,901,714 ","$1,003,025,580 ",N/A,N/A,N/A,N/A,N/A,"$410,146,448 ","$105,252,915 ","$487,626,217 "
United States,1998,"$1,720,889,368 ","$1,465,841,272 ","$1,365,761,964 ","$1,110,713,868 ","$773,963,195 ","$230,150,058 ","$543,813,137 ","$274,883,406 ","$188,752,895 ","$86,130,511 ","$4,047,022 ","$2,370,501 ","$9,224,297 ","$29,246,986 ","$405,261 ","$16,796,302 ","$7,956,232 ","$16,083,910 ","$30,906,539 ","$304,585 ","$6,132,994 ","$16,142,504 ","$14,884,049 ","$1,258,455 ","$8,326,456 ","$210,041,650 ","$175,630,035 ","$34,411,615 ","$6,971,125 ","$21,010,417 ","$255,048,096 ","$255,048,096 ",N/A,$0 ,$0 ,"$336,750,673 ","$201,554,212 ","$9,522,480 ","$56,688,844 ","$4,781,340 ","$47,503,791 ","$12,032,160 ","$35,471,631 ","$4,403,713 ","$50,651,782 ","$6,331,449 ","$1,622,745 ","$4,708,704 ","$4,064,141 ","$2,795,594 ","$1,269,139 ","$5,689,687 ","$22,717,339 ","$9,616,860 ","$2,239,313 ","$29,967,584 ","$135,196,461 ","$3,777,552 ","$2,177,895 ","$65,416,772 ","$63,824,242 ","$81,126,506 ","$4,107,326 ","$77,019,180 ","$27,472,820 ","$49,546,360 ","$37,812,222 ","$4,188,360 ","$7,545,778 ","$274,000,898 ","$237,472,313 ","$21,774,305 ","$16,484,679 ","$25,333,441 ","$199,213,329 ","$23,153,056 ","$20,330,085 ","$13,375,529 ","$33,513,673 ","$19,327,096 ","$1,953,154 ","$12,233,423 ","$1,529,307,694 ","$3,545,892 ","$1,525,761,802 ","$1,347,436,296 ","$1,129,256,886 ","$181,871,398 ","$135,545,727 ","$46,325,671 ","$31,635,940 ","$74,597,406 ","$108,400,172 ","$495,139,391 ","$1,318,042,096 ","$1,314,496,204 ","$1,156,541,295 ","$1,152,995,403 ","$1,056,805,924 ","$161,500,801 ","$70,744,074 ","$10,458,676 ","$42,478,621 ","$38,913,270 ","$3,565,351 ","$450,364,926 ","$391,622,765 ","$49,332,176 ","$318,065,058 ","$281,867,494 ","$36,197,564 ","$112,873,875 ","$100,283,889 ","$10,615,757 ","$89,668,132 ","$12,589,986 ","$19,425,993 ","$9,409,985 ","$10,016,008 ","$9,471,382 ","$544,626 ","$4,133,183 ","$63,100,806 ","$60,083,834 ","$3,016,972 ","$25,914,270 ","$11,711,635 ","$20,268,863 ","$18,692,459 ","$1,576,404 ","$7,626,159 ","$4,806,277 ","$2,819,882 ","$114,023,951 ","$108,332,074 ","$5,691,877 ","$44,390,577 ","$42,954,978 ","$1,435,599 ","$69,633,374 ","$65,377,096 ","$4,256,278 ","$68,887,110 ","$64,640,164 ","$4,246,946 ","$746,264 ","$87,214,079 ","$39,146,674 ","$48,067,405 ","$83,290,023 ","$37,044,633 ","$46,245,390 ","$3,924,056 ","$2,102,041 ","$1,822,015 ","$24,697,307 ","$19,153,437 ","$5,543,870 ","$6,569,123 ","$5,718,144 ","$850,979 ","$17,491,599 ","$14,285,273 ","$3,206,326 ","$882,450 ","$22,365,205 ","$16,211,341 ","$6,153,864 ","$50,475,211 ","$47,889,915 ","$2,585,296 ","$204,639,921 ","$181,618,667 ","$22,225,581 ","$19,359,466 ","$2,866,115 ","$795,673 ","$41,764,729 ","$25,646,655 ","$16,585,682 ","$9,060,973 ","$16,118,074 ","$14,406,315 ","$1,711,759 ","$2,784,798 ","$64,553,539 ","$78,603,058 ","$102,865,426 ","$3,346,004 ","$3,332,776 ","$13,228 ","$99,519,422 ","$10,043,867 ","$69,118,186 ","$20,357,369 ","$32,068,862 ","$4,257,327 ","$19,167,837 ","$8,643,698 ","$67,450,560 ","$5,786,540 ","$49,950,349 ","$11,713,671 ","$35,263,985 ","$4,501,575 ","$27,736,077 ","$3,026,333 ","$4,645,075 ","$122,647 ","$3,536,417 ","$986,011 ","$27,541,500 ","$1,162,318 ","$18,677,855 ","$7,701,327 ","$80,222,370 ","$76,263,928 ","$3,958,442 ","$17,778,918 ","$10,398,884 ","$1,283,560,187 ","$1,266,308,098 ","$17,252,089 ","$842,645,856 ","$60,131,301 ","$204,351,394 ","$29,519,288 ","$18,352,084 ","$6,620,549 ","$800,491 ","$3,746,164 ","$174,832,106 ","$144,635,530 ","$26,696,620 ","$13,542,007 ","$9,667,011 ","$298,464 ","$3,189,138 ","$117,938,910 ","$182,794,589 ","$80,570,671 ","$75,128,415 ","$2,545,870 ","$24,549,633 ","$1,083,513,509 ","$159,170,625 ","$924,342,884 ","$456,626,191 ","$22,203,518 ","$15,597,951 ","$604,143 ","$191,053 ","$5,810,371 ","$434,422,673 ","$809,681,907 ","$160,591,071 ","$64,972,720 ","$74,524,272 ","$2,354,817 ","$18,739,262 ","$649,090,836 ","$2,890,228,139 ",N/A,N/A,N/A,N/A,N/A,"$1,782,285,588 ","$1,680,092,165 ","$90,106,015 ","$1,589,986,150 ","$274,764,720 ",N/A,"$1,315,221,430 ","$45,821,016 ","$45,993,846 ","($172,830)","$56,372,407 ","$1,107,942,551 ",N/A,N/A,N/A,N/A,N/A,"$423,662,242 ","$118,995,142 ","$565,285,167 "
United States,1999,"$1,794,121,421 ","$1,523,493,529 ","$1,434,028,908 ","$1,163,401,016 ","$815,341,479 ","$239,671,604 ","$575,669,875 ","$290,992,942 ","$200,626,752 ","$90,366,190 ","$4,191,279 ","$3,291,504 ","$9,620,707 ","$30,094,424 ","$382,174 ","$17,170,336 ","$8,374,871 ","$17,240,895 ","$31,727,532 ","$306,642 ","$6,362,826 ","$16,632,127 ","$15,342,018 ","$1,290,109 ","$8,425,937 ","$223,231,225 ","$189,308,854 ","$33,922,371 ","$7,519,383 ","$22,198,793 ","$270,627,892 ","$270,627,892 ",N/A,$0 ,$0 ,"$348,059,537 ","$210,885,215 ","$10,216,941 ","$60,405,511 ","$5,072,605 ","$50,666,406 ","$12,709,551 ","$37,956,855 ","$4,666,500 ","$51,610,383 ","$6,804,060 ","$1,682,146 ","$5,121,914 ","$4,026,376 ","$2,900,713 ","$1,355,459 ","$5,957,952 ","$23,672,204 ","$9,962,296 ","$2,355,006 ","$31,618,314 ","$137,174,322 ","$3,627,660 ","$1,557,838 ","$65,889,854 ","$66,098,970 ","$86,124,760 ","$4,244,671 ","$81,880,089 ","$29,038,740 ","$52,841,349 ","$40,889,925 ","$4,243,683 ","$7,707,741 ","$273,967,753 ","$236,526,711 ","$23,497,177 ","$15,541,544 ","$24,744,142 ","$197,487,990 ","$22,234,066 ","$19,192,955 ","$15,206,976 ","$34,063,740 ","$19,704,157 ","$2,034,795 ","$12,324,788 ","$1,625,938,534 ","$3,835,890 ","$1,622,102,644 ","$1,427,455,578 ","$1,199,493,906 ","$198,482,956 ","$147,180,999 ","$51,301,957 ","$31,494,268 ","$77,459,333 ","$115,172,181 ","$522,527,772 ","$1,402,368,759 ","$1,398,532,869 ","$1,225,758,342 ","$1,221,922,452 ","$1,123,134,514 ","$176,610,417 ","$74,628,629 ","$12,632,131 ","$45,598,065 ","$41,791,336 ","$3,806,729 ","$483,259,476 ","$418,758,441 ","$54,417,695 ","$339,871,170 ","$299,103,507 ","$40,767,663 ","$122,716,369 ","$109,602,260 ","$11,296,021 ","$98,306,239 ","$13,114,109 ","$20,671,937 ","$10,083,340 ","$10,588,597 ","$10,052,674 ","$535,923 ","$4,130,347 ","$67,845,958 ","$64,715,223 ","$3,130,735 ","$27,593,383 ","$12,848,519 ","$21,262,103 ","$19,835,570 ","$1,426,533 ","$8,853,275 ","$5,051,764 ","$3,801,511 ","$119,361,215 ","$113,662,262 ","$5,698,953 ","$47,627,722 ","$46,045,045 ","$1,582,677 ","$71,733,493 ","$67,617,217 ","$4,116,276 ","$70,958,382 ","$66,855,257 ","$4,103,125 ","$775,111 ","$93,017,989 ","$41,111,758 ","$51,906,231 ","$88,077,902 ","$38,911,519 ","$49,166,383 ","$4,940,087 ","$2,200,239 ","$2,739,848 ","$25,233,673 ","$19,619,158 ","$5,614,515 ","$6,840,982 ","$5,994,575 ","$846,407 ","$18,232,206 ","$14,872,985 ","$3,359,221 ","$1,013,960 ","$23,416,842 ","$16,930,418 ","$6,486,424 ","$53,366,526 ","$50,670,136 ","$2,696,390 ","$215,189,660 ","$192,929,087 ","$21,410,391 ","$18,543,408 ","$2,866,983 ","$850,182 ","$43,046,839 ","$26,979,635 ","$17,261,950 ","$9,717,685 ","$16,067,204 ","$14,700,997 ","$1,366,207 ","$3,070,378 ","$67,293,670 ","$85,867,574 ","$108,397,594 ","$3,546,529 ","$3,535,080 ","$11,449 ","$104,851,065 ","$10,165,663 ","$72,824,312 ","$21,861,090 ","$34,088,571 ","$4,267,789 ","$19,495,346 ","$10,325,436 ","$70,762,494 ","$5,897,874 ","$53,328,966 ","$11,535,654 ","$38,132,340 ","$4,584,824 ","$29,934,266 ","$3,613,250 ","$4,107,827 ","$146,906 ","$3,571,899 ","$389,022 ","$28,522,327 ","$1,166,144 ","$19,822,801 ","$7,533,382 ","$85,317,945 ","$81,452,297 ","$3,865,648 ","$19,223,156 ","$10,631,080 ","$1,369,252,692 ","$1,351,408,366 ","$17,844,326 ","$907,300,555 ","$77,284,939 ","$229,373,899 ","$43,161,643 ","$17,896,515 ","$19,770,709 ","$645,742 ","$4,848,677 ","$186,212,256 ","$153,100,434 ","$31,742,651 ","$14,210,440 ","$14,288,299 ","$323,521 ","$2,920,391 ","$121,357,783 ","$194,930,125 ","$84,102,648 ","$81,086,033 ","$3,181,111 ","$26,560,333 ","$1,156,478,241 ","$180,736,025 ","$975,742,216 ","$488,868,207 ","$24,496,878 ","$15,581,221 ","$2,602,348 ","$474,714 ","$5,838,595 ","$464,371,329 ","$862,540,159 ","$170,433,247 ","$68,521,427 ","$78,483,685 ","$2,706,397 ","$20,721,738 ","$692,106,912 ","$3,168,481,310 ",N/A,N/A,N/A,N/A,N/A,"$1,973,505,947 ","$1,867,112,352 ","$101,200,258 ","$1,765,912,094 ","$269,333,742 ",N/A,"$1,496,578,352 ","$48,495,945 ","$48,711,508 ","($215,563)","$57,897,650 ","$1,194,975,363 ",N/A,N/A,N/A,N/A,N/A,"$444,107,811 ","$127,571,918 ","$623,295,634 "
United States,2000,"$1,942,328,438 ","$1,650,378,688 ","$1,541,322,481 ","$1,249,372,731 ","$872,351,114 ","$249,177,604 ","$623,173,510 ","$309,289,792 ","$215,112,414 ","$94,177,378 ","$4,393,193 ","$3,637,660 ","$9,781,284 ","$30,938,602 ","$337,688 ","$17,830,992 ","$8,584,773 ","$18,673,186 ","$33,927,319 ","$294,085 ","$6,463,659 ","$17,748,533 ","$16,401,309 ","$1,347,224 ","$9,421,042 ","$247,719,585 ","$211,660,682 ","$36,058,903 ","$8,034,202 ","$24,202,612 ","$291,949,750 ","$291,949,750 ",N/A,$0 ,$0 ,"$377,021,617 ","$223,479,819 ","$11,083,342 ","$65,561,784 ","$5,449,907 ","$55,292,489 ","$14,055,464 ","$41,237,025 ","$4,819,388 ","$54,619,355 ","$7,391,675 ","$1,898,055 ","$5,493,620 ","$4,206,589 ","$2,967,444 ","$1,373,750 ","$6,273,941 ","$24,311,499 ","$10,224,631 ","$2,506,691 ","$32,959,118 ","$153,541,798 ","$3,815,454 ","$2,020,651 ","$70,489,965 ","$77,215,728 ","$89,545,587 ","$4,591,830 ","$84,953,757 ","$30,515,060 ","$54,438,697 ","$42,435,588 ","$3,954,492 ","$8,048,617 ","$311,460,370 ","$273,880,967 ","$24,986,377 ","$17,021,427 ","$19,967,127 ","$231,873,163 ","$23,366,245 ","$20,078,709 ","$14,213,158 ","$35,233,237 ","$20,826,812 ","$2,258,839 ","$12,147,586 ","$1,746,942,699 ","$4,029,073 ","$1,742,913,626 ","$1,529,879,869 ","$1,288,746,460 ","$217,062,830 ","$161,693,932 ","$55,368,898 ","$31,375,444 ","$80,499,222 ","$125,229,670 ","$548,795,952 ","$1,506,796,694 ","$1,502,767,621 ","$1,314,596,424 ","$1,310,567,351 ","$1,209,378,169 ","$192,200,270 ","$79,900,002 ","$13,159,783 ","$48,805,439 ","$45,029,183 ","$3,776,256 ","$521,612,107 ","$449,931,254 ","$60,967,621 ","$365,180,872 ","$320,031,116 ","$45,149,756 ","$134,351,694 ","$119,095,077 ","$13,156,293 ","$105,938,784 ","$15,256,617 ","$22,079,541 ","$10,713,232 ","$11,366,309 ","$10,805,061 ","$561,248 ","$4,177,665 ","$72,340,441 ","$68,793,549 ","$3,546,892 ","$29,299,732 ","$13,838,274 ","$23,101,931 ","$21,135,553 ","$1,966,378 ","$9,318,858 ","$5,397,552 ","$3,921,306 ","$127,341,578 ","$121,839,834 ","$5,501,744 ","$51,365,588 ","$49,737,748 ","$1,627,840 ","$75,975,990 ","$72,102,086 ","$3,873,904 ","$75,194,906 ","$71,330,512 ","$3,864,394 ","$781,084 ","$101,335,910 ","$44,896,651 ","$56,439,259 ","$95,537,425 ","$42,618,004 ","$52,919,421 ","$5,798,485 ","$2,278,647 ","$3,519,838 ","$26,589,639 ","$20,405,464 ","$6,184,175 ","$7,155,356 ","$6,376,222 ","$779,134 ","$20,234,649 ","$15,887,325 ","$4,347,324 ","$905,674 ","$25,037,798 ","$18,121,869 ","$6,915,929 ","$56,798,071 ","$53,990,068 ","$2,808,003 ","$233,350,301 ","$211,842,523 ","$20,661,502 ","$17,693,949 ","$2,967,553 ","$846,276 ","$45,260,843 ","$28,052,470 ","$17,959,168 ","$10,093,302 ","$17,208,373 ","$15,681,548 ","$1,526,825 ","$3,140,533 ","$69,813,738 ","$93,287,307 ","$114,916,335 ","$3,800,848 ","$3,785,328 ","$15,520 ","$111,115,487 ","$10,685,484 ","$75,582,963 ","$24,847,040 ","$35,789,427 ","$4,649,291 ","$20,598,625 ","$10,541,511 ","$75,326,060 ","$6,036,193 ","$54,984,338 ","$14,305,529 ","$39,719,144 ","$4,543,457 ","$30,998,257 ","$4,177,430 ","$3,724,347 ","$144,351 ","$3,180,072 ","$399,924 ","$31,882,569 ","$1,348,385 ","$20,806,009 ","$9,728,175 ","$95,679,183 ","$91,247,307 ","$4,431,876 ","$18,648,499 ","$10,901,988 ","$1,451,815,216 ","$1,427,523,796 ","$24,291,420 ","$959,618,013 ","$68,355,829 ","$184,830,632 ","$25,193,416 ","$14,496,795 ","$7,153,630 ","$168,193 ","$3,374,798 ","$159,637,216 ","$121,896,749 ","$21,908,459 ","$10,943,564 ","$9,609,829 ","$151,535 ","$1,203,531 ","$99,988,290 ","$200,102,545 ","$88,612,799 ","$80,135,247 ","$2,902,279 ","$28,452,220 ","$1,227,421,251 ","$197,667,710 ","$1,029,753,541 ","$515,154,650 ","$21,964,097 ","$14,951,174 ","$861,428 ","$469,941 ","$5,681,554 ","$493,190,553 ","$912,369,146 ","$178,138,448 ","$73,661,625 ","$79,273,819 ","$2,432,338 ","$22,770,666 ","$734,230,698 ","$3,503,702,104 ",N/A,N/A,N/A,N/A,N/A,"$2,229,694,845 ","$2,120,841,421 ","$121,114,475 ","$1,999,726,946 ","$267,315,062 ",N/A,"$1,732,411,884 ","$54,911,959 ","$55,152,506 ","($240,547)","$53,941,465 ","$1,274,007,259 ",N/A,N/A,N/A,N/A,N/A,"$467,905,783 ","$128,575,852 ","$677,525,624 "
United States,2001,"$1,890,891,484 ","$1,566,858,100 ","$1,647,161,064 ","$1,323,127,680 ","$914,118,616 ","$263,689,177 ","$650,429,439 ","$320,216,988 ","$223,428,227 ","$96,788,761 ","$4,521,794 ","$3,816,390 ","$10,297,597 ","$32,045,388 ","$306,642 ","$18,359,820 ","$8,833,438 ","$18,607,692 ","$34,197,890 ","$301,741 ","$6,386,976 ","$17,778,214 ","$16,447,346 ","$1,330,868 ","$9,730,959 ","$261,629,699 ","$226,333,547 ","$35,296,152 ","$7,550,511 ","$26,834,351 ","$324,033,384 ","$324,033,384 ",N/A,$0 ,$0 ,"$409,009,064 ","$239,485,459 ","$11,883,084 ","$69,860,891 ","$5,741,314 ","$59,135,883 ","$14,768,182 ","$44,367,701 ","$4,983,694 ","$59,518,395 ","$7,933,525 ","$2,054,524 ","$5,879,001 ","$4,255,116 ","$3,495,838 ","$1,416,209 ","$6,455,829 ","$25,786,276 ","$11,009,429 ","$2,707,305 ","$35,163,562 ","$169,523,605 ","$3,933,269 ","$2,385,880 ","$79,978,832 ","$83,225,624 ","$100,459,876 ","$4,854,250 ","$95,605,626 ","$30,794,102 ","$64,811,524 ","$50,951,528 ","$5,096,494 ","$8,763,502 ","$143,270,544 ","$102,692,319 ","$26,644,196 ","$15,791,858 ","$22,690,304 ","$60,256,265 ","$23,340,967 ","$19,932,045 ","$17,237,258 ","$36,106,669 ","$21,726,134 ","$2,358,372 ","$12,022,163 ","$1,899,153,105 ","$4,305,931 ","$1,894,847,174 ","$1,665,895,382 ","$1,405,032,787 ","$233,257,723 ","$177,093,853 ","$56,163,870 ","$32,583,426 ","$84,430,600 ","$139,542,638 ","$587,124,292 ","$1,626,066,364 ","$1,621,760,433 ","$1,417,376,775 ","$1,413,070,844 ","$1,306,651,522 ","$208,689,589 ","$84,554,276 ","$15,531,944 ","$52,370,212 ","$48,940,244 ","$3,429,968 ","$563,575,220 ","$486,190,208 ","$65,116,021 ","$392,278,380 ","$343,874,030 ","$48,404,350 ","$146,157,854 ","$130,246,951 ","$14,390,757 ","$115,856,194 ","$15,910,903 ","$25,138,986 ","$12,268,991 ","$12,869,995 ","$12,069,227 ","$800,768 ","$4,358,830 ","$76,055,353 ","$72,721,017 ","$3,334,336 ","$30,007,063 ","$14,524,482 ","$24,970,060 ","$23,127,379 ","$1,842,681 ","$9,854,335 ","$5,868,828 ","$3,985,507 ","$134,010,059 ","$128,380,543 ","$5,629,516 ","$53,464,954 ","$51,968,118 ","$1,496,836 ","$80,545,105 ","$76,412,425 ","$4,132,680 ","$79,728,719 ","$75,606,162 ","$4,122,557 ","$816,386 ","$107,235,405 ","$47,127,792 ","$60,107,613 ","$100,724,656 ","$44,595,829 ","$56,128,827 ","$6,510,749 ","$2,531,963 ","$3,978,786 ","$27,402,292 ","$21,514,386 ","$5,887,906 ","$7,802,091 ","$6,924,355 ","$877,736 ","$22,162,533 ","$17,254,694 ","$4,907,839 ","$1,027,857 ","$27,919,917 ","$19,379,647 ","$8,540,270 ","$59,584,216 ","$56,934,385 ","$2,649,831 ","$257,380,218 ","$236,298,656 ","$20,313,467 ","$17,357,896 ","$2,955,571 ","$768,095 ","$46,718,325 ","$28,061,484 ","$18,837,333 ","$9,224,151 ","$18,656,841 ","$17,073,413 ","$1,583,428 ","$5,994,663 ","$73,835,896 ","$103,971,007 ","$133,544,103 ","$3,968,078 ","$3,952,623 ","$15,455 ","$129,576,025 ","$10,594,704 ","$94,428,642 ","$24,552,679 ","$36,756,851 ","$4,704,386 ","$21,310,299 ","$10,742,166 ","$92,819,174 ","$5,890,318 ","$73,118,343 ","$13,810,513 ","$54,920,988 ","$4,392,313 ","$45,716,238 ","$4,812,437 ","$5,023,344 ","$146,365 ","$4,423,825 ","$453,154 ","$32,874,842 ","$1,351,640 ","$22,978,280 ","$8,544,922 ","$104,413,993 ","$100,236,784 ","$4,177,209 ","$22,986,241 ","$12,142,404 ","$1,554,017,911 ","$1,531,897,324 ","$22,120,587 ","$1,038,633,834 ","$66,276,561 ","$199,575,601 ","$24,562,381 ","$12,484,635 ","$8,402,875 ","$695,550 ","$2,979,321 ","$175,013,220 ","$130,573,606 ","$18,400,762 ","$8,308,598 ","$7,526,695 ","$301,548 ","$2,263,921 ","$112,172,844 ","$210,427,997 ","$94,631,522 ","$81,265,263 ","$3,089,394 ","$31,441,818 ","$1,321,469,327 ","$225,316,874 ","$1,096,152,453 ","$563,348,233 ","$27,456,870 ","$18,160,408 ","$1,716,181 ","$770,503 ","$6,809,778 ","$535,891,363 ","$968,549,091 ","$182,971,127 ","$76,471,114 ","$79,549,082 ","$2,318,891 ","$24,632,040 ","$785,577,964 ","$3,592,060,165 ",N/A,N/A,N/A,N/A,N/A,"$2,225,933,499 ","$2,116,082,776 ","$117,020,227 ","$1,999,062,549 ","$244,195,160 ",N/A,"$1,754,867,389 ","$52,468,673 ","$52,881,185 ","($412,512)","$57,382,050 ","$1,366,126,666 ",N/A,N/A,N/A,N/A,N/A,"$493,263,490 ","$152,117,390 ","$720,745,786 "
United States,2002,"$1,806,591,592 ","$1,446,045,374 ","$1,684,879,080 ","$1,324,332,862 ","$905,100,802 ","$279,191,478 ","$625,909,324 ","$324,122,506 ","$222,986,687 ","$101,135,819 ","$4,600,156 ","$4,079,377 ","$11,193,605 ","$33,044,249 ","$308,408 ","$20,293,723 ","$9,092,865 ","$18,523,436 ","$36,716,191 ","$330,146 ","$5,846,014 ","$18,356,056 ","$16,935,486 ","$1,420,570 ","$12,183,975 ","$230,984,116 ","$202,832,254 ","$28,151,862 ","$7,510,323 ","$26,576,188 ","$360,546,218 ","$360,546,218 ",N/A,$0 ,$0 ,"$419,232,060 ","$253,189,078 ","$12,330,615 ","$72,290,510 ","$5,956,002 ","$61,318,228 ","$14,325,238 ","$46,992,990 ","$5,016,280 ","$65,404,087 ","$8,196,456 ","$2,338,759 ","$5,857,697 ","$4,295,737 ","$3,001,013 ","$1,402,243 ","$7,021,178 ","$27,112,453 ","$11,192,000 ","$2,685,135 ","$38,257,651 ","$166,042,982 ","$4,779,439 ","$2,186,748 ","$67,160,731 ","$91,916,064 ","$107,417,204 ","$5,065,107 ","$102,352,097 ","$33,236,410 ","$69,115,687 ","$54,403,809 ","$5,761,745 ","$8,950,133 ","$14,295,308 ","($30,919,630)","$27,665,366 ","$16,114,851 ","$23,410,920 ","($74,699,847)","$27,085,525 ","$19,813,052 ","$18,129,413 ","$39,476,710 ","$23,622,787 ","$2,590,663 ","$13,263,260 ","$2,051,537,122 ","$4,387,483 ","$2,047,149,639 ","$1,794,465,742 ","$1,499,243,299 ","$257,071,380 ","$197,528,182 ","$59,543,198 ","$33,109,840 ","$86,932,956 ","$170,792,164 ","$609,562,926 ","$1,736,865,978 ","$1,732,478,495 ","$1,510,046,102 ","$1,505,658,619 ","$1,397,261,484 ","$226,819,876 ","$90,456,016 ","$16,209,242 ","$54,615,236 ","$51,267,380 ","$3,347,856 ","$594,694,004 ","$509,352,597 ","$71,679,929 ","$411,216,379 ","$357,922,110 ","$53,294,269 ","$156,813,853 ","$139,162,332 ","$12,854,405 ","$126,307,927 ","$17,651,521 ","$26,663,772 ","$13,661,478 ","$13,002,294 ","$12,268,155 ","$734,139 ","$5,082,130 ","$81,879,046 ","$78,381,450 ","$3,497,596 ","$32,659,750 ","$15,632,609 ","$25,997,621 ","$23,992,279 ","$2,005,342 ","$10,899,918 ","$6,241,436 ","$4,658,482 ","$147,065,127 ","$140,938,992 ","$6,126,135 ","$59,455,759 ","$57,804,982 ","$1,650,777 ","$87,609,368 ","$83,134,010 ","$4,475,358 ","$86,785,874 ","$82,310,826 ","$4,475,048 ","$823,494 ","$115,294,680 ","$49,277,193 ","$66,017,487 ","$107,964,496 ","$46,308,110 ","$61,656,386 ","$7,330,184 ","$2,969,083 ","$4,361,101 ","$31,622,757 ","$24,683,308 ","$6,939,449 ","$8,260,071 ","$7,213,794 ","$1,046,277 ","$22,000,189 ","$17,753,618 ","$4,246,571 ","$1,122,971 ","$30,101,204 ","$21,007,872 ","$9,093,332 ","$64,458,395 ","$61,474,298 ","$2,984,097 ","$281,176,211 ","$260,823,453 ","$19,447,300 ","$16,353,840 ","$3,093,460 ","$905,458 ","$50,308,556 ","$31,257,197 ","$19,682,826 ","$11,574,371 ","$19,051,359 ","$17,443,936 ","$1,607,423 ","$3,571,052 ","$75,287,295 ","$112,832,790 ","$143,878,980 ","$4,182,822 ","$4,172,454 ","$10,368 ","$139,696,158 ","$11,645,661 ","$97,809,361 ","$30,241,136 ","$40,555,413 ","$5,022,839 ","$23,701,197 ","$11,831,377 ","$99,140,745 ","$6,622,822 ","$74,108,164 ","$18,409,759 ","$55,952,337 ","$4,874,164 ","$44,540,340 ","$6,537,833 ","$5,720,135 ","$178,891 ","$5,183,167 ","$358,077 ","$37,468,273 ","$1,569,767 ","$24,384,657 ","$11,513,849 ","$114,931,372 ","$110,928,416 ","$4,002,956 ","$42,195,724 ","$13,665,068 ","$1,681,377,464 ","$1,638,135,669 ","$43,241,795 ","$1,121,001,065 ","$120,527,564 ","$262,682,813 ","$29,778,024 ","$15,798,559 ","$11,721,522 ","$531,885 ","$1,726,058 ","$232,904,789 ","$161,884,705 ","$22,758,053 ","$10,338,431 ","$10,090,866 ","$251,192 ","$2,077,564 ","$139,126,652 ","$216,062,111 ","$102,430,945 ","$81,789,827 ","$3,449,166 ","$28,392,173 ","$1,422,073,558 ","$248,377,473 ","$1,173,696,085 ","$617,347,908 ","$29,100,981 ","$17,204,021 ","$4,946,784 ","$741,224 ","$6,208,952 ","$588,246,927 ","$1,020,787,761 ","$186,961,130 ","$85,226,924 ","$76,843,043 ","$2,707,942 ","$22,183,221 ","$833,826,631 ","$3,650,740,524 ",N/A,N/A,N/A,N/A,N/A,"$2,217,075,787 ","$2,114,157,889 ","$112,207,553 ","$2,001,950,336 ","$223,906,902 ",N/A,"$1,778,043,434 ","$44,851,991 ","$45,536,603 ","($684,612)","$58,065,907 ","$1,433,664,737 ",N/A,N/A,N/A,N/A,N/A,"$517,134,604 ","$158,948,662 ","$757,581,471 "
United States,2003,"$2,047,337,010 ","$1,658,073,443 ","$1,763,211,760 ","$1,373,948,193 ","$938,971,754 ","$296,683,185 ","$642,288,569 ","$337,786,567 ","$229,222,301 ","$108,564,266 ","$4,756,547 ","$4,485,261 ","$12,564,017 ","$33,378,664 ","$302,110 ","$21,014,692 ","$11,806,700 ","$20,256,275 ","$37,269,481 ","$348,437 ","$6,133,398 ","$19,098,073 ","$17,379,042 ","$1,719,031 ","$11,689,573 ","$230,776,084 ","$199,407,020 ","$31,369,064 ","$6,715,248 ","$29,741,189 ","$389,263,567 ","$389,263,567 ",N/A,$0 ,$0 ,"$434,976,439 ","$269,560,428 ","$12,758,630 ","$78,522,007 ","$6,074,010 ","$66,831,362 ","$15,181,388 ","$51,649,974 ","$5,616,635 ","$68,926,691 ","$8,502,629 ","$2,545,714 ","$5,956,915 ","$4,589,371 ","$3,017,634 ","$1,448,631 ","$7,342,012 ","$28,236,940 ","$11,559,395 ","$2,930,095 ","$41,726,393 ","$165,416,011 ","$5,808,240 ","$1,773,033 ","$58,316,949 ","$99,517,789 ","$108,388,275 ","$5,338,191 ","$103,050,084 ","$34,736,304 ","$68,313,780 ","$53,938,073 ","$5,390,996 ","$8,984,711 ","$175,736,975 ","$120,157,003 ","$28,843,747 ","$18,622,309 ","$27,589,970 ","$72,690,947 ","$35,335,145 ","$22,295,657 ","$20,244,827 ","$42,124,221 ","$25,480,332 ","$2,789,985 ","$13,853,904 ","$2,164,176,141 ","$4,403,863 ","$2,159,772,278 ","$1,900,978,217 ","$1,579,289,974 ","$263,197,924 ","$203,035,498 ","$60,162,426 ","$35,080,458 ","$88,940,431 ","$193,263,491 ","$647,211,293 ","$1,821,916,709 ","$1,817,512,846 ","$1,593,266,218 ","$1,588,862,355 ","$1,476,504,778 ","$228,650,491 ","$95,215,430 ","$17,045,966 ","$55,471,298 ","$52,676,385 ","$2,794,913 ","$621,335,418 ","$536,103,847 ","$70,813,428 ","$428,503,200 ","$377,385,312 ","$51,117,888 ","$164,186,932 ","$145,142,591 ","$13,420,844 ","$131,721,747 ","$19,044,341 ","$28,645,286 ","$14,418,143 ","$14,227,143 ","$13,575,944 ","$651,199 ","$5,267,050 ","$86,706,745 ","$83,121,625 ","$3,585,120 ","$34,910,963 ","$16,897,752 ","$27,854,042 ","$25,535,294 ","$2,318,748 ","$11,951,316 ","$6,596,683 ","$5,354,633 ","$154,878,199 ","$147,720,293 ","$7,157,906 ","$61,703,413 ","$60,134,194 ","$1,569,219 ","$93,174,786 ","$87,586,099 ","$5,588,687 ","$92,256,669 ","$86,683,364 ","$5,573,305 ","$918,117 ","$117,695,877 ","$52,173,330 ","$65,522,547 ","$109,576,113 ","$48,901,409 ","$60,674,704 ","$8,119,764 ","$3,271,921 ","$4,847,843 ","$35,275,305 ","$27,615,145 ","$7,660,160 ","$8,910,972 ","$7,543,313 ","$1,367,659 ","$22,808,126 ","$18,563,868 ","$4,244,258 ","$1,194,571 ","$31,764,695 ","$22,541,070 ","$9,223,625 ","$67,361,388 ","$64,532,234 ","$2,829,154 ","$306,462,913 ","$284,993,504 ","$20,660,581 ","$16,869,659 ","$3,790,922 ","$808,828 ","$51,723,060 ","$32,539,728 ","$20,072,968 ","$12,466,760 ","$19,183,332 ","$17,717,424 ","$1,465,908 ","$5,874,611 ","$77,277,119 ","$110,654,175 ","$148,995,941 ","$4,402,018 ","$4,392,853 ","$9,165 ","$144,593,923 ","$11,663,312 ","$98,392,343 ","$34,538,268 ","$43,260,324 ","$5,171,237 ","$24,552,615 ","$13,536,472 ","$101,333,599 ","$6,492,075 ","$73,839,728 ","$21,001,796 ","$54,355,187 ","$4,761,365 ","$43,155,550 ","$6,438,272 ","$5,300,278 ","$164,225 ","$4,714,390 ","$421,663 ","$41,678,134 ","$1,566,485 ","$25,969,788 ","$14,141,861 ","$127,197,464 ","$122,306,423 ","$4,891,041 ","$51,546,519 ","$14,519,508 ","$1,812,666,705 ","$1,772,197,130 ","$40,469,575 ","$1,242,659,721 ","$140,182,952 ","$345,784,424 ","$60,072,623 ","$20,580,802 ","$25,515,031 ","$337,768 ","$13,639,022 ","$285,711,801 ","$215,217,599 ","$38,972,326 ","$14,463,058 ","$12,967,467 ","$358,315 ","$11,183,486 ","$176,245,273 ","$238,408,191 ","$108,716,104 ","$94,383,600 ","$3,466,400 ","$31,842,087 ","$1,533,788,939 ","$272,652,393 ","$1,261,136,546 ","$675,469,843 ","$30,721,158 ","$18,205,888 ","$6,078,392 ","$706,527 ","$5,730,351 ","$644,748,685 ","$1,096,727,287 ","$207,687,033 ","$90,510,216 ","$88,305,208 ","$2,759,873 ","$26,111,736 ","$889,040,254 ","$3,696,072,301 ",N/A,N/A,N/A,N/A,N/A,"$2,215,125,509 ","$2,125,232,430 ","$99,809,430 ","$2,025,423,000 ","$221,684,160 ",N/A,"$1,803,738,840 ","$29,107,462 ","$29,778,930 ","($671,468)","$60,785,617 ","$1,480,946,792 ",N/A,N/A,N/A,N/A,N/A,"$529,537,409 ","$164,755,270 ","$786,654,113 "
United States,2004,"$2,434,155,253 ","$2,011,043,546 ","$1,887,396,886 ","$1,464,285,179 ","$1,010,545,571 ","$317,941,413 ","$692,604,158 ","$361,026,946 ","$245,342,513 ","$115,684,433 ","$4,985,706 ","$4,990,713 ","$13,973,656 ","$34,943,572 ","$301,878 ","$21,347,791 ","$12,625,780 ","$22,515,337 ","$41,255,979 ","$375,972 ","$6,427,718 ","$20,739,234 ","$18,740,756 ","$1,998,478 ","$13,713,055 ","$248,930,562 ","$215,214,769 ","$33,715,793 ","$5,758,175 ","$35,632,496 ","$423,111,707 ","$423,111,707 ",N/A,$0 ,$0 ,"$453,739,608 ","$287,835,781 ","$13,444,453 ","$83,426,637 ","$6,324,185 ","$70,706,818 ","$15,505,997 ","$55,200,821 ","$6,395,634 ","$73,273,341 ","$8,925,981 ","$2,660,948 ","$6,265,033 ","$4,761,858 ","$3,211,457 ","$1,539,919 ","$7,523,335 ","$29,805,737 ","$12,088,976 ","$3,106,806 ","$46,727,281 ","$165,903,827 ","$6,311,054 ","$2,086,761 ","$53,523,077 ","$103,982,935 ","$114,930,872 ","$5,772,609 ","$109,158,263 ","$36,087,197 ","$73,071,066 ","$56,780,481 ","$6,505,748 ","$9,784,837 ","$431,827,495 ","$365,318,498 ","$30,785,801 ","$18,978,750 ","$42,017,234 ","$315,553,947 ","$38,361,503 ","$30,142,174 ","$28,147,494 ","$63,112,995 ","$45,862,957 ","$2,150,776 ","$15,099,262 ","$2,266,647,123 ","$4,627,356 ","$2,262,019,767 ","$1,997,549,621 ","$1,663,978,125 ","$269,097,502 ","$207,787,652 ","$61,309,850 ","$37,494,732 ","$93,607,481 ","$197,841,927 ","$665,671,834 ","$1,908,542,706 ","$1,903,915,350 ","$1,677,101,667 ","$1,672,474,311 ","$1,553,167,683 ","$231,441,039 ","$99,078,863 ","$18,106,573 ","$56,326,158 ","$53,809,520 ","$2,516,638 ","$655,182,258 ","$564,386,850 ","$74,652,485 ","$451,941,481 ","$398,899,709 ","$53,041,772 ","$172,650,317 ","$151,538,227 ","$13,361,715 ","$138,176,512 ","$21,112,090 ","$30,590,460 ","$16,142,923 ","$14,447,537 ","$13,948,914 ","$498,623 ","$4,363,626 ","$88,730,959 ","$85,255,749 ","$3,475,210 ","$34,675,120 ","$18,613,933 ","$28,990,555 ","$26,872,197 ","$2,118,358 ","$11,335,899 ","$6,602,620 ","$4,733,279 ","$160,943,349 ","$153,925,031 ","$7,018,318 ","$64,373,318 ","$62,853,232 ","$1,520,086 ","$96,570,031 ","$91,071,799 ","$5,498,232 ","$95,711,447 ","$90,232,303 ","$5,479,144 ","$858,584 ","$117,215,296 ","$52,143,198 ","$65,072,098 ","$109,724,203 ","$49,193,145 ","$60,531,058 ","$7,491,093 ","$2,950,053 ","$4,541,040 ","$37,235,749 ","$29,801,495 ","$7,434,254 ","$9,288,583 ","$8,098,356 ","$1,190,227 ","$23,249,899 ","$18,598,843 ","$4,651,056 ","$1,334,990 ","$30,498,355 ","$22,531,610 ","$7,966,745 ","$70,088,308 ","$67,314,138 ","$2,774,170 ","$335,977,040 ","$313,793,591 ","$21,351,725 ","$17,336,872 ","$4,014,853 ","$831,724 ","$55,291,855 ","$34,930,295 ","$21,264,267 ","$13,666,028 ","$20,361,560 ","$18,540,738 ","$1,820,822 ","$4,046,647 ","$81,811,896 ","$113,897,355 ","$160,262,490 ","$4,672,904 ","$4,652,113 ","$20,791 ","$155,589,586 ","$11,795,585 ","$106,158,329 ","$37,635,672 ","$44,647,999 ","$5,454,904 ","$25,651,276 ","$13,541,819 ","$110,941,587 ","$6,340,681 ","$80,507,053 ","$24,093,853 ","$59,971,966 ","$4,587,582 ","$47,876,453 ","$7,507,931 ","$6,716,951 ","$186,178 ","$5,948,894 ","$581,879 ","$44,252,670 ","$1,566,921 ","$26,681,706 ","$16,004,043 ","$137,659,039 ","$133,228,446 ","$4,430,593 ","$43,277,644 ","$16,905,244 ","$1,976,588,063 ","$1,938,299,146 ","$38,288,917 ","$1,354,454,146 ","$115,051,345 ","$359,817,462 ","$40,562,502 ","$19,525,828 ","$15,356,338 ","$413,610 ","$5,266,726 ","$319,254,960 ","$242,116,841 ","$33,331,470 ","$15,767,613 ","$13,786,189 ","$432,789 ","$3,344,879 ","$208,785,371 ","$243,793,349 ","$111,467,809 ","$95,159,822 ","$3,818,459 ","$33,347,259 ","$1,694,505,797 ","$300,231,813 ","$1,394,273,984 ","$755,328,593 ","$29,666,904 ","$18,782,911 ","$4,853,922 ","$697,101 ","$5,332,970 ","$725,661,689 ","$1,182,970,553 ","$214,126,445 ","$92,684,898 ","$90,305,900 ","$3,121,358 ","$28,014,289 ","$968,844,108 ","$4,137,782,727 ",N/A,N/A,N/A,N/A,N/A,"$2,551,456,243 ","$2,450,847,826 ","$84,487,584 ","$2,366,360,242 ","$215,276,873 ",N/A,"$2,151,083,369 ","$24,097,478 ","$24,525,643 ","($428,165)","$76,510,939 ","$1,586,326,484 ",N/A,N/A,N/A,N/A,N/A,"$583,845,000 ","$161,447,989 ","$841,033,495 "
United States,2005,"$2,528,546,342 ","$2,089,988,228 ","$2,026,034,009 ","$1,587,475,895 ","$1,098,512,679 ","$335,779,002 ","$762,733,677 ","$384,266,166 ","$262,951,838 ","$121,314,328 ","$5,125,140 ","$5,561,739 ","$14,891,237 ","$35,766,701 ","$367,732 ","$22,334,923 ","$13,337,259 ","$23,929,597 ","$56,809,940 ","$452,196 ","$7,152,125 ","$21,712,875 ","$19,655,967 ","$2,056,908 ","$27,492,744 ","$285,528,754 ","$242,273,042 ","$43,255,712 ","$5,421,759 ","$30,707,058 ","$438,558,114 ","$438,558,114 ",N/A,$0 ,$0 ,"$488,963,216 ","$308,179,211 ","$14,391,302 ","$90,068,554 ","$6,501,616 ","$76,596,537 ","$17,871,607 ","$58,724,930 ","$6,970,401 ","$79,022,342 ","$9,841,207 ","$1,923,827 ","$7,917,380 ","$4,853,741 ","$3,326,850 ","$1,622,321 ","$7,936,085 ","$31,556,431 ","$12,923,634 ","$3,393,968 ","$49,242,776 ","$180,784,005 ","$6,334,857 ","$2,860,654 ","$59,454,732 ","$112,133,762 ","$119,608,032 ","$5,990,305 ","$113,617,727 ","$37,378,226 ","$76,239,501 ","$59,156,918 ","$6,936,564 ","$10,146,019 ","$382,904,301 ","$316,575,928 ","$30,968,182 ","$22,921,116 ","$37,675,395 ","$262,686,630 ","$35,367,007 ","$34,066,754 ","$30,961,366 ","$67,364,618 ","$49,569,326 ","$2,119,805 ","$15,675,487 ","$2,368,316,211 ","$4,620,167 ","$2,363,696,044 ","$2,090,253,297 ","$1,760,283,027 ","$278,062,914 ","$218,690,992 ","$59,371,922 ","$37,755,337 ","$91,859,336 ","$195,735,430 ","$694,583,090 ","$2,012,110,428 ","$2,007,490,261 ","$1,768,858,316 ","$1,764,238,149 ","$1,645,360,355 ","$243,252,112 ","$104,961,178 ","$17,969,840 ","$59,102,100 ","$56,275,320 ","$2,826,780 ","$688,313,701 ","$592,765,143 ","$77,779,777 ","$473,843,338 ","$419,279,908 ","$54,563,430 ","$182,003,250 ","$159,268,576 ","$15,765,910 ","$143,502,666 ","$22,734,674 ","$32,467,113 ","$17,768,781 ","$14,698,332 ","$14,216,659 ","$481,673 ","$4,264,545 ","$93,699,110 ","$89,842,501 ","$3,856,609 ","$36,695,020 ","$19,393,989 ","$30,830,112 ","$28,529,344 ","$2,300,768 ","$11,846,611 ","$7,027,951 ","$4,818,660 ","$170,192,500 ","$162,437,690 ","$7,754,810 ","$66,637,076 ","$64,982,333 ","$1,654,743 ","$103,555,424 ","$97,455,357 ","$6,100,067 ",N/A,N/A,N/A,N/A,"$126,350,379 ","$55,661,350 ","$70,689,029 ","$118,489,832 ","$52,004,983 ","$66,484,849 ","$7,860,547 ","$3,656,367 ","$4,204,180 ","$40,014,155 ","$32,134,636 ","$7,879,519 ","$9,792,378 ","$8,525,941 ","$1,266,437 ","$23,518,938 ","$18,978,065 ","$4,540,873 ","$1,409,552 ","$31,925,074 ","$23,789,285 ","$8,135,789 ","$74,131,066 ","$71,152,613 ","$2,978,453 ","$360,729,832 ","$339,832,415 ","$19,986,556 ","$15,239,833 ","$4,746,723 ","$910,861 ","$57,939,734 ","$36,477,851 ","$22,396,584 ","$14,081,267 ","$21,461,883 ","$19,455,501 ","$2,006,382 ","$3,896,269 ","$81,122,457 ","$120,441,908 ","$160,470,353 ","$4,885,238 ","$4,864,123 ","$21,115 ","$155,585,115 ","$10,736,879 ","$110,058,549 ","$34,789,687 ","$45,694,615 ","$4,750,006 ","$26,632,923 ","$14,311,686 ","$109,890,500 ","$5,986,873 ","$83,425,626 ","$20,478,001 ","$58,612,461 ","$4,350,550 ","$48,206,620 ","$6,055,291 ","$7,075,242 ","$169,521 ","$6,361,892 ","$543,829 ","$44,202,797 ","$1,466,802 ","$28,857,114 ","$13,878,881 ","$145,795,999 ","$142,141,336 ","$3,654,663 ","$29,848,897 ","$20,090,534 ","$2,085,025,756 ","$2,054,268,095 ","$30,757,661 ","$1,438,439,321 ","$96,607,350 ","$323,738,546 ",N/A,N/A,N/A,N/A,N/A,N/A,"$224,638,738 ",N/A,N/A,N/A,N/A,N/A,N/A,N/A,N/A,N/A,N/A,N/A,N/A,N/A,N/A,N/A,N/A,N/A,N/A,N/A,N/A,N/A,N/A,N/A,N/A,N/A,N/A,N/A,N/A,"$4,439,154,813 ",N/A,N/A,N/A,N/A,N/A,"$2,745,872,652 ","$2,633,139,167 ","$91,099,859 ","$2,542,039,308 ","$232,508,060 ",N/A,"$2,309,531,248 ","$27,961,051 ","$28,432,843 ","($471,792)","$84,772,434 ","$1,693,282,161 ",N/A,N/A,N/A,N/A,N/A,"$615,828,774 ","$177,477,070 ","$899,976,317 "
United States,2006,"$2,742,151,182 ","$2,289,175,723 ","$2,197,474,868 ","$1,744,499,409 ","$1,205,666,632 ","$364,558,999 ","$841,107,633 ","$417,734,525 ","$285,829,129 ","$131,905,396 ","$5,353,816 ","$6,062,142 ","$15,275,055 ","$36,979,404 ","$301,870 ","$25,498,019 ","$15,005,828 ","$27,429,262 ","$61,506,991 ","$507,853 ","$7,516,733 ","$22,584,319 ","$20,486,599 ","$2,097,720 ","$30,898,086 ","$321,747,880 ","$268,667,132 ","$53,080,748 ","$5,090,687 ","$35,027,550 ","$452,975,459 ","$452,975,459 ",N/A,$0 ,$0 ,"$538,832,777 ","$333,538,440 ","$15,446,609 ","$96,796,289 ","$6,743,162 ","$82,027,169 ","$18,900,491 ","$63,126,678 ","$8,025,958 ","$83,932,749 ","$16,269,122 ","$2,046,077 ","$14,223,045 ","$5,074,020 ","$3,534,726 ","$1,674,224 ","$8,571,975 ","$34,021,052 ","$13,617,055 ","$3,698,023 ","$50,902,596 ","$205,294,337 ","$7,115,198 ","$3,960,826 ","$72,009,953 ","$122,208,360 ","$131,635,896 ","$6,422,563 ","$125,213,333 ","$40,036,690 ","$85,176,643 ","$65,585,677 ","$8,714,400 ","$10,876,566 ","$413,040,418 ","$346,294,568 ","$32,685,276 ","$24,181,502 ","$41,365,915 ","$289,427,790 ","$36,988,942 ","$35,196,166 ","$29,756,908 ","$50,188,970 ","$30,954,791 ","$2,239,090 ","$16,995,089 ","$2,502,263,859 ","$6,502,059 ","$2,495,761,800 ","$2,205,103,727 ","$1,857,926,984 ","$297,160,132 ","$232,987,073 ","$64,173,059 ","$38,985,183 ","$97,609,175 ","$204,080,326 ","$723,240,828 ","$2,123,663,491 ","$2,117,161,432 ","$1,863,279,174 ","$1,856,777,115 ","$1,731,629,623 ","$260,384,317 ","$112,126,520 ","$18,331,766 ","$62,642,834 ","$60,171,656 ","$2,471,178 ","$728,917,285 ","$625,844,053 ","$83,950,230 ","$502,495,702 ","$441,767,985 ","$60,727,717 ","$191,589,276 ","$168,816,925 ","$16,639,800 ","$152,177,125 ","$22,772,351 ","$34,832,307 ","$19,123,002 ","$15,709,305 ","$15,259,143 ","$450,162 ","$4,556,093 ","$98,315,519 ","$93,882,326 ","$4,433,193 ","$37,674,801 ","$21,023,217 ","$33,654,566 ","$31,247,627 ","$2,406,939 ","$12,102,767 ","$7,415,099 ","$4,687,668 ","$178,954,682 ","$170,389,672 ","$8,565,010 ","$69,953,413 ","$68,095,640 ","$1,857,773 ","$109,001,269 ","$102,294,032 ","$6,707,237 ",N/A,N/A,N/A,N/A,"$136,501,895 ","$59,652,421 ","$76,849,474 ","$127,880,395 ","$55,688,541 ","$72,191,854 ","$8,621,500 ","$3,963,880 ","$4,657,620 ","$42,053,040 ","$33,940,463 ","$8,112,577 ","$10,461,730 ","$8,868,368 ","$1,593,362 ","$25,282,925 ","$20,811,142 ","$4,471,783 ","$1,356,391 ","$34,666,948 ","$25,428,210 ","$9,238,738 ","$78,471,954 ","$75,241,430 ","$3,230,524 ","$367,397,017 ","$346,693,089 ","$19,823,742 ","$13,995,145 ","$5,828,597 ","$880,186 ","$62,083,202 ","$39,382,143 ","$24,040,623 ","$15,341,520 ","$22,701,059 ","$20,600,025 ","$2,101,034 ","$4,276,448 ","$86,162,309 ","$130,972,061 ","$174,520,042 ","$5,228,162 ","$5,194,961 ","$33,201 ","$169,291,880 ","$11,446,866 ","$121,102,400 ","$36,742,614 ","$47,772,542 ","$5,068,294 ","$28,406,151 ","$14,298,097 ","$121,519,338 ","$6,378,572 ","$92,696,249 ","$22,444,517 ","$66,237,831 ","$4,586,794 ","$53,858,432 ","$7,792,605 ","$9,050,731 ","$163,872 ","$8,366,851 ","$520,008 ","$46,230,776 ","$1,627,906 ","$30,470,966 ","$14,131,904 ","$156,188,939 ","$152,072,807 ","$4,116,132 ","$28,097,329 ","$19,794,058 ","$2,204,015,957 ","$2,170,818,211 ","$33,197,746 ","$1,515,378,756 ","$116,639,383 ","$341,914,208 ",N/A,N/A,N/A,N/A,N/A,N/A,"$229,492,541 ",N/A,N/A,N/A,N/A,N/A,N/A,N/A,N/A,N/A,N/A,N/A,N/A,N/A,N/A,N/A,N/A,N/A,N/A,N/A,N/A,N/A,N/A,N/A,N/A,N/A,N/A,N/A,N/A,"$4,818,076,405 ",N/A,N/A,N/A,N/A,N/A,"$2,972,047,800 ","$2,848,489,350 ","$92,768,259 ","$2,755,721,091 ","$245,514,951 ",N/A,"$2,510,206,140 ","$35,444,100 ","$35,540,488 ","($96,388)","$88,114,350 ","$1,846,028,605 ",N/A,N/A,N/A,N/A,N/A,"$655,439,455 ","$189,525,214 ","$1,001,063,936 "
United States,2007,"$3,067,232,228 ","$2,602,647,384 ","$2,329,356,126 ","$1,864,771,282 ","$1,283,262,933 ","$388,701,384 ","$894,561,549 ","$440,331,138 ","$300,462,837 ","$139,868,301 ","$5,606,480 ","$6,627,731 ","$16,108,511 ","$37,849,041 ","$293,298 ","$27,123,218 ","$15,828,437 ","$30,431,585 ","$63,721,691 ","$619,417 ","$8,617,161 ","$23,197,347 ","$21,045,202 ","$2,152,145 ","$31,287,766 ","$350,904,354 ","$290,278,113 ","$60,626,241 ","$5,118,279 ","$34,486,087 ","$464,584,844 ","$464,584,844 ",N/A,$0 ,$0 ,"$581,508,349 ","$350,063,831 ","$16,584,133 ","$102,254,384 ","$6,929,238 ","$86,912,297 ","$20,471,200 ","$66,441,097 ","$8,412,849 ","$91,297,642 ","$10,645,887 ","$2,190,069 ","$8,455,818 ","$5,577,063 ","$3,982,841 ","$1,824,790 ","$8,792,334 ","$36,081,933 ","$14,487,483 ","$3,864,136 ","$54,671,205 ","$231,444,518 ","$7,684,960 ","$4,522,253 ","$91,977,590 ","$127,259,715 ","$140,756,072 ","$6,823,097 ","$133,932,975 ","$43,401,415 ","$90,531,560 ","$70,346,343 ","$8,613,816 ","$11,571,401 ","$597,120,030 ","$533,735,420 ","$34,796,276 ","$26,698,415 ",N/A,"$472,240,729 ","$34,186,073 ","$32,418,259 ","$29,198,537 ",N/A,N/A,N/A,N/A,"$2,663,811,937 ","$4,670,648 ","$2,659,141,289 ","$2,338,545,067 ","$1,973,963,659 ","$325,266,870 ","$254,701,627 ","$70,565,243 ","$39,815,716 ","$106,017,344 ","$214,077,700 ","$762,158,084 ","$2,259,899,291 ","$2,255,228,643 ","$1,973,693,260 ","$1,969,022,612 ","$1,835,671,802 ","$286,206,031 ","$120,666,049 ","$20,086,017 ","$68,035,382 ","$64,811,380 ","$3,224,002 ","$773,676,060 ","$662,332,024 ","$91,541,270 ","$534,980,224 ","$469,447,924 ","$65,532,300 ","$203,933,296 ","$178,566,816 ","$18,030,704 ","$160,536,112 ","$25,366,480 ","$34,762,540 ","$19,802,766 ","$14,959,774 ","$14,317,284 ","$642,490 ","$3,969,814 ","$105,510,000 ","$101,069,730 ","$4,440,270 ","$39,756,640 ","$24,309,928 ","$36,687,551 ","$33,755,656 ","$2,931,895 ","$13,886,765 ","$8,178,149 ","$5,708,616 ","$192,843,874 ","$183,070,982 ","$9,772,892 ","$74,050,924 ","$71,925,286 ","$2,125,638 ","$118,792,950 ","$111,145,696 ","$7,647,254 ",N/A,N/A,N/A,N/A,"$144,714,418 ","$61,382,169 ","$83,332,249 ","$135,275,157 ","$57,192,330 ","$78,082,827 ","$9,439,261 ","$4,189,839 ","$5,249,422 ","$45,884,468 ","$37,891,147 ","$7,993,321 ","$10,759,414 ","$9,377,068 ","$1,382,346 ","$28,638,498 ","$22,297,115 ","$6,341,383 ","$1,450,020 ","$37,497,570 ","$27,438,534 ","$10,059,036 ","$83,978,498 ","$80,271,181 ","$3,707,317 ","$383,652,394 ","$362,605,626 ","$19,969,043 ","$13,304,403 ","$6,664,640 ","$1,077,725 ","$66,871,629 ","$44,103,577 ","$26,405,669 ","$17,697,908 ","$22,768,052 ","$20,460,071 ","$2,307,981 ","$4,758,338 ","$93,535,094 ","$138,792,839 ","$189,834,946 ","$5,602,669 ","$5,571,271 ","$31,398 ","$184,232,277 ","$12,482,250 ","$132,720,586 ","$39,029,441 ","$54,176,572 ","$5,784,535 ","$31,470,413 ","$16,921,624 ","$130,055,705 ","$6,697,715 ","$101,250,173 ","$22,107,817 ","$69,625,394 ","$4,757,843 ","$56,888,946 ","$7,978,605 ","$12,006,870 ","$198,984 ","$11,299,002 ","$508,884 ","$48,423,441 ","$1,740,888 ","$33,062,225 ","$13,620,328 ","$167,415,720 ","$162,177,263 ","$5,238,457 ","$28,933,602 ","$17,728,378 ","$2,404,698,499 ","$2,373,329,689 ","$31,368,810 ","$1,667,771,382 ","$151,452,211 ","$381,834,947 ",N/A,N/A,N/A,N/A,N/A,N/A,"$228,382,920 ",N/A,N/A,N/A,N/A,N/A,N/A,N/A,N/A,N/A,N/A,N/A,N/A,N/A,N/A,N/A,N/A,N/A,N/A,N/A,N/A,N/A,N/A,N/A,N/A,N/A,N/A,N/A,N/A,"$5,457,738,228 ",N/A,N/A,N/A,N/A,N/A,"$3,406,071,908 ","$3,268,504,381 ","$118,912,021 ","$3,149,592,360 ","$264,285,554 ",N/A,"$2,885,306,806 ","$40,212,929 ","$40,048,459 ","$164,470 ","$97,354,598 ","$2,051,666,320 ",N/A,N/A,N/A,N/A,N/A,"$705,558,307 ","$213,889,578 ","$1,132,218,435 "
United States,2008,"$2,620,868,024 ","$2,143,427,417 ","$2,421,977,020 ","$1,944,536,413 ","$1,329,598,803 ","$409,539,657 ","$920,059,146 ","$449,944,957 ","$304,739,498 ","$145,205,459 ","$5,748,447 ","$7,173,747 ","$16,489,834 ","$38,960,918 ","$281,941 ","$28,098,883 ","$16,583,060 ","$31,868,629 ","$65,978,268 ","$605,724 ","$10,480,250 ","$23,379,962 ","$21,197,442 ","$2,182,520 ","$31,512,332 ","$362,132,967 ","$304,902,076 ","$57,230,891 ","$5,349,697 ","$36,653,257 ","$477,440,607 ","$477,440,607 ",N/A,$0 ,$0 ,"$614,937,610 ","$375,693,999 ","$17,786,857 ","$108,805,188 ","$6,999,023 ","$92,977,211 ","$21,889,574 ","$71,087,637 ","$8,828,954 ","$97,983,048 ","$11,323,056 ","$2,321,964 ","$9,001,092 ","$5,826,422 ","$3,938,471 ","$1,936,705 ","$9,611,285 ","$38,146,078 ","$15,239,552 ","$4,133,206 ","$60,964,131 ","$239,243,611 ","$7,469,796 ","$4,340,386 ","$94,185,969 ","$133,247,460 ","$145,844,132 ","$7,242,295 ","$138,601,837 ","$44,900,000 ","$93,701,837 ","$72,671,631 ","$8,878,968 ","$12,151,238 ","$53,046,872 ","($5,419,783)","$37,234,443 ","$28,797,648 ",N/A,"($71,451,874)","$34,488,513 ","$32,626,901 ","$23,978,142 ",N/A,N/A,N/A,N/A,"$2,839,547,849 ","$4,765,734 ","$2,834,782,115 ","$2,489,837,956 ","$2,094,115,217 ","$349,709,893 ","$270,360,329 ","$79,349,564 ","$42,021,291 ","$113,735,525 ","$235,200,189 ","$801,810,834 ","$2,406,183,108 ","$2,401,417,374 ","$2,097,726,011 ","$2,092,960,277 ","$1,949,931,321 ","$308,457,097 ","$128,767,899 ","$21,277,449 ","$72,752,623 ","$69,199,149 ","$3,553,474 ","$826,060,675 ","$706,432,800 ","$98,283,652 ","$565,618,098 ","$495,332,623 ","$70,285,475 ","$222,931,658 ","$195,553,003 ","$19,697,150 ","$175,855,853 ","$27,378,655 ","$37,510,919 ","$21,344,223 ","$16,166,696 ","$15,547,174 ","$619,522 ","$4,054,823 ","$110,678,266 ","$106,075,073 ","$4,603,193 ","$40,349,882 ","$26,363,150 ","$39,304,874 ","$35,903,614 ","$3,401,260 ","$15,110,656 ","$8,531,659 ","$6,578,997 ","$209,904,122 ","$198,602,961 ","$11,301,161 ","$79,790,721 ","$77,603,994 ","$2,186,727 ","$130,113,401 ","$120,998,967 ","$9,114,434 ",N/A,N/A,N/A,N/A,"$153,830,625 ","$65,241,984 ","$88,588,641 ","$139,984,115 ","$60,541,919 ","$79,442,196 ","$13,846,510 ","$4,700,065 ","$9,146,445 ","$51,071,198 ","$41,862,162 ","$9,209,036 ","$11,521,190 ","$9,877,213 ","$1,643,977 ","$29,766,146 ","$23,013,817 ","$6,752,329 ","$1,585,535 ","$40,613,529 ","$28,930,426 ","$11,683,103 ","$89,463,025 ","$85,657,625 ","$3,805,400 ","$404,197,721 ","$382,514,543 ","$20,629,632 ","$12,921,431 ","$7,708,201 ","$1,053,546 ","$70,377,610 ","$46,715,566 ","$27,813,518 ","$18,902,048 ","$23,662,044 ","$21,304,022 ","$2,358,022 ","$4,913,837 ","$101,007,665 ","$143,925,805 ","$198,164,552 ","$5,930,618 ","$5,899,270 ","$31,348 ","$192,233,934 ","$12,727,860 ","$138,284,626 ","$41,221,448 ","$54,921,809 ","$5,759,138 ","$32,763,360 ","$16,399,311 ","$137,312,125 ","$6,968,722 ","$105,521,266 ","$24,822,137 ","$74,881,850 ","$4,757,913 ","$59,727,648 ","$10,396,289 ","$10,537,328 ","$384,067 ","$9,633,548 ","$519,713 ","$51,892,947 ","$1,826,742 ","$36,160,070 ","$13,906,135 ","$181,577,831 ","$176,795,694 ","$4,782,137 ","$35,567,964 ","$18,054,394 ","$2,564,419,582 ","$2,518,676,649 ","$45,742,933 ","$1,762,851,941 ","$143,615,245 ","$373,621,282 ",N/A,N/A,N/A,N/A,N/A,N/A,"$243,465,858 ",N/A,N/A,N/A,N/A,N/A,N/A,N/A,N/A,N/A,N/A,N/A,N/A,N/A,N/A,N/A,N/A,N/A,N/A,N/A,N/A,N/A,N/A,N/A,N/A,N/A,N/A,N/A,N/A,"$5,310,814,143 ",N/A,N/A,N/A,N/A,N/A,"$3,166,705,799 ","$3,028,731,644 ","$106,833,917 ","$2,921,897,727 ","$220,607,149 ",N/A,"$2,701,290,578 ","$38,930,737 ","$39,093,032 ","($162,295)","$99,043,418 ","$2,144,108,344 ",N/A,N/A,N/A,N/A,N/A,"$755,824,708 ","$230,970,811 ","$1,157,312,825 "
United States,2009,"$2,098,595,407 ","$1,560,646,025 ","$2,429,671,977 ","$1,891,722,595 ","$1,282,156,133 ","$434,818,264 ","$847,337,869 ","$434,128,330 ","$291,300,296 ","$142,828,034 ","$5,885,424 ","$7,019,283 ","$15,727,718 ","$37,823,608 ","$215,571 ","$28,664,824 ","$17,162,063 ","$30,329,543 ","$64,356,905 ","$582,691 ","$10,239,983 ","$23,453,307 ","$21,249,225 ","$2,204,082 ","$30,080,924 ","$317,221,382 ","$270,941,521 ","$46,279,861 ","$4,919,680 ","$26,711,572 ","$537,949,382 ","$537,949,382 ",N/A,$0 ,$0 ,"$609,566,462 ","$395,361,837 ","$18,074,433 ","$115,239,932 ","$6,964,172 ","$99,475,517 ","$23,097,833 ","$76,377,684 ","$8,800,243 ","$107,225,828 ","$11,962,617 ","$2,502,401 ","$9,460,216 ","$5,684,699 ","$4,238,778 ","$2,040,377 ","$9,193,509 ","$41,478,298 ","$15,687,637 ","$4,018,750 ","$60,516,979 ","$214,204,625 ","$6,838,333 ","$3,354,780 ","$72,544,401 ","$131,467,111 ","$155,560,061 ","$7,585,294 ","$147,974,767 ","$47,306,441 ","$100,668,326 ","$78,313,498 ","$9,325,567 ","$13,029,261 ","($486,636,631)","($552,654,981)","$39,286,002 ","$29,428,552 ",N/A,"($621,369,535)","$42,114,692 ","$30,703,006 ","$23,903,658 ",N/A,N/A,N/A,N/A,"$2,993,874,267 ","$4,894,977 ","$2,988,979,290 ","$2,631,262,420 ","$2,186,500,028 ","$362,611,847 ","$284,657,683 ","$77,954,164 ","$44,667,208 ","$118,136,790 ","$277,063,417 ","$831,793,288 ","$2,500,796,037 ","$2,495,901,060 ","$2,187,759,612 ","$2,182,864,635 ","$2,033,748,484 ","$313,036,425 ","$135,903,549 ","$22,753,471 ","$75,096,191 ","$71,234,610 ","$3,861,581 ","$851,688,754 ","$727,687,693 ","$101,216,831 ","$577,866,887 ","$508,608,147 ","$69,258,740 ","$234,630,758 ","$203,245,224 ","$20,810,761 ","$182,434,463 ","$31,385,534 ","$39,191,109 ","$22,784,230 ","$16,406,879 ","$15,834,322 ","$572,557 ","$4,569,908 ","$112,953,472 ","$108,205,433 ","$4,748,039 ","$40,575,638 ","$29,621,017 ","$40,886,465 ","$37,761,744 ","$3,124,721 ","$15,396,793 ","$8,910,576 ","$6,486,217 ","$223,180,099 ","$211,519,159 ","$11,660,940 ","$83,096,261 ","$80,859,085 ","$2,237,176 ","$140,083,838 ","$130,660,074 ","$9,423,764 ",N/A,N/A,N/A,N/A,"$154,337,619 ","$67,526,582 ","$86,811,037 ","$143,430,467 ","$62,644,622 ","$80,785,845 ","$10,907,152 ","$4,881,960 ","$6,025,192 ","$49,884,605 ","$41,836,993 ","$8,047,612 ","$11,130,261 ","$9,782,593 ","$1,347,668 ","$30,271,168 ","$23,678,073 ","$6,593,095 ","$1,724,105 ","$41,442,392 ","$29,954,340 ","$11,488,052 ","$95,017,084 ","$91,052,101 ","$3,964,983 ","$432,427,937 ","$409,739,790 ","$21,825,056 ","$13,347,499 ","$8,477,557 ","$863,091 ","$75,151,545 ","$50,962,151 ","$29,715,188 ","$21,246,963 ","$24,189,394 ","$21,970,605 ","$2,218,789 ","$5,350,489 ","$104,448,943 ","$148,189,759 ","$216,014,813 ","$6,286,368 ","$6,246,486 ","$39,882 ","$209,728,445 ","$13,687,847 ","$146,505,058 ","$49,535,540 ","$59,930,582 ","$6,051,491 ","$35,429,030 ","$18,450,061 ","$149,797,863 ","$7,636,356 ","$111,076,028 ","$31,085,479 ","$81,426,262 ","$5,066,279 ","$64,001,495 ","$12,358,488 ","$9,595,922 ","$538,385 ","$8,350,940 ","$706,597 ","$58,775,679 ","$2,031,692 ","$38,723,593 ","$18,020,394 ","$192,506,559 ","$188,524,058 ","$3,982,501 ","$66,159,396 ","$18,397,462 ","$2,713,218,307 ","$2,676,320,756 ","$36,897,551 ","$1,877,845,065 ","$106,405,054 ","$371,289,728 ",N/A,N/A,N/A,N/A,N/A,N/A,"$256,526,527 ",N/A,N/A,N/A,N/A,N/A,N/A,N/A,N/A,N/A,N/A,N/A,N/A,N/A,N/A,N/A,N/A,N/A,N/A,N/A,N/A,N/A,N/A,N/A,N/A,N/A,N/A,N/A,N/A,"$4,537,379,352 ",N/A,N/A,N/A,N/A,N/A,"$2,419,836,685 ","$2,316,377,790 ","$105,933,946 ","$2,210,443,844 ","$211,015,630 ",N/A,"$1,999,428,214 ","$10,234,254 ","$18,723,254 ","($8,489,000)","$93,224,641 ","$2,117,542,667 ",N/A,N/A,N/A,N/A,N/A,"$798,475,691 ","$213,760,900 ","$1,105,306,076 "
United States,2010,"$3,180,023,050 ","$2,556,222,164 ","$2,510,845,953 ","$1,887,045,067 ","$1,278,846,635 ","$443,947,292 ","$834,899,343 ","$435,570,729 ","$288,499,186 ","$147,071,543 ","$6,021,465 ","$7,049,733 ","$16,530,984 ","$37,922,286 ","$183,629 ","$28,486,519 ","$17,302,708 ","$33,574,219 ","$64,614,156 ","$604,102 ","$9,945,203 ","$24,931,873 ","$22,458,803 ","$2,473,070 ","$29,132,978 ","$305,618,269 ","$261,510,473 ","$44,107,796 ","$4,153,376 ","$24,942,813 ","$623,800,886 ","$623,800,886 ",N/A,$0 ,$0 ,"$608,198,432 ","$411,199,546 ","$18,066,940 ","$121,138,358 ","$6,600,448 ","$105,515,070 ","$24,328,655 ","$81,186,415 ","$9,022,840 ","$113,338,901 ","$12,001,286 ","$2,428,952 ","$9,572,334 ","$5,788,890 ","$4,633,234 ","$3,226,373 ","$9,328,626 ","$43,471,819 ","$15,737,512 ","$3,880,871 ","$60,586,736 ","$196,998,886 ","$7,001,082 ","$2,829,118 ","$59,827,999 ","$127,340,687 ","$154,757,565 ","$7,716,382 ","$147,041,183 ","$49,326,963 ","$97,714,220 ","$76,492,186 ","$8,218,989 ","$13,003,045 ","$514,419,532 ","$416,536,352 ","$39,267,664 ","$29,725,086 ",N/A,"$347,543,602 ","$75,191,454 ","$36,234,368 ","$22,691,726 ",N/A,N/A,N/A,N/A,"$3,115,171,744 ","$4,339,166 ","$3,110,832,578 ","$2,759,734,952 ","$2,228,794,386 ","$355,436,792 ","$284,213,054 ","$71,223,738 ","$47,635,609 ","$119,939,082 ","$359,026,709 ","$844,650,118 ","$2,542,231,083 ","$2,537,891,917 ","$2,236,074,243 ","$2,231,735,077 ","$2,078,384,612 ","$306,156,840 ","$137,106,351 ","$24,209,029 ","$73,100,366 ","$69,993,986 ","$3,106,380 ","$860,117,563 ","$741,630,559 ","$93,562,051 ","$573,640,909 ","$513,400,993 ","$60,239,916 ","$243,514,942 ","$211,870,790 ","$22,361,057 ","$189,509,733 ","$31,644,152 ","$42,961,712 ","$24,924,953 ","$18,036,759 ","$16,358,776 ","$1,677,983 ","$5,156,720 ","$111,811,712 ","$107,169,992 ","$4,641,720 ","$40,240,555 ","$28,532,228 ","$41,334,646 ","$38,449,503 ","$2,885,143 ","$14,907,577 ","$8,575,701 ","$6,331,876 ","$227,285,013 ","$216,667,078 ","$10,617,935 ","$81,382,671 ","$79,317,471 ","$2,065,200 ","$145,902,342 ","$137,349,607 ","$8,552,735 ",N/A,N/A,N/A,N/A,"$155,912,393 ","$66,017,474 ","$89,894,919 ","$144,778,389 ","$61,416,000 ","$83,362,389 ","$11,134,004 ","$4,601,474 ","$6,532,530 ","$53,923,248 ","$45,115,898 ","$8,807,350 ","$10,991,012 ","$9,523,690 ","$1,467,322 ","$28,433,000 ","$23,218,634 ","$5,214,366 ","$1,688,325 ","$40,247,106 ","$29,535,857 ","$10,711,249 ","$95,771,705 ","$91,694,977 ","$4,076,728 ","$456,199,520 ","$432,665,048 ","$22,643,938 ","$14,299,048 ","$8,344,890 ","$890,534 ","$75,619,770 ","$51,990,624 ","$30,075,888 ","$21,914,736 ","$23,629,146 ","$21,525,898 ","$2,103,248 ","$5,263,324 ","$105,714,856 ","$150,205,032 ","$213,913,952 ","$6,358,744 ","$6,336,361 ","$22,383 ","$207,555,208 ","$14,224,226 ","$144,073,413 ","$49,257,569 ","$60,655,168 ","$6,552,314 ","$36,454,968 ","$17,647,886 ","$146,900,040 ","$7,671,912 ","$107,618,445 ","$31,609,683 ","$78,478,379 ","$4,983,190 ","$61,230,497 ","$12,264,692 ","$8,272,905 ","$542,093 ","$7,143,572 ","$587,240 ","$60,148,756 ","$2,146,629 ","$39,244,376 ","$18,757,751 ","$204,803,475 ","$200,627,291 ","$4,176,184 ","$135,366,835 ","$18,856,399 ","$2,844,189,751 ","$2,799,101,292 ","$45,088,459 ","$1,987,496,647 ","$129,889,909 ","$398,962,254 ",N/A,N/A,N/A,N/A,N/A,N/A,"$275,809,689 ",N/A,N/A,N/A,N/A,N/A,N/A,N/A,N/A,N/A,N/A,N/A,N/A,N/A,N/A,N/A,N/A,N/A,N/A,N/A,N/A,N/A,N/A,N/A,N/A,N/A,N/A,N/A,N/A,"$4,826,010,816 ",N/A,N/A,N/A,N/A,N/A,"$2,657,052,482 ","$2,576,703,023 ","$103,283,937 ","$2,473,419,086 ","$231,300,023 ",N/A,"$2,242,119,063 ","($17,301,122)","$14,330,950 ","($31,632,072)","$97,650,581 ","$2,168,958,334 ",N/A,N/A,N/A,N/A,N/A,"$811,604,645 ","$209,445,746 ","$1,147,907,943 "
United States,2011,"$3,440,608,614 ","$2,793,002,803 ","$2,618,037,203 ","$1,970,431,392 ","$1,344,169,594 ","$445,771,236 ","$898,398,358 ","$463,979,488 ","$304,668,034 ","$159,311,454 ","$6,236,852 ","$7,231,386 ","$17,125,581 ","$41,187,374 ","$168,988 ","$28,835,197 ","$17,664,904 ","$40,861,172 ","$66,317,275 ","$605,166 ","$10,066,433 ","$25,716,974 ","$23,191,249 ","$2,525,725 ","$29,928,702 ","$333,715,041 ","$285,293,135 ","$48,421,906 ","$4,810,811 ","$29,575,743 ","$647,605,811 ","$647,605,811 ",N/A,$0 ,$0 ,"$626,261,798 ","$428,772,543 ","$18,878,396 ","$129,100,033 ","$6,364,490 ","$113,747,649 ","$25,381,628 ","$88,366,021 ","$8,987,894 ","$118,735,447 ","$12,573,803 ","$1,625,827 ","$10,947,976 ","$5,917,973 ","$4,867,628 ","$2,178,147 ","$9,360,299 ","$45,702,092 ","$16,037,152 ","$4,160,159 ","$61,261,414 ","$197,489,255 ","$6,850,266 ","$2,813,675 ","$56,495,491 ","$131,329,823 ","$158,029,444 ","$7,932,837 ","$150,096,607 ","$51,554,316 ","$98,542,291 ","$77,201,463 ","$7,604,019 ","$13,736,809 ","$664,541,967 ","$554,286,288 ","$40,192,549 ","$33,237,371 ",N/A,"$480,856,368 ","$87,577,550 ","$45,616,622 ","$22,678,129 ",N/A,N/A,N/A,N/A,"$3,159,581,385 ","$4,295,922 ","$3,155,285,463 ","$2,823,241,057 ","$2,284,200,826 ","$336,340,328 ","$269,425,912 ","$66,914,416 ","$50,168,061 ","$123,688,524 ","$360,887,724 ","$849,093,638 ","$2,583,804,897 ","$2,579,508,975 ","$2,294,993,478 ","$2,290,697,556 ","$2,132,051,050 ","$288,811,419 ","$138,146,794 ","$22,685,020 ","$73,243,350 ","$70,331,507 ","$2,911,843 ","$862,270,903 ","$749,242,288 ","$86,759,788 ","$565,283,896 ","$512,295,116 ","$52,988,780 ","$252,988,869 ","$220,773,154 ","$23,280,216 ","$197,492,938 ","$32,215,715 ","$43,998,138 ","$26,268,827 ","$17,729,311 ","$16,174,018 ","$1,555,293 ","$5,255,857 ","$110,151,895 ","$106,205,691 ","$3,946,204 ","$39,351,089 ","$27,874,823 ","$41,380,619 ","$38,904,570 ","$2,476,049 ","$13,699,156 ","$8,347,872 ","$5,351,284 ","$233,018,420 ","$222,225,383 ","$10,793,037 ","$82,392,437 ","$80,093,152 ","$2,299,285 ","$150,625,983 ","$142,132,231 ","$8,493,752 ",N/A,N/A,N/A,N/A,"$153,895,157 ","$67,614,172 ","$86,280,985 ","$143,218,087 ","$62,700,009 ","$80,518,078 ","$10,677,070 ","$4,914,163 ","$5,762,907 ","$56,283,504 ","$47,285,103 ","$8,998,401 ","$10,698,511 ","$9,526,343 ","$1,172,168 ","$28,689,482 ","$23,321,157 ","$5,368,325 ","$1,634,964 ","$38,364,004 ","$29,352,138 ","$9,011,866 ","$96,766,175 ","$92,887,129 ","$3,879,046 ","$490,645,080 ","$466,033,051 ","$23,787,302 ","$14,867,971 ","$8,919,331 ","$824,727 ","$77,154,329 ","$53,537,997 ","$30,616,649 ","$22,921,348 ","$23,616,332 ","$21,709,313 ","$1,907,019 ","$5,066,902 ","$108,478,445 ","$150,127,202 ","$214,888,764 ","$6,556,628 ","$6,517,478 ","$39,150 ","$208,332,136 ","$15,210,079 ","$145,632,298 ","$47,489,759 ","$60,897,005 ","$7,200,665 ","$36,660,944 ","$17,035,396 ","$147,435,131 ","$8,009,414 ","$108,971,354 ","$30,454,363 ","$79,271,688 ","$5,268,546 ","$62,622,123 ","$11,381,019 ","$7,595,537 ","$543,663 ","$6,550,728 ","$501,146 ","$60,567,906 ","$2,197,205 ","$39,798,503 ","$18,572,198 ","$220,551,231 ","$215,808,381 ","$4,742,850 ","$121,869,972 ","$18,466,521 ","$2,923,138,041 ","$2,888,417,043 ","$34,720,998 ","$2,079,243,323 ","$79,922,696 ","$364,590,909 ",N/A,N/A,N/A,N/A,N/A,N/A,"$275,052,935 ",N/A,N/A,N/A,N/A,N/A,N/A,N/A,N/A,N/A,N/A,N/A,N/A,N/A,N/A,N/A,N/A,N/A,N/A,N/A,N/A,N/A,N/A,N/A,N/A,N/A,N/A,N/A,N/A,"$5,265,065,593 ",N/A,N/A,N/A,N/A,N/A,"$3,021,262,879 ","$2,937,915,962 ","$134,565,901 ","$2,803,350,061 ","$236,719,601 ",N/A,"$2,566,630,460 ","($18,499,848)","$16,270,624 ","($34,770,472)","$101,846,765 ","$2,243,802,714 ",N/A,N/A,N/A,N/A,N/A,"$809,173,720 ","$209,337,084 ","$1,225,291,910 "
United States,2012,"$2,992,556,766 ","$2,411,953,220 ","$2,598,745,198 ","$2,018,141,652 ","$1,387,984,790 ","$445,853,993 ","$942,130,797 ","$482,172,208 ","$321,233,576 ","$160,938,632 ","$6,503,540 ","$7,422,054 ","$17,425,648 ","$41,423,336 ","$168,734 ","$28,818,286 ","$17,604,538 ","$41,572,496 ","$65,421,870 ","$632,162 ","$6,853,594 ","$27,242,832 ","$24,631,275 ","$2,611,557 ","$30,693,282 ","$356,774,084 ","$307,897,362 ","$48,876,722 ","$4,869,968 ","$32,892,667 ","$580,603,546 ","$580,603,546 ",N/A,$0 ,$0 ,"$630,156,862 ","$427,399,230 ","$19,755,205 ","$114,618,697 ","$6,316,142 ","$98,840,504 ","$24,732,359 ","$74,108,145 ","$9,462,051 ","$124,069,128 ","$13,884,016 ","$1,927,383 ","$11,956,633 ","$6,380,540 ","$4,512,579 ","$2,581,419 ","$9,689,156 ","$47,450,726 ","$16,686,311 ","$4,384,494 ","$63,386,959 ","$202,757,632 ","$7,329,037 ","$3,409,112 ","$52,000,867 ","$140,018,616 ","$160,936,406 ","$8,777,093 ","$152,159,313 ","$54,726,751 ","$97,432,562 ","$75,802,663 ","$7,116,248 ","$14,513,651 ","$232,875,162 ","$158,930,868 ","$42,850,705 ","$32,930,746 ",N/A,"$83,149,417 ","$50,854,909 ","$50,371,649 ","$23,089,385 ",N/A,N/A,N/A,N/A,"$3,158,292,614 ","$3,960,888 ","$3,154,331,726 ","$2,828,842,596 ","$2,299,340,436 ","$329,450,018 ","$267,227,894 ","$62,222,124 ","$52,825,852 ","$125,236,114 ","$347,479,306 ","$832,356,088 ","$2,595,947,409 ","$2,591,986,521 ","$2,312,792,722 ","$2,308,831,834 ","$2,147,085,076 ","$283,154,687 ","$139,396,297 ","$20,821,095 ","$72,357,605 ","$69,201,801 ","$3,155,804 ","$870,321,140 ","$757,873,122 ","$84,708,933 ","$564,087,197 ","$513,000,551 ","$51,086,646 ","$259,055,311 ","$226,721,875 ","$24,377,141 ","$202,344,734 ","$32,333,436 ","$47,178,632 ","$27,739,085 ","$19,439,547 ","$18,150,696 ","$1,288,851 ","$5,305,813 ","$113,663,585 ","$109,222,092 ","$4,441,493 ","$40,580,139 ","$29,821,369 ","$42,520,355 ","$39,866,317 ","$2,654,038 ","$14,568,791 ","$9,049,399 ","$5,519,392 ","$241,264,708 ","$229,577,358 ","$11,687,350 ","$86,751,275 ","$84,660,874 ","$2,090,401 ","$154,513,433 ","$144,916,484 ","$9,596,949 ",N/A,N/A,N/A,N/A,"$159,498,094 ","$70,695,499 ","$88,802,595 ","$149,287,483 ","$65,589,795 ","$83,697,688 ","$10,210,611 ","$5,105,704 ","$5,104,907 ","$53,727,374 ","$46,450,860 ","$7,276,514 ","$11,429,805 ","$10,229,562 ","$1,200,243 ","$28,604,323 ","$23,346,374 ","$5,257,949 ","$1,903,284 ","$37,445,096 ","$29,007,336 ","$8,437,760 ","$96,875,942 ","$93,198,776 ","$3,677,166 ","$487,456,033 ","$461,590,673 ","$24,995,635 ","$14,427,221 ","$10,568,414 ","$869,725 ","$76,158,142 ","$51,821,368 ","$31,154,230 ","$20,667,138 ","$24,336,774 ","$22,365,570 ","$1,971,204 ","$5,219,708 ","$108,920,906 ","$143,924,722 ","$214,865,899 ","$7,009,116 ","$6,992,682 ","$16,434 ","$207,856,783 ","$16,315,208 ","$145,262,678 ","$46,278,897 ","$61,661,275 ","$7,576,799 ","$37,837,507 ","$16,246,969 ","$146,195,508 ","$8,738,409 ","$107,425,171 ","$30,031,928 ","$76,722,841 ","$5,518,785 ","$60,732,067 ","$10,471,989 ","$7,232,281 ","$629,870 ","$5,940,207 ","$662,204 ","$62,240,386 ","$2,589,754 ","$40,752,897 ","$18,897,735 ","$234,338,224 ","$229,286,334 ","$5,051,890 ","$95,411,939 ","$17,729,143 ","$2,950,468,468 ","$2,906,838,377 ","$43,630,091 ","$2,111,629,379 ","$18,355,026 ","$341,806,111 ",N/A,N/A,N/A,N/A,N/A,N/A,"$333,005,440 ",N/A,N/A,N/A,N/A,N/A,N/A,N/A,N/A,N/A,N/A,N/A,N/A,N/A,N/A,N/A,N/A,N/A,N/A,N/A,N/A,N/A,N/A,N/A,N/A,N/A,N/A,N/A,N/A,"$5,305,648,892 ",N/A,N/A,N/A,N/A,N/A,"$3,027,903,904 ","$2,919,638,327 ","$113,037,405 ","$2,806,600,922 ","$307,491,420 ",N/A,"$2,499,109,502 ","$1,319,843 ","$15,507,110 ","($14,187,267)","$106,945,734 ","$2,277,744,988 ",N/A,N/A,N/A,N/A,N/A,"$795,208,998 ","$189,842,309 ","$1,292,693,681 "
United States,2013,"$3,432,010,291 ","$2,848,716,587 ","$2,687,494,975 ","$2,104,201,271 ","$1,455,870,548 ","$453,457,785 ","$1,002,412,763 ","$503,553,073 ","$334,888,953 ","$168,664,120 ","$6,641,879 ","$7,517,500 ","$18,114,549 ","$41,462,813 ","$160,157 ","$28,476,511 ","$18,354,014 ","$47,936,697 ","$66,982,172 ","$868,359 ","$6,800,273 ","$27,551,451 ","$24,984,156 ","$2,567,295 ","$31,762,089 ","$392,518,520 ","$339,665,753 ","$52,852,767 ","$5,184,272 ","$34,174,726 ","$583,293,704 ","$583,293,704 ",N/A,$0 ,$0 ,"$648,330,723 ","$440,329,972 ","$20,563,684 ","$117,674,576 ","$6,008,922 ","$101,898,775 ","$24,648,521 ","$77,250,254 ","$9,766,879 ","$128,429,798 ","$15,617,092 ","$1,995,795 ","$13,621,297 ","$6,226,105 ","$4,828,060 ","$2,740,302 ","$9,697,321 ","$49,060,609 ","$16,580,748 ","$4,550,835 ","$64,360,842 ","$208,000,751 ","$7,415,163 ","$3,940,229 ","$51,357,001 ","$145,288,358 ","$164,034,748 ","$8,594,223 ","$155,440,525 ","$57,569,841 ","$97,870,684 ","$76,297,826 ","$6,579,168 ","$14,993,690 ","$580,480,568 ","$455,119,962 ","$44,534,798 ","$36,749,928 ",N/A,"$373,835,236 ","$103,762,226 ","$103,281,760 ","$21,598,380 ",N/A,N/A,N/A,N/A,"$3,191,151,039 ","$3,193,509 ","$3,187,957,530 ","$2,866,877,427 ","$2,346,696,172 ","$324,273,612 ","$260,327,092 ","$63,946,520 ","$54,698,758 ","$125,447,499 ","$336,841,489 ","$856,855,886 ","$2,631,945,195 ","$2,628,751,686 ","$2,360,396,330 ","$2,357,202,821 ","$2,193,792,580 ","$271,548,865 ","$141,144,414 ","$21,463,955 ","$72,374,329 ","$69,991,731 ","$2,382,598 ","$878,957,267 ","$768,663,135 ","$80,454,529 ","$569,906,119 ","$522,079,269 ","$47,826,850 ","$259,954,474 ","$228,453,915 ","$24,473,295 ","$203,980,620 ","$31,500,559 ","$49,096,674 ","$29,839,603 ","$19,257,071 ","$18,129,951 ","$1,127,120 ","$5,035,202 ","$114,133,709 ","$110,000,777 ","$4,132,932 ","$41,504,871 ","$29,976,919 ","$42,543,144 ","$39,996,032 ","$2,547,112 ","$14,076,648 ","$8,780,542 ","$5,296,106 ","$244,529,497 ","$233,317,376 ","$11,212,121 ","$88,125,101 ","$86,308,493 ","$1,816,608 ","$156,404,396 ","$147,008,883 ","$9,395,513 ",N/A,N/A,N/A,N/A,"$160,260,119 ","$70,866,169 ","$89,393,950 ","$148,125,695 ","$65,723,255 ","$82,402,440 ","$12,134,424 ","$5,142,914 ","$6,991,510 ","$50,527,095 ","$45,016,824 ","$5,510,271 ","$11,173,885 ","$10,092,587 ","$1,081,298 ","$28,347,051 ","$23,644,692 ","$4,702,359 ","$1,925,926 ","$37,023,244 ","$29,054,707 ","$7,968,537 ","$98,601,270 ","$94,773,150 ","$3,828,120 ","$515,048,845 ","$489,503,379 ","$24,766,729 ","$13,859,235 ","$10,907,494 ","$778,737 ","$74,309,483 ","$50,134,719 ","$31,722,355 ","$18,412,364 ","$24,174,764 ","$22,302,172 ","$1,872,592 ","$5,375,680 ","$108,711,483 ","$144,333,854 ","$222,364,355 ","$6,666,815 ","$6,648,221 ","$18,594 ","$215,697,540 ","$16,736,016 ","$146,255,371 ","$52,706,153 ","$63,524,893 ","$8,083,860 ","$38,964,586 ","$16,476,447 ","$152,172,647 ","$8,652,156 ","$107,290,785 ","$36,229,706 ","$76,782,925 ","$5,422,086 ","$59,894,885 ","$11,465,954 ","$7,005,443 ","$687,836 ","$5,616,881 ","$700,726 ","$68,384,279 ","$2,542,234 ","$41,779,019 ","$24,063,026 ","$248,132,375 ","$242,324,373 ","$5,808,002 ","$71,449,755 ","$17,259,359 ","$2,969,985,776 ","$2,938,037,971 ","$31,947,805 ","$2,140,740,023 ","$4,093,052 ","$369,486,272 ",N/A,N/A,N/A,N/A,N/A,N/A,"$355,738,349 ",N/A,N/A,N/A,N/A,N/A,N/A,N/A,N/A,N/A,N/A,N/A,N/A,N/A,N/A,N/A,N/A,N/A,N/A,N/A,N/A,N/A,N/A,N/A,N/A,N/A,N/A,N/A,N/A,"$5,640,445,033 ",N/A,N/A,N/A,N/A,N/A,"$3,293,165,866 ","$3,160,494,210 ","$117,539,880 ","$3,042,954,330 ","$270,023,796 ",N/A,"$2,772,930,534 ","$23,742,457 ","$22,471,505 ","$1,270,952 ","$108,929,199 ","$2,347,279,167 ",N/A,N/A,N/A,N/A,N/A,"$797,297,948 ","$187,194,921 ","$1,362,786,298 "
United States,2014,"$3,629,158,592 ","$3,026,983,102 ","$2,768,260,269 ","$2,166,084,779 ","$1,494,974,279 ","$465,100,023 ","$1,029,874,256 ","$522,014,225 ","$350,865,626 ","$171,148,599 ","$6,750,902 ","$7,893,243 ","$18,934,146 ","$42,797,391 ","$153,892 ","$28,224,793 ","$18,363,702 ","$48,030,530 ","$68,452,165 ","$794,715 ","$6,306,627 ","$28,174,446 ","$25,658,897 ","$2,515,549 ","$33,176,377 ","$397,558,401 ","$343,000,850 ","$54,557,551 ","$5,011,541 ","$36,837,924 ","$602,175,490 ","$602,175,490 ",N/A,$0 ,$0 ,"$671,110,500 ","$458,475,458 ","$21,089,814 ","$120,774,384 ","$5,881,157 ","$104,907,680 ","$25,315,665 ","$79,592,015 ","$9,985,547 ","$134,581,538 ","$16,680,967 ","$2,032,736 ","$14,648,231 ","$6,492,203 ","$4,814,019 ","$2,908,802 ","$9,952,000 ","$51,955,827 ","$16,688,290 ","$4,829,594 ","$67,708,020 ","$212,635,042 ","$7,678,105 ","$4,092,647 ","$51,089,347 ","$149,774,943 ","$170,559,353 ","$8,936,414 ","$161,622,939 ","$59,780,245 ","$101,842,694 ","$78,709,321 ","$7,319,577 ","$15,813,796 ","$690,338,970 ","$632,871,512 ","$45,296,794 ","$41,267,773 ",N/A,"$546,306,945 ","$34,642,947 ","$30,747,119 ","$22,824,511 ",N/A,N/A,N/A,N/A,"$3,290,056,977 ","$3,202,205 ","$3,286,854,772 ","$2,970,994,444 ","$2,444,209,181 ","$319,062,533 ","$256,375,610 ","$62,686,923 ","$56,417,326 ","$123,987,826 ","$343,177,906 ","$877,884,471 ","$2,723,021,764 ","$2,719,819,559 ","$2,451,658,538 ","$2,448,456,333 ","$2,284,788,867 ","$271,363,226 ","$146,053,936 ","$21,839,563 ","$74,253,984 ","$71,427,404 ","$2,826,580 ","$906,016,074 ","$795,808,443 ","$79,492,766 ","$587,165,076 ","$538,606,186 ","$48,558,890 ","$268,419,579 ","$238,509,643 ","$25,178,552 ","$213,331,091 ","$29,909,936 ","$50,431,419 ","$30,714,865 ","$19,716,554 ","$18,692,614 ","$1,023,940 ","$4,682,698 ","$118,072,346 ","$112,841,796 ","$5,230,550 ","$42,563,655 ","$31,096,801 ","$44,315,136 ","$41,829,741 ","$2,485,395 ","$14,909,783 ","$9,463,173 ","$5,446,610 ","$257,505,627 ","$245,535,624 ","$11,970,003 ","$91,369,482 ","$89,409,009 ","$1,960,473 ","$166,136,145 ","$156,126,615 ","$10,009,530 ",N/A,N/A,N/A,N/A,"$165,050,767 ","$76,411,567 ","$88,639,200 ","$151,909,366 ","$70,847,131 ","$81,062,235 ","$13,141,401 ","$5,564,436 ","$7,576,965 ","$50,075,622 ","$44,460,279 ","$5,615,343 ","$11,101,684 ","$10,101,761 ","$999,923 ","$27,724,336 ","$23,515,882 ","$4,208,454 ","$1,865,241 ","$37,706,319 ","$29,926,744 ","$7,779,575 ","$101,738,800 ","$98,024,508 ","$3,714,292 ","$544,868,625 ","$518,502,221 ","$25,608,254 ","$13,469,728 ","$12,138,526 ","$758,150 ","$74,864,972 ","$51,788,811 ","$33,593,195 ","$18,195,616 ","$23,076,161 ","$21,359,050 ","$1,717,111 ","$6,243,181 ","$107,250,140 ","$149,734,661 ","$223,857,307 ","$7,269,617 ","$7,258,351 ","$11,266 ","$216,587,690 ","$16,737,686 ","$152,161,963 ","$47,688,041 ","$65,538,254 ","$8,035,835 ","$40,412,282 ","$17,090,137 ","$151,049,436 ","$8,701,851 ","$111,749,681 ","$30,597,904 ","$77,436,042 ","$5,424,311 ","$61,719,401 ","$10,292,330 ","$7,171,178 ","$521,234 ","$5,936,200 ","$713,744 ","$66,442,216 ","$2,756,306 ","$44,094,080 ","$19,591,830 ","$260,154,509 ","$253,617,646 ","$6,536,863 ","$66,184,375 ","$16,839,022 ","$2,980,011,575 ","$2,946,311,050 ","$33,700,525 ","$2,172,122,686 ","$2,091,947 ","$303,875,079 ",N/A,N/A,N/A,N/A,N/A,N/A,"$305,813,509 ",N/A,N/A,N/A,N/A,N/A,N/A,N/A,N/A,N/A,N/A,N/A,N/A,N/A,N/A,N/A,N/A,N/A,N/A,N/A,N/A,N/A,N/A,N/A,N/A,N/A,N/A,N/A,N/A,"$6,095,246,902 ",N/A,N/A,N/A,N/A,N/A,"$3,682,159,379 ","$3,547,682,084 ","$129,820,854 ","$3,417,861,230 ","$261,512,558 ",N/A,"$3,156,348,672 ","$26,882,861 ","$18,639,307 ","$8,243,554 ","$107,594,434 ","$2,413,087,523 ",N/A,N/A,N/A,N/A,N/A,"$774,188,364 ","$186,693,212 ","$1,452,205,947 "
United States,2015,"$3,416,065,033 ","$2,758,053,288 ","$2,920,319,807 ","$2,262,308,062 ","$1,563,701,447 ","$484,251,231 ","$1,079,450,216 ","$544,358,734 ","$368,048,849 ","$176,309,885 ","$7,041,803 ","$8,163,309 ","$19,913,450 ","$43,830,386 ","$150,246 ","$28,045,761 ","$18,169,536 ","$50,995,394 ","$70,204,638 ","$789,936 ","$5,790,618 ","$28,960,494 ","$26,342,681 ","$2,617,813 ","$34,663,590 ","$425,991,501 ","$368,861,923 ","$57,129,578 ","$4,880,864 ","$34,014,479 ","$658,011,745 ","$658,011,745 ",N/A,$0 ,$0 ,"$698,606,615 ","$477,589,303 ","$21,760,229 ","$123,753,671 ","$5,611,741 ","$108,326,454 ","$26,213,607 ","$82,112,847 ","$9,815,476 ","$143,628,284 ","$17,834,059 ","$2,248,593 ","$15,585,466 ","$6,620,226 ","$4,520,120 ","$3,004,054 ","$10,618,165 ","$54,096,648 ","$17,183,131 ","$5,251,895 ","$69,318,821 ","$221,017,312 ","$7,955,318 ","$4,279,042 ","$50,195,097 ","$158,587,855 ","$175,655,268 ","$9,411,541 ","$166,243,727 ","$61,156,776 ","$105,086,951 ","$81,250,216 ","$7,477,625 ","$16,359,110 ","$320,089,958 ","$247,486,231 ","$47,855,332 ","$44,331,808 ",N/A,"$155,299,091 ","$49,303,171 ","$44,647,278 ","$23,300,556 ",N/A,N/A,N/A,N/A,"$3,405,438,716 ","$3,210,012 ","$3,402,228,704 ","$3,069,351,184 ","$2,561,395,627 ","$336,087,532 ","$271,189,843 ","$64,897,689 ","$57,331,814 ","$122,305,060 ","$325,108,671 ","$900,860,694 ","$2,844,289,448 ","$2,841,079,436 ","$2,563,050,475 ","$2,559,840,463 ","$2,396,895,652 ","$281,238,973 ","$150,773,707 ","$22,675,172 ","$76,641,224 ","$74,143,404 ","$2,497,820 ","$934,353,108 ","$818,326,674 ","$84,147,850 ","$609,926,243 ","$557,034,518 ","$52,891,725 ","$273,934,973 ","$243,294,413 ","$25,719,297 ","$217,575,116 ","$30,640,560 ","$50,491,892 ","$31,878,584 ","$18,613,308 ","$17,997,743 ","$615,565 ","$4,223,228 ","$119,632,950 ","$115,729,132 ","$3,903,818 ","$43,116,935 ","$32,185,208 ","$45,966,782 ","$43,478,529 ","$2,488,253 ","$15,126,632 ","$9,766,926 ","$5,359,706 ","$262,007,918 ","$251,541,986 ","$10,465,932 ","$91,809,580 ","$90,125,497 ","$1,684,083 ","$170,198,338 ","$161,416,489 ","$8,781,849 ",N/A,N/A,N/A,N/A,"$171,083,749 ","$77,273,554 ","$93,810,195 ","$156,792,145 ","$71,393,126 ","$85,399,019 ","$14,291,604 ","$5,880,428 ","$8,411,176 ","$49,754,263 ","$43,680,761 ","$6,073,502 ","$11,570,428 ","$10,424,308 ","$1,146,120 ","$28,560,373 ","$23,863,430 ","$4,696,943 ","$1,983,970 ","$39,678,352 ","$31,336,397 ","$8,341,955 ","$104,806,925 ","$101,109,378 ","$3,697,547 ","$613,501,946 ","$587,437,954 ","$25,358,795 ","$14,028,480 ","$11,330,315 ","$705,197 ","$75,830,070 ","$51,888,368 ","$34,041,156 ","$17,847,212 ","$23,941,702 ","$21,783,898 ","$2,157,804 ","$6,311,613 ","$105,612,997 ","$151,757,736 ","$236,040,597 ","$7,686,609 ","$7,667,212 ","$19,397 ","$228,353,988 ","$16,692,063 ","$156,832,763 ","$54,829,162 ","$66,905,364 ","$8,016,614 ","$41,289,517 ","$17,599,233 ","$161,448,624 ","$8,675,449 ","$115,543,246 ","$37,229,929 ","$79,044,704 ","$5,409,198 ","$63,884,828 ","$9,750,678 ","$7,457,162 ","$484,053 ","$6,172,297 ","$800,812 ","$74,946,758 ","$2,782,198 ","$45,486,121 ","$26,678,439 ","$275,405,912 ","$269,100,793 ","$6,305,119 ","$33,351,774 ","$16,350,985 ","$2,988,463,220 ","$2,953,842,217 ","$34,621,003 ","$2,194,427,167 ","($7,050,895)","$362,593,783 ",N/A,N/A,N/A,N/A,N/A,N/A,"$370,231,990 ",N/A,N/A,N/A,N/A,N/A,N/A,N/A,N/A,N/A,N/A,N/A,N/A,N/A,N/A,N/A,N/A,N/A,N/A,N/A,N/A,N/A,N/A,N/A,N/A,N/A,N/A,N/A,N/A,"$6,277,845,436 ",N/A,N/A,N/A,N/A,N/A,"$3,824,118,971 ","$3,647,816,882 ","$145,163,936 ","$3,502,652,946 ","$250,566,774 ",N/A,"$3,252,086,172 ","$66,375,083 ","$36,915,580 ","$29,459,503 ","$109,927,006 ","$2,453,726,465 ",N/A,N/A,N/A,N/A,N/A,"$759,415,050 ","$194,918,613 ","$1,499,392,802 "
United States,2016,"$3,408,694,937 ","$2,714,706,352 ","$3,018,371,624 ","$2,324,383,039 ","$1,602,017,996 ","$504,592,720 ","$1,097,425,276 ","$559,624,992 ","$377,691,426 ","$181,933,566 ","$7,270,434 ","$8,384,750 ","$21,299,392 ","$45,177,554 ","$150,721 ","$27,514,198 ","$18,464,750 ","$53,671,767 ","$73,090,576 ","$831,080 ","$5,737,279 ","$30,160,628 ","$27,538,213 ","$2,622,415 ","$36,361,589 ","$428,890,927 ","$375,310,400 ","$53,580,527 ","$5,347,218 ","$30,471,563 ","$693,988,585 ","$693,988,585 ",N/A,$0 ,$0 ,"$722,365,043 ","$504,268,080 ","$22,671,980 ","$131,241,601 ","$5,638,119 ","$115,406,297 ","$27,360,454 ","$88,045,843 ","$10,197,185 ","$151,433,644 ","$19,170,989 ","$2,297,459 ","$16,873,530 ","$6,916,439 ","$4,742,114 ","$3,106,890 ","$10,960,124 ","$55,905,543 ","$17,744,970 ","$5,257,423 ","$75,116,363 ","$218,096,963 ","$8,781,200 ","$4,115,075 ","$47,428,903 ","$157,771,785 ","$173,719,903 ","$9,240,896 ","$164,479,007 ","$62,205,248 ","$102,273,759 ","$78,970,646 ","$6,558,699 ","$16,744,414 ","$216,603,410 ","$149,385,595 ","$51,010,138 ","$47,704,271 ",N/A,"$50,671,186 ","$43,111,488 ","$42,232,568 ","$24,106,327 ",N/A,N/A,N/A,N/A,"$3,532,824,918 ","$3,205,882 ","$3,529,619,036 ","$3,180,629,668 ","$2,659,155,552 ","$352,195,250 ","$283,864,020 ","$68,331,230 ","$59,569,748 ","$121,378,400 ","$337,320,086 ","$927,895,885 ","$2,964,237,997 ","$2,961,032,115 ","$2,662,775,576 ","$2,659,569,694 ","$2,494,778,761 ","$301,462,421 ","$157,098,460 ","$24,009,201 ","$77,884,697 ","$75,470,842 ","$2,413,855 ","$973,025,032 ","$846,382,135 ","$92,857,183 ","$633,560,909 ","$575,189,411 ","$58,371,498 ","$288,119,040 ","$254,094,877 ","$29,473,922 ","$224,620,955 ","$34,024,163 ","$51,345,083 ","$33,785,714 ","$17,559,369 ","$17,097,847 ","$461,522 ","$4,107,109 ","$124,290,270 ","$119,709,975 ","$4,580,295 ","$44,186,638 ","$33,559,295 ","$47,982,402 ","$45,181,067 ","$2,801,335 ","$14,848,760 ","$9,901,966 ","$4,946,794 ","$277,323,792 ","$266,731,477 ","$10,592,315 ","$95,886,685 ","$94,368,867 ","$1,517,818 ","$181,437,107 ","$172,362,610 ","$9,074,497 ",N/A,N/A,N/A,N/A,"$177,981,696 ","$78,719,313 ","$99,262,383 ","$162,286,226 ","$72,637,348 ","$89,648,878 ","$15,695,470 ","$6,081,965 ","$9,613,505 ","$49,870,633 ","$44,060,394 ","$5,810,239 ","$12,025,959 ","$10,708,913 ","$1,317,046 ","$30,613,791 ","$24,493,511 ","$6,120,280 ","$2,106,861 ","$41,939,028 ","$32,678,347 ","$9,260,681 ","$109,116,058 ","$105,345,054 ","$3,771,004 ","$652,513,527 ","$626,033,435 ","$25,693,784 ","$14,121,475 ","$11,572,309 ","$786,308 ","$80,212,818 ","$55,546,392 ","$35,504,655 ","$20,041,737 ","$24,666,426 ","$22,415,979 ","$2,250,447 ","$6,042,024 ","$105,221,185 ","$149,917,272 ","$231,266,835 ","$7,742,285 ","$7,717,345 ","$24,940 ","$223,524,550 ","$16,157,215 ","$156,659,446 ","$50,707,889 ","$68,865,596 ","$7,819,984 ","$42,649,268 ","$18,396,344 ","$154,658,954 ","$8,337,231 ","$114,010,178 ","$32,311,545 ","$75,542,844 ","$5,145,769 ","$60,764,370 ","$9,632,705 ","$6,991,956 ","$445,980 ","$5,628,259 ","$917,717 ","$72,124,154 ","$2,745,482 ","$47,617,549 ","$21,761,123 ","$289,473,759 ","$283,350,362 ","$6,123,397 ","$32,533,195 ","$15,313,132 ","$3,022,488,341 ","$2,988,117,223 ","$34,371,118 ","$2,232,190,857 ","$12,403,630 ","$383,430,565 ",N/A,N/A,N/A,N/A,N/A,N/A,"$370,596,902 ",N/A,N/A,N/A,N/A,N/A,N/A,N/A,N/A,N/A,N/A,N/A,N/A,N/A,N/A,N/A,N/A,N/A,N/A,N/A,N/A,N/A,N/A,N/A,N/A,N/A,N/A,N/A,N/A,"$6,326,387,129 ",N/A,N/A,N/A,N/A,N/A,"$3,795,946,050 ","$3,598,055,314 ","$145,884,361 ","$3,452,170,953 ","$255,332,159 ",N/A,"$3,196,838,794 ","$86,830,353 ","$45,312,500 ","$41,517,853 ","$111,060,383 ","$2,530,441,079 ",N/A,N/A,N/A,N/A,N/A,"$755,926,366 ","$204,287,735 ","$1,570,226,978 "
United States,2017,"$3,930,710,389 ","$3,218,883,876 ","$3,120,509,415 ","$2,408,682,902 ","$1,656,819,036 ","$524,663,786 ","$1,132,155,250 ","$580,963,474 ","$393,428,729 ","$187,534,745 ","$7,271,025 ","$8,670,208 ","$21,933,079 ","$46,537,175 ","$154,894 ","$26,830,407 ","$19,013,474 ","$57,124,483 ","$76,470,720 ","$870,960 ","$5,916,545 ","$30,763,187 ","$28,173,257 ","$2,589,930 ","$38,920,028 ","$437,482,982 ","$384,677,842 ","$52,805,140 ","$4,848,055 ","$32,390,019 ","$711,826,513 ","$711,826,513 ",N/A,$0 ,$0 ,"$751,863,866 ","$527,138,933 ","$24,410,007 ","$134,767,902 ","$5,602,449 ","$118,778,597 ","$27,815,236 ","$90,963,361 ","$10,386,856 ","$161,655,870 ","$20,452,620 ","$2,645,617 ","$17,807,003 ","$7,189,846 ","$5,531,764 ","$3,291,755 ","$11,556,206 ","$58,951,642 ","$18,229,216 ","$5,778,281 ","$75,323,824 ","$224,724,933 ","$9,995,815 ","$4,304,624 ","$47,871,266 ","$162,553,228 ","$178,209,836 ","$9,794,954 ","$168,414,882 ","$65,383,628 ","$103,031,254 ","$80,213,184 ","$5,950,634 ","$16,867,436 ","$631,991,138 ","$567,052,646 ",N/A,N/A,N/A,N/A,"$40,546,814 ","$39,484,802 ","$24,391,678 ",N/A,N/A,N/A,N/A,"$3,676,515,409 ","$3,206,650 ","$3,673,308,759 ","$3,309,105,589 ","$2,771,513,139 ","$367,409,820 ","$295,833,077 ","$71,576,743 ","$60,206,136 ","$122,257,265 ","$351,922,399 ","$969,069,544 ","$3,084,229,227 ","$3,081,022,577 ","$2,770,495,156 ","$2,767,288,506 ","$2,601,016,947 ","$313,734,071 ","$164,066,204 ","$26,059,327 ","$79,393,251 ","$77,115,112 ","$2,278,139 ","$1,016,295,002 ","$880,518,270 ","$98,561,353 ","$663,255,127 ","$599,345,971 ","$63,909,156 ","$296,698,169 ","$262,468,439 ","$31,904,243 ","$230,564,196 ","$34,229,730 ","$56,341,706 ","$37,215,379 ","$19,126,327 ","$18,703,860 ","$422,467 ","$3,999,297 ","$131,138,188 ","$125,710,215 ","$5,427,973 ","$48,005,312 ","$35,478,961 ","$50,399,986 ","$47,337,820 ","$3,062,166 ","$14,766,148 ","$9,766,548 ","$4,999,600 ","$297,118,438 ","$286,196,462 ","$10,921,976 ","$103,889,597 ","$102,148,039 ","$1,741,558 ","$193,228,841 ","$184,048,423 ","$9,180,418 ",N/A,N/A,N/A,N/A,"$181,295,483 ","$78,899,919 ","$102,395,564 ","$164,231,013 ","$72,492,270 ","$91,738,743 ","$17,064,470 ","$6,407,649 ","$10,656,821 ","$52,989,139 ","$46,393,026 ","$6,596,113 ","$12,436,952 ","$11,202,869 ","$1,234,083 ","$32,058,972 ","$26,556,442 ","$5,502,530 ","$2,111,508 ","$45,481,602 ","$34,653,207 ","$10,828,395 ","$113,666,218 ","$109,669,838 ","$3,996,380 ","$676,778,863 ","$652,914,337 ","$22,990,757 ","$8,111,704 ","$14,879,053 ","$873,769 ","$82,237,566 ","$57,225,582 ","$37,395,954 ","$19,829,628 ","$25,011,984 ","$23,059,181 ","$1,952,803 ","$6,400,740 ","$106,065,423 ","$150,330,474 ","$240,363,783 ","$8,213,309 ","$8,194,038 ","$19,271 ","$232,150,474 ","$16,191,842 ","$162,302,154 ","$53,656,478 ","$71,440,824 ","$7,845,690 ","$44,522,418 ","$19,072,716 ","$160,709,650 ","$8,346,152 ","$117,779,736 ","$34,583,762 ","$76,107,011 ","$5,078,013 ","$60,882,959 ","$10,146,039 ","$6,075,392 ","$410,147 ","$5,072,290 ","$592,955 ","$78,527,247 ","$2,857,992 ","$51,824,487 ","$23,844,768 ","$305,720,601 ",N/A,N/A,"$31,069,183 ","$15,132,615 ","$3,062,440,604 ","$3,027,963,383 ","$34,477,221 ","$2,273,341,568 ","$13,376,940 ","$409,316,201 ",N/A,N/A,N/A,N/A,N/A,N/A,"$395,945,041 ",N/A,N/A,N/A,N/A,N/A,N/A,N/A,N/A,N/A,N/A,N/A,N/A,N/A,N/A,N/A,N/A,N/A,N/A,N/A,N/A,N/A,N/A,N/A,N/A,N/A,N/A,N/A,N/A,"$6,932,979,868 ",N/A,N/A,N/A,N/A,N/A,"$4,296,033,977 ","$4,079,798,349 ",N/A,N/A,N/A,N/A,N/A,"$105,353,297 ","$53,090,582 ","$52,262,715 ","$110,882,331 ","$2,636,945,891 ",N/A,N/A,N/A,N/A,N/A,"$754,621,815 ","$218,766,348 ","$1,663,557,728 "
United States,2018,"$4,101,327,139 ","$3,359,804,005 ","$3,303,773,097 ","$2,562,249,966 ","$1,773,444,408 ","$547,515,117 ","$1,225,929,291 ","$618,091,034 ","$417,105,315 ","$200,985,719 ","$7,439,765 ","$8,959,773 ","$23,499,812 ","$49,980,105 ","$158,195 ","$27,433,561 ","$19,739,686 ","$63,774,822 ","$79,724,098 ","$918,930 ","$6,072,023 ","$32,603,717 ","$29,833,689 ","$2,770,028 ","$40,129,428 ","$486,690,925 ","$429,819,656 ","$56,871,269 ","$5,236,280 ","$36,186,954 ","$741,523,131 ","$741,523,131 ",N/A,$0 ,$0 ,"$788,805,558 ","$549,163,192 ","$25,019,038 ","$137,764,055 ","$5,508,646 ","$121,796,521 ","$28,558,500 ","$93,238,021 ","$10,458,888 ","$170,027,807 ","$21,710,708 ","$3,266,970 ","$18,443,738 ","$7,670,858 ","$5,792,104 ","$3,177,657 ","$11,484,926 ","$61,184,676 ","$18,671,846 ","$5,635,679 ","$81,023,838 ","$239,642,366 ","$10,738,422 ","$4,157,580 ","$54,980,981 ","$169,765,383 ","$183,795,327 ","$10,154,551 ","$173,640,776 ","$68,910,809 ","$104,729,967 ","$81,148,106 ","$6,240,080 ","$17,341,781 ","$613,758,715 ","$549,310,769 ",N/A,N/A,N/A,N/A,"$38,812,752 ","$37,549,410 ","$25,635,194 ",N/A,N/A,N/A,N/A,"$3,823,369,741 ","$3,226,297 ","$3,820,143,444 ","$3,430,234,029 ","$2,874,698,644 ","$393,135,712 ","$315,362,983 ","$77,772,729 ","$63,287,846 ","$126,703,449 ","$362,317,795 ","$997,862,661 ","$3,213,995,173 ","$3,210,768,876 ","$2,876,680,583 ","$2,873,454,286 ","$2,699,380,897 ","$337,314,590 ","$169,586,068 ","$28,691,368 ","$81,538,355 ","$79,172,739 ","$2,365,616 ","$1,048,521,248 ","$904,483,194 ","$103,977,604 ","$686,918,477 ","$617,311,957 ","$69,606,520 ","$302,268,272 ","$268,470,455 ","$32,770,593 ","$235,699,862 ","$33,797,817 ","$59,334,499 ","$40,060,450 ","$19,274,049 ","$18,700,782 ","$573,267 ","$3,938,207 ","$134,540,543 ","$128,763,933 ","$5,776,610 ","$49,301,880 ","$36,649,382 ","$51,010,258 ","$48,207,843 ","$2,802,415 ","$15,666,602 ","$10,099,152 ","$5,567,450 ","$307,389,888 ","$296,722,907 ","$10,666,981 ","$106,261,734 ","$104,601,143 ","$1,660,591 ","$201,128,154 ","$192,121,764 ","$9,006,390 ",N/A,N/A,N/A,N/A,"$194,645,636 ","$81,934,244 ","$112,711,392 ","$169,208,900 ","$75,600,049 ","$93,608,851 ","$25,436,736 ","$6,334,195 ","$19,102,541 ","$54,085,417 ","$47,269,829 ","$6,815,588 ","$12,903,694 ","$11,813,300 ","$1,090,394 ","$32,472,689 ","$27,172,615 ","$5,300,074 ","$2,202,492 ","$45,929,311 ","$35,394,358 ","$10,534,953 ","$118,575,810 ","$114,201,075 ","$4,374,735 ","$706,368,222 ","$682,282,046 ","$23,227,396 ","$7,878,109 ","$15,349,287 ","$858,780 ","$86,637,951 ","$60,695,533 ","$38,102,627 ","$22,592,906 ","$25,942,418 ","$23,618,752 ","$2,323,666 ","$6,275,717 ","$110,785,543 ","$168,589,925 ","$247,056,775 ","$8,396,250 ","$8,380,451 ","$15,799 ","$238,660,525 ","$15,917,906 ","$166,937,296 ","$55,805,323 ","$73,552,165 ","$7,687,831 ","$46,360,700 ","$19,503,634 ","$165,108,360 ","$8,230,075 ","$120,576,596 ","$36,301,689 ","$77,533,828 ","$4,771,149 ","$61,571,420 ","$11,191,259 ","$6,973,154 ","$389,744 ","$6,057,421 ","$525,989 ","$80,601,378 ","$3,069,182 ","$52,947,755 ","$24,584,441 ","$318,000,545 ",N/A,N/A,"$28,970,572 ","$15,346,678 ","$3,133,112,118 ","$3,100,406,041 ","$32,706,077 ","$2,347,778,409 ","$47,070,801 ","$394,498,699 ",N/A,N/A,N/A,N/A,N/A,N/A,"$346,958,713 ",N/A,N/A,N/A,N/A,N/A,N/A,N/A,N/A,N/A,N/A,N/A,N/A,N/A,N/A,N/A,N/A,N/A,N/A,N/A,N/A,N/A,N/A,N/A,N/A,N/A,N/A,N/A,N/A,"$7,341,805,265 ",N/A,N/A,N/A,N/A,N/A,"$4,591,324,893 ","$4,346,219,085 ",N/A,N/A,N/A,N/A,N/A,"$129,623,650 ","$65,052,695 ","$64,570,955 ","$115,482,158 ","$2,750,480,372 ",N/A,N/A,N/A,N/A,N/A,"$752,627,632 ","$232,588,362 ","$1,765,264,378 "
United States,2019,"$4,072,561,716 ","$3,309,651,776 ","$3,465,481,696 ","$2,702,571,755 ","$1,863,841,074 ","$576,735,071 ","$1,287,106,003 ","$644,205,238 ","$436,393,937 ","$207,811,301 ","$7,675,292 ","$9,329,682 ","$24,628,782 ","$52,377,239 ","$159,846 ","$27,781,523 ","$19,133,524 ","$66,725,413 ","$83,181,332 ","$899,432 ","$6,842,915 ","$33,027,667 ","$30,065,731 ","$2,961,936 ","$42,411,318 ","$514,611,472 ","$446,770,063 ","$67,841,409 ","$5,162,630 ","$39,945,331 ","$762,909,941 ","$762,909,941 ",N/A,$0 ,$0 ,"$838,730,681 ","$573,125,644 ","$26,552,771 ","$140,675,515 ","$5,619,564 ","$124,239,949 ","$29,016,997 ","$95,222,952 ","$10,816,002 ","$180,635,217 ","$22,513,183 ","$2,774,935 ","$19,738,248 ","$7,758,087 ","$6,059,225 ","$3,349,398 ","$12,312,418 ","$64,745,907 ","$19,675,484 ","$6,536,307 ","$82,312,132 ","$265,605,037 ","$10,950,625 ","$4,930,332 ","$69,994,994 ","$179,729,086 ","$191,503,620 ","$10,636,725 ","$180,866,895 ","$73,137,898 ","$107,728,997 ","$83,720,290 ","$6,870,302 ","$17,138,405 ","$415,576,401 ","$355,072,567 ",N/A,N/A,N/A,N/A,"$37,202,336 ","$35,615,931 ","$23,301,498 ",N/A,N/A,N/A,N/A,"$3,987,830,270 ","$3,149,205 ","$3,984,681,065 ","$3,571,607,074 ","$3,001,260,181 ","$416,223,194 ","$336,464,542 ","$79,758,652 ","$66,473,534 ","$128,410,012 ","$372,314,145 ","$1,034,939,543 ","$3,359,781,028 ","$3,356,631,823 ","$3,000,867,529 ","$2,997,718,324 ","$2,818,935,117 ","$358,913,499 ","$178,577,169 ","$31,501,439 ","$82,621,350 ","$80,418,406 ","$2,202,944 ","$1,094,233,782 ","$939,394,668 ","$111,421,324 ","$717,731,486 ","$640,911,755 ","$76,819,731 ","$311,572,932 ","$277,552,501 ","$33,340,883 ","$244,211,618 ","$34,020,431 ","$64,929,364 ","$43,417,790 ","$21,511,574 ","$20,930,412 ","$581,162 ","$3,898,868 ","$139,579,457 ","$133,442,465 ","$6,136,992 ","$50,782,528 ","$38,353,213 ","$55,623,592 ","$51,954,621 ","$3,668,971 ","$16,094,045 ","$10,143,491 ","$5,950,554 ","$325,321,452 ","$314,350,096 ","$10,971,356 ","$113,099,319 ","$111,124,538 ","$1,974,781 ","$212,222,133 ","$203,225,558 ","$8,996,575 ",N/A,N/A,N/A,N/A,"$202,789,326 ","$85,135,663 ","$117,653,663 ","$177,902,470 ","$78,543,660 ","$99,358,810 ","$24,886,856 ","$6,592,003 ","$18,294,853 ","$57,846,806 ","$49,491,203 ","$8,355,603 ","$12,851,218 ","$11,574,042 ","$1,277,176 ","$35,720,068 ","$28,294,215 ","$7,425,853 ","$2,198,256 ","$48,815,662 ","$37,078,957 ","$11,736,705 ","$122,953,577 ","$118,810,698 ","$4,142,879 ","$745,344,125 ","$721,276,508 ","$23,055,744 ","$7,869,646 ","$15,186,098 ","$1,011,873 ","$90,739,764 ","$62,979,934 ","$40,979,676 ","$22,000,258 ","$27,759,830 ","$25,451,643 ","$2,308,187 ","$6,986,694 ","$112,309,673 ","$169,202,669 ","$255,735,098 ","$8,811,364 ","$8,801,214 ","$10,150 ","$246,923,734 ","$16,100,339 ","$173,523,850 ","$57,299,545 ","$77,586,923 ","$7,784,775 ","$48,808,096 ","$20,994,052 ","$169,336,811 ","$8,315,564 ","$124,715,754 ","$36,305,493 ","$79,943,934 ","$4,910,105 ","$63,481,185 ","$11,552,644 ","$7,784,099 ","$451,322 ","$6,689,547 ","$643,230 ","$81,608,778 ","$2,954,137 ","$54,545,022 ","$24,109,619 ","$330,848,042 ",N/A,N/A,"$27,079,539 ","$14,386,564 ","$3,195,211,579 ","$3,160,659,504 ","$34,552,075 ","$2,405,487,360 ","$59,689,047 ","$348,705,093 ",N/A,N/A,N/A,N/A,N/A,N/A,"$291,034,589 ",N/A,N/A,N/A,N/A,N/A,N/A,N/A,N/A,N/A,N/A,N/A,N/A,N/A,N/A,N/A,N/A,N/A,N/A,N/A,N/A,N/A,N/A,N/A,N/A,N/A,N/A,N/A,N/A,"$7,628,383,295 ",N/A,N/A,N/A,N/A,N/A,"$4,709,374,083 ","$4,442,583,533 ",N/A,N/A,N/A,N/A,N/A,"$148,919,961 ","$74,701,628 ","$74,218,333 ","$117,870,589 ","$2,919,009,212 ",N/A,N/A,N/A,N/A,N/A,"$755,172,144 ","$250,214,664 ","$1,913,622,404 "
United States,2020,"$4,279,403,447 ","$3,367,320,717 ","$3,627,998,693 ","$2,715,915,963 ","$1,864,953,934 ","$601,048,166 ","$1,263,905,768 ","$652,426,922 ","$443,331,944 ","$209,094,978 ","$7,538,786 ","$7,736,815 ","$25,757,296 ","$52,768,608 ","$154,532 ","$27,397,971 ","$18,861,641 ","$68,879,329 ","$83,770,914 ","$940,696 ","$7,111,939 ","$32,382,051 ","$29,595,337 ","$2,786,714 ","$43,336,228 ","$485,532,153 ","$424,741,344 ","$60,790,809 ","$5,301,747 ","$36,874,032 ","$912,082,730 ","$912,082,730 ",N/A,$0 ,$0 ,"$850,962,029 ","$578,886,821 ","$26,279,039 ","$135,466,245 ","$4,257,003 ","$121,616,450 ","$25,490,089 ","$96,126,361 ","$9,592,792 ","$187,283,620 ","$22,068,830 ","$2,792,111 ","$19,276,719 ","$7,957,217 ","$5,961,695 ","$3,082,026 ","$11,360,393 ","$66,772,052 ","$20,502,057 ","$6,498,144 ","$85,655,503 ","$272,075,208 ","$11,791,629 ","$5,489,461 ","$72,722,907 ","$182,071,211 ","$191,600,850 ","$11,323,865 ","$180,276,985 ","$75,674,574 ","$104,602,411 ","$81,595,693 ","$6,552,740 ","$16,453,978 ","$459,803,903 ","$390,693,993 ",N/A,N/A,N/A,N/A,"$44,248,652 ","$35,456,535 ","$24,861,258 ",N/A,N/A,N/A,N/A,"$4,250,318,135 ","$3,089,840 ","$4,247,228,295 ","$3,816,063,535 ","$3,143,141,292 ","$434,254,601 ","$352,090,752 ","$82,163,849 ","$71,761,905 ","$129,513,972 ","$468,556,528 ","$1,075,839,544 ","$3,513,436,659 ","$3,510,346,819 ","$3,145,399,961 ","$3,142,310,121 ","$2,957,503,065 ","$368,036,698 ","$186,926,419 ","$34,218,695 ","$86,201,332 ","$83,803,312 ","$2,398,020 ","$1,133,734,614 ","$966,253,193 ","$119,341,076 ","$742,109,512 ","$657,602,921 ","$84,506,591 ","$320,990,199 ","$286,962,516 ","$31,887,849 ","$255,074,667 ","$34,027,683 ","$70,634,903 ","$48,140,345 ","$22,494,558 ","$21,687,756 ","$806,802 ","$4,154,093 ","$143,724,202 ","$138,738,821 ","$4,985,381 ","$51,895,391 ","$40,594,213 ","$58,149,671 ","$54,457,318 ","$3,692,353 ","$16,416,693 ","$10,467,392 ","$5,949,301 ","$348,285,596 ","$336,616,451 ","$11,669,145 ","$122,944,899 ","$120,603,388 ","$2,341,511 ","$225,340,697 ","$216,013,063 ","$9,327,634 ",N/A,N/A,N/A,N/A,"$205,809,541 ","$88,952,271 ","$116,857,270 ","$190,006,977 ","$82,107,292 ","$107,899,685 ","$15,802,564 ","$6,844,979 ","$8,957,585 ","$59,850,050 ","$51,284,746 ","$8,565,304 ","$13,274,088 ","$11,957,526 ","$1,316,562 ","$35,783,541 ","$29,426,630 ","$6,356,911 ","$2,274,115 ","$51,278,536 ","$37,983,277 ","$13,295,259 ","$128,776,748 ","$123,778,292 ","$4,998,456 ","$791,206,416 ","$766,394,491 ","$23,621,560 ","$8,141,210 ","$15,480,350 ","$1,190,365 ","$94,372,147 ","$64,920,144 ","$43,745,989 ","$21,174,155 ","$29,452,003 ","$27,213,001 ","$2,239,002 ","$6,865,476 ","$113,045,151 ","$182,926,114 ","$268,324,951 ","$9,307,250 ","$9,301,522 ","$5,728 ","$259,017,701 ","$16,468,821 ","$176,336,705 ","$66,212,175 ","$80,418,962 ","$7,913,221 ","$51,602,322 ","$20,903,419 ","$178,598,739 ","$8,555,600 ","$124,734,383 ","$45,308,756 ","$79,219,171 ","$4,804,473 ","$62,449,665 ","$11,965,033 ","$6,496,736 ","$529,517 ","$5,311,032 ","$656,187 ","$92,882,832 ","$3,221,610 ","$56,973,686 ","$32,687,536 ","$341,600,687 ",N/A,N/A,"$110,619,790 ","$16,336,051 ","$3,279,874,892 ","$3,240,095,961 ","$39,778,931 ","$2,474,393,489 ","$5,223,626 ","$441,790,623 ",N/A,N/A,N/A,N/A,N/A,N/A,"$441,668,755 ",N/A,N/A,N/A,N/A,N/A,N/A,N/A,N/A,N/A,N/A,N/A,N/A,N/A,N/A,N/A,N/A,N/A,N/A,N/A,N/A,N/A,N/A,N/A,N/A,N/A,N/A,N/A,N/A,"$7,866,762,475 ",N/A,N/A,N/A,N/A,N/A,"$4,788,298,502 ","$4,597,994,964 ",N/A,N/A,N/A,N/A,N/A,"$67,550,864 ","$37,394,100 ","$30,156,764 ","$122,752,674 ","$3,078,463,973 ",N/A,N/A,N/A,N/A,N/A,"$765,702,472 ","$271,513,280 ","$2,041,248,221 "
United States,2021,"$5,737,398,316 ","$4,610,274,560 ","$4,083,722,281 ","$2,956,598,523 ","$2,103,195,604 ","$630,414,070 ","$1,472,781,534 ","$690,215,803 ","$476,987,049 ","$213,228,754 ","$8,248,641 ","$9,184,515 ","$27,421,720 ","$53,055,376 ","$193,140 ","$27,239,363 ","$19,488,771 ","$68,397,228 ","$90,600,279 ","$952,450 ","$9,562,932 ","$35,634,285 ","$32,494,730 ","$3,139,555 ","$44,450,612 ","$643,837,222 ","$545,121,921 ","$98,715,301 ","$6,705,721 ","$41,422,509 ","$1,127,123,758 ","$1,127,123,758 ",N/A,$0 ,$0 ,"$853,402,919 ","$570,978,522 ","$19,550,625 ","$123,995,864 ","$1,086,415 ","$115,217,996 ","$19,490,457 ","$95,727,539 ","$7,691,453 ","$198,026,893 ","$20,053,058 ","$3,050,257 ","$17,002,801 ","$8,132,553 ","$5,433,844 ","$2,314,549 ","$9,303,091 ","$67,669,434 ","$21,118,598 ","$6,681,739 ","$88,698,274 ","$282,424,397 ","$12,515,871 ","$5,248,726 ","$56,226,277 ","$208,433,523 ","$188,596,597 ","$12,782,947 ","$175,813,650 ","$79,663,979 ","$96,149,671 ","$81,565,795 ","$6,342,908 ","$8,240,968 ","$1,465,079,441 ","$1,353,030,829 ",N/A,N/A,N/A,N/A,"$87,327,788 ","$39,327,046 ","$24,720,824 ",N/A,N/A,N/A,N/A,"$4,518,825,430 ","$3,440,739 ","$4,515,384,691 ","$4,080,831,242 ","$3,317,125,302 ","$437,994,185 ","$351,402,121 ","$86,592,064 ","$76,129,199 ","$127,573,856 ","$556,562,145 ","$1,079,130,706 ","$3,693,785,258 ","$3,690,344,519 ","$3,321,601,154 ","$3,318,160,415 ","$3,129,973,374 ","$372,184,104 ","$196,239,987 ","$34,046,252 ","$87,045,827 ","$84,235,832 ","$2,809,995 ","$1,145,917,623 ","$979,233,608 ","$115,821,949 ","$758,661,255 ","$675,624,437 ","$83,036,818 ","$311,520,112 ","$279,378,066 ","$28,542,609 ","$250,835,457 ","$32,142,046 ","$75,736,256 ","$50,862,066 ","$24,874,190 ","$24,231,105 ","$643,085 ","$6,269,700 ","$151,403,931 ","$146,360,485 ","$5,043,446 ","$54,789,147 ","$44,088,235 ","$61,405,760 ","$57,078,769 ","$4,326,991 ","$17,547,569 ","$10,770,706 ","$6,776,863 ","$381,592,793 ","$368,801,956 ","$12,790,837 ","$144,768,388 ","$142,026,480 ","$2,741,908 ","$236,824,405 ","$226,775,476 ","$10,048,929 ",N/A,N/A,N/A,N/A,"$206,228,806 ","$89,746,530 ","$116,482,276 ","$190,274,339 ","$82,645,896 ","$107,628,443 ","$15,954,467 ","$7,100,634 ","$8,853,833 ","$65,794,584 ","$58,188,294 ","$7,606,290 ","$13,499,300 ","$12,012,185 ","$1,487,115 ","$36,707,403 ","$30,037,827 ","$6,669,576 ","$2,164,168 ","$47,579,800 ","$35,375,014 ","$12,204,786 ","$134,834,227 ","$129,273,839 ","$5,560,388 ","$862,187,357 ","$835,772,696 ","$25,267,133 ","$8,975,991 ","$16,291,142 ","$1,147,528 ","$98,330,527 ","$68,635,097 ","$45,304,347 ","$23,330,750 ","$29,695,430 ","$27,398,974 ","$2,296,456 ","$6,721,358 ","$112,057,842 ","$219,009,692 ","$268,478,023 ","$10,505,400 ","$10,499,555 ","$5,845 ","$257,972,623 ","$15,516,014 ","$176,652,373 ","$65,804,236 ","$83,283,508 ","$7,436,628 ","$53,250,862 ","$22,596,018 ","$174,689,115 ","$8,079,386 ","$123,401,511 ","$43,208,218 ","$77,670,345 ","$4,499,964 ","$62,107,512 ","$11,062,869 ","$6,216,060 ","$468,126 ","$5,183,307 ","$564,627 ","$90,802,710 ","$3,111,296 ","$56,110,692 ","$31,580,722 ","$362,938,718 ",N/A,N/A,"$176,945,449 ","$16,677,978 ","$3,348,212,415 ","$3,303,876,021 ","$44,336,394 ","$2,529,625,728 ","($13,052,603)","$464,434,470 ",N/A,N/A,N/A,N/A,N/A,N/A,"$480,167,512 ",N/A,N/A,N/A,N/A,N/A,N/A,N/A,N/A,N/A,N/A,N/A,N/A,N/A,N/A,N/A,N/A,N/A,N/A,N/A,N/A,N/A,N/A,N/A,N/A,N/A,N/A,N/A,N/A,"$9,279,512,981 ",N/A,N/A,N/A,N/A,N/A,"$5,737,482,562 ","$5,605,742,521 ",N/A,N/A,N/A,N/A,N/A,"$10,603,814 ","$32,592,520 ","($21,988,706)","$121,136,227 ","$3,542,030,418 ",N/A,N/A,N/A,N/A,N/A,"$774,250,293 ","$292,874,062 ","$2,474,906,063 "
United States,2022,"$4,737,986,304 ","$3,693,244,177 ","$4,538,773,206 ","$3,280,894,518 ","$2,367,689,627 ","$649,034,173 ","$1,718,655,454 ","$789,242,926 ","$557,176,030 ","$232,066,896 ","$9,046,520 ","$11,382,951 ","$29,821,624 ","$56,675,782 ","$226,746 ","$28,147,604 ","$18,701,032 ","$78,064,637 ","$94,945,778 ","$1,068,156 ","$8,949,815 ","$37,975,686 ","$34,811,526 ","$3,164,160 ","$46,952,121 ","$760,276,382 ","$600,616,718 ","$159,659,664 ","$7,131,748 ","$67,058,620 ","$1,257,878,688 ","$1,257,878,688 ",N/A,$0 ,$0 ,"$913,204,891 ","$635,336,570 ","$24,359,260 ","$139,056,801 ","$1,573,323 ","$126,561,640 ","$28,485,479 ","$98,076,161 ","$10,921,838 ","$223,423,712 ","$23,922,240 ","$3,191,428 ","$20,730,812 ","$8,595,801 ","$6,244,736 ","$2,957,393 ","$11,707,317 ","$69,833,432 ","$21,970,162 ","$7,717,194 ","$95,548,522 ","$277,868,321 ","$15,051,032 ","$5,590,263 ","$38,444,001 ","$218,783,025 ","$199,213,098 ","$13,394,878 ","$185,818,220 ","$80,548,263 ","$105,269,957 ","$87,717,127 ","$7,639,609 ","$9,913,221 ","$213,136,561 ","$112,163,828 ",N/A,N/A,N/A,N/A,"$75,577,477 ","$45,151,316 ","$25,395,256 ",N/A,N/A,N/A,N/A,"$4,300,036,702 ","$3,727,197 ","$4,296,309,505 ","$4,312,411,414 ","$3,681,450,227 ","$428,845,528 ",N/A,N/A,"$66,067,552 ","$119,946,198 ","$441,220,240 ","$1,135,145,632 ","$4,030,718,008 ","$4,026,990,811 ","$3,659,461,643 ","$3,655,734,446 ","$3,485,372,648 ","$371,256,365 ","$203,955,141 ","$31,308,290 ","$91,304,430 ","$88,810,846 ","$2,493,584 ","$1,264,379,072 ","$1,080,291,855 ","$118,019,665 ","$832,745,309 ","$747,987,395 ","$84,757,914 ","$340,371,795 ","$307,745,435 ","$33,956,426 ","$273,789,009 ","$32,626,360 ","$91,261,968 ","$66,067,552 ","$25,194,416 ","$24,559,025 ","$635,391 ","$5,948,530 ","$174,847,944 ","$169,862,466 ","$4,985,478 ","$70,736,763 ","$47,288,342 ","$64,034,055 ","$59,841,145 ","$4,192,910 ","$17,950,217 ","$11,199,112 ","$6,751,105 ","$415,503,103 ","$401,657,316 ","$13,845,787 ","$154,260,904 ","$151,661,172 ","$2,599,732 ","$261,242,199 ","$249,996,144 ","$11,246,055 ",N/A,N/A,N/A,N/A,"$210,639,425 ","$95,158,348 ","$115,481,077 ","$195,953,889 ","$88,297,664 ","$107,656,225 ","$14,685,536 ","$6,860,684 ","$7,824,852 ","$73,963,667 ","$66,620,509 ","$7,343,158 ","$14,131,553 ","$12,719,861 ","$1,411,692 ","$40,804,082 ","$33,473,306 ","$7,330,776 ","$2,125,357 ","$50,842,940 ","$39,432,289 ","$11,410,651 ","$139,921,086 ","$134,124,737 ","$5,796,349 ","$970,952,593 ",N/A,N/A,N/A,N/A,"$1,333,783 ","$99,996,946 ","$70,174,828 ","$46,661,824 ","$23,513,004 ","$29,822,118 ","$27,825,125 ","$1,996,993 ","$6,862,486 ","$104,294,246 ","$247,180,789 ","$269,318,694 ","$10,953,454 ","$10,936,212 ","$17,242 ","$258,365,240 ","$15,651,952 ","$185,141,367 ","$57,571,921 ","$83,016,300 ","$7,819,483 ","$53,658,051 ","$21,538,766 ","$175,348,940 ","$7,832,469 ","$131,483,316 ","$36,033,155 ","$84,047,666 ","$4,420,689 ","$68,017,503 ","$11,609,474 ","$7,205,635 ","$468,719 ","$6,186,620 ","$550,296 ","$84,095,639 ","$2,943,061 ","$57,279,193 ","$23,873,385 ","$378,320,653 ",N/A,N/A,"$44,684,493 ","$18,215,094 ","$3,156,057,807 ","$3,116,141,716 ","$39,916,091 ",N/A,"$58,381,367 ","$396,508,756 ",N/A,N/A,N/A,N/A,N/A,N/A,"$330,870,948 ",N/A,N/A,N/A,N/A,N/A,N/A,N/A,N/A,N/A,N/A,N/A,N/A,N/A,N/A,N/A,N/A,N/A,N/A,N/A,N/A,N/A,N/A,N/A,N/A,N/A,N/A,N/A,N/A,"$5,597,885,800 ",N/A,N/A,N/A,N/A,N/A,"$5,597,885,800 ","$5,410,799,375 ",N/A,N/A,N/A,N/A,N/A,"$69,163,890 ","$49,542,409 ","$19,621,481 ","$117,922,535 ",$0 ,N/A,N/A,N/A,N/A,N/A,N/A,N/A,N/A
,,,,,,,,,,,,,,,,,,,,,,,,,,,,,,,,,,,,,,,,,,,,,,,,,,,,,,,,,,,,,,,,,,,,,,,,,,,,,,,,,,,,,,,,,,,,,,,,,,,,,,,,,,,,,,,,,,,,,,,,,,,,,,,,,,,,,,,,,,,,,,,,,,,,,,,,,,,,,,,,,,,,,,,,,,,,,,,,,,,,,,,,,,,,,,,,,,,,,,,,,,,,,,,,,,,,,,,,,,,,,,,,,,,,,,,,,,,,,,,,,,,,,,,,,,,,,,,,,,,,,,,,,,,,,,,,,,,,,,,,,,,,,,,,
Data may be unavailable for some years, variables, and levels of government. Observations with missing values are displayed as N/A in the results above.,,,,,,,,,,,,,,,,,,,,,,,,,,,,,,,,,,,,,,,,,,,,,,,,,,,,,,,,,,,,,,,,,,,,,,,,,,,,,,,,,,,,,,,,,,,,,,,,,,,,,,,,,,,,,,,,,,,,,,,,,,,,,,,,,,,,,,,,,,,,,,,,,,,,,,,,,,,,,,,,,,,,,,,,,,,,,,,,,,,,,,,,,,,,,,,,,,,,,,,,,,,,,,,,,,,,,,,,,,,,,,,,,,,,,,,,,,,,,,,,,,,,,,,,,,,,,,,,,,,,,,,,,,,,,,,,,,,,,,,,,,,,,,
,,,,,,,,,,,,,,,,,,,,,,,,,,,,,,,,,,,,,,,,,,,,,,,,,,,,,,,,,,,,,,,,,,,,,,,,,,,,,,,,,,,,,,,,,,,,,,,,,,,,,,,,,,,,,,,,,,,,,,,,,,,,,,,,,,,,,,,,,,,,,,,,,,,,,,,,,,,,,,,,,,,,,,,,,,,,,,,,,,,,,,,,,,,,,,,,,,,,,,,,,,,,,,,,,,,,,,,,,,,,,,,,,,,,,,,,,,,,,,,,,,,,,,,,,,,,,,,,,,,,,,,,,,,,,,,,,,,,,,,,,,,,,,,,
,,,,,,,,,,,,,,,,,,,,,,,,,,,,,,,,,,,,,,,,,,,,,,,,,,,,,,,,,,,,,,,,,,,,,,,,,,,,,,,,,,,,,,,,,,,,,,,,,,,,,,,,,,,,,,,,,,,,,,,,,,,,,,,,,,,,,,,,,,,,,,,,,,,,,,,,,,,,,,,,,,,,,,,,,,,,,,,,,,,,,,,,,,,,,,,,,,,,,,,,,,,,,,,,,,,,,,,,,,,,,,,,,,,,,,,,,,,,,,,,,,,,,,,,,,,,,,,,,,,,,,,,,,,,,,,,,,,,,,,,,,,,,,,,
,,,,,,,,,,,,,,,,,,,,,,,,,,,,,,,,,,,,,,,,,,,,,,,,,,,,,,,,,,,,,,,,,,,,,,,,,,,,,,,,,,,,,,,,,,,,,,,,,,,,,,,,,,,,,,,,,,,,,,,,,,,,,,,,,,,,,,,,,,,,,,,,,,,,,,,,,,,,,,,,,,,,,,,,,,,,,,,,,,,,,,,,,,,,,,,,,,,,,,,,,,,,,,,,,,,,,,,,,,,,,,,,,,,,,,,,,,,,,,,,,,,,,,,,,,,,,,,,,,,,,,,,,,,,,,,,,,,,,,,,,,,,,,,,
"	",,,,,,,,,,,,,,,,,,,,,,,,,,,,,,,,,,,,,,,,,,,,,,,,,,,,,,,,,,,,,,,,,,,,,,,,,,,,,,,,,,,,,,,,,,,,,,,,,,,,,,,,,,,,,,,,,,,,,,,,,,,,,,,,,,,,,,,,,,,,,,,,,,,,,,,,,,,,,,,,,,,,,,,,,,,,,,,,,,,,,,,,,,,,,,,,,,,,,,,,,,,,,,,,,,,,,,,,,,,,,,,,,,,,,,,,,,,,,,,,,,,,,,,,,,,,,,,,,,,,,,,,,,,,,,,,,,,,,,,,,,,,,,,,