household_type,income_group,year,inc_before_transfers_taxes,market_income,wages,employee_contrib_deferred_comp,employer_contrib_health_ins,employer_share_payroll_taxes,federal_unemployment_tax,corp_tax_borne_by_labor,business_income,capital_gains,tax_exempt_interest,taxable_interest,positive_rental_income,dividends,corp_tax_borne_by_capital,other_market_income,social_insurance_benefits,social_security,medicare,unemployment_insurance,workers_compensation
all_households,all_quintiles,1979,65300.0,60700.0,42100.0,0.0,1900.0,2100.0,100.0,600.0,3000.0,2400.0,200.0,2600.0,500.0,1200.0,1700.0,2400.0,4600.0,3300.0,900.0,200.0,100.0
all_households,all_quintiles,1980,63400.0,58500.0,40900.0,0.0,1600.0,2100.0,100.0,400.0,2400.0,2200.0,200.0,3200.0,500.0,1200.0,1300.0,2400.0,4900.0,3400.0,1000.0,400.0,100.0
all_households,all_quintiles,1981,63600.0,58500.0,40800.0,0.0,1600.0,2300.0,100.0,400.0,1900.0,2100.0,200.0,3900.0,600.0,1300.0,1100.0,2400.0,5100.0,3600.0,1100.0,300.0,100.0
all_households,all_quintiles,1982,63700.0,58100.0,40500.0,0.0,1800.0,2300.0,100.0,200.0,1700.0,2200.0,200.0,4100.0,600.0,1400.0,700.0,2400.0,5600.0,3700.0,1200.0,500.0,100.0
all_households,all_quintiles,1983,64400.0,58700.0,40100.0,0.0,1800.0,2300.0,100.0,300.0,2000.0,2900.0,300.0,3800.0,600.0,1200.0,900.0,2500.0,5700.0,3800.0,1300.0,500.0,200.0
all_households,all_quintiles,1984,68000.0,62500.0,41800.0,200.0,1800.0,2500.0,100.0,300.0,2700.0,3100.0,400.0,4100.0,600.0,1200.0,1000.0,2700.0,5500.0,3800.0,1300.0,300.0,200.0
all_households,all_quintiles,1985,69100.0,63400.0,42300.0,300.0,1900.0,2600.0,100.0,300.0,2300.0,3600.0,400.0,4000.0,600.0,1200.0,1000.0,2800.0,5600.0,3800.0,1400.0,300.0,200.0
all_households,all_quintiles,1986,73700.0,67900.0,43100.0,400.0,1900.0,2700.0,100.0,300.0,2700.0,6800.0,500.0,3600.0,500.0,1300.0,1000.0,2800.0,5800.0,3900.0,1500.0,300.0,200.0
all_households,all_quintiles,1987,71300.0,65700.0,43800.0,400.0,2100.0,2700.0,100.0,400.0,3200.0,2800.0,600.0,3500.0,500.0,1400.0,1300.0,2900.0,5700.0,3800.0,1500.0,300.0,200.0
all_households,all_quintiles,1988,74400.0,68600.0,44600.0,500.0,2200.0,2800.0,100.0,400.0,3900.0,2900.0,600.0,3600.0,500.0,1500.0,1300.0,3500.0,5700.0,3800.0,1500.0,200.0,200.0
all_households,all_quintiles,1989,74900.0,69000.0,44600.0,600.0,2300.0,2800.0,100.0,400.0,3800.0,2700.0,700.0,4000.0,600.0,1500.0,1300.0,3600.0,5800.0,3900.0,1500.0,200.0,200.0
all_households,all_quintiles,1990,74500.0,68400.0,44800.0,600.0,2300.0,2900.0,100.0,400.0,3800.0,1900.0,700.0,4000.0,600.0,1400.0,1200.0,3700.0,6100.0,4000.0,1600.0,300.0,200.0
all_households,all_quintiles,1991,72700.0,66300.0,43900.0,600.0,2300.0,2900.0,100.0,400.0,3500.0,1700.0,700.0,3500.0,600.0,1300.0,1100.0,3800.0,6400.0,4100.0,1700.0,400.0,200.0
all_households,all_quintiles,1992,74700.0,68000.0,44900.0,700.0,2500.0,3000.0,100.0,400.0,4000.0,1900.0,700.0,2600.0,600.0,1200.0,1200.0,4000.0,6700.0,4200.0,1800.0,500.0,200.0
all_households,all_quintiles,1993,75000.0,68100.0,44600.0,800.0,2800.0,2900.0,100.0,500.0,3900.0,2200.0,700.0,2100.0,700.0,1200.0,1400.0,4100.0,6900.0,4300.0,2000.0,400.0,200.0
all_households,all_quintiles,1994,75800.0,69000.0,44900.0,900.0,3000.0,3000.0,100.0,500.0,4200.0,2100.0,700.0,1900.0,600.0,1200.0,1500.0,4200.0,6900.0,4300.0,2000.0,300.0,200.0
all_households,all_quintiles,1995,79000.0,72000.0,46300.0,1000.0,3100.0,3100.0,100.0,600.0,4300.0,2500.0,700.0,2300.0,700.0,1400.0,1700.0,4400.0,7100.0,4400.0,2200.0,300.0,200.0
all_households,all_quintiles,1996,82100.0,74900.0,47200.0,1200.0,3000.0,3200.0,100.0,600.0,4500.0,3500.0,700.0,2300.0,700.0,1500.0,1800.0,4700.0,7200.0,4500.0,2300.0,300.0,100.0
all_households,all_quintiles,1997,85900.0,78600.0,48900.0,1200.0,2700.0,3300.0,100.0,600.0,4800.0,4800.0,700.0,2300.0,700.0,1600.0,1800.0,5100.0,7300.0,4500.0,2400.0,200.0,200.0
all_households,all_quintiles,1998,90500.0,83300.0,51400.0,1400.0,2700.0,3400.0,100.0,600.0,5200.0,5900.0,700.0,2400.0,700.0,1600.0,1800.0,5600.0,7200.0,4600.0,2300.0,200.0,100.0
all_households,all_quintiles,1999,94900.0,87900.0,53600.0,1500.0,2700.0,3600.0,100.0,600.0,5500.0,7000.0,700.0,2300.0,700.0,1700.0,1800.0,6000.0,7000.0,4400.0,2200.0,200.0,100.0
all_households,all_quintiles,2000,97500.0,90300.0,54700.0,1600.0,2800.0,3600.0,100.0,600.0,5400.0,7600.0,700.0,2500.0,700.0,1800.0,1800.0,6600.0,7100.0,4600.0,2200.0,200.0,200.0
all_households,all_quintiles,2001,92100.0,84600.0,54300.0,1600.0,2900.0,3700.0,100.0,400.0,5200.0,3900.0,700.0,2400.0,700.0,1400.0,1200.0,6100.0,7500.0,4700.0,2400.0,300.0,100.0
all_households,all_quintiles,2002,88500.0,80600.0,52600.0,1500.0,3200.0,3500.0,100.0,400.0,5200.0,2700.0,600.0,1700.0,700.0,1200.0,1100.0,6200.0,7900.0,4800.0,2500.0,500.0,100.0
all_households,all_quintiles,2003,90000.0,82000.0,52300.0,1800.0,3500.0,3500.0,100.0,500.0,5400.0,3300.0,600.0,1400.0,700.0,1300.0,1500.0,6200.0,8000.0,4800.0,2500.0,500.0,200.0
all_households,all_quintiles,2004,95100.0,87100.0,53400.0,1900.0,3900.0,3600.0,100.0,600.0,6100.0,5100.0,600.0,1400.0,700.0,1600.0,1900.0,6300.0,8000.0,4900.0,2700.0,400.0,100.0
all_households,all_quintiles,2005,100200.0,92000.0,53800.0,2000.0,4100.0,3600.0,100.0,800.0,7000.0,6900.0,600.0,1700.0,800.0,1700.0,2500.0,6500.0,8200.0,5000.0,2800.0,300.0,200.0
all_households,all_quintiles,2006,104100.0,95500.0,54900.0,2000.0,4000.0,3600.0,100.0,900.0,7100.0,7800.0,700.0,2200.0,700.0,2000.0,2700.0,6700.0,8600.0,5000.0,3100.0,300.0,100.0
all_households,all_quintiles,2007,107400.0,98600.0,56600.0,2100.0,3800.0,3800.0,100.0,800.0,6800.0,8800.0,800.0,2600.0,800.0,2300.0,2400.0,7200.0,8700.0,5200.0,3100.0,300.0,100.0
all_households,all_quintiles,2008,99700.0,90600.0,55900.0,2100.0,3800.0,3700.0,100.0,500.0,6000.0,4400.0,700.0,2100.0,900.0,2100.0,1400.0,7100.0,9100.0,5300.0,3300.0,400.0,100.0
all_households,all_quintiles,2009,93800.0,83300.0,53400.0,2000.0,3800.0,3600.0,100.0,400.0,5600.0,2200.0,700.0,1600.0,700.0,1500.0,1100.0,6800.0,10500.0,5800.0,3500.0,1100.0,100.0
all_households,all_quintiles,2010,96100.0,85700.0,53200.0,1900.0,3600.0,3600.0,100.0,500.0,6100.0,3300.0,700.0,1300.0,800.0,1700.0,1500.0,7400.0,10500.0,5700.0,3500.0,1100.0,100.0
all_households,all_quintiles,2011,95300.0,85100.0,52900.0,1900.0,3600.0,3500.0,100.0,500.0,6300.0,3300.0,600.0,1000.0,800.0,1700.0,1500.0,7400.0,10200.0,5700.0,3500.0,800.0,100.0
all_households,all_quintiles,2012,99800.0,89500.0,53400.0,2000.0,3600.0,3500.0,,600.0,7300.0,5200.0,600.0,900.0,900.0,2200.0,1700.0,7500.0,10300.0,6000.0,3600.0,600.0,100.0
all_households,all_quintiles,2013,98500.0,88200.0,53900.0,2000.0,3500.0,3600.0,,600.0,7000.0,4000.0,600.0,800.0,900.0,1800.0,1900.0,7500.0,10300.0,6100.0,3600.0,400.0,100.0
all_households,all_quintiles,2014,102000.0,91700.0,54900.0,2100.0,3500.0,3700.0,,700.0,7400.0,5600.0,500.0,800.0,900.0,2100.0,2000.0,7600.0,10300.0,6200.0,3600.0,300.0,100.0
all_households,all_quintiles,2015,105100.0,94500.0,56800.0,2200.0,3600.0,3800.0,,600.0,7800.0,5600.0,500.0,800.0,800.0,2100.0,1900.0,8000.0,10500.0,6400.0,3800.0,200.0,100.0
all_households,lowest_quintile,1979,16700.0,12200.0,8900.0,0.0,500.0,500.0,100.0,100.0,300.0,100.0,,400.0,100.0,100.0,200.0,900.0,4500.0,3200.0,1100.0,100.0,100.0
all_households,lowest_quintile,1980,16400.0,12100.0,9100.0,0.0,400.0,500.0,,100.0,200.0,100.0,,500.0,100.0,100.0,100.0,800.0,4300.0,2900.0,1100.0,200.0,100.0
all_households,lowest_quintile,1981,16200.0,12300.0,9400.0,0.0,400.0,600.0,100.0,100.0,100.0,100.0,,500.0,100.0,100.0,100.0,800.0,3900.0,2600.0,1000.0,200.0,100.0
all_households,lowest_quintile,1982,15800.0,12200.0,9400.0,0.0,500.0,600.0,,100.0,100.0,100.0,,500.0,100.0,100.0,100.0,600.0,3600.0,2100.0,900.0,400.0,100.0
all_households,lowest_quintile,1983,15200.0,12300.0,9400.0,0.0,500.0,600.0,100.0,100.0,200.0,100.0,,500.0,100.0,100.0,100.0,600.0,3000.0,1700.0,800.0,400.0,100.0
all_households,lowest_quintile,1984,16100.0,13100.0,9800.0,,600.0,700.0,100.0,100.0,200.0,100.0,,600.0,100.0,100.0,100.0,700.0,3100.0,1900.0,900.0,200.0,100.0
all_households,lowest_quintile,1985,16200.0,13200.0,10000.0,,500.0,700.0,100.0,100.0,300.0,100.0,,600.0,100.0,100.0,100.0,600.0,3000.0,1800.0,900.0,200.0,100.0
all_households,lowest_quintile,1986,16100.0,13100.0,9700.0,,600.0,700.0,100.0,100.0,500.0,100.0,,500.0,100.0,100.0,100.0,700.0,2900.0,1700.0,800.0,300.0,100.0
all_households,lowest_quintile,1987,15400.0,12500.0,9100.0,,600.0,600.0,100.0,100.0,500.0,100.0,,400.0,100.0,100.0,100.0,700.0,3000.0,1800.0,900.0,200.0,100.0
all_households,lowest_quintile,1988,16000.0,12900.0,9300.0,,500.0,700.0,100.0,100.0,700.0,100.0,,400.0,100.0,100.0,100.0,800.0,3100.0,1900.0,900.0,200.0,100.0
all_households,lowest_quintile,1989,16800.0,13700.0,9900.0,,600.0,700.0,100.0,100.0,600.0,100.0,,500.0,100.0,100.0,100.0,800.0,3200.0,1900.0,1000.0,200.0,100.0
all_households,lowest_quintile,1990,17600.0,14400.0,10600.0,100.0,600.0,800.0,100.0,100.0,700.0,,,500.0,100.0,100.0,100.0,700.0,3200.0,1800.0,1100.0,200.0,100.0
all_households,lowest_quintile,1991,17900.0,14800.0,11100.0,,600.0,800.0,100.0,100.0,600.0,,,500.0,100.0,100.0,100.0,700.0,3100.0,1600.0,1000.0,400.0,100.0
all_households,lowest_quintile,1992,18300.0,15000.0,11300.0,100.0,700.0,900.0,100.0,100.0,700.0,100.0,,300.0,100.0,100.0,100.0,600.0,3200.0,1600.0,1000.0,500.0,100.0
all_households,lowest_quintile,1993,18500.0,15400.0,11400.0,100.0,700.0,900.0,100.0,100.0,800.0,100.0,,300.0,100.0,100.0,100.0,700.0,3100.0,1600.0,1000.0,400.0,100.0
all_households,lowest_quintile,1994,18400.0,15200.0,11200.0,100.0,800.0,800.0,100.0,100.0,700.0,,,300.0,100.0,100.0,100.0,700.0,3200.0,1700.0,1100.0,300.0,100.0
all_households,lowest_quintile,1995,19600.0,16500.0,12100.0,100.0,900.0,900.0,100.0,100.0,900.0,100.0,,300.0,100.0,100.0,100.0,700.0,3100.0,1700.0,1100.0,300.0,100.0
all_households,lowest_quintile,1996,19600.0,16700.0,12300.0,100.0,900.0,900.0,100.0,200.0,900.0,100.0,,300.0,100.0,100.0,100.0,700.0,2900.0,1500.0,1100.0,300.0,100.0
all_households,lowest_quintile,1997,20600.0,17600.0,13000.0,100.0,900.0,1000.0,100.0,200.0,1000.0,100.0,,300.0,100.0,100.0,100.0,700.0,3100.0,1600.0,1100.0,200.0,100.0
all_households,lowest_quintile,1998,21700.0,18600.0,13900.0,100.0,1000.0,1100.0,100.0,200.0,1000.0,100.0,,200.0,100.0,100.0,100.0,800.0,3100.0,1600.0,1200.0,200.0,100.0
all_households,lowest_quintile,1999,22300.0,18800.0,13800.0,100.0,900.0,1000.0,100.0,200.0,1200.0,100.0,,200.0,100.0,100.0,100.0,800.0,3500.0,1900.0,1300.0,200.0,100.0
all_households,lowest_quintile,2000,22100.0,18600.0,13600.0,200.0,1000.0,1000.0,100.0,100.0,1100.0,100.0,,200.0,100.0,100.0,100.0,900.0,3500.0,1900.0,1300.0,200.0,100.0
all_households,lowest_quintile,2001,21800.0,18000.0,13500.0,100.0,1000.0,1000.0,100.0,100.0,1000.0,,,300.0,100.0,100.0,100.0,700.0,3700.0,2000.0,1400.0,300.0,100.0
all_households,lowest_quintile,2002,21800.0,18000.0,13400.0,100.0,1000.0,1000.0,100.0,100.0,1000.0,,,200.0,100.0,100.0,100.0,900.0,3700.0,1900.0,1300.0,400.0,100.0
all_households,lowest_quintile,2003,21400.0,17500.0,12900.0,100.0,1000.0,1000.0,100.0,100.0,1000.0,,,200.0,100.0,100.0,100.0,900.0,3900.0,2000.0,1500.0,400.0,100.0
all_households,lowest_quintile,2004,21600.0,17700.0,13100.0,100.0,1100.0,1000.0,100.0,200.0,1000.0,,,200.0,100.0,100.0,100.0,700.0,3900.0,2000.0,1500.0,300.0,100.0
all_households,lowest_quintile,2005,22200.0,18400.0,13500.0,100.0,1100.0,1000.0,,200.0,1000.0,,,200.0,100.0,100.0,100.0,800.0,3800.0,2000.0,1500.0,300.0,100.0
all_households,lowest_quintile,2006,23000.0,19700.0,14500.0,100.0,1300.0,1100.0,100.0,200.0,1200.0,100.0,,200.0,100.0,100.0,100.0,700.0,3300.0,1600.0,1400.0,200.0,
all_households,lowest_quintile,2007,24200.0,20700.0,15300.0,100.0,1100.0,1200.0,100.0,200.0,1200.0,100.0,,200.0,100.0,100.0,100.0,900.0,3500.0,1800.0,1400.0,300.0,
all_households,lowest_quintile,2008,23800.0,19900.0,15000.0,100.0,1100.0,1100.0,,100.0,1000.0,,,200.0,100.0,100.0,100.0,900.0,3900.0,1900.0,1600.0,400.0,100.0
all_households,lowest_quintile,2009,23300.0,19100.0,14300.0,100.0,1000.0,1100.0,,100.0,1100.0,,,200.0,100.0,100.0,100.0,900.0,4200.0,1700.0,1500.0,1000.0,
all_households,lowest_quintile,2010,23600.0,19400.0,14500.0,100.0,900.0,1100.0,,100.0,1200.0,,,200.0,100.0,100.0,100.0,900.0,4200.0,1700.0,1400.0,1100.0,
all_households,lowest_quintile,2011,23000.0,18800.0,14000.0,100.0,900.0,1000.0,,100.0,1300.0,,,100.0,100.0,100.0,100.0,900.0,4200.0,1900.0,1500.0,800.0,
all_households,lowest_quintile,2012,22200.0,18400.0,13500.0,100.0,1000.0,1000.0,,100.0,1400.0,,,100.0,100.0,100.0,100.0,800.0,3800.0,1700.0,1500.0,600.0,
all_households,lowest_quintile,2013,23100.0,19200.0,14100.0,100.0,1000.0,1100.0,,200.0,1400.0,,,100.0,100.0,100.0,100.0,900.0,3900.0,1900.0,1600.0,400.0,
all_households,lowest_quintile,2014,22900.0,18900.0,14000.0,100.0,900.0,1100.0,,200.0,1400.0,100.0,,100.0,100.0,100.0,100.0,800.0,4000.0,2000.0,1700.0,200.0,
all_households,lowest_quintile,2015,23900.0,19400.0,14500.0,100.0,1000.0,1100.0,,200.0,1300.0,100.0,,100.0,100.0,100.0,100.0,900.0,4400.0,2300.0,1900.0,200.0,
all_households,second_quintile,1979,36300.0,30800.0,23400.0,0.0,1300.0,1400.0,100.0,300.0,1000.0,100.0,,900.0,200.0,100.0,300.0,1700.0,5600.0,4100.0,1100.0,200.0,200.0
all_households,second_quintile,1980,34400.0,28400.0,21900.0,0.0,1000.0,1300.0,100.0,200.0,900.0,100.0,,900.0,100.0,100.0,200.0,1500.0,6000.0,4200.0,1200.0,400.0,100.0
all_households,second_quintile,1981,34300.0,28200.0,21700.0,0.0,1000.0,1400.0,100.0,200.0,700.0,100.0,,1000.0,100.0,100.0,200.0,1500.0,6100.0,4300.0,1300.0,400.0,100.0
all_households,second_quintile,1982,33500.0,26900.0,20800.0,0.0,1100.0,1300.0,100.0,100.0,700.0,100.0,,1000.0,100.0,100.0,100.0,1300.0,6600.0,4300.0,1500.0,600.0,100.0
all_households,second_quintile,1983,32700.0,26100.0,19900.0,0.0,1200.0,1300.0,100.0,100.0,800.0,200.0,,1000.0,100.0,100.0,100.0,1200.0,6600.0,4300.0,1600.0,600.0,200.0
all_households,second_quintile,1984,34500.0,28200.0,21300.0,100.0,1200.0,1400.0,100.0,200.0,800.0,100.0,,1000.0,100.0,100.0,200.0,1500.0,6300.0,4200.0,1600.0,400.0,200.0
all_households,second_quintile,1985,34300.0,27900.0,21100.0,100.0,1200.0,1400.0,100.0,200.0,900.0,100.0,,1000.0,100.0,100.0,100.0,1500.0,6400.0,4200.0,1700.0,300.0,200.0
all_households,second_quintile,1986,34900.0,28300.0,21200.0,100.0,1200.0,1500.0,100.0,200.0,1000.0,200.0,,800.0,100.0,100.0,100.0,1600.0,6700.0,4300.0,1800.0,400.0,200.0
all_households,second_quintile,1987,33900.0,27100.0,20000.0,100.0,1300.0,1400.0,100.0,200.0,1000.0,100.0,,900.0,100.0,200.0,200.0,1500.0,6800.0,4500.0,1800.0,300.0,200.0
all_households,second_quintile,1988,34500.0,27700.0,20300.0,100.0,1300.0,1500.0,100.0,200.0,1100.0,100.0,,900.0,100.0,200.0,200.0,1700.0,6800.0,4500.0,1900.0,200.0,200.0
all_households,second_quintile,1989,35100.0,28300.0,20600.0,100.0,1300.0,1500.0,100.0,200.0,1200.0,100.0,,900.0,100.0,200.0,200.0,1800.0,6800.0,4500.0,1900.0,300.0,200.0
all_households,second_quintile,1990,36100.0,29500.0,21700.0,200.0,1300.0,1600.0,100.0,200.0,1100.0,,,900.0,200.0,200.0,200.0,1800.0,6700.0,4300.0,1900.0,300.0,200.0
all_households,second_quintile,1991,35400.0,28500.0,21100.0,200.0,1300.0,1600.0,100.0,200.0,1100.0,100.0,,800.0,100.0,100.0,200.0,1800.0,6900.0,4300.0,1900.0,400.0,200.0
all_households,second_quintile,1992,35600.0,28600.0,21000.0,200.0,1400.0,1600.0,100.0,200.0,1100.0,100.0,,600.0,100.0,100.0,200.0,1900.0,7000.0,4300.0,2000.0,500.0,200.0
all_households,second_quintile,1993,35900.0,28600.0,20900.0,200.0,1600.0,1600.0,100.0,200.0,1000.0,100.0,,500.0,200.0,200.0,200.0,1900.0,7300.0,4400.0,2200.0,500.0,200.0
all_households,second_quintile,1994,35900.0,28600.0,20800.0,200.0,1700.0,1600.0,100.0,200.0,1100.0,100.0,,400.0,200.0,200.0,200.0,1900.0,7400.0,4600.0,2300.0,300.0,200.0
all_households,second_quintile,1995,37900.0,30500.0,22300.0,300.0,1800.0,1700.0,100.0,300.0,1000.0,100.0,,500.0,100.0,200.0,200.0,2000.0,7400.0,4600.0,2400.0,300.0,100.0
all_households,second_quintile,1996,37900.0,30800.0,22500.0,300.0,1800.0,1700.0,100.0,300.0,1100.0,100.0,,500.0,100.0,200.0,200.0,2000.0,7100.0,4300.0,2400.0,300.0,100.0
all_households,second_quintile,1997,39300.0,32200.0,23700.0,400.0,1700.0,1800.0,100.0,300.0,1200.0,200.0,,400.0,100.0,200.0,200.0,2000.0,7100.0,4300.0,2400.0,300.0,100.0
all_households,second_quintile,1998,41100.0,33900.0,25000.0,400.0,1700.0,1900.0,100.0,300.0,1200.0,200.0,,400.0,100.0,200.0,200.0,2200.0,7200.0,4400.0,2400.0,300.0,100.0
all_households,second_quintile,1999,42500.0,35400.0,25900.0,500.0,1700.0,2000.0,100.0,300.0,1300.0,300.0,,500.0,100.0,200.0,200.0,2400.0,7100.0,4400.0,2300.0,300.0,100.0
all_households,second_quintile,2000,42700.0,35900.0,26000.0,500.0,1800.0,2000.0,100.0,300.0,1200.0,300.0,,500.0,100.0,200.0,200.0,2700.0,6800.0,4200.0,2200.0,200.0,100.0
all_households,second_quintile,2001,42400.0,34900.0,25700.0,500.0,1900.0,2000.0,100.0,200.0,1200.0,,,500.0,200.0,200.0,100.0,2400.0,7500.0,4600.0,2500.0,300.0,100.0
all_households,second_quintile,2002,41900.0,34200.0,25300.0,300.0,2000.0,1900.0,100.0,200.0,1200.0,,,400.0,100.0,200.0,100.0,2500.0,7700.0,4500.0,2500.0,500.0,100.0
all_households,second_quintile,2003,41700.0,33700.0,24600.0,300.0,2100.0,1900.0,100.0,200.0,1200.0,,,300.0,100.0,200.0,100.0,2500.0,8000.0,4800.0,2600.0,500.0,100.0
all_households,second_quintile,2004,43100.0,35300.0,25500.0,300.0,2500.0,1900.0,100.0,300.0,1200.0,,,300.0,100.0,200.0,100.0,2700.0,7900.0,4700.0,2700.0,400.0,100.0
all_households,second_quintile,2005,43400.0,35400.0,25500.0,300.0,2500.0,1900.0,100.0,400.0,1300.0,100.0,,300.0,100.0,200.0,200.0,2600.0,7900.0,4700.0,2800.0,300.0,100.0
all_households,second_quintile,2006,44300.0,36300.0,26200.0,300.0,2500.0,2000.0,100.0,400.0,1300.0,100.0,,400.0,100.0,200.0,200.0,2400.0,8000.0,4600.0,3000.0,300.0,100.0
all_households,second_quintile,2007,46500.0,38700.0,28200.0,400.0,2400.0,2100.0,100.0,400.0,1300.0,200.0,,400.0,100.0,200.0,200.0,2600.0,7800.0,4500.0,2900.0,300.0,100.0
all_households,second_quintile,2008,45100.0,36900.0,27100.0,400.0,2300.0,2000.0,100.0,200.0,1200.0,,,400.0,200.0,200.0,100.0,2700.0,8200.0,4600.0,3100.0,400.0,100.0
all_households,second_quintile,2009,44600.0,35300.0,25900.0,300.0,2300.0,2000.0,100.0,200.0,1200.0,-100.0,,300.0,100.0,200.0,100.0,2700.0,9300.0,4700.0,3200.0,1200.0,100.0
all_households,second_quintile,2010,44600.0,35600.0,25900.0,300.0,2200.0,1900.0,100.0,200.0,1400.0,,,200.0,200.0,200.0,100.0,2900.0,9000.0,4600.0,3000.0,1300.0,100.0
all_households,second_quintile,2011,43600.0,34400.0,25000.0,300.0,2200.0,1900.0,100.0,200.0,1400.0,,,200.0,200.0,200.0,100.0,2700.0,9200.0,4900.0,3300.0,900.0,100.0
all_households,second_quintile,2012,43300.0,34300.0,24700.0,300.0,2200.0,1900.0,,300.0,1500.0,,,100.0,200.0,200.0,100.0,2700.0,9100.0,5000.0,3300.0,700.0,100.0
all_households,second_quintile,2013,44200.0,35500.0,25800.0,400.0,2200.0,1900.0,,300.0,1500.0,100.0,,100.0,200.0,200.0,100.0,2700.0,8700.0,5100.0,3100.0,500.0,100.0
all_households,second_quintile,2014,44300.0,35500.0,25800.0,400.0,2200.0,2000.0,,300.0,1500.0,100.0,,100.0,100.0,100.0,100.0,2700.0,8800.0,5200.0,3300.0,300.0,100.0
all_households,second_quintile,2015,46300.0,37300.0,27100.0,400.0,2300.0,2100.0,,300.0,1600.0,100.0,,100.0,100.0,100.0,100.0,2900.0,9100.0,5400.0,3400.0,200.0,100.0
all_households,middle_quintile,1979,55700.0,51200.0,39700.0,0.0,2000.0,2300.0,100.0,500.0,1400.0,200.0,,1600.0,200.0,300.0,600.0,2300.0,4500.0,3200.0,800.0,300.0,200.0
all_households,middle_quintile,1980,54200.0,49300.0,38600.0,0.0,1700.0,2200.0,100.0,400.0,1300.0,200.0,,1700.0,200.0,200.0,400.0,2100.0,4800.0,3300.0,800.0,500.0,100.0
all_households,middle_quintile,1981,54000.0,49000.0,38300.0,0.0,1700.0,2400.0,100.0,300.0,1100.0,200.0,,2000.0,200.0,300.0,300.0,2000.0,5000.0,3500.0,900.0,400.0,200.0
all_households,middle_quintile,1982,53000.0,47300.0,36700.0,0.0,1900.0,2300.0,100.0,200.0,1000.0,200.0,,2100.0,200.0,300.0,200.0,2100.0,5800.0,3700.0,1100.0,700.0,200.0
all_households,middle_quintile,1983,52000.0,45700.0,34900.0,0.0,1900.0,2200.0,100.0,300.0,1100.0,200.0,,2000.0,200.0,200.0,300.0,2200.0,6200.0,4100.0,1300.0,600.0,200.0
all_households,middle_quintile,1984,55200.0,49500.0,37000.0,200.0,1900.0,2400.0,100.0,300.0,1500.0,200.0,,2300.0,200.0,300.0,300.0,2500.0,5700.0,3800.0,1300.0,400.0,200.0
all_households,middle_quintile,1985,55400.0,49600.0,37400.0,200.0,2000.0,2500.0,100.0,300.0,1200.0,200.0,,2200.0,200.0,300.0,300.0,2500.0,5800.0,3800.0,1400.0,400.0,200.0
all_households,middle_quintile,1986,56300.0,50000.0,37400.0,300.0,2000.0,2600.0,100.0,300.0,1300.0,300.0,,2100.0,200.0,400.0,300.0,2700.0,6300.0,4200.0,1600.0,400.0,200.0
all_households,middle_quintile,1987,56000.0,49400.0,36300.0,300.0,2100.0,2500.0,100.0,400.0,1500.0,300.0,,2000.0,200.0,400.0,400.0,2800.0,6600.0,4400.0,1600.0,300.0,200.0
all_households,middle_quintile,1988,56800.0,50600.0,36600.0,400.0,2200.0,2700.0,100.0,400.0,1600.0,200.0,,2000.0,300.0,400.0,400.0,3300.0,6200.0,4200.0,1500.0,300.0,200.0
all_households,middle_quintile,1989,57400.0,51100.0,37100.0,400.0,2300.0,2700.0,100.0,400.0,1600.0,200.0,,2000.0,200.0,400.0,400.0,3200.0,6300.0,4200.0,1600.0,300.0,200.0
all_households,middle_quintile,1990,57300.0,50700.0,36800.0,400.0,2300.0,2700.0,100.0,300.0,1500.0,100.0,,2000.0,200.0,400.0,400.0,3300.0,6700.0,4300.0,1800.0,300.0,300.0
all_households,middle_quintile,1991,56300.0,49200.0,35800.0,400.0,2200.0,2700.0,100.0,300.0,1400.0,200.0,,1800.0,200.0,300.0,400.0,3400.0,7100.0,4600.0,1900.0,400.0,300.0
all_households,middle_quintile,1992,56000.0,48200.0,34800.0,500.0,2400.0,2600.0,100.0,300.0,1500.0,200.0,,1400.0,300.0,400.0,400.0,3500.0,7800.0,4900.0,2100.0,600.0,200.0
all_households,middle_quintile,1993,56300.0,48400.0,35000.0,500.0,2700.0,2600.0,100.0,400.0,1400.0,200.0,,1100.0,300.0,400.0,400.0,3400.0,7900.0,4900.0,2200.0,500.0,200.0
all_households,middle_quintile,1994,56800.0,49100.0,35200.0,600.0,2800.0,2600.0,100.0,400.0,1400.0,200.0,,1000.0,300.0,400.0,400.0,3600.0,7700.0,4800.0,2300.0,400.0,200.0
all_households,middle_quintile,1995,58900.0,51000.0,36500.0,700.0,2900.0,2800.0,100.0,400.0,1400.0,300.0,100.0,1100.0,300.0,400.0,500.0,3600.0,7900.0,4900.0,2400.0,300.0,200.0
all_households,middle_quintile,1996,59900.0,51900.0,37100.0,800.0,2900.0,2800.0,100.0,500.0,1400.0,300.0,,1100.0,300.0,400.0,400.0,3700.0,8000.0,4900.0,2600.0,300.0,200.0
all_households,middle_quintile,1997,61100.0,53200.0,38300.0,800.0,2700.0,2900.0,100.0,500.0,1400.0,400.0,,1000.0,200.0,400.0,400.0,3900.0,7900.0,4800.0,2600.0,300.0,200.0
all_households,middle_quintile,1998,63400.0,55200.0,39500.0,1000.0,2600.0,3000.0,100.0,500.0,1500.0,500.0,,1100.0,300.0,400.0,400.0,4400.0,8200.0,5200.0,2600.0,300.0,200.0
all_households,middle_quintile,1999,65500.0,57400.0,41000.0,1100.0,2600.0,3100.0,100.0,500.0,1600.0,500.0,,1100.0,300.0,400.0,400.0,4600.0,8100.0,5000.0,2600.0,300.0,200.0
all_households,middle_quintile,2000,65600.0,57400.0,40400.0,1100.0,2600.0,3100.0,100.0,400.0,1500.0,600.0,,1100.0,300.0,500.0,400.0,5200.0,8200.0,5200.0,2600.0,200.0,200.0
all_households,middle_quintile,2001,65200.0,56500.0,40500.0,1100.0,2700.0,3100.0,100.0,300.0,1500.0,200.0,,1100.0,300.0,400.0,300.0,4900.0,8700.0,5400.0,2800.0,400.0,200.0
all_households,middle_quintile,2002,63400.0,54300.0,39300.0,700.0,2900.0,3000.0,100.0,300.0,1600.0,,100.0,800.0,300.0,400.0,200.0,4700.0,9200.0,5500.0,2900.0,500.0,200.0
all_households,middle_quintile,2003,63500.0,54000.0,38500.0,800.0,3200.0,2900.0,100.0,400.0,1500.0,,100.0,700.0,300.0,400.0,300.0,5100.0,9500.0,5700.0,3100.0,600.0,200.0
all_households,middle_quintile,2004,65400.0,55900.0,39400.0,800.0,3600.0,3000.0,100.0,500.0,1700.0,100.0,,600.0,300.0,400.0,300.0,5200.0,9500.0,5700.0,3300.0,400.0,200.0
all_households,middle_quintile,2005,66900.0,57300.0,40200.0,800.0,3800.0,3000.0,100.0,600.0,1700.0,200.0,,600.0,300.0,400.0,400.0,5100.0,9500.0,5800.0,3300.0,300.0,100.0
all_households,middle_quintile,2006,67800.0,57600.0,40300.0,900.0,3800.0,3000.0,100.0,700.0,1700.0,300.0,100.0,800.0,200.0,400.0,400.0,5100.0,10200.0,5900.0,3800.0,300.0,100.0
all_households,middle_quintile,2007,70300.0,60400.0,42400.0,900.0,3600.0,3200.0,100.0,600.0,1800.0,400.0,,900.0,300.0,400.0,400.0,5500.0,9800.0,5700.0,3600.0,300.0,100.0
all_households,middle_quintile,2008,68300.0,57700.0,41000.0,900.0,3500.0,3100.0,100.0,300.0,1500.0,100.0,100.0,800.0,300.0,400.0,200.0,5400.0,10700.0,6100.0,4000.0,500.0,100.0
all_households,middle_quintile,2009,66400.0,54400.0,38600.0,800.0,3400.0,2900.0,100.0,300.0,1500.0,,100.0,600.0,300.0,400.0,200.0,5300.0,12100.0,6400.0,4300.0,1200.0,100.0
all_households,middle_quintile,2010,66700.0,54300.0,38300.0,800.0,3400.0,2900.0,100.0,400.0,1600.0,,100.0,500.0,300.0,300.0,200.0,5500.0,12400.0,6700.0,4300.0,1300.0,100.0
all_households,middle_quintile,2011,65300.0,53200.0,37200.0,700.0,3300.0,2800.0,100.0,300.0,1600.0,100.0,100.0,400.0,300.0,400.0,200.0,5700.0,12100.0,6800.0,4400.0,900.0,100.0
all_households,middle_quintile,2012,65300.0,53000.0,37100.0,800.0,3300.0,2800.0,,400.0,1800.0,100.0,100.0,300.0,300.0,400.0,200.0,5600.0,12300.0,7000.0,4500.0,700.0,100.0
all_households,middle_quintile,2013,66700.0,54800.0,38600.0,800.0,3200.0,2900.0,,400.0,1600.0,200.0,100.0,200.0,300.0,300.0,300.0,5800.0,11800.0,7000.0,4200.0,500.0,100.0
all_households,middle_quintile,2014,68100.0,56500.0,39900.0,900.0,3300.0,3000.0,100.0,500.0,1800.0,300.0,,200.0,300.0,300.0,300.0,5600.0,11600.0,7000.0,4200.0,300.0,100.0
all_households,middle_quintile,2015,71100.0,59200.0,41500.0,1000.0,3500.0,3100.0,0.0,500.0,1900.0,300.0,,200.0,300.0,400.0,300.0,6200.0,11900.0,7200.0,4400.0,300.0,100.0
all_households,fourth_quintile,1979,76000.0,72000.0,55500.0,0.0,2600.0,3000.0,200.0,700.0,2100.0,600.0,,2500.0,400.0,500.0,900.0,2900.0,4100.0,2900.0,700.0,300.0,200.0
all_households,fourth_quintile,1980,73700.0,69100.0,53200.0,0.0,2200.0,2900.0,100.0,600.0,1800.0,500.0,,3000.0,400.0,500.0,800.0,3000.0,4700.0,3200.0,800.0,500.0,200.0
all_households,fourth_quintile,1981,74000.0,68800.0,52800.0,0.0,2200.0,3200.0,100.0,500.0,1600.0,400.0,,3600.0,400.0,600.0,600.0,2900.0,5200.0,3600.0,1000.0,400.0,200.0
all_households,fourth_quintile,1982,73200.0,67300.0,51300.0,0.0,2400.0,3100.0,100.0,300.0,1300.0,400.0,,4000.0,300.0,700.0,400.0,3000.0,5900.0,4000.0,1200.0,500.0,200.0
all_households,fourth_quintile,1983,73100.0,66900.0,50300.0,0.0,2500.0,3100.0,200.0,400.0,1600.0,500.0,100.0,3800.0,300.0,600.0,500.0,3200.0,6200.0,4200.0,1300.0,500.0,200.0
all_households,fourth_quintile,1984,77000.0,70900.0,52100.0,300.0,2500.0,3300.0,200.0,400.0,2000.0,600.0,100.0,4200.0,400.0,700.0,600.0,3600.0,6100.0,4200.0,1400.0,300.0,200.0
all_households,fourth_quintile,1985,77400.0,71200.0,52400.0,500.0,2600.0,3400.0,100.0,400.0,1700.0,500.0,100.0,4100.0,300.0,700.0,600.0,3800.0,6200.0,4200.0,1500.0,300.0,200.0
all_households,fourth_quintile,1986,80000.0,73400.0,53900.0,600.0,2600.0,3600.0,100.0,400.0,1800.0,900.0,100.0,3800.0,300.0,700.0,600.0,4200.0,6600.0,4400.0,1600.0,300.0,200.0
all_households,fourth_quintile,1987,80700.0,74300.0,53800.0,600.0,2900.0,3600.0,100.0,500.0,2100.0,600.0,100.0,3500.0,400.0,900.0,800.0,4400.0,6300.0,4300.0,1500.0,300.0,200.0
all_households,fourth_quintile,1988,81200.0,74900.0,53700.0,700.0,3000.0,3800.0,100.0,500.0,2100.0,500.0,100.0,3400.0,400.0,800.0,800.0,4900.0,6300.0,4300.0,1500.0,300.0,200.0
all_households,fourth_quintile,1989,82200.0,75700.0,53600.0,800.0,3100.0,3800.0,100.0,500.0,2300.0,500.0,100.0,3800.0,400.0,800.0,800.0,5100.0,6500.0,4400.0,1600.0,200.0,300.0
all_households,fourth_quintile,1990,81600.0,74700.0,53300.0,800.0,3100.0,3900.0,100.0,500.0,2100.0,300.0,100.0,3600.0,300.0,800.0,700.0,5200.0,6900.0,4600.0,1800.0,300.0,200.0
all_households,fourth_quintile,1991,80300.0,72800.0,51700.0,800.0,3000.0,3800.0,100.0,400.0,1900.0,400.0,100.0,3300.0,400.0,800.0,700.0,5500.0,7600.0,5000.0,1900.0,400.0,300.0
all_households,fourth_quintile,1992,81400.0,73400.0,52200.0,1000.0,3400.0,3800.0,100.0,500.0,2000.0,400.0,100.0,2500.0,400.0,700.0,700.0,5600.0,8000.0,5100.0,2000.0,500.0,300.0
all_households,fourth_quintile,1993,82100.0,73800.0,52200.0,1000.0,3700.0,3800.0,100.0,600.0,2000.0,600.0,200.0,1800.0,400.0,700.0,800.0,5800.0,8300.0,5300.0,2300.0,500.0,200.0
all_households,fourth_quintile,1994,82900.0,75000.0,52900.0,1200.0,3900.0,3900.0,100.0,600.0,2000.0,500.0,200.0,1700.0,400.0,800.0,800.0,6000.0,7900.0,5000.0,2300.0,300.0,200.0
all_households,fourth_quintile,1995,84700.0,76400.0,53000.0,1400.0,4000.0,3900.0,100.0,700.0,2000.0,600.0,200.0,2000.0,500.0,800.0,900.0,6400.0,8300.0,5300.0,2500.0,300.0,200.0
all_households,fourth_quintile,1996,86700.0,78000.0,54000.0,1600.0,3800.0,4100.0,100.0,700.0,2100.0,700.0,100.0,2100.0,400.0,800.0,900.0,6500.0,8700.0,5500.0,2700.0,300.0,200.0
all_households,fourth_quintile,1997,88300.0,79400.0,54900.0,1700.0,3500.0,4100.0,100.0,700.0,2200.0,1000.0,100.0,2100.0,400.0,900.0,900.0,6900.0,8900.0,5600.0,2900.0,200.0,200.0
all_households,fourth_quintile,1998,92200.0,83600.0,57800.0,1900.0,3400.0,4400.0,100.0,700.0,2400.0,1100.0,100.0,2100.0,400.0,800.0,800.0,7500.0,8600.0,5600.0,2700.0,200.0,200.0
all_households,fourth_quintile,1999,95000.0,86600.0,59600.0,2100.0,3400.0,4500.0,100.0,700.0,2400.0,1400.0,100.0,1900.0,500.0,900.0,800.0,8300.0,8400.0,5500.0,2500.0,200.0,100.0
all_households,fourth_quintile,2000,96500.0,87900.0,60100.0,2200.0,3500.0,4600.0,100.0,700.0,2300.0,1400.0,100.0,2000.0,500.0,1000.0,800.0,8700.0,8600.0,5600.0,2600.0,200.0,200.0
all_households,fourth_quintile,2001,95300.0,86300.0,59800.0,2200.0,3700.0,4500.0,100.0,500.0,2300.0,500.0,200.0,2000.0,500.0,800.0,500.0,8700.0,9100.0,5800.0,2800.0,300.0,200.0
all_households,fourth_quintile,2002,93500.0,83500.0,58600.0,1600.0,3900.0,4300.0,100.0,400.0,2100.0,200.0,200.0,1500.0,500.0,700.0,500.0,8800.0,10000.0,6200.0,3100.0,600.0,200.0
all_households,fourth_quintile,2003,95000.0,84800.0,58900.0,1900.0,4500.0,4400.0,100.0,600.0,2300.0,200.0,200.0,1200.0,400.0,700.0,500.0,9100.0,10100.0,6200.0,3100.0,600.0,200.0
all_households,fourth_quintile,2004,98000.0,87900.0,60200.0,2000.0,5100.0,4500.0,100.0,700.0,2500.0,500.0,100.0,1000.0,500.0,800.0,600.0,9200.0,10200.0,6300.0,3300.0,400.0,200.0
all_households,fourth_quintile,2005,100000.0,89800.0,60700.0,2100.0,5300.0,4500.0,100.0,1000.0,2600.0,800.0,100.0,1200.0,500.0,800.0,800.0,9300.0,10200.0,6300.0,3300.0,300.0,200.0
all_households,fourth_quintile,2006,101900.0,90900.0,61200.0,2100.0,5300.0,4600.0,100.0,1000.0,2600.0,900.0,100.0,1500.0,500.0,800.0,900.0,9300.0,11000.0,6600.0,3900.0,300.0,200.0
all_households,fourth_quintile,2007,104500.0,93000.0,62600.0,2200.0,4900.0,4700.0,100.0,900.0,2500.0,1100.0,100.0,1700.0,500.0,900.0,800.0,10100.0,11500.0,6900.0,4100.0,300.0,200.0
all_households,fourth_quintile,2008,102300.0,90400.0,61700.0,2200.0,4900.0,4600.0,100.0,500.0,2300.0,300.0,200.0,1500.0,500.0,800.0,400.0,10400.0,11900.0,7000.0,4200.0,500.0,200.0
all_households,fourth_quintile,2009,99700.0,85900.0,58900.0,1900.0,4900.0,4400.0,100.0,400.0,2200.0,100.0,200.0,1200.0,500.0,700.0,400.0,10000.0,13800.0,7800.0,4700.0,1200.0,200.0
all_households,fourth_quintile,2010,99400.0,85100.0,57700.0,1900.0,4700.0,4300.0,100.0,500.0,2500.0,200.0,200.0,800.0,500.0,700.0,400.0,10700.0,14300.0,8200.0,4900.0,1100.0,100.0
all_households,fourth_quintile,2011,98900.0,85300.0,57400.0,1800.0,4800.0,4300.0,100.0,500.0,2500.0,300.0,200.0,700.0,500.0,800.0,500.0,11100.0,13600.0,7900.0,4700.0,800.0,100.0
all_households,fourth_quintile,2012,99700.0,85700.0,57700.0,1900.0,4700.0,4300.0,100.0,600.0,2600.0,300.0,100.0,500.0,600.0,800.0,400.0,11100.0,14000.0,8400.0,4800.0,600.0,100.0
all_households,fourth_quintile,2013,101700.0,87700.0,58900.0,2000.0,4700.0,4400.0,100.0,700.0,2600.0,600.0,100.0,400.0,600.0,700.0,600.0,11500.0,14000.0,8600.0,4800.0,500.0,100.0
all_households,fourth_quintile,2014,103900.0,90100.0,60600.0,2100.0,4600.0,4600.0,100.0,800.0,2800.0,800.0,100.0,300.0,600.0,800.0,600.0,11400.0,13700.0,8500.0,4700.0,300.0,200.0
all_households,fourth_quintile,2015,107700.0,93500.0,62900.0,2200.0,4800.0,4700.0,100.0,700.0,2900.0,800.0,100.0,400.0,600.0,800.0,600.0,11900.0,14200.0,8900.0,4900.0,300.0,200.0
all_households,highest_quintile,1979,145900.0,141800.0,85800.0,0.0,3100.0,3500.0,200.0,1100.0,10800.0,10800.0,800.0,7600.0,1800.0,5000.0,6300.0,5000.0,4200.0,3000.0,800.0,300.0,200.0
all_households,highest_quintile,1980,141400.0,136600.0,83700.0,0.0,2600.0,3500.0,200.0,900.0,8800.0,9600.0,700.0,9600.0,1900.0,5100.0,4900.0,5200.0,4800.0,3300.0,900.0,400.0,100.0
all_households,highest_quintile,1981,140500.0,135000.0,81800.0,0.0,2700.0,3800.0,100.0,700.0,7100.0,9100.0,800.0,12200.0,2000.0,5300.0,3900.0,5500.0,5500.0,3900.0,1100.0,300.0,100.0
all_households,highest_quintile,1982,141100.0,134800.0,82200.0,0.0,2900.0,3900.0,100.0,400.0,6600.0,9500.0,1100.0,12300.0,2100.0,5500.0,2400.0,5900.0,6300.0,4500.0,1300.0,400.0,200.0
all_households,highest_quintile,1983,146000.0,139500.0,83000.0,0.0,3000.0,4100.0,200.0,600.0,7300.0,12500.0,1400.0,11100.0,2000.0,4800.0,3100.0,6400.0,6500.0,4600.0,1400.0,300.0,100.0
all_households,highest_quintile,1984,158300.0,151800.0,88000.0,600.0,3000.0,4400.0,200.0,700.0,10100.0,13700.0,1700.0,12200.0,2000.0,4500.0,3700.0,6900.0,6600.0,4700.0,1500.0,300.0,200.0
all_households,highest_quintile,1985,160000.0,153400.0,88000.0,900.0,3100.0,4600.0,200.0,700.0,8600.0,16200.0,1900.0,11800.0,1900.0,4800.0,3500.0,7200.0,6700.0,4700.0,1600.0,200.0,200.0
all_households,highest_quintile,1986,179600.0,172900.0,91300.0,1000.0,3200.0,4900.0,200.0,700.0,9700.0,31100.0,2300.0,10300.0,1800.0,5300.0,3900.0,7200.0,6700.0,4600.0,1600.0,200.0,200.0
all_households,highest_quintile,1987,170300.0,164600.0,97500.0,1200.0,3800.0,5100.0,200.0,900.0,11600.0,12100.0,2900.0,10100.0,1800.0,5100.0,4700.0,7700.0,5700.0,4000.0,1400.0,200.0,200.0
all_households,highest_quintile,1988,182500.0,176500.0,100900.0,1400.0,4100.0,5300.0,100.0,1000.0,14900.0,13200.0,2900.0,10800.0,1700.0,5700.0,5000.0,9500.0,6000.0,4100.0,1400.0,200.0,300.0
all_households,highest_quintile,1989,181400.0,175100.0,98900.0,1500.0,4100.0,5300.0,100.0,900.0,14700.0,11700.0,3100.0,12500.0,1900.0,5700.0,4800.0,9700.0,6400.0,4300.0,1500.0,200.0,400.0
all_households,highest_quintile,1990,176700.0,170000.0,97900.0,1500.0,4100.0,5400.0,100.0,900.0,14700.0,8500.0,3100.0,12100.0,1900.0,5200.0,4500.0,10000.0,6700.0,4500.0,1700.0,200.0,300.0
all_households,highest_quintile,1991,171200.0,164200.0,96500.0,1600.0,4100.0,5500.0,100.0,800.0,13800.0,7200.0,3200.0,10400.0,1900.0,4800.0,3900.0,10400.0,7100.0,4700.0,1700.0,300.0,300.0
all_households,highest_quintile,1992,178300.0,171000.0,100700.0,1900.0,4700.0,5700.0,100.0,900.0,15400.0,8100.0,3300.0,7700.0,2000.0,4700.0,4500.0,11200.0,7300.0,4700.0,1800.0,400.0,300.0
all_households,highest_quintile,1993,178200.0,170400.0,99400.0,2100.0,5200.0,5600.0,100.0,1000.0,15100.0,9400.0,3200.0,6100.0,2200.0,4600.0,5300.0,11100.0,7800.0,5100.0,2100.0,300.0,300.0
all_households,highest_quintile,1994,182500.0,174600.0,101200.0,2300.0,5700.0,5900.0,100.0,1100.0,16400.0,9100.0,3200.0,5700.0,2200.0,4500.0,5700.0,11600.0,7900.0,5300.0,2000.0,300.0,300.0
all_households,highest_quintile,1995,191000.0,182800.0,103800.0,2700.0,5500.0,6100.0,100.0,1200.0,16700.0,10600.0,3100.0,7000.0,2300.0,5100.0,6400.0,12200.0,8200.0,5500.0,2300.0,200.0,200.0
all_households,highest_quintile,1996,201700.0,193000.0,105800.0,3100.0,5300.0,6200.0,100.0,1300.0,17700.0,15300.0,3000.0,7300.0,2300.0,5500.0,6800.0,13300.0,8700.0,5800.0,2600.0,200.0,200.0
all_households,highest_quintile,1997,214700.0,205600.0,110100.0,3000.0,4800.0,6300.0,100.0,1400.0,18600.0,21100.0,3000.0,7400.0,2300.0,6200.0,7200.0,14100.0,9100.0,5900.0,2700.0,200.0,300.0
all_households,highest_quintile,1998,230100.0,221300.0,117200.0,3400.0,4700.0,6700.0,100.0,1300.0,20400.0,26300.0,3000.0,7500.0,2300.0,6100.0,7000.0,15300.0,8700.0,5900.0,2500.0,200.0,200.0
all_households,highest_quintile,1999,245100.0,237200.0,124200.0,3700.0,4800.0,7100.0,100.0,1400.0,21800.0,31300.0,3100.0,7200.0,2400.0,6600.0,7200.0,16300.0,8000.0,5300.0,2200.0,200.0,300.0
all_households,highest_quintile,2000,257100.0,248700.0,129900.0,3900.0,4900.0,7300.0,100.0,1400.0,21600.0,34400.0,3000.0,8100.0,2500.0,7000.0,7100.0,17400.0,8400.0,5700.0,2300.0,200.0,200.0
all_households,highest_quintile,2001,234100.0,225700.0,128700.0,4000.0,5300.0,7500.0,100.0,900.0,21700.0,17800.0,3000.0,7600.0,2500.0,5400.0,4900.0,16400.0,8400.0,5600.0,2300.0,300.0,200.0
all_households,highest_quintile,2002,222900.0,214100.0,124600.0,4600.0,5900.0,7300.0,100.0,800.0,22200.0,12800.0,2800.0,5400.0,2400.0,4400.0,4300.0,16500.0,8800.0,5700.0,2400.0,500.0,200.0
all_households,highest_quintile,2003,231100.0,222600.0,125500.0,5900.0,6700.0,7400.0,100.0,1200.0,22900.0,15800.0,2700.0,4600.0,2500.0,5000.0,6100.0,16200.0,8500.0,5500.0,2400.0,400.0,200.0
all_households,highest_quintile,2004,251300.0,242500.0,128600.0,6200.0,7300.0,7500.0,100.0,1500.0,25800.0,24300.0,2500.0,4600.0,2500.0,6400.0,8000.0,17100.0,8900.0,5700.0,2600.0,300.0,200.0
all_households,highest_quintile,2005,272600.0,263200.0,129200.0,6400.0,7600.0,7400.0,100.0,2000.0,30100.0,32900.0,2700.0,6000.0,2800.0,7100.0,10700.0,18200.0,9400.0,6000.0,2900.0,200.0,300.0
all_households,highest_quintile,2006,284600.0,274400.0,130900.0,6600.0,7300.0,7500.0,100.0,2100.0,30200.0,36600.0,3300.0,8000.0,2700.0,8300.0,11800.0,18800.0,10200.0,6400.0,3400.0,200.0,200.0
all_households,highest_quintile,2007,295500.0,284600.0,134600.0,6800.0,6800.0,7600.0,100.0,1900.0,29700.0,41200.0,3600.0,9400.0,2700.0,9700.0,10200.0,20200.0,11000.0,7000.0,3600.0,200.0,200.0
all_households,highest_quintile,2008,267300.0,256500.0,135300.0,7000.0,7100.0,7800.0,100.0,1100.0,28600.0,21000.0,3400.0,7200.0,3200.0,8500.0,6000.0,20200.0,10800.0,6800.0,3500.0,300.0,200.0
all_households,highest_quintile,2009,241200.0,228200.0,128400.0,6600.0,7200.0,7700.0,100.0,900.0,26200.0,10300.0,3000.0,5200.0,2600.0,6000.0,4400.0,19700.0,13000.0,8000.0,3900.0,900.0,200.0
all_households,highest_quintile,2010,254500.0,242100.0,130000.0,6600.0,7000.0,7600.0,100.0,1200.0,26900.0,15900.0,3100.0,4500.0,2800.0,6900.0,6400.0,23100.0,12400.0,7500.0,4000.0,800.0,200.0
all_households,highest_quintile,2011,255600.0,243800.0,132200.0,6700.0,7000.0,7700.0,100.0,1200.0,27400.0,15600.0,2900.0,3700.0,2900.0,6800.0,6300.0,23200.0,11900.0,7300.0,3800.0,600.0,100.0
all_households,highest_quintile,2012,276000.0,263700.0,134100.0,6700.0,6700.0,7700.0,100.0,1400.0,31000.0,25300.0,2700.0,3600.0,3200.0,9400.0,7700.0,24000.0,12400.0,7700.0,4000.0,500.0,200.0
all_households,highest_quintile,2013,265600.0,252600.0,132700.0,6900.0,6600.0,7800.0,100.0,1500.0,30200.0,18900.0,2600.0,3100.0,3200.0,7400.0,8000.0,23600.0,13000.0,8200.0,4200.0,400.0,300.0
all_households,highest_quintile,2014,280900.0,267400.0,135800.0,7000.0,6400.0,7900.0,100.0,1700.0,31500.0,26200.0,2300.0,2900.0,3400.0,8800.0,8900.0,24700.0,13400.0,8600.0,4300.0,200.0,200.0
all_households,highest_quintile,2015,290400.0,276800.0,141600.0,7400.0,6600.0,8200.0,100.0,1600.0,33600.0,26500.0,2200.0,3000.0,3000.0,8900.0,8600.0,25600.0,13600.0,8700.0,4500.0,200.0,200.0
all_households,percentiles_81_90,1979,99600.0,95800.0,71800.0,0.0,3000.0,3600.0,200.0,900.0,3500.0,1400.0,100.0,4100.0,600.0,1100.0,1700.0,3700.0,3900.0,2800.0,700.0,300.0,200.0
all_households,percentiles_81_90,1980,97100.0,92800.0,69500.0,0.0,2600.0,3600.0,200.0,800.0,3100.0,1100.0,100.0,4900.0,600.0,1100.0,1400.0,3800.0,4400.0,2900.0,800.0,500.0,100.0
all_households,percentiles_81_90,1981,96800.0,91800.0,67800.0,0.0,2600.0,3800.0,100.0,600.0,2600.0,800.0,100.0,6000.0,700.0,1300.0,1100.0,4200.0,5100.0,3600.0,1000.0,400.0,100.0
all_households,percentiles_81_90,1982,96400.0,90400.0,66700.0,0.0,2800.0,3800.0,200.0,400.0,2100.0,800.0,100.0,6600.0,800.0,1400.0,700.0,4200.0,5900.0,4100.0,1200.0,500.0,200.0
all_households,percentiles_81_90,1983,97400.0,91300.0,66900.0,0.0,2900.0,3900.0,200.0,500.0,2300.0,1200.0,100.0,6000.0,600.0,1200.0,900.0,4600.0,6100.0,4300.0,1300.0,400.0,100.0
all_households,percentiles_81_90,1984,103900.0,97800.0,69900.0,500.0,2900.0,4300.0,200.0,600.0,3500.0,1200.0,200.0,6800.0,600.0,1200.0,1100.0,4900.0,6200.0,4400.0,1400.0,300.0,100.0
all_households,percentiles_81_90,1985,102700.0,96300.0,68900.0,800.0,3000.0,4300.0,200.0,500.0,2600.0,1300.0,200.0,6300.0,600.0,1300.0,1000.0,5400.0,6400.0,4500.0,1500.0,300.0,200.0
all_households,percentiles_81_90,1986,107600.0,101000.0,72000.0,900.0,3000.0,4600.0,200.0,600.0,3200.0,1900.0,200.0,5700.0,600.0,1400.0,1000.0,5700.0,6600.0,4500.0,1600.0,300.0,200.0
all_households,percentiles_81_90,1987,109300.0,103900.0,74200.0,1000.0,3500.0,4800.0,200.0,700.0,3300.0,1400.0,300.0,5000.0,600.0,1600.0,1300.0,5800.0,5500.0,3800.0,1300.0,200.0,200.0
all_households,percentiles_81_90,1988,110800.0,105100.0,74400.0,1200.0,3800.0,5000.0,200.0,700.0,3500.0,1100.0,300.0,5000.0,500.0,1600.0,1300.0,6600.0,5700.0,3900.0,1300.0,200.0,300.0
all_households,percentiles_81_90,1989,111900.0,105700.0,73300.0,1300.0,3800.0,4900.0,100.0,700.0,3600.0,1300.0,300.0,5800.0,600.0,1500.0,1300.0,7000.0,6200.0,4200.0,1400.0,200.0,300.0
all_households,percentiles_81_90,1990,110200.0,103700.0,71800.0,1300.0,3700.0,5000.0,100.0,700.0,3400.0,900.0,300.0,5700.0,600.0,1500.0,1200.0,7500.0,6500.0,4300.0,1600.0,300.0,300.0
all_households,percentiles_81_90,1991,109300.0,102300.0,71100.0,1300.0,3800.0,5000.0,100.0,600.0,3400.0,900.0,400.0,4900.0,600.0,1400.0,1100.0,7700.0,7000.0,4600.0,1700.0,400.0,300.0
all_households,percentiles_81_90,1992,110100.0,102500.0,71100.0,1600.0,4200.0,5000.0,100.0,700.0,3400.0,1100.0,400.0,3600.0,600.0,1400.0,1200.0,8200.0,7600.0,4900.0,1900.0,500.0,300.0
all_households,percentiles_81_90,1993,111500.0,103900.0,71700.0,1700.0,4800.0,5000.0,100.0,800.0,3400.0,1300.0,500.0,2800.0,700.0,1400.0,1300.0,8400.0,7600.0,4900.0,2000.0,400.0,300.0
all_households,percentiles_81_90,1994,113600.0,106300.0,73800.0,1900.0,5000.0,5200.0,100.0,800.0,3500.0,1100.0,500.0,2600.0,700.0,1300.0,1400.0,8300.0,7300.0,4700.0,2000.0,300.0,200.0
all_households,percentiles_81_90,1995,116900.0,108700.0,73400.0,2300.0,5000.0,5300.0,100.0,900.0,3500.0,1200.0,500.0,3200.0,700.0,1600.0,1600.0,9500.0,8100.0,5300.0,2400.0,300.0,200.0
all_households,percentiles_81_90,1996,119100.0,110500.0,73500.0,2600.0,4700.0,5300.0,100.0,900.0,3600.0,1700.0,400.0,3300.0,800.0,1700.0,1700.0,10100.0,8600.0,5600.0,2600.0,200.0,200.0
all_households,percentiles_81_90,1997,122300.0,113500.0,75700.0,2700.0,4200.0,5500.0,100.0,1000.0,3800.0,2400.0,400.0,3300.0,700.0,1800.0,1700.0,10200.0,8800.0,5700.0,2700.0,200.0,200.0
all_households,percentiles_81_90,1998,128200.0,119600.0,80400.0,3100.0,4200.0,5800.0,100.0,900.0,4100.0,2700.0,400.0,3200.0,700.0,1700.0,1500.0,11000.0,8500.0,5700.0,2500.0,200.0,200.0
all_households,percentiles_81_90,1999,133300.0,125400.0,83900.0,3400.0,4300.0,6100.0,100.0,1000.0,4400.0,3100.0,400.0,2900.0,800.0,1900.0,1500.0,11500.0,8000.0,5200.0,2300.0,200.0,300.0
all_households,percentiles_81_90,2000,136200.0,127900.0,84700.0,3500.0,4400.0,6100.0,100.0,900.0,4300.0,3100.0,400.0,3300.0,900.0,2000.0,1500.0,12600.0,8300.0,5600.0,2400.0,200.0,200.0
all_households,percentiles_81_90,2001,134500.0,126100.0,86200.0,3700.0,4700.0,6300.0,100.0,700.0,4400.0,1200.0,400.0,3200.0,800.0,1500.0,1000.0,12100.0,8400.0,5400.0,2400.0,300.0,200.0
all_households,percentiles_81_90,2002,132200.0,123100.0,84800.0,3400.0,5200.0,6100.0,100.0,600.0,4200.0,800.0,400.0,2200.0,800.0,1300.0,800.0,12400.0,9000.0,5700.0,2600.0,500.0,200.0
all_households,percentiles_81_90,2003,134800.0,126200.0,85800.0,4000.0,5900.0,6300.0,100.0,800.0,4600.0,900.0,400.0,1700.0,800.0,1300.0,1000.0,12600.0,8500.0,5300.0,2400.0,500.0,200.0
all_households,percentiles_81_90,2004,139400.0,130300.0,87200.0,4200.0,6600.0,6300.0,100.0,1000.0,4600.0,1500.0,400.0,1600.0,800.0,1400.0,1200.0,13300.0,9200.0,5800.0,2800.0,400.0,200.0
all_households,percentiles_81_90,2005,142200.0,132700.0,86600.0,4400.0,6900.0,6300.0,100.0,1400.0,5100.0,2200.0,300.0,1800.0,800.0,1500.0,1600.0,13800.0,9500.0,6000.0,2900.0,300.0,300.0
all_households,percentiles_81_90,2006,145800.0,135600.0,87600.0,4600.0,6800.0,6400.0,100.0,1500.0,4900.0,2500.0,400.0,2400.0,800.0,1800.0,1800.0,14000.0,10200.0,6400.0,3400.0,300.0,200.0
all_households,percentiles_81_90,2007,148700.0,137500.0,88700.0,4700.0,6200.0,6400.0,100.0,1300.0,5000.0,2900.0,400.0,2800.0,800.0,1900.0,1500.0,14800.0,11200.0,7000.0,3700.0,300.0,200.0
all_households,percentiles_81_90,2008,145600.0,134400.0,88900.0,4700.0,6500.0,6500.0,100.0,800.0,4400.0,900.0,400.0,2200.0,900.0,1800.0,900.0,15400.0,11200.0,7000.0,3700.0,400.0,200.0
all_households,percentiles_81_90,2009,141600.0,127900.0,85800.0,4100.0,6400.0,6300.0,100.0,600.0,4000.0,400.0,400.0,1800.0,900.0,1400.0,700.0,15000.0,13600.0,8300.0,4100.0,1000.0,200.0
all_households,percentiles_81_90,2010,142800.0,129700.0,85200.0,4200.0,6300.0,6200.0,100.0,800.0,4400.0,600.0,500.0,1300.0,1000.0,1400.0,900.0,16700.0,13100.0,7800.0,4200.0,1000.0,100.0
all_households,percentiles_81_90,2011,143600.0,130900.0,85700.0,4200.0,6300.0,6200.0,100.0,800.0,4700.0,900.0,500.0,1100.0,900.0,1600.0,900.0,17100.0,12600.0,7700.0,4100.0,700.0,200.0
all_households,percentiles_81_90,2012,144500.0,131600.0,85800.0,4400.0,6200.0,6300.0,100.0,900.0,4800.0,1000.0,400.0,800.0,1000.0,1600.0,900.0,17400.0,12900.0,8000.0,4200.0,500.0,200.0
all_households,percentiles_81_90,2013,147000.0,133300.0,85600.0,4400.0,6000.0,6300.0,100.0,1000.0,5000.0,1600.0,400.0,800.0,1000.0,1700.0,1300.0,18000.0,13700.0,8600.0,4400.0,400.0,400.0
all_households,percentiles_81_90,2014,150300.0,136200.0,87100.0,4500.0,5900.0,6400.0,100.0,1100.0,5300.0,2100.0,300.0,700.0,1000.0,1800.0,1300.0,18600.0,14100.0,9000.0,4600.0,300.0,200.0
all_households,percentiles_81_90,2015,155600.0,141100.0,90100.0,4700.0,6100.0,6600.0,100.0,1000.0,5500.0,2000.0,300.0,700.0,1000.0,1800.0,1200.0,19800.0,14500.0,9200.0,4800.0,200.0,200.0
all_households,percentiles_91_95,1979,124300.0,120200.0,84800.0,0.0,3200.0,3900.0,200.0,1100.0,7100.0,2900.0,200.0,5800.0,1100.0,2200.0,2900.0,4900.0,4100.0,2900.0,700.0,300.0,100.0
all_households,percentiles_91_95,1980,121300.0,116300.0,81100.0,0.0,2700.0,3700.0,200.0,900.0,5600.0,2900.0,100.0,8100.0,1200.0,2200.0,2600.0,5000.0,5000.0,3600.0,900.0,400.0,100.0
all_households,percentiles_91_95,1981,120700.0,115100.0,79700.0,0.0,2700.0,4100.0,100.0,700.0,4700.0,2100.0,200.0,9700.0,1100.0,2600.0,2000.0,5500.0,5600.0,4100.0,1100.0,200.0,100.0
all_households,percentiles_91_95,1982,119900.0,113900.0,80200.0,0.0,3000.0,4200.0,200.0,400.0,3900.0,1800.0,300.0,9500.0,1000.0,2700.0,1100.0,5600.0,6100.0,4300.0,1200.0,400.0,200.0
all_households,percentiles_91_95,1983,122200.0,115500.0,79000.0,0.0,3100.0,4300.0,200.0,600.0,4300.0,2600.0,300.0,9600.0,1200.0,2300.0,1600.0,6400.0,6800.0,4900.0,1500.0,300.0,100.0
all_households,percentiles_91_95,1984,132300.0,125400.0,83200.0,700.0,3100.0,4700.0,200.0,700.0,6000.0,3200.0,400.0,10500.0,1100.0,2600.0,1900.0,7100.0,6900.0,4900.0,1500.0,200.0,200.0
all_households,percentiles_91_95,1985,131900.0,125200.0,85100.0,1000.0,3200.0,4900.0,200.0,600.0,4500.0,3100.0,500.0,9400.0,1100.0,2500.0,1600.0,7400.0,6800.0,4800.0,1500.0,200.0,300.0
all_households,percentiles_91_95,1986,138400.0,131900.0,88400.0,1200.0,3300.0,5200.0,200.0,700.0,5900.0,5800.0,600.0,8100.0,1000.0,2800.0,1700.0,7100.0,6500.0,4500.0,1500.0,200.0,300.0
all_households,percentiles_91_95,1987,140900.0,135200.0,92600.0,1400.0,3800.0,5500.0,200.0,900.0,5600.0,3100.0,800.0,7400.0,900.0,2800.0,2200.0,7900.0,5700.0,3900.0,1400.0,200.0,200.0
all_households,percentiles_91_95,1988,144200.0,138000.0,92600.0,1600.0,4200.0,5700.0,200.0,900.0,6400.0,2600.0,1000.0,7700.0,900.0,3000.0,2200.0,9200.0,6200.0,4300.0,1400.0,200.0,300.0
all_households,percentiles_91_95,1989,146200.0,139700.0,91900.0,1800.0,4200.0,5700.0,100.0,900.0,6700.0,2900.0,1200.0,8700.0,900.0,3100.0,2300.0,9200.0,6500.0,4400.0,1400.0,200.0,500.0
all_households,percentiles_91_95,1990,143200.0,136200.0,89300.0,1700.0,4300.0,5700.0,100.0,800.0,6800.0,2400.0,1300.0,8800.0,1100.0,2800.0,2300.0,8900.0,7000.0,4800.0,1700.0,200.0,300.0
all_households,percentiles_91_95,1991,141200.0,133900.0,88800.0,1700.0,4300.0,5800.0,100.0,700.0,6700.0,1900.0,1200.0,7300.0,1000.0,2600.0,1900.0,9800.0,7300.0,4900.0,1700.0,300.0,400.0
all_households,percentiles_91_95,1992,144600.0,137600.0,90800.0,2200.0,4900.0,5900.0,100.0,800.0,6700.0,2400.0,1200.0,5400.0,1200.0,2600.0,2100.0,11200.0,7000.0,4600.0,1800.0,400.0,300.0
all_households,percentiles_91_95,1993,145400.0,137200.0,89800.0,2300.0,5300.0,5900.0,100.0,900.0,7100.0,2800.0,1300.0,4100.0,1400.0,2900.0,2500.0,10800.0,8200.0,5300.0,2200.0,400.0,300.0
all_households,percentiles_91_95,1994,149100.0,141500.0,93300.0,2400.0,6000.0,6200.0,100.0,1000.0,7200.0,2600.0,1300.0,3600.0,1200.0,2700.0,2600.0,11400.0,7600.0,5200.0,2000.0,300.0,200.0
all_households,percentiles_91_95,1995,152700.0,144500.0,94100.0,3100.0,5500.0,6400.0,100.0,1100.0,6900.0,2800.0,1300.0,4500.0,1400.0,2800.0,2900.0,11500.0,8200.0,5600.0,2300.0,200.0,100.0
all_households,percentiles_91_95,1996,157900.0,149300.0,95700.0,3500.0,5300.0,6400.0,100.0,1200.0,7200.0,3800.0,1100.0,5100.0,1300.0,3100.0,3000.0,12300.0,8600.0,5700.0,2500.0,200.0,200.0
all_households,percentiles_91_95,1997,163900.0,155200.0,98400.0,3500.0,4800.0,6500.0,100.0,1200.0,7600.0,5300.0,1100.0,5100.0,1400.0,3600.0,3100.0,13400.0,8700.0,5700.0,2500.0,200.0,300.0
all_households,percentiles_91_95,1998,171000.0,162200.0,102800.0,3800.0,4800.0,6800.0,100.0,1200.0,8300.0,6200.0,900.0,5000.0,1500.0,3400.0,2800.0,14700.0,8800.0,5900.0,2400.0,100.0,200.0
all_households,percentiles_91_95,1999,178000.0,170100.0,106800.0,4200.0,4800.0,7100.0,100.0,1200.0,8800.0,7700.0,1000.0,4700.0,1300.0,3800.0,2900.0,15600.0,7900.0,5300.0,2200.0,200.0,200.0
all_households,percentiles_91_95,2000,183100.0,174900.0,110400.0,4300.0,4900.0,7300.0,100.0,1200.0,9100.0,7600.0,900.0,4900.0,1500.0,3600.0,2700.0,16200.0,8200.0,5500.0,2200.0,200.0,300.0
all_households,percentiles_91_95,2001,177600.0,169400.0,112500.0,4600.0,5200.0,7600.0,100.0,800.0,8400.0,2900.0,1000.0,4800.0,1300.0,2700.0,1700.0,15700.0,8300.0,5500.0,2300.0,300.0,200.0
all_households,percentiles_91_95,2002,175000.0,166400.0,111000.0,5100.0,6000.0,7500.0,100.0,800.0,8300.0,2100.0,1000.0,3400.0,1200.0,2200.0,1500.0,16200.0,8600.0,5700.0,2400.0,500.0,200.0
all_households,percentiles_91_95,2003,178700.0,170000.0,111700.0,6500.0,6700.0,7600.0,100.0,1100.0,8300.0,2600.0,1000.0,2700.0,1300.0,2200.0,1900.0,16300.0,8700.0,5700.0,2500.0,400.0,100.0
all_households,percentiles_91_95,2004,184800.0,176100.0,112600.0,6900.0,7400.0,7700.0,100.0,1300.0,9200.0,4100.0,800.0,2500.0,1500.0,2800.0,2400.0,16800.0,8700.0,5700.0,2600.0,300.0,200.0
all_households,percentiles_91_95,2005,192500.0,182800.0,112200.0,7200.0,7700.0,7600.0,100.0,1800.0,10700.0,5700.0,900.0,3000.0,1500.0,3200.0,3200.0,18000.0,9700.0,6200.0,2800.0,300.0,400.0
all_households,percentiles_91_95,2006,198000.0,187700.0,113200.0,7400.0,7600.0,7600.0,100.0,1900.0,10500.0,6500.0,1100.0,4200.0,1500.0,3600.0,3700.0,18900.0,10300.0,6400.0,3300.0,200.0,300.0
all_households,percentiles_91_95,2007,202600.0,191400.0,114300.0,7600.0,7100.0,7800.0,100.0,1600.0,10600.0,6800.0,1000.0,5000.0,1500.0,4000.0,3200.0,20900.0,11200.0,7200.0,3700.0,200.0,100.0
all_households,percentiles_91_95,2008,195500.0,184900.0,117400.0,7700.0,7300.0,8000.0,100.0,1000.0,9500.0,2400.0,1100.0,3800.0,1700.0,3400.0,1700.0,19800.0,10700.0,6700.0,3400.0,300.0,200.0
all_households,percentiles_91_95,2009,189400.0,176500.0,113400.0,7200.0,7500.0,7900.0,100.0,800.0,8600.0,1300.0,1200.0,2900.0,1500.0,2500.0,1300.0,20400.0,12900.0,8000.0,3900.0,900.0,200.0
all_households,percentiles_91_95,2010,192700.0,180000.0,112700.0,7000.0,7200.0,7700.0,100.0,1100.0,9200.0,1900.0,1100.0,2200.0,1500.0,2800.0,1700.0,23700.0,12700.0,7800.0,4000.0,700.0,200.0
all_households,percentiles_91_95,2011,194400.0,182500.0,115000.0,7200.0,7300.0,7900.0,100.0,1100.0,9700.0,1900.0,1100.0,1700.0,1700.0,3000.0,1700.0,23200.0,11900.0,7500.0,3700.0,600.0,100.0
all_households,percentiles_91_95,2012,197300.0,184300.0,114600.0,7300.0,6900.0,7900.0,100.0,1300.0,10100.0,2700.0,1000.0,1500.0,1800.0,3400.0,1900.0,23800.0,13100.0,8300.0,4100.0,500.0,200.0
all_households,percentiles_91_95,2013,201900.0,188600.0,115800.0,7500.0,6900.0,8000.0,100.0,1400.0,10500.0,4000.0,800.0,1300.0,2000.0,3200.0,2600.0,24700.0,13300.0,8500.0,4200.0,300.0,300.0
all_households,percentiles_91_95,2014,206900.0,193300.0,117700.0,7700.0,6700.0,8200.0,100.0,1500.0,10800.0,5200.0,800.0,1100.0,1800.0,3800.0,2800.0,25300.0,13600.0,8800.0,4300.0,200.0,200.0
all_households,percentiles_91_95,2015,213700.0,200500.0,123000.0,8200.0,7000.0,8400.0,100.0,1400.0,11500.0,4900.0,900.0,1200.0,1700.0,3800.0,2600.0,25900.0,13200.0,8400.0,4300.0,200.0,300.0
all_households,percentiles_96_99,1979,180900.0,176100.0,99500.0,0.0,3100.0,3300.0,200.0,1300.0,20200.0,11400.0,800.0,11900.0,2900.0,6800.0,8200.0,6700.0,4700.0,3500.0,900.0,200.0,200.0
all_households,percentiles_96_99,1980,174100.0,168700.0,96800.0,0.0,2700.0,3400.0,100.0,1000.0,15600.0,9700.0,700.0,14900.0,2800.0,7100.0,6400.0,7400.0,5400.0,3900.0,1100.0,200.0,100.0
all_households,percentiles_96_99,1981,171700.0,165600.0,94000.0,0.0,2700.0,3700.0,100.0,800.0,12800.0,8300.0,800.0,19500.0,2900.0,7900.0,5100.0,7100.0,6100.0,4500.0,1300.0,100.0,100.0
all_households,percentiles_96_99,1982,171200.0,164000.0,97000.0,0.0,2900.0,4000.0,100.0,500.0,11600.0,6300.0,1000.0,18900.0,2900.0,7400.0,2700.0,8600.0,7200.0,5300.0,1600.0,200.0,200.0
all_households,percentiles_96_99,1983,176700.0,169800.0,98600.0,0.0,3200.0,4200.0,200.0,700.0,12400.0,10600.0,1400.0,16500.0,2800.0,6700.0,3700.0,8900.0,6900.0,5100.0,1600.0,200.0,100.0
all_households,percentiles_96_99,1984,191000.0,184100.0,106500.0,700.0,3000.0,4700.0,200.0,800.0,16800.0,10900.0,1400.0,16700.0,3000.0,6300.0,4200.0,8900.0,6900.0,5000.0,1500.0,200.0,200.0
all_households,percentiles_96_99,1985,193700.0,186700.0,107600.0,1100.0,3400.0,4900.0,100.0,800.0,13800.0,14300.0,1700.0,16700.0,2800.0,6400.0,4100.0,8900.0,7000.0,5100.0,1700.0,100.0,100.0
all_households,percentiles_96_99,1986,212200.0,205300.0,114000.0,1200.0,3500.0,5200.0,100.0,900.0,16400.0,24200.0,2300.0,14000.0,2700.0,6900.0,4200.0,9800.0,6900.0,4800.0,1600.0,200.0,200.0
all_households,percentiles_96_99,1987,210600.0,204400.0,117700.0,1500.0,4200.0,5500.0,100.0,1100.0,17500.0,13000.0,3800.0,13600.0,3000.0,7400.0,6000.0,10000.0,6100.0,4300.0,1500.0,100.0,100.0
all_households,percentiles_96_99,1988,216100.0,209800.0,119200.0,1600.0,4500.0,5700.0,100.0,1200.0,20200.0,11100.0,4200.0,14200.0,2900.0,7400.0,5800.0,11700.0,6300.0,4400.0,1500.0,100.0,300.0
all_households,percentiles_96_99,1989,221000.0,214500.0,121200.0,1900.0,4700.0,5800.0,100.0,1100.0,20000.0,10600.0,4300.0,16100.0,2800.0,7700.0,5700.0,12400.0,6500.0,4400.0,1600.0,100.0,400.0
all_households,percentiles_96_99,1990,213900.0,207200.0,119600.0,1900.0,4600.0,5900.0,100.0,1100.0,19800.0,7300.0,4200.0,15500.0,2700.0,6900.0,5100.0,12600.0,6700.0,4500.0,1700.0,100.0,300.0
all_households,percentiles_96_99,1991,209800.0,203000.0,118600.0,1900.0,4700.0,6200.0,100.0,1000.0,19500.0,6900.0,4100.0,13400.0,2800.0,6100.0,4700.0,13100.0,6800.0,4500.0,1700.0,200.0,400.0
all_households,percentiles_96_99,1992,217200.0,210300.0,123800.0,2400.0,5400.0,6700.0,100.0,1100.0,21000.0,7200.0,4800.0,9600.0,2900.0,6000.0,5200.0,14000.0,6900.0,4400.0,1800.0,300.0,500.0
all_households,percentiles_96_99,1993,218200.0,210600.0,123800.0,2700.0,5900.0,6600.0,100.0,1300.0,21200.0,8300.0,4100.0,7600.0,3100.0,6000.0,5900.0,14000.0,7600.0,5100.0,1900.0,200.0,400.0
all_households,percentiles_96_99,1994,224400.0,215000.0,126200.0,2800.0,6600.0,6800.0,100.0,1400.0,22400.0,7400.0,4100.0,6900.0,2900.0,5600.0,6100.0,15600.0,9400.0,6400.0,2200.0,200.0,600.0
all_households,percentiles_96_99,1995,235000.0,226500.0,131100.0,3300.0,6200.0,7000.0,100.0,1500.0,23200.0,9300.0,4000.0,8400.0,3500.0,6600.0,7100.0,15100.0,8500.0,5800.0,2200.0,200.0,400.0
all_households,percentiles_96_99,1996,245600.0,236100.0,132800.0,3600.0,6000.0,7100.0,100.0,1600.0,24800.0,12400.0,3700.0,8600.0,3400.0,7100.0,7300.0,17500.0,9500.0,6600.0,2600.0,100.0,100.0
all_households,percentiles_96_99,1997,261100.0,250900.0,138300.0,3400.0,5500.0,7200.0,100.0,1700.0,25800.0,17700.0,3900.0,8900.0,3400.0,8700.0,7800.0,18500.0,10300.0,6800.0,2800.0,100.0,500.0
all_households,percentiles_96_99,1998,275100.0,265700.0,145900.0,3700.0,5300.0,7500.0,100.0,1600.0,29600.0,19900.0,4000.0,9000.0,3400.0,8300.0,7200.0,20000.0,9400.0,6500.0,2600.0,100.0,100.0
all_households,percentiles_96_99,1999,289200.0,281000.0,152000.0,4100.0,5500.0,7900.0,100.0,1700.0,30700.0,25300.0,3900.0,8500.0,3700.0,8500.0,7500.0,21600.0,8200.0,5600.0,2300.0,100.0,200.0
all_households,percentiles_96_99,2000,297100.0,288100.0,157800.0,4300.0,5700.0,8200.0,100.0,1700.0,29200.0,24800.0,3700.0,9500.0,3800.0,9200.0,7100.0,23200.0,9000.0,6200.0,2300.0,100.0,300.0
all_households,percentiles_96_99,2001,280400.0,271500.0,160800.0,4300.0,6200.0,8500.0,100.0,1200.0,28900.0,12300.0,3600.0,8800.0,3800.0,6700.0,4700.0,21600.0,8900.0,6300.0,2300.0,200.0,100.0
all_households,percentiles_96_99,2002,270300.0,261900.0,158300.0,6500.0,6800.0,8600.0,100.0,1100.0,28600.0,9000.0,3200.0,6100.0,3500.0,5300.0,4100.0,20800.0,8400.0,5600.0,2200.0,400.0,200.0
all_households,percentiles_96_99,2003,278500.0,270100.0,160200.0,8900.0,7900.0,8900.0,100.0,1500.0,29100.0,11200.0,2800.0,5000.0,3500.0,5700.0,5600.0,19600.0,8400.0,5500.0,2300.0,400.0,200.0
all_households,percentiles_96_99,2004,296000.0,287600.0,163300.0,9400.0,8300.0,8800.0,100.0,1900.0,33100.0,16700.0,2800.0,4800.0,3700.0,7100.0,7000.0,20500.0,8400.0,5600.0,2400.0,200.0,100.0
all_households,percentiles_96_99,2005,318200.0,309100.0,164100.0,9600.0,8600.0,8600.0,100.0,2500.0,37800.0,24100.0,3100.0,6300.0,4100.0,8000.0,9800.0,22600.0,9100.0,5900.0,2700.0,200.0,200.0
all_households,percentiles_96_99,2006,328100.0,317900.0,166200.0,10100.0,8000.0,8700.0,100.0,2700.0,37500.0,25300.0,3700.0,8400.0,3900.0,9400.0,10600.0,23400.0,10200.0,6600.0,3200.0,100.0,200.0
all_households,percentiles_96_99,2007,338900.0,328300.0,170600.0,10300.0,7600.0,8800.0,100.0,2400.0,37800.0,26800.0,4100.0,10000.0,4300.0,11300.0,9200.0,25100.0,10600.0,6800.0,3500.0,100.0,100.0
all_households,percentiles_96_99,2008,314300.0,303900.0,173600.0,10900.0,7900.0,9200.0,100.0,1500.0,34900.0,10100.0,3900.0,7900.0,4600.0,9100.0,4800.0,25300.0,10400.0,6700.0,3300.0,200.0,100.0
all_households,percentiles_96_99,2009,294300.0,282100.0,169300.0,10900.0,8300.0,9500.0,100.0,1100.0,30300.0,5500.0,3300.0,5700.0,3600.0,6400.0,3600.0,24400.0,12100.0,7800.0,3600.0,700.0,100.0
all_households,percentiles_96_99,2010,304100.0,292900.0,172500.0,10800.0,8100.0,9400.0,100.0,1600.0,30900.0,7400.0,3400.0,4400.0,4000.0,6600.0,4700.0,29000.0,11200.0,6800.0,3500.0,700.0,200.0
all_households,percentiles_96_99,2011,309300.0,298600.0,177000.0,11000.0,8100.0,9500.0,100.0,1600.0,32000.0,7500.0,3400.0,3600.0,4300.0,7200.0,4700.0,28500.0,10700.0,6700.0,3400.0,400.0,100.0
all_households,percentiles_96_99,2012,324300.0,313700.0,180000.0,10800.0,7700.0,9500.0,100.0,1900.0,37500.0,11700.0,3300.0,3400.0,4600.0,8500.0,5500.0,29100.0,10600.0,6600.0,3600.0,300.0,
all_households,percentiles_96_99,2013,327900.0,316400.0,179600.0,11200.0,7800.0,9700.0,100.0,2000.0,37700.0,13000.0,3200.0,3000.0,4600.0,8600.0,7300.0,28600.0,11500.0,7400.0,3700.0,200.0,200.0
all_households,percentiles_96_99,2014,339300.0,326800.0,180600.0,11200.0,7200.0,9600.0,100.0,2200.0,37900.0,17800.0,2900.0,2800.0,5100.0,10000.0,8200.0,31000.0,12500.0,8100.0,4000.0,200.0,200.0
all_households,percentiles_96_99,2015,352300.0,339900.0,190100.0,11800.0,7400.0,10000.0,100.0,2100.0,41400.0,17200.0,2900.0,2800.0,4600.0,10200.0,7700.0,31700.0,12400.0,8000.0,4200.0,100.0,100.0
all_households,top_1_percent,1979,556800.0,551100.0,169600.0,0.0,2700.0,1900.0,100.0,2100.0,62400.0,136500.0,10200.0,33800.0,12800.0,48700.0,58500.0,11600.0,5600.0,4200.0,1200.0,100.0,100.0
all_households,top_1_percent,1980,533600.0,527900.0,179500.0,0.0,2500.0,2300.0,100.0,1800.0,51700.0,122100.0,9800.0,40900.0,13700.0,49200.0,44000.0,10400.0,5800.0,4300.0,1300.0,100.0,100.0
all_households,top_1_percent,1981,529500.0,523200.0,177700.0,0.0,2800.0,2700.0,100.0,1400.0,39200.0,125500.0,11300.0,53300.0,16800.0,46300.0,35200.0,10800.0,6300.0,4700.0,1500.0,100.0,
all_households,top_1_percent,1982,561800.0,554600.0,184300.0,0.0,2900.0,3700.0,100.0,900.0,42800.0,145800.0,14900.0,55000.0,16900.0,51100.0,23400.0,12600.0,7300.0,5300.0,1700.0,100.0,100.0
all_households,top_1_percent,1983,612800.0,605400.0,196900.0,0.0,3100.0,4000.0,100.0,1300.0,50900.0,179800.0,19500.0,45500.0,15400.0,44300.0,30300.0,14200.0,7400.0,5300.0,1800.0,100.0,200.0
all_households,top_1_percent,1984,673700.0,666300.0,210700.0,500.0,2800.0,4100.0,100.0,1600.0,66200.0,194800.0,23700.0,53600.0,15800.0,38300.0,36000.0,18000.0,7400.0,5500.0,1800.0,100.0,100.0
all_households,top_1_percent,1985,730100.0,722500.0,212600.0,800.0,3200.0,4300.0,100.0,1500.0,67100.0,234900.0,27200.0,57200.0,15700.0,43700.0,35800.0,18500.0,7600.0,5200.0,1900.0,100.0,300.0
all_households,top_1_percent,1986,947000.0,939000.0,203400.0,800.0,3300.0,4300.0,100.0,1500.0,63600.0,462300.0,32000.0,50400.0,14700.0,48900.0,42400.0,11300.0,8000.0,5500.0,2100.0,100.0,300.0
all_households,top_1_percent,1987,763200.0,756600.0,273600.0,1100.0,4200.0,5200.0,100.0,2500.0,100400.0,159500.0,34900.0,59600.0,13500.0,41500.0,44800.0,15700.0,6500.0,4600.0,1700.0,100.0,100.0
all_households,top_1_percent,1988,960600.0,954000.0,335700.0,1300.0,5100.0,5600.0,100.0,3100.0,150900.0,196300.0,32600.0,70900.0,14000.0,54500.0,52400.0,31500.0,6700.0,4700.0,1700.0,,200.0
all_households,top_1_percent,1989,893600.0,886900.0,301500.0,1400.0,5200.0,5700.0,100.0,2700.0,143600.0,163000.0,35800.0,82700.0,15100.0,52900.0,48300.0,28800.0,6700.0,4800.0,1700.0,100.0,100.0
all_households,top_1_percent,1990,856200.0,849000.0,312300.0,1400.0,5100.0,5800.0,100.0,2600.0,146200.0,121100.0,35700.0,79900.0,16100.0,48600.0,44800.0,29300.0,7300.0,5000.0,1700.0,100.0,500.0
all_households,top_1_percent,1991,770500.0,763100.0,294400.0,1600.0,5200.0,5600.0,100.0,2200.0,128300.0,95200.0,37300.0,67900.0,15200.0,42800.0,38600.0,28600.0,7300.0,5200.0,1800.0,100.0,300.0
all_households,top_1_percent,1992,869700.0,862400.0,352800.0,2000.0,5500.0,7400.0,100.0,2900.0,156600.0,109700.0,35900.0,53000.0,16900.0,42700.0,46400.0,30500.0,7300.0,5200.0,2000.0,100.0,100.0
all_households,top_1_percent,1993,831600.0,823800.0,320100.0,2000.0,6000.0,5900.0,100.0,3100.0,144300.0,125200.0,35700.0,43300.0,17700.0,38700.0,54600.0,27300.0,7900.0,5500.0,2100.0,100.0,200.0
all_households,top_1_percent,1994,850200.0,841500.0,307000.0,2400.0,7400.0,8500.0,100.0,3200.0,162500.0,125200.0,35400.0,42100.0,17500.0,40700.0,61400.0,28100.0,8700.0,6300.0,2100.0,100.0,200.0
all_households,top_1_percent,1995,949300.0,941500.0,345800.0,2600.0,8500.0,9700.0,100.0,3800.0,171500.0,149500.0,35000.0,51400.0,17500.0,46400.0,68700.0,31100.0,7800.0,5100.0,2200.0,100.0,400.0
all_households,top_1_percent,1996,1055000.0,1047600.0,365400.0,2800.0,8100.0,10000.0,100.0,4200.0,179100.0,217800.0,34500.0,52100.0,17300.0,48600.0,73800.0,33900.0,7400.0,5000.0,2300.0,100.0,
all_households,top_1_percent,1997,1215300.0,1206500.0,402500.0,2700.0,7000.0,10700.0,100.0,4600.0,194500.0,302700.0,34300.0,54700.0,19000.0,55000.0,80800.0,38000.0,8700.0,6000.0,2600.0,,100.0
all_households,top_1_percent,1998,1377000.0,1369000.0,445700.0,2800.0,7200.0,11400.0,100.0,4600.0,209700.0,394100.0,36100.0,57200.0,18200.0,55800.0,82700.0,43300.0,8000.0,5400.0,2500.0,100.0,
all_households,top_1_percent,1999,1501900.0,1494200.0,493800.0,3300.0,7000.0,12600.0,100.0,5100.0,221000.0,450400.0,36400.0,57300.0,18500.0,59200.0,83800.0,45600.0,7700.0,5100.0,2200.0,100.0,300.0
all_households,top_1_percent,2000,1656600.0,1648100.0,559400.0,3500.0,7600.0,13800.0,100.0,5500.0,222900.0,517100.0,37200.0,64600.0,18700.0,65000.0,84600.0,48300.0,8500.0,6100.0,2300.0,100.0,100.0
all_households,top_1_percent,2001,1320800.0,1313200.0,500900.0,3500.0,8100.0,13200.0,100.0,3400.0,232400.0,281100.0,35900.0,60500.0,20700.0,51500.0,60200.0,41600.0,7600.0,5200.0,2200.0,100.0,100.0
all_households,top_1_percent,2002,1170000.0,1161700.0,449800.0,6300.0,8400.0,12400.0,100.0,2800.0,244700.0,202000.0,34100.0,45000.0,19000.0,42600.0,54500.0,40100.0,8300.0,5500.0,2300.0,200.0,300.0
all_households,top_1_percent,2003,1252500.0,1244400.0,446200.0,9700.0,9000.0,12300.0,100.0,3800.0,251800.0,246500.0,32700.0,41300.0,20300.0,52800.0,80000.0,37900.0,8000.0,5300.0,2500.0,200.0,100.0
all_households,top_1_percent,2004,1498200.0,1489700.0,475100.0,9200.0,8900.0,12500.0,100.0,5000.0,285900.0,379000.0,30800.0,44400.0,20200.0,70900.0,106900.0,40900.0,8500.0,5700.0,2600.0,100.0,
all_households,top_1_percent,2005,1812600.0,1803300.0,501900.0,8900.0,9200.0,12800.0,100.0,7000.0,351400.0,519700.0,34900.0,62500.0,23400.0,80500.0,145700.0,45500.0,9300.0,6300.0,2900.0,100.0,100.0
all_households,top_1_percent,2006,1962400.0,1952800.0,515300.0,9200.0,8800.0,13000.0,100.0,7700.0,360200.0,585800.0,42800.0,83800.0,22800.0,95500.0,159800.0,48100.0,9500.0,6200.0,3300.0,100.0,
all_households,top_1_percent,2007,2066200.0,2056700.0,551000.0,9400.0,8500.0,13600.0,100.0,7000.0,342500.0,660500.0,46500.0,96400.0,21900.0,110900.0,137200.0,51400.0,9500.0,6100.0,3300.0,100.0,
all_households,top_1_percent,2008,1677700.0,1668500.0,539000.0,9900.0,8700.0,13700.0,100.0,4100.0,346500.0,365900.0,43200.0,72500.0,28000.0,100300.0,86000.0,50500.0,9200.0,5800.0,3100.0,100.0,100.0
all_households,top_1_percent,2009,1309100.0,1299100.0,473100.0,11100.0,9200.0,13300.0,100.0,2900.0,327400.0,176600.0,37700.0,49800.0,21300.0,70600.0,61900.0,44300.0,10000.0,6300.0,3400.0,300.0,
all_households,top_1_percent,2010,1515900.0,1506400.0,502800.0,11000.0,8300.0,13400.0,100.0,4300.0,332500.0,281300.0,38100.0,49000.0,22600.0,85800.0,95600.0,61600.0,9500.0,5900.0,3200.0,400.0,
all_households,top_1_percent,2011,1510100.0,1500800.0,515300.0,11300.0,8500.0,13700.0,100.0,4300.0,336300.0,274400.0,35000.0,42500.0,23900.0,79400.0,92700.0,63500.0,9300.0,6000.0,3100.0,200.0,
all_households,top_1_percent,2012,1862800.0,1852700.0,547500.0,10800.0,7600.0,14000.0,100.0,5400.0,389000.0,456000.0,33400.0,44000.0,26600.0,126100.0,119300.0,72900.0,10100.0,6300.0,3500.0,200.0,100.0
all_households,top_1_percent,2013,1560500.0,1550000.0,512600.0,11400.0,7600.0,13800.0,100.0,5300.0,360100.0,297400.0,30800.0,37700.0,26200.0,83600.0,107100.0,56400.0,10500.0,6800.0,3500.0,100.0,
all_households,top_1_percent,2014,1761600.0,1751600.0,541700.0,11300.0,7300.0,13700.0,100.0,6100.0,380700.0,417600.0,27400.0,36200.0,29500.0,100600.0,122200.0,57400.0,10000.0,6500.0,3400.0,100.0,100.0
all_households,top_1_percent,2015,1829500.0,1818800.0,570500.0,12200.0,7300.0,14900.0,100.0,5900.0,407000.0,432400.0,26500.0,36500.0,23500.0,103500.0,119000.0,59600.0,10800.0,7000.0,3700.0,100.0,
hh_with_children,all_quintiles,1979,73400.0,71800.0,54800.0,0.0,2500.0,2700.0,200.0,700.0,3600.0,2100.0,100.0,1300.0,300.0,600.0,1100.0,1600.0,1700.0,1000.0,200.0,300.0,100.0
hh_with_children,all_quintiles,1980,70300.0,68400.0,52900.0,0.0,2100.0,2600.0,100.0,600.0,3000.0,1900.0,100.0,1600.0,300.0,600.0,900.0,1600.0,1900.0,1000.0,200.0,600.0,100.0
hh_with_children,all_quintiles,1981,70000.0,68200.0,53000.0,0.0,2200.0,2900.0,100.0,500.0,2300.0,1900.0,100.0,1900.0,400.0,700.0,700.0,1600.0,1900.0,1100.0,200.0,500.0,100.0
hh_with_children,all_quintiles,1982,68600.0,66400.0,52100.0,0.0,2400.0,2900.0,100.0,300.0,2000.0,1800.0,100.0,1900.0,400.0,700.0,400.0,1300.0,2200.0,1100.0,200.0,700.0,200.0
hh_with_children,all_quintiles,1983,69200.0,67100.0,51600.0,0.0,2500.0,2900.0,100.0,400.0,2400.0,2600.0,200.0,1700.0,400.0,600.0,600.0,1200.0,2100.0,1000.0,200.0,700.0,200.0
hh_with_children,all_quintiles,1984,74500.0,72700.0,55000.0,300.0,2500.0,3200.0,200.0,400.0,3200.0,2700.0,200.0,1900.0,400.0,600.0,600.0,1400.0,1800.0,1000.0,200.0,400.0,200.0
hh_with_children,all_quintiles,1985,73900.0,72100.0,54700.0,500.0,2600.0,3300.0,100.0,400.0,2800.0,3000.0,300.0,1800.0,300.0,500.0,600.0,1300.0,1800.0,1000.0,200.0,400.0,200.0
hh_with_children,all_quintiles,1986,79300.0,77500.0,55600.0,500.0,2600.0,3400.0,100.0,500.0,3500.0,6200.0,400.0,1600.0,300.0,800.0,700.0,1500.0,1800.0,900.0,200.0,400.0,200.0
hh_with_children,all_quintiles,1987,76900.0,75200.0,56000.0,600.0,2900.0,3400.0,100.0,600.0,4100.0,2400.0,200.0,1800.0,400.0,700.0,800.0,1300.0,1700.0,900.0,300.0,300.0,200.0
hh_with_children,all_quintiles,1988,79100.0,77300.0,56600.0,700.0,3000.0,3600.0,100.0,600.0,4800.0,2400.0,200.0,1800.0,300.0,700.0,800.0,1700.0,1800.0,900.0,300.0,300.0,300.0
hh_with_children,all_quintiles,1989,81300.0,79400.0,57600.0,800.0,3100.0,3700.0,100.0,600.0,5100.0,2300.0,200.0,2100.0,400.0,800.0,800.0,1800.0,1900.0,1000.0,300.0,300.0,300.0
hh_with_children,all_quintiles,1990,79600.0,77800.0,57400.0,800.0,3100.0,3800.0,100.0,500.0,4800.0,1600.0,200.0,1900.0,400.0,600.0,700.0,1900.0,1800.0,900.0,300.0,300.0,300.0
hh_with_children,all_quintiles,1991,78600.0,76600.0,56700.0,800.0,3000.0,3800.0,100.0,500.0,4600.0,1500.0,300.0,1800.0,400.0,600.0,700.0,1900.0,2100.0,1000.0,300.0,500.0,300.0
hh_with_children,all_quintiles,1992,79600.0,77300.0,56800.0,1000.0,3400.0,3800.0,100.0,500.0,5000.0,1600.0,200.0,1200.0,400.0,600.0,700.0,1900.0,2300.0,1100.0,400.0,600.0,200.0
hh_with_children,all_quintiles,1993,80700.0,78400.0,57300.0,1000.0,3700.0,3800.0,100.0,600.0,5000.0,1900.0,200.0,1000.0,400.0,600.0,900.0,1800.0,2300.0,1100.0,400.0,500.0,200.0
hh_with_children,all_quintiles,1994,82400.0,80300.0,58000.0,1100.0,4100.0,3900.0,100.0,700.0,5400.0,1800.0,200.0,900.0,400.0,600.0,1000.0,2100.0,2100.0,1100.0,400.0,400.0,200.0
hh_with_children,all_quintiles,1995,87600.0,85400.0,60700.0,1400.0,4200.0,4100.0,100.0,700.0,5900.0,2300.0,300.0,1200.0,400.0,700.0,1100.0,2200.0,2200.0,1200.0,500.0,400.0,200.0
hh_with_children,all_quintiles,1996,88700.0,86500.0,60800.0,1600.0,4100.0,4100.0,100.0,800.0,6000.0,2900.0,200.0,1100.0,400.0,700.0,1100.0,2500.0,2200.0,1100.0,500.0,300.0,200.0
hh_with_children,all_quintiles,1997,93300.0,91100.0,63600.0,1600.0,3800.0,4300.0,100.0,800.0,6300.0,4100.0,300.0,1200.0,500.0,900.0,1200.0,2600.0,2200.0,1200.0,500.0,300.0,200.0
hh_with_children,all_quintiles,1998,99700.0,97700.0,67700.0,1800.0,3800.0,4500.0,100.0,800.0,6900.0,5100.0,300.0,1200.0,400.0,800.0,1200.0,2900.0,2000.0,1100.0,500.0,300.0,200.0
hh_with_children,all_quintiles,1999,106300.0,104300.0,71100.0,2000.0,3800.0,4700.0,100.0,800.0,7600.0,6600.0,300.0,1200.0,500.0,1000.0,1300.0,3300.0,2000.0,1100.0,500.0,300.0,200.0
hh_with_children,all_quintiles,2000,111000.0,108900.0,73400.0,2100.0,4000.0,4800.0,100.0,800.0,7400.0,8000.0,300.0,1400.0,600.0,1200.0,1400.0,3400.0,2100.0,1100.0,500.0,300.0,200.0
hh_with_children,all_quintiles,2001,104600.0,102300.0,72200.0,2100.0,4100.0,4800.0,100.0,500.0,7200.0,4000.0,300.0,1400.0,500.0,900.0,1000.0,3100.0,2400.0,1200.0,600.0,400.0,200.0
hh_with_children,all_quintiles,2002,101900.0,99300.0,71000.0,1800.0,4500.0,4700.0,100.0,500.0,7400.0,2800.0,300.0,1000.0,500.0,700.0,900.0,3100.0,2600.0,1200.0,600.0,700.0,200.0
hh_with_children,all_quintiles,2003,103500.0,100900.0,70200.0,2200.0,4900.0,4600.0,100.0,700.0,7800.0,3400.0,300.0,900.0,500.0,800.0,1300.0,3200.0,2600.0,1200.0,600.0,600.0,200.0
hh_with_children,all_quintiles,2004,109900.0,107400.0,72300.0,2300.0,5600.0,4800.0,100.0,800.0,8600.0,5100.0,300.0,900.0,500.0,1100.0,1600.0,3300.0,2600.0,1300.0,700.0,500.0,200.0
hh_with_children,all_quintiles,2005,114400.0,111900.0,73000.0,2500.0,5700.0,4800.0,100.0,1100.0,9500.0,6700.0,300.0,1200.0,500.0,1200.0,2100.0,3200.0,2400.0,1200.0,700.0,400.0,200.0
hh_with_children,all_quintiles,2006,120000.0,117500.0,74500.0,2500.0,5700.0,4800.0,100.0,1200.0,10200.0,8300.0,500.0,1700.0,500.0,1500.0,2500.0,3300.0,2500.0,1300.0,800.0,400.0,100.0
hh_with_children,all_quintiles,2007,125400.0,122700.0,78100.0,2700.0,5300.0,5000.0,100.0,1100.0,10000.0,9800.0,500.0,2100.0,600.0,1800.0,2200.0,3500.0,2700.0,1400.0,800.0,400.0,100.0
hh_with_children,all_quintiles,2008,117900.0,114900.0,77600.0,2700.0,5300.0,5000.0,100.0,700.0,8900.0,5300.0,500.0,1600.0,600.0,1600.0,1400.0,3500.0,3000.0,1400.0,900.0,500.0,100.0
hh_with_children,all_quintiles,2009,109700.0,105800.0,73800.0,2500.0,5300.0,4900.0,100.0,500.0,8600.0,2500.0,400.0,1100.0,500.0,1100.0,1000.0,3500.0,4000.0,1500.0,1000.0,1300.0,100.0
hh_with_children,all_quintiles,2010,115400.0,111400.0,75000.0,2500.0,5100.0,4900.0,100.0,700.0,9700.0,4600.0,400.0,1100.0,600.0,1400.0,1600.0,3700.0,4000.0,1500.0,1000.0,1300.0,100.0
hh_with_children,all_quintiles,2011,113300.0,109700.0,75000.0,2500.0,5100.0,4800.0,100.0,700.0,9500.0,4000.0,400.0,800.0,600.0,1300.0,1500.0,3400.0,3600.0,1500.0,1000.0,1000.0,100.0
hh_with_children,all_quintiles,2012,118100.0,114700.0,75300.0,2600.0,5100.0,4800.0,100.0,800.0,11200.0,6100.0,300.0,800.0,600.0,1800.0,1700.0,3500.0,3400.0,1500.0,1100.0,800.0,100.0
hh_with_children,all_quintiles,2013,118000.0,114800.0,76900.0,2700.0,5200.0,5000.0,100.0,900.0,10800.0,5000.0,300.0,800.0,600.0,1400.0,1900.0,3200.0,3200.0,1600.0,900.0,600.0,100.0
hh_with_children,all_quintiles,2014,122000.0,118900.0,78300.0,2800.0,5000.0,5100.0,100.0,1000.0,11100.0,6800.0,300.0,700.0,700.0,1700.0,2100.0,3300.0,3100.0,1700.0,1000.0,400.0,100.0
hh_with_children,all_quintiles,2015,128600.0,125400.0,82400.0,3000.0,5200.0,5300.0,100.0,900.0,12400.0,7100.0,300.0,800.0,600.0,1800.0,2100.0,3400.0,3200.0,1700.0,1000.0,300.0,100.0
hh_with_children,lowest_quintile,1979,21300.0,19700.0,15500.0,0.0,800.0,900.0,100.0,200.0,600.0,200.0,,300.0,100.0,,100.0,800.0,1500.0,1000.0,200.0,200.0,100.0
hh_with_children,lowest_quintile,1980,20300.0,18800.0,14900.0,0.0,700.0,900.0,100.0,200.0,500.0,100.0,,400.0,100.0,100.0,100.0,900.0,1500.0,800.0,200.0,400.0,100.0
hh_with_children,lowest_quintile,1981,19800.0,18400.0,14700.0,0.0,700.0,900.0,100.0,100.0,300.0,100.0,,400.0,100.0,100.0,100.0,800.0,1400.0,800.0,200.0,400.0,100.0
hh_with_children,lowest_quintile,1982,18900.0,17200.0,13700.0,0.0,800.0,900.0,100.0,100.0,300.0,100.0,,400.0,100.0,100.0,100.0,600.0,1700.0,700.0,200.0,700.0,100.0
hh_with_children,lowest_quintile,1983,17800.0,16300.0,13100.0,0.0,700.0,900.0,100.0,100.0,300.0,100.0,,400.0,100.0,100.0,100.0,500.0,1600.0,700.0,200.0,600.0,100.0
hh_with_children,lowest_quintile,1984,19200.0,17900.0,14200.0,,800.0,1000.0,100.0,100.0,400.0,100.0,,400.0,100.0,,100.0,600.0,1300.0,700.0,200.0,300.0,100.0
hh_with_children,lowest_quintile,1985,18900.0,17500.0,13900.0,,700.0,1000.0,100.0,100.0,500.0,100.0,,400.0,100.0,,100.0,500.0,1300.0,700.0,200.0,400.0,100.0
hh_with_children,lowest_quintile,1986,18700.0,17300.0,13400.0,,800.0,900.0,100.0,100.0,800.0,100.0,,300.0,100.0,,100.0,600.0,1400.0,700.0,200.0,400.0,100.0
hh_with_children,lowest_quintile,1987,17000.0,15600.0,11700.0,,800.0,800.0,100.0,100.0,800.0,100.0,,300.0,100.0,100.0,100.0,600.0,1300.0,700.0,200.0,300.0,100.0
hh_with_children,lowest_quintile,1988,17900.0,16400.0,12000.0,,800.0,900.0,100.0,100.0,1100.0,100.0,,300.0,100.0,100.0,100.0,800.0,1400.0,800.0,200.0,300.0,100.0
hh_with_children,lowest_quintile,1989,18900.0,17600.0,12900.0,100.0,800.0,1000.0,100.0,100.0,1200.0,100.0,,300.0,100.0,100.0,100.0,800.0,1300.0,700.0,200.0,200.0,100.0
hh_with_children,lowest_quintile,1990,20100.0,18900.0,14300.0,100.0,800.0,1100.0,100.0,100.0,1100.0,,,300.0,100.0,100.0,100.0,700.0,1200.0,500.0,200.0,300.0,200.0
hh_with_children,lowest_quintile,1991,20400.0,19100.0,14700.0,100.0,800.0,1100.0,100.0,100.0,900.0,100.0,,300.0,100.0,100.0,100.0,700.0,1300.0,500.0,200.0,500.0,100.0
hh_with_children,lowest_quintile,1992,20800.0,19200.0,14800.0,100.0,1000.0,1100.0,100.0,100.0,1000.0,100.0,,200.0,100.0,100.0,100.0,500.0,1500.0,500.0,200.0,700.0,100.0
hh_with_children,lowest_quintile,1993,21200.0,19800.0,14900.0,100.0,1000.0,1100.0,100.0,200.0,1200.0,100.0,,200.0,100.0,100.0,100.0,800.0,1400.0,500.0,200.0,500.0,100.0
hh_with_children,lowest_quintile,1994,21000.0,19700.0,14700.0,100.0,1200.0,1100.0,100.0,200.0,1200.0,100.0,,200.0,100.0,100.0,100.0,700.0,1200.0,500.0,200.0,300.0,100.0
hh_with_children,lowest_quintile,1995,23200.0,22100.0,16500.0,200.0,1300.0,1300.0,100.0,200.0,1400.0,100.0,,200.0,100.0,100.0,100.0,600.0,1100.0,500.0,200.0,300.0,100.0
hh_with_children,lowest_quintile,1996,23300.0,22200.0,16600.0,100.0,1400.0,1300.0,100.0,200.0,1400.0,100.0,,200.0,100.0,100.0,100.0,600.0,1200.0,500.0,200.0,400.0,100.0
hh_with_children,lowest_quintile,1997,25100.0,23800.0,17800.0,200.0,1400.0,1400.0,100.0,200.0,1700.0,100.0,,200.0,100.0,100.0,100.0,600.0,1300.0,600.0,300.0,300.0,100.0
hh_with_children,lowest_quintile,1998,26500.0,25500.0,19200.0,200.0,1400.0,1500.0,100.0,200.0,1700.0,100.0,,200.0,100.0,100.0,100.0,700.0,1000.0,400.0,200.0,300.0,100.0
hh_with_children,lowest_quintile,1999,27400.0,26300.0,19400.0,200.0,1400.0,1500.0,100.0,200.0,2100.0,200.0,,200.0,100.0,100.0,100.0,800.0,1100.0,500.0,200.0,300.0,100.0
hh_with_children,lowest_quintile,2000,26500.0,25400.0,18700.0,200.0,1500.0,1400.0,100.0,200.0,1900.0,100.0,,200.0,100.0,100.0,100.0,900.0,1100.0,400.0,300.0,300.0,100.0
hh_with_children,lowest_quintile,2001,25800.0,24600.0,18700.0,200.0,1400.0,1400.0,100.0,100.0,1700.0,100.0,,200.0,100.0,100.0,100.0,400.0,1300.0,500.0,300.0,400.0,100.0
hh_with_children,lowest_quintile,2002,26400.0,25000.0,18900.0,100.0,1500.0,1400.0,100.0,100.0,1800.0,,,100.0,100.0,100.0,100.0,600.0,1400.0,500.0,300.0,600.0,100.0
hh_with_children,lowest_quintile,2003,25500.0,24100.0,18200.0,100.0,1500.0,1300.0,100.0,200.0,1800.0,,,100.0,100.0,100.0,100.0,500.0,1400.0,500.0,300.0,600.0,100.0
hh_with_children,lowest_quintile,2004,26200.0,24800.0,18700.0,100.0,1700.0,1400.0,100.0,200.0,1900.0,,,100.0,100.0,100.0,100.0,400.0,1400.0,500.0,300.0,500.0,100.0
hh_with_children,lowest_quintile,2005,26600.0,25400.0,19000.0,100.0,1700.0,1400.0,100.0,300.0,2000.0,100.0,,100.0,100.0,100.0,100.0,400.0,1200.0,500.0,300.0,400.0,100.0
hh_with_children,lowest_quintile,2006,26900.0,25900.0,19400.0,100.0,1700.0,1400.0,100.0,300.0,2000.0,100.0,,100.0,100.0,100.0,100.0,400.0,1000.0,400.0,300.0,300.0,
hh_with_children,lowest_quintile,2007,29400.0,28300.0,21100.0,200.0,1600.0,1600.0,100.0,300.0,2100.0,100.0,,200.0,100.0,100.0,100.0,800.0,1100.0,400.0,200.0,400.0,100.0
hh_with_children,lowest_quintile,2008,28500.0,27200.0,20800.0,200.0,1400.0,1600.0,100.0,200.0,1800.0,100.0,,200.0,100.0,100.0,100.0,700.0,1400.0,500.0,300.0,500.0,100.0
hh_with_children,lowest_quintile,2009,27200.0,25200.0,19000.0,200.0,1400.0,1400.0,100.0,100.0,2000.0,,,100.0,100.0,100.0,100.0,700.0,2000.0,500.0,300.0,1200.0,
hh_with_children,lowest_quintile,2010,28000.0,25900.0,19400.0,200.0,1200.0,1500.0,100.0,200.0,2400.0,,,100.0,100.0,100.0,100.0,700.0,2100.0,400.0,300.0,1400.0,
hh_with_children,lowest_quintile,2011,27200.0,25400.0,18900.0,200.0,1200.0,1400.0,100.0,200.0,2500.0,,,100.0,100.0,100.0,100.0,700.0,1800.0,400.0,300.0,1000.0,
hh_with_children,lowest_quintile,2012,26100.0,24600.0,18000.0,200.0,1200.0,1400.0,,200.0,2500.0,,,100.0,100.0,100.0,,800.0,1500.0,400.0,400.0,700.0,
hh_with_children,lowest_quintile,2013,26800.0,25600.0,18800.0,200.0,1300.0,1400.0,,200.0,2600.0,,,,100.0,100.0,100.0,700.0,1200.0,400.0,300.0,500.0,
hh_with_children,lowest_quintile,2014,27000.0,25900.0,19200.0,200.0,1200.0,1400.0,,200.0,2600.0,100.0,,,100.0,100.0,100.0,600.0,1100.0,500.0,300.0,300.0,
hh_with_children,lowest_quintile,2015,28100.0,27200.0,20400.0,200.0,1300.0,1500.0,,200.0,2500.0,100.0,,,100.0,100.0,100.0,600.0,900.0,400.0,300.0,200.0,
hh_with_children,second_quintile,1979,46500.0,44600.0,35900.0,0.0,2000.0,2100.0,100.0,500.0,1500.0,200.0,,500.0,100.0,100.0,200.0,1400.0,1900.0,1200.0,200.0,300.0,200.0
hh_with_children,second_quintile,1980,44300.0,42200.0,34200.0,0.0,1700.0,2000.0,100.0,400.0,1400.0,200.0,,600.0,100.0,100.0,200.0,1300.0,2100.0,1100.0,200.0,600.0,200.0
hh_with_children,second_quintile,1981,44700.0,42600.0,34500.0,0.0,1700.0,2200.0,100.0,300.0,1200.0,200.0,,600.0,100.0,100.0,100.0,1400.0,2100.0,1100.0,200.0,600.0,100.0
hh_with_children,second_quintile,1982,43800.0,41200.0,33200.0,0.0,1900.0,2100.0,100.0,200.0,1100.0,200.0,,800.0,100.0,100.0,100.0,1300.0,2600.0,1100.0,200.0,1000.0,200.0
hh_with_children,second_quintile,1983,42900.0,40400.0,32300.0,0.0,2000.0,2100.0,100.0,200.0,1300.0,300.0,,600.0,100.0,100.0,100.0,1200.0,2500.0,1100.0,200.0,1000.0,200.0
hh_with_children,second_quintile,1984,45700.0,43600.0,35000.0,100.0,1900.0,2300.0,100.0,300.0,1300.0,200.0,,600.0,100.0,100.0,100.0,1400.0,2100.0,1100.0,200.0,600.0,200.0
hh_with_children,second_quintile,1985,45700.0,43500.0,34400.0,200.0,2000.0,2400.0,100.0,300.0,1400.0,200.0,,600.0,100.0,100.0,100.0,1500.0,2200.0,1200.0,300.0,500.0,200.0
hh_with_children,second_quintile,1986,46500.0,44100.0,34500.0,200.0,2000.0,2400.0,100.0,300.0,1800.0,200.0,,600.0,100.0,100.0,100.0,1600.0,2300.0,1200.0,300.0,600.0,200.0
hh_with_children,second_quintile,1987,45900.0,43700.0,33700.0,200.0,2300.0,2300.0,100.0,300.0,2000.0,200.0,,600.0,100.0,100.0,200.0,1500.0,2200.0,1200.0,400.0,400.0,200.0
hh_with_children,second_quintile,1988,46600.0,44400.0,34200.0,200.0,2300.0,2500.0,100.0,300.0,1900.0,100.0,,600.0,100.0,200.0,200.0,1700.0,2200.0,1200.0,300.0,400.0,300.0
hh_with_children,second_quintile,1989,46700.0,44500.0,33900.0,300.0,2300.0,2500.0,100.0,300.0,2100.0,100.0,,600.0,100.0,100.0,100.0,1700.0,2300.0,1200.0,400.0,400.0,300.0
hh_with_children,second_quintile,1990,47800.0,45700.0,35200.0,300.0,2300.0,2700.0,100.0,300.0,2000.0,100.0,,600.0,100.0,100.0,100.0,1700.0,2100.0,1000.0,400.0,400.0,300.0
hh_with_children,second_quintile,1991,46400.0,44000.0,33900.0,300.0,2300.0,2600.0,100.0,300.0,1600.0,200.0,,500.0,100.0,100.0,100.0,1800.0,2400.0,1100.0,400.0,600.0,300.0
hh_with_children,second_quintile,1992,45600.0,43100.0,32600.0,300.0,2400.0,2500.0,100.0,300.0,1800.0,200.0,,400.0,100.0,100.0,100.0,2000.0,2500.0,1100.0,400.0,800.0,200.0
hh_with_children,second_quintile,1993,45200.0,42600.0,32500.0,300.0,2500.0,2400.0,100.0,300.0,1600.0,100.0,,300.0,200.0,100.0,200.0,1900.0,2600.0,1200.0,500.0,700.0,200.0
hh_with_children,second_quintile,1994,45900.0,43600.0,32800.0,400.0,2800.0,2500.0,100.0,400.0,1800.0,100.0,,300.0,100.0,100.0,200.0,2000.0,2400.0,1200.0,500.0,500.0,200.0
hh_with_children,second_quintile,1995,48300.0,45900.0,34700.0,500.0,3000.0,2600.0,100.0,400.0,1600.0,100.0,,300.0,100.0,100.0,200.0,2000.0,2400.0,1300.0,500.0,400.0,200.0
hh_with_children,second_quintile,1996,47800.0,45500.0,34100.0,500.0,3000.0,2600.0,100.0,400.0,1700.0,200.0,,300.0,100.0,100.0,200.0,2100.0,2300.0,1200.0,600.0,400.0,100.0
hh_with_children,second_quintile,1997,49800.0,47500.0,36000.0,600.0,2700.0,2700.0,100.0,500.0,1800.0,200.0,,300.0,100.0,100.0,200.0,2100.0,2300.0,1300.0,600.0,300.0,100.0
hh_with_children,second_quintile,1998,52300.0,50000.0,37900.0,700.0,2800.0,2900.0,100.0,400.0,2000.0,300.0,,300.0,100.0,100.0,100.0,2200.0,2200.0,1200.0,600.0,300.0,100.0
hh_with_children,second_quintile,1999,53800.0,51600.0,38900.0,700.0,2800.0,3000.0,100.0,400.0,2200.0,300.0,,300.0,100.0,200.0,200.0,2300.0,2300.0,1200.0,600.0,400.0,100.0
hh_with_children,second_quintile,2000,54800.0,52600.0,39700.0,800.0,2900.0,3000.0,100.0,400.0,2000.0,300.0,,300.0,100.0,100.0,100.0,2500.0,2300.0,1200.0,600.0,300.0,200.0
hh_with_children,second_quintile,2001,54300.0,51700.0,39400.0,800.0,3100.0,3000.0,100.0,300.0,1900.0,100.0,,300.0,200.0,100.0,100.0,2400.0,2500.0,1200.0,700.0,500.0,200.0
hh_with_children,second_quintile,2002,53100.0,50400.0,38400.0,500.0,3200.0,2900.0,100.0,300.0,2000.0,,,200.0,200.0,100.0,100.0,2400.0,2800.0,1200.0,700.0,800.0,200.0
hh_with_children,second_quintile,2003,52500.0,49800.0,37600.0,500.0,3500.0,2800.0,100.0,400.0,2100.0,,,200.0,100.0,100.0,100.0,2300.0,2700.0,1200.0,600.0,800.0,100.0
hh_with_children,second_quintile,2004,54300.0,51400.0,38300.0,500.0,4000.0,2900.0,100.0,500.0,2000.0,100.0,,200.0,100.0,100.0,100.0,2600.0,2800.0,1400.0,700.0,500.0,200.0
hh_with_children,second_quintile,2005,54500.0,51900.0,38500.0,500.0,4000.0,2900.0,100.0,600.0,2200.0,100.0,,200.0,100.0,100.0,100.0,2400.0,2600.0,1200.0,800.0,400.0,100.0
hh_with_children,second_quintile,2006,55800.0,53200.0,39400.0,500.0,4100.0,3000.0,100.0,700.0,2300.0,200.0,,200.0,100.0,100.0,200.0,2300.0,2600.0,1300.0,800.0,400.0,100.0
hh_with_children,second_quintile,2007,59100.0,56500.0,42400.0,600.0,3900.0,3200.0,100.0,600.0,2300.0,200.0,,300.0,100.0,100.0,100.0,2400.0,2700.0,1300.0,900.0,400.0,100.0
hh_with_children,second_quintile,2008,56800.0,53900.0,40600.0,600.0,3700.0,3100.0,100.0,300.0,2100.0,100.0,,300.0,200.0,200.0,100.0,2600.0,2900.0,1400.0,900.0,600.0,100.0
hh_with_children,second_quintile,2009,55300.0,51300.0,38600.0,500.0,3700.0,2900.0,100.0,300.0,2200.0,,,200.0,100.0,100.0,100.0,2600.0,4000.0,1400.0,900.0,1600.0,100.0
hh_with_children,second_quintile,2010,55300.0,51600.0,38500.0,500.0,3500.0,2900.0,100.0,400.0,2400.0,,,100.0,200.0,100.0,100.0,2700.0,3700.0,1200.0,800.0,1600.0,100.0
hh_with_children,second_quintile,2011,54200.0,50500.0,37800.0,500.0,3400.0,2800.0,100.0,300.0,2300.0,100.0,,100.0,200.0,100.0,100.0,2600.0,3700.0,1400.0,1000.0,1200.0,100.0
hh_with_children,second_quintile,2012,53900.0,50500.0,37500.0,500.0,3500.0,2800.0,100.0,400.0,2600.0,,,100.0,200.0,100.0,100.0,2500.0,3500.0,1400.0,1100.0,900.0,100.0
hh_with_children,second_quintile,2013,55100.0,52200.0,38900.0,600.0,3600.0,2900.0,100.0,400.0,2500.0,100.0,,100.0,100.0,100.0,100.0,2700.0,2800.0,1300.0,800.0,600.0,100.0
hh_with_children,second_quintile,2014,55600.0,52900.0,39400.0,600.0,3600.0,3000.0,100.0,500.0,2700.0,100.0,,100.0,200.0,100.0,100.0,2500.0,2700.0,1400.0,900.0,400.0,100.0
hh_with_children,second_quintile,2015,57900.0,55300.0,41300.0,700.0,3700.0,3100.0,100.0,500.0,2800.0,100.0,,100.0,100.0,100.0,100.0,2600.0,2600.0,1400.0,900.0,300.0,100.0
hh_with_children,middle_quintile,1979,68800.0,67200.0,55000.0,0.0,2800.0,3100.0,200.0,700.0,1900.0,300.0,,800.0,100.0,100.0,300.0,1700.0,1600.0,1000.0,200.0,400.0,200.0
hh_with_children,middle_quintile,1980,66900.0,64800.0,53400.0,0.0,2400.0,3000.0,200.0,600.0,1900.0,300.0,,900.0,200.0,200.0,300.0,1500.0,2100.0,1100.0,200.0,700.0,200.0
hh_with_children,middle_quintile,1981,67500.0,65600.0,53900.0,0.0,2500.0,3300.0,100.0,500.0,1600.0,300.0,,1100.0,100.0,200.0,200.0,1700.0,1900.0,1000.0,200.0,600.0,200.0
hh_with_children,middle_quintile,1982,67100.0,64800.0,53100.0,0.0,2800.0,3300.0,200.0,300.0,1500.0,200.0,,1200.0,100.0,200.0,100.0,1700.0,2300.0,1000.0,200.0,900.0,200.0
hh_with_children,middle_quintile,1983,66700.0,64400.0,52400.0,0.0,2900.0,3300.0,200.0,400.0,1600.0,300.0,,1100.0,200.0,200.0,200.0,1700.0,2300.0,1100.0,200.0,800.0,200.0
hh_with_children,middle_quintile,1984,70200.0,68200.0,54700.0,300.0,2900.0,3600.0,200.0,500.0,2200.0,300.0,,1200.0,200.0,200.0,200.0,1800.0,2000.0,1000.0,200.0,500.0,200.0
hh_with_children,middle_quintile,1985,70600.0,68600.0,55300.0,400.0,3000.0,3700.0,200.0,400.0,1800.0,300.0,,1200.0,200.0,200.0,200.0,1700.0,2000.0,1100.0,300.0,500.0,200.0
hh_with_children,middle_quintile,1986,72600.0,70600.0,56600.0,500.0,3000.0,3900.0,200.0,500.0,2100.0,300.0,,1000.0,100.0,200.0,200.0,2000.0,2000.0,1000.0,300.0,500.0,200.0
hh_with_children,middle_quintile,1987,72500.0,70700.0,56100.0,500.0,3300.0,3900.0,200.0,600.0,2300.0,400.0,,1000.0,200.0,200.0,300.0,1800.0,1800.0,900.0,200.0,400.0,200.0
hh_with_children,middle_quintile,1988,73300.0,71400.0,55700.0,600.0,3500.0,4100.0,200.0,600.0,2500.0,300.0,,1100.0,200.0,200.0,300.0,2300.0,1900.0,1000.0,300.0,300.0,300.0
hh_with_children,middle_quintile,1989,74400.0,72400.0,56500.0,700.0,3600.0,4100.0,200.0,600.0,2500.0,300.0,,1000.0,200.0,300.0,300.0,2200.0,2000.0,1100.0,300.0,300.0,300.0
hh_with_children,middle_quintile,1990,74300.0,72100.0,56100.0,700.0,3600.0,4200.0,100.0,500.0,2400.0,200.0,,1000.0,200.0,200.0,200.0,2400.0,2200.0,1100.0,400.0,400.0,300.0
hh_with_children,middle_quintile,1991,73500.0,70900.0,55500.0,700.0,3500.0,4100.0,100.0,500.0,2100.0,300.0,,900.0,200.0,200.0,200.0,2500.0,2600.0,1200.0,400.0,500.0,400.0
hh_with_children,middle_quintile,1992,72900.0,70000.0,54200.0,900.0,3900.0,4100.0,100.0,500.0,2200.0,200.0,,600.0,200.0,200.0,200.0,2500.0,2900.0,1400.0,500.0,700.0,300.0
hh_with_children,middle_quintile,1993,73400.0,70600.0,54700.0,900.0,4300.0,4100.0,100.0,600.0,1900.0,300.0,,500.0,200.0,200.0,300.0,2500.0,2800.0,1400.0,400.0,700.0,300.0
hh_with_children,middle_quintile,1994,74200.0,71700.0,54800.0,1000.0,4500.0,4100.0,100.0,600.0,2300.0,300.0,,500.0,200.0,200.0,300.0,2700.0,2500.0,1300.0,500.0,500.0,200.0
hh_with_children,middle_quintile,1995,76700.0,73900.0,56100.0,1200.0,4700.0,4300.0,100.0,700.0,2300.0,300.0,,600.0,200.0,200.0,300.0,2800.0,2700.0,1500.0,600.0,500.0,200.0
hh_with_children,middle_quintile,1996,77700.0,74800.0,56600.0,1500.0,4600.0,4300.0,100.0,700.0,2300.0,300.0,,500.0,200.0,300.0,300.0,3000.0,2900.0,1500.0,700.0,400.0,300.0
hh_with_children,middle_quintile,1997,79500.0,76600.0,58200.0,1400.0,4300.0,4400.0,100.0,700.0,2300.0,500.0,,600.0,200.0,300.0,300.0,3200.0,2900.0,1600.0,800.0,300.0,200.0
hh_with_children,middle_quintile,1998,82500.0,79700.0,60800.0,1600.0,4200.0,4700.0,100.0,700.0,2300.0,600.0,,600.0,200.0,200.0,300.0,3400.0,2800.0,1500.0,700.0,300.0,200.0
hh_with_children,middle_quintile,1999,85400.0,82800.0,63000.0,1800.0,4100.0,4800.0,100.0,700.0,2700.0,700.0,,500.0,200.0,300.0,300.0,3500.0,2600.0,1400.0,700.0,300.0,200.0
hh_with_children,middle_quintile,2000,86500.0,83700.0,63400.0,1900.0,4300.0,4900.0,100.0,700.0,2500.0,700.0,,600.0,200.0,300.0,300.0,3700.0,2800.0,1500.0,800.0,300.0,200.0
hh_with_children,middle_quintile,2001,86000.0,82900.0,63200.0,2000.0,4500.0,4900.0,100.0,500.0,2700.0,200.0,,500.0,200.0,200.0,200.0,3600.0,3200.0,1600.0,800.0,500.0,200.0
hh_with_children,middle_quintile,2002,83700.0,80100.0,61500.0,1200.0,4800.0,4600.0,100.0,400.0,2600.0,100.0,,400.0,200.0,200.0,200.0,3600.0,3500.0,1600.0,900.0,700.0,200.0
hh_with_children,middle_quintile,2003,83200.0,79800.0,60500.0,1400.0,5300.0,4500.0,100.0,600.0,2500.0,100.0,,300.0,200.0,200.0,200.0,3900.0,3500.0,1600.0,900.0,800.0,200.0
hh_with_children,middle_quintile,2004,85800.0,82400.0,61600.0,1300.0,6000.0,4600.0,100.0,700.0,2900.0,200.0,,300.0,200.0,200.0,200.0,3900.0,3400.0,1700.0,1000.0,500.0,200.0
hh_with_children,middle_quintile,2005,87400.0,84100.0,62400.0,1400.0,6300.0,4700.0,100.0,1000.0,2900.0,400.0,,300.0,300.0,200.0,300.0,3800.0,3400.0,1700.0,1100.0,400.0,200.0
hh_with_children,middle_quintile,2006,89200.0,85500.0,63400.0,1500.0,6300.0,4800.0,100.0,1100.0,2900.0,400.0,,400.0,200.0,200.0,300.0,3900.0,3700.0,1900.0,1200.0,400.0,200.0
hh_with_children,middle_quintile,2007,92400.0,88500.0,65700.0,1600.0,5900.0,4900.0,100.0,900.0,3200.0,500.0,,500.0,300.0,300.0,300.0,4100.0,3900.0,2000.0,1300.0,500.0,200.0
hh_with_children,middle_quintile,2008,89900.0,85700.0,64500.0,1600.0,5900.0,4900.0,100.0,600.0,2800.0,200.0,,500.0,200.0,300.0,200.0,4000.0,4200.0,2000.0,1500.0,600.0,200.0
hh_with_children,middle_quintile,2009,87400.0,82000.0,61500.0,1300.0,5800.0,4600.0,100.0,400.0,2700.0,100.0,100.0,300.0,200.0,200.0,200.0,4400.0,5400.0,2200.0,1500.0,1500.0,200.0
hh_with_children,middle_quintile,2010,88200.0,82500.0,61800.0,1300.0,5700.0,4600.0,100.0,600.0,2800.0,100.0,,300.0,300.0,200.0,200.0,4500.0,5700.0,2400.0,1700.0,1600.0,200.0
hh_with_children,middle_quintile,2011,86500.0,81500.0,61100.0,1300.0,5700.0,4600.0,100.0,600.0,3000.0,100.0,,200.0,200.0,300.0,200.0,4200.0,5000.0,2200.0,1600.0,1100.0,200.0
hh_with_children,middle_quintile,2012,86900.0,81700.0,61000.0,1400.0,5700.0,4600.0,100.0,700.0,3200.0,100.0,,200.0,300.0,200.0,200.0,4200.0,5100.0,2300.0,1800.0,900.0,200.0
hh_with_children,middle_quintile,2013,87900.0,82800.0,61900.0,1500.0,5600.0,4700.0,100.0,700.0,2800.0,200.0,,100.0,300.0,200.0,200.0,4500.0,5000.0,2700.0,1600.0,600.0,200.0
hh_with_children,middle_quintile,2014,89700.0,85000.0,63600.0,1500.0,5600.0,4800.0,100.0,800.0,3200.0,300.0,,100.0,300.0,200.0,200.0,4300.0,4700.0,2600.0,1600.0,400.0,100.0
hh_with_children,middle_quintile,2015,92900.0,88400.0,65900.0,1600.0,6000.0,5000.0,100.0,800.0,3500.0,300.0,,100.0,300.0,200.0,200.0,4500.0,4500.0,2500.0,1500.0,400.0,200.0
hh_with_children,fourth_quintile,1979,93300.0,91700.0,74500.0,0.0,3400.0,3900.0,200.0,1000.0,3100.0,800.0,,1400.0,300.0,300.0,700.0,2100.0,1600.0,900.0,100.0,400.0,200.0
hh_with_children,fourth_quintile,1980,91100.0,89100.0,73000.0,0.0,2900.0,3800.0,200.0,800.0,2700.0,600.0,,1700.0,200.0,300.0,500.0,2200.0,2000.0,1100.0,200.0,600.0,200.0
hh_with_children,fourth_quintile,1981,93000.0,91000.0,74600.0,0.0,3100.0,4300.0,200.0,600.0,2400.0,600.0,,1900.0,300.0,400.0,400.0,2100.0,2000.0,1100.0,200.0,500.0,200.0
hh_with_children,fourth_quintile,1982,92600.0,90400.0,74100.0,0.0,3400.0,4300.0,200.0,400.0,2100.0,500.0,,2100.0,300.0,500.0,300.0,2100.0,2200.0,1200.0,200.0,600.0,200.0
hh_with_children,fourth_quintile,1983,92600.0,90600.0,73800.0,0.0,3600.0,4400.0,200.0,500.0,2200.0,700.0,100.0,1900.0,300.0,400.0,300.0,2100.0,2000.0,1000.0,200.0,600.0,200.0
hh_with_children,fourth_quintile,1984,97700.0,96000.0,77300.0,500.0,3700.0,4800.0,200.0,600.0,2900.0,700.0,100.0,2000.0,300.0,400.0,400.0,2300.0,1700.0,1000.0,200.0,400.0,100.0
hh_with_children,fourth_quintile,1985,98200.0,96300.0,77000.0,800.0,3800.0,5000.0,200.0,600.0,2700.0,700.0,100.0,2000.0,200.0,400.0,300.0,2600.0,1900.0,1100.0,300.0,400.0,200.0
hh_with_children,fourth_quintile,1986,101400.0,99500.0,79300.0,1000.0,3800.0,5200.0,200.0,600.0,2700.0,1100.0,100.0,1700.0,200.0,400.0,300.0,2800.0,1900.0,1000.0,200.0,300.0,300.0
hh_with_children,fourth_quintile,1987,102400.0,100700.0,79300.0,1000.0,4200.0,5300.0,200.0,800.0,3400.0,700.0,100.0,1700.0,300.0,600.0,500.0,2700.0,1700.0,900.0,200.0,300.0,200.0
hh_with_children,fourth_quintile,1988,103400.0,101700.0,79400.0,1200.0,4400.0,5500.0,200.0,800.0,3300.0,700.0,100.0,1700.0,300.0,500.0,500.0,3100.0,1800.0,1000.0,200.0,300.0,300.0
hh_with_children,fourth_quintile,1989,104900.0,103000.0,80300.0,1300.0,4500.0,5600.0,200.0,800.0,3500.0,600.0,,1800.0,300.0,500.0,500.0,3000.0,2000.0,1000.0,200.0,300.0,400.0
hh_with_children,fourth_quintile,1990,105200.0,103100.0,80100.0,1300.0,4700.0,5700.0,200.0,700.0,3300.0,400.0,100.0,1800.0,300.0,500.0,500.0,3300.0,2100.0,1100.0,300.0,300.0,300.0
hh_with_children,fourth_quintile,1991,103400.0,101300.0,79300.0,1300.0,4600.0,5700.0,200.0,700.0,2900.0,400.0,100.0,1600.0,300.0,500.0,400.0,3300.0,2100.0,1000.0,300.0,500.0,400.0
hh_with_children,fourth_quintile,1992,104500.0,101900.0,79000.0,1700.0,5100.0,5800.0,200.0,700.0,3300.0,500.0,100.0,1100.0,300.0,400.0,400.0,3300.0,2600.0,1300.0,400.0,600.0,300.0
hh_with_children,fourth_quintile,1993,105300.0,102900.0,79300.0,1700.0,5700.0,5800.0,200.0,900.0,3300.0,700.0,100.0,800.0,300.0,400.0,500.0,3400.0,2400.0,1200.0,400.0,500.0,300.0
hh_with_children,fourth_quintile,1994,106700.0,104500.0,80300.0,1900.0,6000.0,5900.0,100.0,900.0,3400.0,600.0,100.0,800.0,300.0,400.0,500.0,3300.0,2200.0,1100.0,400.0,400.0,300.0
hh_with_children,fourth_quintile,1995,109900.0,107400.0,81400.0,2300.0,6200.0,6000.0,100.0,1000.0,3100.0,800.0,100.0,900.0,400.0,600.0,600.0,3900.0,2400.0,1300.0,500.0,400.0,300.0
hh_with_children,fourth_quintile,1996,112500.0,109900.0,83000.0,2700.0,6000.0,6200.0,100.0,1100.0,3500.0,900.0,100.0,900.0,300.0,500.0,500.0,4100.0,2600.0,1400.0,600.0,300.0,200.0
hh_with_children,fourth_quintile,1997,115200.0,112600.0,85200.0,2800.0,5500.0,6300.0,100.0,1100.0,3700.0,1100.0,100.0,900.0,300.0,600.0,600.0,4200.0,2500.0,1400.0,600.0,300.0,300.0
hh_with_children,fourth_quintile,1998,120000.0,117500.0,88500.0,3100.0,5500.0,6600.0,100.0,1000.0,4200.0,1300.0,100.0,1000.0,400.0,500.0,500.0,4600.0,2500.0,1400.0,600.0,300.0,200.0
hh_with_children,fourth_quintile,1999,123400.0,120900.0,90700.0,3400.0,5300.0,6800.0,100.0,1000.0,4100.0,1500.0,,800.0,500.0,600.0,600.0,5400.0,2500.0,1500.0,600.0,300.0,200.0
hh_with_children,fourth_quintile,2000,126100.0,123700.0,92800.0,3700.0,5600.0,7000.0,100.0,1000.0,4000.0,1700.0,100.0,900.0,600.0,700.0,600.0,4800.0,2400.0,1300.0,600.0,300.0,200.0
hh_with_children,fourth_quintile,2001,125300.0,122500.0,92800.0,3700.0,5900.0,7000.0,100.0,700.0,4100.0,500.0,100.0,900.0,400.0,500.0,400.0,5200.0,2800.0,1500.0,700.0,400.0,200.0
hh_with_children,fourth_quintile,2002,122300.0,119200.0,91700.0,2700.0,6300.0,6800.0,100.0,600.0,3700.0,400.0,100.0,700.0,400.0,400.0,300.0,5000.0,3100.0,1500.0,700.0,700.0,200.0
hh_with_children,fourth_quintile,2003,123700.0,120400.0,91200.0,3100.0,7100.0,6700.0,100.0,900.0,3800.0,300.0,100.0,600.0,400.0,400.0,400.0,5400.0,3300.0,1600.0,800.0,700.0,200.0
hh_with_children,fourth_quintile,2004,126400.0,123300.0,91600.0,3300.0,8100.0,6800.0,100.0,1100.0,4300.0,700.0,100.0,500.0,400.0,400.0,500.0,5400.0,3000.0,1600.0,800.0,400.0,200.0
hh_with_children,fourth_quintile,2005,129400.0,126500.0,93200.0,3500.0,8300.0,6900.0,100.0,1500.0,4400.0,1000.0,100.0,600.0,400.0,500.0,600.0,5400.0,2900.0,1500.0,800.0,400.0,100.0
hh_with_children,fourth_quintile,2006,132900.0,129700.0,94900.0,3600.0,8400.0,7000.0,100.0,1600.0,4700.0,1100.0,100.0,800.0,400.0,500.0,700.0,5700.0,3200.0,1600.0,1000.0,400.0,200.0
hh_with_children,fourth_quintile,2007,136900.0,133300.0,98100.0,3800.0,7800.0,7200.0,100.0,1400.0,4400.0,1300.0,100.0,1000.0,500.0,700.0,600.0,6100.0,3600.0,1900.0,1200.0,400.0,200.0
hh_with_children,fourth_quintile,2008,133700.0,129800.0,97400.0,3700.0,7800.0,7200.0,100.0,800.0,4200.0,400.0,100.0,800.0,400.0,600.0,300.0,6100.0,3900.0,2000.0,1200.0,500.0,100.0
hh_with_children,fourth_quintile,2009,131100.0,125900.0,94400.0,3300.0,7900.0,7000.0,100.0,600.0,4000.0,300.0,100.0,600.0,400.0,500.0,300.0,6300.0,5200.0,2300.0,1400.0,1300.0,200.0
hh_with_children,fourth_quintile,2010,132600.0,127300.0,94700.0,3300.0,7800.0,7000.0,100.0,900.0,4600.0,400.0,100.0,500.0,500.0,400.0,400.0,6600.0,5300.0,2300.0,1600.0,1300.0,200.0
hh_with_children,fourth_quintile,2011,131400.0,126800.0,94700.0,3300.0,7900.0,7000.0,100.0,900.0,4500.0,300.0,100.0,400.0,400.0,500.0,300.0,6400.0,4600.0,2100.0,1400.0,900.0,100.0
hh_with_children,fourth_quintile,2012,132300.0,127800.0,95400.0,3400.0,7800.0,7100.0,100.0,1100.0,4700.0,400.0,100.0,300.0,400.0,500.0,300.0,6300.0,4500.0,2100.0,1500.0,800.0,100.0
hh_with_children,fourth_quintile,2013,135900.0,131600.0,97500.0,3500.0,8000.0,7200.0,100.0,1100.0,5000.0,800.0,100.0,300.0,500.0,500.0,500.0,6600.0,4300.0,2200.0,1400.0,500.0,100.0
hh_with_children,fourth_quintile,2014,137000.0,132500.0,98200.0,3600.0,7700.0,7300.0,100.0,1200.0,5200.0,900.0,,200.0,600.0,500.0,500.0,6600.0,4500.0,2400.0,1500.0,400.0,200.0
hh_with_children,fourth_quintile,2015,142300.0,137300.0,101700.0,3900.0,7900.0,7600.0,100.0,1200.0,5400.0,800.0,100.0,200.0,500.0,600.0,500.0,6800.0,5000.0,2800.0,1700.0,300.0,200.0
hh_with_children,highest_quintile,1979,175100.0,173500.0,114800.0,0.0,3900.0,4100.0,200.0,1500.0,16800.0,12500.0,700.0,4800.0,1400.0,3400.0,5600.0,3600.0,1600.0,1100.0,100.0,300.0,100.0
hh_with_children,highest_quintile,1980,172600.0,170800.0,115600.0,0.0,3400.0,4300.0,200.0,1200.0,14200.0,12000.0,600.0,5800.0,1400.0,3600.0,4400.0,3900.0,1800.0,1100.0,100.0,400.0,100.0
hh_with_children,highest_quintile,1981,173400.0,171400.0,116700.0,0.0,3700.0,4700.0,200.0,1000.0,12000.0,12000.0,800.0,7400.0,1500.0,3900.0,3600.0,3900.0,2000.0,1300.0,200.0,300.0,100.0
hh_with_children,highest_quintile,1982,173700.0,171600.0,120200.0,0.0,4000.0,5100.0,200.0,600.0,10800.0,11700.0,1000.0,6800.0,1700.0,3700.0,2100.0,3700.0,2100.0,1300.0,200.0,400.0,200.0
hh_with_children,highest_quintile,1983,183900.0,182000.0,122300.0,0.0,4400.0,5400.0,200.0,900.0,12300.0,16600.0,1400.0,6600.0,1700.0,3500.0,3000.0,3900.0,1800.0,1100.0,200.0,400.0,200.0
hh_with_children,highest_quintile,1984,198800.0,196900.0,129300.0,900.0,4200.0,5900.0,200.0,1000.0,16500.0,17000.0,1600.0,7600.0,1700.0,3000.0,3400.0,4500.0,1900.0,1200.0,300.0,300.0,200.0
hh_with_children,highest_quintile,1985,196300.0,194800.0,129200.0,1300.0,4500.0,6100.0,200.0,1000.0,13900.0,19300.0,1700.0,6400.0,1500.0,2700.0,3000.0,3900.0,1600.0,900.0,200.0,200.0,200.0
hh_with_children,highest_quintile,1986,229900.0,228300.0,133500.0,1400.0,4500.0,6400.0,200.0,1100.0,16300.0,41900.0,2500.0,6000.0,1400.0,4700.0,4000.0,4500.0,1600.0,900.0,200.0,300.0,300.0
hh_with_children,highest_quintile,1987,214900.0,213300.0,141200.0,1700.0,5000.0,6600.0,200.0,1400.0,19800.0,14600.0,1500.0,7400.0,1600.0,3300.0,4200.0,4900.0,1600.0,900.0,300.0,200.0,200.0
hh_with_children,highest_quintile,1988,225700.0,224000.0,145400.0,2000.0,5400.0,6800.0,200.0,1400.0,24300.0,15000.0,1300.0,7300.0,1400.0,3500.0,4100.0,6100.0,1600.0,800.0,200.0,200.0,500.0
hh_with_children,highest_quintile,1989,231000.0,229000.0,145900.0,2200.0,5500.0,7000.0,200.0,1400.0,25400.0,14400.0,1600.0,9200.0,1700.0,4000.0,4300.0,6400.0,1900.0,1100.0,200.0,200.0,400.0
hh_with_children,highest_quintile,1990,219400.0,217600.0,143500.0,2200.0,5700.0,7200.0,200.0,1300.0,24200.0,10000.0,1200.0,7600.0,1500.0,3200.0,3600.0,6200.0,1700.0,800.0,300.0,200.0,400.0
hh_with_children,highest_quintile,1991,216700.0,214600.0,141100.0,2300.0,5700.0,7300.0,200.0,1100.0,24600.0,8800.0,1700.0,7400.0,1500.0,3300.0,3500.0,6100.0,2100.0,1100.0,300.0,300.0,400.0
hh_with_children,highest_quintile,1992,222500.0,220300.0,145300.0,2800.0,6400.0,7700.0,200.0,1300.0,25700.0,9600.0,1500.0,5100.0,1600.0,2900.0,3800.0,6400.0,2300.0,1200.0,400.0,400.0,300.0
hh_with_children,highest_quintile,1993,225800.0,223300.0,145600.0,3000.0,7100.0,7500.0,200.0,1500.0,25800.0,11300.0,1600.0,4300.0,1800.0,3000.0,4700.0,6000.0,2500.0,1400.0,400.0,300.0,400.0
hh_with_children,highest_quintile,1994,229300.0,227000.0,147100.0,3200.0,7900.0,8000.0,200.0,1600.0,27100.0,10300.0,1500.0,4000.0,1800.0,2900.0,4900.0,6700.0,2300.0,1500.0,400.0,200.0,200.0
hh_with_children,highest_quintile,1995,247300.0,244800.0,154800.0,3800.0,8100.0,8400.0,100.0,1800.0,29900.0,13000.0,1700.0,5300.0,1900.0,3600.0,5900.0,6500.0,2600.0,1500.0,500.0,300.0,300.0
hh_with_children,highest_quintile,1996,262300.0,260200.0,160600.0,4400.0,7800.0,8500.0,100.0,2000.0,31900.0,18600.0,1400.0,5100.0,1900.0,3900.0,6200.0,7700.0,2100.0,1300.0,500.0,200.0,100.0
hh_with_children,highest_quintile,1997,278800.0,276500.0,167900.0,4300.0,7000.0,8900.0,100.0,2100.0,32200.0,25700.0,1600.0,5100.0,2000.0,4600.0,6800.0,8100.0,2400.0,1600.0,500.0,200.0,100.0
hh_with_children,highest_quintile,1998,301600.0,299800.0,181000.0,4800.0,7100.0,9400.0,100.0,2000.0,35100.0,31900.0,1700.0,5400.0,1900.0,4400.0,6700.0,8100.0,1900.0,1100.0,400.0,200.0,200.0
hh_with_children,highest_quintile,1999,324300.0,322500.0,190100.0,5200.0,6900.0,9800.0,100.0,2100.0,37400.0,40400.0,1700.0,5400.0,1900.0,4900.0,7300.0,9300.0,1800.0,1100.0,300.0,200.0,200.0
hh_with_children,highest_quintile,2000,346400.0,344100.0,200500.0,5300.0,7100.0,10200.0,100.0,2100.0,36900.0,47900.0,1900.0,6300.0,2300.0,5900.0,7700.0,9800.0,2200.0,1400.0,500.0,200.0,200.0
hh_with_children,highest_quintile,2001,313800.0,311600.0,195200.0,5400.0,7600.0,10300.0,100.0,1400.0,37800.0,24500.0,2000.0,6200.0,2100.0,4500.0,5400.0,9100.0,2200.0,1300.0,500.0,300.0,200.0
hh_with_children,highest_quintile,2002,294800.0,292400.0,186400.0,6100.0,8400.0,10000.0,100.0,1300.0,38600.0,16300.0,1900.0,4300.0,1900.0,3600.0,4600.0,9000.0,2400.0,1300.0,500.0,500.0,200.0
hh_with_children,highest_quintile,2003,306600.0,304100.0,186000.0,8000.0,9300.0,10000.0,100.0,1700.0,39700.0,21200.0,1800.0,4100.0,2000.0,4400.0,7000.0,8900.0,2400.0,1200.0,500.0,500.0,200.0
hh_with_children,highest_quintile,2004,330200.0,327800.0,191400.0,8400.0,10000.0,10200.0,100.0,2200.0,43000.0,30600.0,1600.0,4200.0,2000.0,6100.0,8800.0,9000.0,2500.0,1500.0,600.0,300.0,100.0
hh_with_children,highest_quintile,2005,357200.0,354900.0,195300.0,9000.0,10400.0,10200.0,100.0,2900.0,49000.0,40800.0,1900.0,5800.0,2200.0,6300.0,11600.0,9300.0,2300.0,1300.0,500.0,300.0,200.0
hh_with_children,highest_quintile,2006,392300.0,390000.0,204800.0,9400.0,10400.0,10500.0,100.0,3300.0,53500.0,51100.0,2800.0,8900.0,2200.0,8600.0,14300.0,9900.0,2300.0,1200.0,700.0,300.0,100.0
hh_with_children,highest_quintile,2007,419100.0,416500.0,217500.0,9800.0,9700.0,10800.0,100.0,3000.0,54800.0,61100.0,3200.0,10700.0,2300.0,10300.0,12900.0,10200.0,2600.0,1500.0,700.0,200.0,200.0
hh_with_children,highest_quintile,2008,367100.0,364400.0,209900.0,9900.0,9900.0,10900.0,100.0,1700.0,50600.0,31700.0,2800.0,7600.0,2500.0,8600.0,7600.0,10600.0,2700.0,1500.0,800.0,300.0,100.0
hh_with_children,highest_quintile,2009,327500.0,323800.0,199700.0,9700.0,10000.0,11000.0,100.0,1300.0,46500.0,14700.0,2200.0,5100.0,2000.0,5400.0,5300.0,10800.0,3700.0,1800.0,900.0,900.0,200.0
hh_with_children,highest_quintile,2010,358400.0,355000.0,206300.0,9600.0,9700.0,10900.0,100.0,1900.0,49700.0,27100.0,2400.0,5200.0,2200.0,7800.0,9200.0,12800.0,3500.0,1600.0,900.0,800.0,200.0
hh_with_children,highest_quintile,2011,349900.0,346400.0,207500.0,9800.0,9600.0,10900.0,100.0,1900.0,47400.0,23900.0,2000.0,4000.0,2300.0,6600.0,8100.0,12400.0,3500.0,1900.0,900.0,600.0,100.0
hh_with_children,highest_quintile,2012,389000.0,386000.0,216200.0,10000.0,9600.0,11100.0,100.0,2300.0,57300.0,37700.0,2000.0,4400.0,2600.0,10000.0,9900.0,12800.0,3000.0,1600.0,800.0,400.0,100.0
hh_with_children,highest_quintile,2013,376400.0,373200.0,216500.0,10400.0,9500.0,11400.0,100.0,2400.0,55200.0,29500.0,1900.0,3900.0,2700.0,7700.0,10400.0,11500.0,3200.0,1700.0,900.0,400.0,300.0
hh_with_children,highest_quintile,2014,401800.0,398400.0,223800.0,10600.0,9200.0,11600.0,100.0,2700.0,57200.0,41400.0,1800.0,3800.0,2900.0,9300.0,11800.0,12200.0,3300.0,1900.0,1000.0,200.0,200.0
hh_with_children,highest_quintile,2015,424500.0,420900.0,236200.0,11200.0,9300.0,12000.0,100.0,2600.0,64100.0,43000.0,1800.0,4000.0,2600.0,10000.0,11800.0,12200.0,3700.0,2100.0,1100.0,200.0,200.0
hh_with_children,percentiles_81_90,1979,124300.0,122700.0,96200.0,0.0,3800.0,4400.0,200.0,1300.0,6100.0,2100.0,100.0,2700.0,500.0,800.0,1500.0,2900.0,1600.0,1000.0,100.0,300.0,100.0
hh_with_children,percentiles_81_90,1980,122600.0,120800.0,95400.0,0.0,3400.0,4500.0,200.0,1000.0,5600.0,1800.0,100.0,3100.0,500.0,900.0,1200.0,3100.0,1800.0,900.0,100.0,600.0,200.0
hh_with_children,percentiles_81_90,1981,122500.0,120500.0,95300.0,0.0,3600.0,4900.0,200.0,800.0,4700.0,1300.0,100.0,3600.0,600.0,1100.0,900.0,3400.0,2000.0,1300.0,200.0,400.0,100.0
hh_with_children,percentiles_81_90,1982,122600.0,120500.0,96900.0,0.0,3900.0,5100.0,200.0,500.0,3800.0,1200.0,100.0,3700.0,700.0,1100.0,500.0,2800.0,2100.0,1300.0,200.0,500.0,200.0
hh_with_children,percentiles_81_90,1983,123900.0,121900.0,97200.0,0.0,4200.0,5300.0,200.0,700.0,3900.0,1900.0,100.0,3400.0,500.0,900.0,700.0,2900.0,2000.0,1200.0,200.0,400.0,200.0
hh_with_children,percentiles_81_90,1984,132100.0,130100.0,101200.0,800.0,4100.0,5800.0,200.0,800.0,6000.0,1800.0,200.0,3800.0,600.0,900.0,800.0,3200.0,2000.0,1300.0,300.0,300.0,200.0
hh_with_children,percentiles_81_90,1985,131300.0,129700.0,102700.0,1200.0,4300.0,6000.0,200.0,800.0,4500.0,1800.0,200.0,3100.0,500.0,700.0,600.0,3000.0,1600.0,900.0,200.0,300.0,300.0
hh_with_children,percentiles_81_90,1986,137100.0,135500.0,104900.0,1300.0,4400.0,6300.0,200.0,800.0,5800.0,2600.0,300.0,2800.0,400.0,800.0,600.0,4100.0,1700.0,900.0,200.0,300.0,300.0
hh_with_children,percentiles_81_90,1987,138600.0,137000.0,105900.0,1500.0,4700.0,6400.0,200.0,1000.0,5900.0,1800.0,200.0,3000.0,400.0,1100.0,1000.0,3800.0,1600.0,900.0,200.0,200.0,200.0
hh_with_children,percentiles_81_90,1988,140400.0,138700.0,106700.0,1900.0,5100.0,6700.0,200.0,1100.0,6000.0,1500.0,200.0,2900.0,400.0,900.0,900.0,4300.0,1800.0,900.0,200.0,200.0,400.0
hh_with_children,percentiles_81_90,1989,143000.0,140700.0,107000.0,2000.0,5200.0,6700.0,200.0,1000.0,6200.0,1800.0,200.0,3400.0,600.0,1100.0,1000.0,4300.0,2200.0,1300.0,300.0,300.0,400.0
hh_with_children,percentiles_81_90,1990,142500.0,140600.0,107200.0,2100.0,5300.0,7000.0,200.0,1000.0,5800.0,1400.0,200.0,3200.0,500.0,1000.0,900.0,5000.0,1900.0,900.0,300.0,300.0,400.0
hh_with_children,percentiles_81_90,1991,141600.0,139300.0,106500.0,2100.0,5300.0,7200.0,200.0,900.0,6300.0,1300.0,200.0,2800.0,500.0,900.0,800.0,4300.0,2300.0,1300.0,300.0,400.0,300.0
hh_with_children,percentiles_81_90,1992,141700.0,139200.0,105600.0,2600.0,6000.0,7200.0,200.0,1000.0,6100.0,1300.0,200.0,1900.0,600.0,800.0,900.0,4900.0,2500.0,1400.0,400.0,500.0,200.0
hh_with_children,percentiles_81_90,1993,143300.0,140600.0,105700.0,2600.0,6800.0,7100.0,200.0,1100.0,6600.0,1400.0,200.0,1600.0,600.0,900.0,1000.0,4900.0,2800.0,1500.0,500.0,300.0,400.0
hh_with_children,percentiles_81_90,1994,145800.0,143300.0,108300.0,2900.0,7200.0,7300.0,200.0,1200.0,6100.0,1300.0,200.0,1400.0,700.0,800.0,1000.0,4600.0,2500.0,1500.0,400.0,300.0,300.0
hh_with_children,percentiles_81_90,1995,150800.0,148100.0,110400.0,3600.0,7500.0,7600.0,200.0,1400.0,6800.0,1200.0,200.0,1600.0,600.0,900.0,1000.0,5200.0,2700.0,1600.0,500.0,300.0,200.0
hh_with_children,percentiles_81_90,1996,155000.0,152800.0,112000.0,4200.0,7200.0,7600.0,100.0,1400.0,7700.0,1900.0,200.0,1700.0,700.0,900.0,1100.0,6000.0,2200.0,1300.0,500.0,200.0,200.0
hh_with_children,percentiles_81_90,1997,160000.0,157400.0,115900.0,4200.0,6400.0,8000.0,100.0,1500.0,7500.0,3000.0,200.0,1700.0,600.0,1100.0,1200.0,6000.0,2600.0,1700.0,600.0,200.0,200.0
hh_with_children,percentiles_81_90,1998,166700.0,164400.0,121500.0,4700.0,6400.0,8400.0,100.0,1400.0,7500.0,3200.0,100.0,1600.0,600.0,1000.0,1100.0,6800.0,2200.0,1300.0,500.0,200.0,200.0
hh_with_children,percentiles_81_90,1999,172300.0,170100.0,124900.0,5100.0,6300.0,8700.0,100.0,1400.0,8000.0,3600.0,100.0,1500.0,700.0,1200.0,1100.0,7100.0,2200.0,1400.0,400.0,200.0,200.0
hh_with_children,percentiles_81_90,2000,176700.0,174400.0,127400.0,5200.0,6500.0,8900.0,100.0,1400.0,8300.0,3800.0,200.0,1700.0,1200.0,1400.0,1200.0,7200.0,2300.0,1400.0,500.0,200.0,100.0
hh_with_children,percentiles_81_90,2001,175700.0,173000.0,129800.0,5400.0,7000.0,9200.0,100.0,1000.0,7700.0,1300.0,200.0,1700.0,700.0,1000.0,700.0,7400.0,2700.0,1500.0,500.0,400.0,200.0
hh_with_children,percentiles_81_90,2002,171200.0,168400.0,125600.0,5200.0,7700.0,8800.0,100.0,900.0,8000.0,900.0,200.0,1200.0,700.0,900.0,700.0,7500.0,2900.0,1400.0,600.0,600.0,200.0
hh_with_children,percentiles_81_90,2003,173800.0,171000.0,125300.0,6200.0,8700.0,8800.0,100.0,1200.0,8100.0,1300.0,200.0,1100.0,600.0,1000.0,900.0,7400.0,2800.0,1400.0,600.0,500.0,200.0
hh_with_children,percentiles_81_90,2004,178500.0,175500.0,127600.0,6300.0,9600.0,9000.0,100.0,1500.0,7900.0,2100.0,200.0,1000.0,800.0,1100.0,1100.0,7300.0,2900.0,1700.0,700.0,400.0,200.0
hh_with_children,percentiles_81_90,2005,183800.0,181100.0,129000.0,7000.0,10000.0,9000.0,100.0,2000.0,9300.0,3000.0,100.0,1100.0,800.0,1000.0,1400.0,7300.0,2700.0,1500.0,600.0,300.0,300.0
hh_with_children,percentiles_81_90,2006,189600.0,186900.0,131900.0,7300.0,10000.0,9200.0,100.0,2200.0,9400.0,3200.0,200.0,1600.0,800.0,1300.0,1500.0,8100.0,2700.0,1500.0,800.0,300.0,100.0
hh_with_children,percentiles_81_90,2007,194400.0,191200.0,136000.0,7400.0,9300.0,9400.0,100.0,1900.0,9200.0,3800.0,200.0,1900.0,800.0,1500.0,1400.0,8100.0,3200.0,1800.0,900.0,300.0,200.0
hh_with_children,percentiles_81_90,2008,188700.0,185400.0,134900.0,7500.0,9600.0,9500.0,100.0,1200.0,8400.0,1300.0,200.0,1400.0,900.0,1400.0,700.0,8300.0,3400.0,1900.0,900.0,400.0,100.0
hh_with_children,percentiles_81_90,2009,185900.0,181700.0,133600.0,6900.0,9600.0,9500.0,100.0,900.0,7800.0,600.0,300.0,1200.0,800.0,1100.0,600.0,8800.0,4200.0,1900.0,1000.0,1000.0,200.0
hh_with_children,percentiles_81_90,2010,187800.0,183600.0,134100.0,6900.0,9400.0,9400.0,100.0,1300.0,8200.0,800.0,200.0,800.0,900.0,1000.0,700.0,9600.0,4200.0,1900.0,1100.0,1000.0,200.0
hh_with_children,percentiles_81_90,2011,188200.0,184200.0,134500.0,7000.0,9500.0,9400.0,100.0,1300.0,8400.0,1200.0,200.0,600.0,900.0,1200.0,800.0,9200.0,4000.0,2100.0,1000.0,700.0,100.0
hh_with_children,percentiles_81_90,2012,190300.0,186900.0,135800.0,7400.0,9400.0,9500.0,100.0,1500.0,9200.0,1300.0,200.0,500.0,900.0,1200.0,700.0,9200.0,3400.0,1800.0,900.0,500.0,200.0
hh_with_children,percentiles_81_90,2013,195000.0,191500.0,138300.0,7500.0,9300.0,9800.0,100.0,1600.0,9500.0,2000.0,200.0,600.0,1000.0,1200.0,1200.0,9200.0,3500.0,1800.0,1000.0,400.0,200.0
hh_with_children,percentiles_81_90,2014,199300.0,195300.0,140700.0,7700.0,9100.0,9900.0,100.0,1800.0,10100.0,2300.0,200.0,500.0,900.0,1300.0,1100.0,9700.0,4000.0,2300.0,1100.0,300.0,300.0
hh_with_children,percentiles_81_90,2015,206900.0,202500.0,145900.0,8000.0,9200.0,10200.0,100.0,1700.0,11000.0,2500.0,200.0,600.0,1000.0,1400.0,1200.0,9500.0,4400.0,2500.0,1200.0,300.0,300.0
hh_with_children,percentiles_91_95,1979,157000.0,155400.0,111600.0,0.0,4000.0,4300.0,200.0,1400.0,14400.0,5200.0,300.0,4200.0,1100.0,1900.0,3100.0,3700.0,1600.0,1100.0,100.0,200.0,100.0
hh_with_children,percentiles_91_95,1980,154500.0,152400.0,111600.0,0.0,3500.0,4400.0,200.0,1200.0,11900.0,5000.0,200.0,5200.0,1000.0,1900.0,2500.0,3800.0,2100.0,1400.0,200.0,400.0,100.0
hh_with_children,percentiles_91_95,1981,153800.0,151500.0,112100.0,0.0,3700.0,4900.0,200.0,1000.0,10300.0,3900.0,300.0,6300.0,900.0,2200.0,1800.0,4200.0,2300.0,1700.0,200.0,300.0,100.0
hh_with_children,percentiles_91_95,1982,154000.0,151600.0,115300.0,0.0,4100.0,5200.0,200.0,600.0,8300.0,3500.0,300.0,5800.0,900.0,2300.0,1000.0,4200.0,2300.0,1400.0,200.0,400.0,200.0
hh_with_children,percentiles_91_95,1983,157600.0,155900.0,116400.0,0.0,4500.0,5500.0,200.0,800.0,9300.0,4900.0,500.0,5500.0,1100.0,1900.0,1400.0,3900.0,1800.0,1100.0,200.0,300.0,200.0
hh_with_children,percentiles_91_95,1984,167600.0,165700.0,120200.0,900.0,4300.0,6100.0,200.0,1000.0,12200.0,4500.0,600.0,5800.0,1500.0,2100.0,1600.0,4800.0,1900.0,1300.0,300.0,200.0,100.0
hh_with_children,percentiles_91_95,1985,168100.0,166400.0,123200.0,1400.0,4600.0,6300.0,200.0,900.0,9700.0,5300.0,700.0,4900.0,1300.0,1600.0,1400.0,5100.0,1700.0,1000.0,200.0,200.0,300.0
hh_with_children,percentiles_91_95,1986,175400.0,173500.0,125600.0,1700.0,4600.0,6500.0,200.0,1000.0,11900.0,8000.0,800.0,4500.0,800.0,2000.0,1300.0,4600.0,1900.0,1000.0,200.0,300.0,400.0
hh_with_children,percentiles_91_95,1987,178700.0,177000.0,132000.0,1900.0,5100.0,7100.0,200.0,1300.0,10800.0,4300.0,400.0,4500.0,800.0,1900.0,1800.0,5000.0,1700.0,1000.0,300.0,200.0,300.0
hh_with_children,percentiles_91_95,1988,182100.0,180500.0,131200.0,2200.0,5400.0,7100.0,200.0,1300.0,13800.0,3400.0,600.0,4500.0,800.0,2000.0,1700.0,6300.0,1600.0,800.0,200.0,200.0,400.0
hh_with_children,percentiles_91_95,1989,185000.0,183300.0,131600.0,2500.0,5400.0,7300.0,200.0,1300.0,13800.0,4300.0,600.0,5500.0,900.0,1900.0,1900.0,6200.0,1800.0,1000.0,200.0,100.0,500.0
hh_with_children,percentiles_91_95,1990,185400.0,183700.0,131100.0,2400.0,6000.0,7500.0,200.0,1200.0,16000.0,3500.0,600.0,5300.0,1000.0,2000.0,1800.0,5300.0,1600.0,800.0,300.0,200.0,300.0
hh_with_children,percentiles_91_95,1991,182000.0,179900.0,129500.0,2600.0,5800.0,7600.0,200.0,1100.0,14900.0,2700.0,500.0,4700.0,1000.0,1900.0,1600.0,5900.0,2100.0,1100.0,300.0,200.0,400.0
hh_with_children,percentiles_91_95,1992,185200.0,183400.0,132000.0,3100.0,6700.0,7900.0,100.0,1200.0,15300.0,2900.0,600.0,3100.0,1100.0,1600.0,1700.0,6200.0,1800.0,1000.0,300.0,300.0,200.0
hh_with_children,percentiles_91_95,1993,186400.0,183500.0,132100.0,3300.0,7200.0,7900.0,200.0,1400.0,14200.0,3600.0,700.0,2300.0,1100.0,1600.0,2000.0,5800.0,2900.0,1500.0,500.0,300.0,700.0
hh_with_children,percentiles_91_95,1994,190400.0,188100.0,133000.0,3400.0,8400.0,8000.0,200.0,1500.0,14200.0,3300.0,500.0,2500.0,1200.0,1900.0,2200.0,7700.0,2300.0,1600.0,300.0,200.0,100.0
hh_with_children,percentiles_91_95,1995,197100.0,194600.0,137800.0,4300.0,8000.0,8500.0,100.0,1700.0,16100.0,3300.0,400.0,2900.0,1300.0,1500.0,2200.0,6400.0,2500.0,1500.0,600.0,200.0,200.0
hh_with_children,percentiles_91_95,1996,204800.0,202700.0,142900.0,5000.0,7700.0,8700.0,100.0,1800.0,16500.0,4300.0,500.0,2700.0,1200.0,2300.0,2300.0,6700.0,2100.0,1300.0,500.0,300.0,100.0
hh_with_children,percentiles_91_95,1997,211500.0,209300.0,145000.0,4900.0,6800.0,8700.0,100.0,1800.0,16500.0,6600.0,400.0,3100.0,1400.0,2800.0,2600.0,8600.0,2200.0,1400.0,600.0,200.0,100.0
hh_with_children,percentiles_91_95,1998,224200.0,222500.0,157800.0,5300.0,7200.0,9500.0,100.0,1800.0,17000.0,7300.0,400.0,3000.0,1400.0,2100.0,2300.0,7300.0,1600.0,1000.0,300.0,200.0,200.0
hh_with_children,percentiles_91_95,1999,232500.0,230500.0,160000.0,5600.0,7100.0,9700.0,100.0,1800.0,18100.0,9100.0,400.0,2500.0,1300.0,2700.0,2400.0,9600.0,2000.0,1100.0,300.0,200.0,400.0
hh_with_children,percentiles_91_95,2000,240000.0,237400.0,162500.0,5700.0,7100.0,10000.0,100.0,1700.0,18500.0,9700.0,500.0,3000.0,2100.0,3000.0,2500.0,10800.0,2600.0,1700.0,500.0,200.0,300.0
hh_with_children,percentiles_91_95,2001,233000.0,231000.0,167300.0,5900.0,7500.0,10300.0,100.0,1200.0,17300.0,4100.0,400.0,3000.0,1300.0,2300.0,1600.0,8400.0,2000.0,1100.0,400.0,300.0,100.0
hh_with_children,percentiles_91_95,2002,226900.0,224300.0,162700.0,6700.0,8600.0,10100.0,100.0,1100.0,16400.0,2900.0,600.0,2000.0,1200.0,1600.0,1400.0,8900.0,2600.0,1400.0,500.0,500.0,200.0
hh_with_children,percentiles_91_95,2003,230400.0,227800.0,160600.0,8900.0,9500.0,10100.0,100.0,1500.0,16900.0,3900.0,500.0,1600.0,1300.0,1500.0,1900.0,9500.0,2600.0,1300.0,600.0,500.0,300.0
hh_with_children,percentiles_91_95,2004,239700.0,237300.0,163500.0,9800.0,10500.0,10300.0,100.0,1900.0,19000.0,5100.0,400.0,1700.0,1200.0,2300.0,2200.0,9100.0,2400.0,1500.0,500.0,300.0,200.0
hh_with_children,percentiles_91_95,2005,248300.0,246200.0,166100.0,10200.0,10600.0,10200.0,100.0,2600.0,21300.0,7100.0,400.0,2300.0,1200.0,2200.0,2900.0,9100.0,2100.0,1200.0,500.0,300.0,100.0
hh_with_children,percentiles_91_95,2006,259000.0,256800.0,171800.0,10800.0,10700.0,10500.0,100.0,2900.0,20900.0,8600.0,500.0,3000.0,1400.0,2700.0,3400.0,9400.0,2200.0,1200.0,600.0,200.0,100.0
hh_with_children,percentiles_91_95,2007,268200.0,265700.0,177200.0,11400.0,9800.0,10800.0,100.0,2500.0,23200.0,9000.0,600.0,3600.0,1300.0,3200.0,2900.0,10200.0,2500.0,1500.0,600.0,200.0,100.0
hh_with_children,percentiles_91_95,2008,256500.0,254200.0,177100.0,11500.0,10200.0,10900.0,100.0,1500.0,19500.0,3600.0,700.0,2800.0,1500.0,2500.0,1600.0,10700.0,2300.0,1200.0,700.0,300.0,100.0
hh_with_children,percentiles_91_95,2009,249500.0,245400.0,173700.0,11100.0,10500.0,11200.0,100.0,1200.0,17300.0,2100.0,800.0,1900.0,1300.0,2000.0,1300.0,11100.0,4100.0,2000.0,1000.0,900.0,100.0
hh_with_children,percentiles_91_95,2010,252200.0,248900.0,174800.0,10800.0,10000.0,11000.0,100.0,1600.0,18000.0,2600.0,600.0,1600.0,1100.0,2000.0,1600.0,13000.0,3300.0,1600.0,800.0,700.0,200.0
hh_with_children,percentiles_91_95,2011,253000.0,249300.0,174300.0,10800.0,9900.0,10900.0,100.0,1600.0,18500.0,3000.0,500.0,1300.0,1600.0,2200.0,1700.0,13000.0,3700.0,1900.0,900.0,700.0,200.0
hh_with_children,percentiles_91_95,2012,261200.0,258100.0,180800.0,11200.0,10000.0,11300.0,100.0,2000.0,19900.0,3300.0,600.0,1300.0,1500.0,2600.0,1700.0,11900.0,3100.0,1500.0,800.0,500.0,300.0
hh_with_children,percentiles_91_95,2013,268600.0,264900.0,185600.0,11800.0,9700.0,11600.0,100.0,2100.0,20200.0,4200.0,400.0,1000.0,1800.0,2500.0,2300.0,11600.0,3700.0,1900.0,900.0,300.0,500.0
hh_with_children,percentiles_91_95,2014,275200.0,272200.0,187400.0,12100.0,9500.0,11800.0,100.0,2400.0,22200.0,6200.0,500.0,1000.0,1800.0,2900.0,2700.0,11600.0,3100.0,1800.0,900.0,200.0,100.0
hh_with_children,percentiles_91_95,2015,285000.0,281400.0,194700.0,12600.0,9500.0,12000.0,100.0,2200.0,24000.0,5600.0,500.0,900.0,1900.0,3000.0,2500.0,11700.0,3600.0,2100.0,1100.0,200.0,200.0
hh_with_children,percentiles_96_99,1979,231600.0,230000.0,137700.0,0.0,3900.0,3600.0,200.0,1700.0,36300.0,17000.0,1000.0,7600.0,2600.0,5300.0,8200.0,4800.0,1600.0,1000.0,100.0,300.0,200.0
hh_with_children,percentiles_96_99,1980,225600.0,223900.0,139400.0,0.0,3500.0,4000.0,200.0,1500.0,29900.0,14600.0,900.0,9300.0,2800.0,6100.0,6300.0,5500.0,1700.0,1200.0,100.0,200.0,100.0
hh_with_children,percentiles_96_99,1981,225200.0,223500.0,142800.0,0.0,3800.0,4300.0,200.0,1200.0,26300.0,14100.0,1100.0,11700.0,2600.0,6000.0,4900.0,4600.0,1700.0,1100.0,200.0,200.0,200.0
hh_with_children,percentiles_96_99,1982,225300.0,223400.0,151600.0,0.0,4100.0,5000.0,200.0,800.0,24100.0,10400.0,1300.0,10000.0,2800.0,5800.0,2400.0,5000.0,1900.0,1400.0,200.0,100.0,100.0
hh_with_children,percentiles_96_99,1983,232300.0,230900.0,150700.0,0.0,4600.0,5400.0,200.0,1000.0,24600.0,15900.0,2000.0,9300.0,2800.0,4900.0,3500.0,6100.0,1400.0,900.0,200.0,200.0,200.0
hh_with_children,percentiles_96_99,1984,247200.0,245400.0,158000.0,1000.0,4300.0,5800.0,200.0,1200.0,31000.0,15500.0,1900.0,9300.0,2700.0,4500.0,3800.0,6100.0,1800.0,1100.0,200.0,200.0,200.0
hh_with_children,percentiles_96_99,1985,249400.0,248200.0,160700.0,1400.0,4800.0,6100.0,200.0,1200.0,27600.0,18900.0,2600.0,9300.0,2400.0,4100.0,3600.0,5000.0,1200.0,800.0,200.0,200.0,
hh_with_children,percentiles_96_99,1986,277800.0,276700.0,171800.0,1500.0,5000.0,6200.0,200.0,1300.0,32200.0,30100.0,3100.0,8000.0,3100.0,4400.0,3800.0,6000.0,1200.0,700.0,100.0,200.0,100.0
hh_with_children,percentiles_96_99,1987,268600.0,267000.0,168400.0,1800.0,5500.0,6400.0,200.0,1600.0,35200.0,16200.0,2200.0,10000.0,3100.0,5000.0,5400.0,6100.0,1600.0,1100.0,300.0,100.0,100.0
hh_with_children,percentiles_96_99,1988,280700.0,279200.0,177400.0,2000.0,6000.0,6900.0,200.0,1700.0,39600.0,15100.0,1700.0,9700.0,2600.0,4500.0,4900.0,7000.0,1400.0,500.0,200.0,100.0,600.0
hh_with_children,percentiles_96_99,1989,281100.0,279500.0,178100.0,2300.0,5800.0,7200.0,200.0,1700.0,39000.0,12200.0,2200.0,10700.0,2500.0,4800.0,4500.0,8400.0,1600.0,700.0,200.0,100.0,600.0
hh_with_children,percentiles_96_99,1990,280000.0,278600.0,178500.0,2200.0,6200.0,7200.0,100.0,1600.0,41500.0,10000.0,2000.0,10000.0,2600.0,4600.0,4400.0,7900.0,1400.0,600.0,300.0,100.0,400.0
hh_with_children,percentiles_96_99,1991,278600.0,276900.0,175200.0,2400.0,6200.0,7600.0,100.0,1400.0,43000.0,9300.0,2200.0,9800.0,2900.0,4700.0,4300.0,7800.0,1700.0,800.0,200.0,200.0,400.0
hh_with_children,percentiles_96_99,1992,285800.0,283500.0,182800.0,3100.0,7000.0,8600.0,100.0,1600.0,44100.0,9000.0,2000.0,6700.0,2700.0,3800.0,4400.0,7700.0,2300.0,900.0,300.0,200.0,900.0
hh_with_children,percentiles_96_99,1993,287300.0,285600.0,182900.0,3600.0,7800.0,8400.0,100.0,1900.0,44600.0,9600.0,2200.0,5500.0,2800.0,4100.0,5100.0,7200.0,1700.0,1000.0,300.0,200.0,200.0
hh_with_children,percentiles_96_99,1994,293700.0,291300.0,186900.0,3600.0,8800.0,8800.0,100.0,2000.0,46500.0,8500.0,1800.0,4800.0,2600.0,3600.0,5000.0,8200.0,2400.0,1600.0,400.0,200.0,100.0
hh_with_children,percentiles_96_99,1995,307200.0,304500.0,195200.0,3900.0,8800.0,9000.0,100.0,2300.0,47500.0,10100.0,2100.0,6000.0,2700.0,4800.0,5900.0,6100.0,2700.0,1200.0,400.0,200.0,900.0
hh_with_children,percentiles_96_99,1996,326800.0,324700.0,203800.0,4500.0,8700.0,9200.0,100.0,2500.0,50400.0,14300.0,1700.0,6000.0,3200.0,5200.0,6200.0,9000.0,2100.0,1300.0,600.0,100.0,
hh_with_children,percentiles_96_99,1997,347200.0,345300.0,217400.0,4300.0,8400.0,9700.0,100.0,2600.0,51200.0,19600.0,1800.0,5900.0,3100.0,6300.0,6600.0,8300.0,1900.0,1400.0,400.0,100.0,
hh_with_children,percentiles_96_99,1998,370200.0,368700.0,231400.0,4700.0,8100.0,10200.0,100.0,2500.0,58000.0,21700.0,2000.0,6400.0,3400.0,5900.0,6200.0,8200.0,1500.0,800.0,400.0,100.0,200.0
hh_with_children,percentiles_96_99,1999,389000.0,388000.0,237800.0,5000.0,7800.0,10800.0,100.0,2600.0,60500.0,29600.0,1800.0,6100.0,3100.0,6300.0,6700.0,9700.0,1000.0,500.0,200.0,100.0,100.0
hh_with_children,percentiles_96_99,2000,397000.0,395100.0,245200.0,5400.0,8200.0,11100.0,100.0,2500.0,57400.0,28600.0,1900.0,6900.0,3100.0,7600.0,6400.0,10600.0,1800.0,1000.0,400.0,100.0,300.0
hh_with_children,percentiles_96_99,2001,375900.0,374100.0,244700.0,5000.0,8900.0,11000.0,100.0,1800.0,57500.0,14600.0,2000.0,6500.0,3200.0,5100.0,4300.0,9600.0,1800.0,1100.0,400.0,200.0,100.0
hh_with_children,percentiles_96_99,2002,362000.0,360500.0,237200.0,7600.0,9600.0,10900.0,100.0,1600.0,56800.0,10400.0,1900.0,4500.0,2900.0,4100.0,3800.0,9000.0,1500.0,900.0,300.0,300.0,
hh_with_children,percentiles_96_99,2003,370000.0,368400.0,237400.0,10700.0,10000.0,11200.0,100.0,2200.0,55700.0,14300.0,1700.0,3600.0,3000.0,4700.0,5600.0,8100.0,1600.0,800.0,300.0,300.0,100.0
hh_with_children,percentiles_96_99,2004,391200.0,389600.0,243700.0,11600.0,10600.0,11300.0,100.0,2800.0,61300.0,19000.0,1600.0,3500.0,3100.0,5500.0,6600.0,8700.0,1600.0,1000.0,400.0,200.0,
hh_with_children,percentiles_96_99,2005,424700.0,422900.0,252400.0,12300.0,10900.0,11300.0,100.0,3700.0,69800.0,27200.0,1900.0,4700.0,3200.0,6500.0,9200.0,9800.0,1800.0,1000.0,500.0,200.0,200.0
hh_with_children,percentiles_96_99,2006,441500.0,439800.0,261300.0,12900.0,10700.0,11700.0,100.0,4200.0,69500.0,30300.0,2300.0,6400.0,3200.0,7100.0,9900.0,10200.0,1700.0,900.0,500.0,200.0,100.0
hh_with_children,percentiles_96_99,2007,458500.0,456700.0,274300.0,13400.0,10200.0,12000.0,100.0,3700.0,71400.0,30900.0,2400.0,7900.0,3400.0,8700.0,8300.0,10100.0,1800.0,1000.0,500.0,200.0,100.0
hh_with_children,percentiles_96_99,2008,420000.0,418000.0,266000.0,13800.0,10200.0,12000.0,100.0,2200.0,66100.0,13100.0,2400.0,6400.0,3400.0,7100.0,4500.0,10600.0,2000.0,1100.0,600.0,200.0,100.0
hh_with_children,percentiles_96_99,2009,394100.0,391400.0,257300.0,14100.0,10400.0,12500.0,100.0,1700.0,59000.0,6900.0,2200.0,4300.0,3000.0,4700.0,3400.0,11800.0,2700.0,1300.0,700.0,600.0,100.0
hh_with_children,percentiles_96_99,2010,406600.0,404000.0,263700.0,14100.0,10200.0,12400.0,100.0,2400.0,59300.0,9700.0,2400.0,3400.0,3400.0,5500.0,4700.0,12600.0,2600.0,1200.0,600.0,600.0,200.0
hh_with_children,percentiles_96_99,2011,414100.0,411600.0,272200.0,14600.0,10000.0,12500.0,100.0,2400.0,58600.0,9200.0,2200.0,3100.0,3400.0,5900.0,4600.0,12800.0,2600.0,1300.0,700.0,500.0,100.0
hh_with_children,percentiles_96_99,2012,436100.0,434400.0,278200.0,14000.0,10100.0,12500.0,100.0,2900.0,69400.0,13700.0,1900.0,2700.0,3500.0,6900.0,5100.0,13200.0,1800.0,900.0,600.0,300.0,
hh_with_children,percentiles_96_99,2013,441600.0,439000.0,278500.0,14900.0,9800.0,12900.0,100.0,3100.0,71300.0,15000.0,1800.0,2600.0,3700.0,7100.0,6900.0,11300.0,2600.0,1400.0,800.0,200.0,300.0
hh_with_children,percentiles_96_99,2014,462300.0,459800.0,291500.0,15200.0,9400.0,13300.0,100.0,3500.0,71600.0,20000.0,1600.0,2400.0,4100.0,7800.0,7500.0,11900.0,2500.0,1400.0,900.0,200.0,
hh_with_children,percentiles_96_99,2015,476300.0,473400.0,301900.0,15700.0,9600.0,13500.0,100.0,3300.0,77600.0,18200.0,1700.0,2400.0,3400.0,7800.0,6700.0,11400.0,2900.0,1700.0,1000.0,200.0,
hh_with_children,top_1_percent,1979,646700.0,645300.0,262000.0,0.0,3500.0,2600.0,200.0,3200.0,79300.0,156300.0,9700.0,23300.0,8800.0,32900.0,56200.0,7300.0,1400.0,1100.0,100.0,100.0,
hh_with_children,top_1_percent,1980,627600.0,626600.0,275600.0,0.0,3300.0,2800.0,200.0,2800.0,64200.0,150200.0,7800.0,27800.0,9100.0,32600.0,43300.0,7000.0,1000.0,800.0,100.0,100.0,
hh_with_children,top_1_percent,1981,649100.0,647600.0,286200.0,0.0,4100.0,3300.0,200.0,2300.0,53100.0,159000.0,10900.0,38900.0,10900.0,36200.0,36800.0,5900.0,1500.0,1200.0,100.0,200.0,
hh_with_children,top_1_percent,1982,669200.0,668000.0,298100.0,0.0,4200.0,5000.0,200.0,1500.0,56600.0,177000.0,13000.0,36300.0,12900.0,32100.0,23400.0,7700.0,1200.0,900.0,100.0,100.0,200.0
hh_with_children,top_1_percent,1983,787300.0,785600.0,323000.0,0.0,4800.0,5500.0,200.0,2200.0,75100.0,233100.0,17700.0,37300.0,12500.0,33500.0,33600.0,7200.0,1700.0,1000.0,300.0,200.0,200.0
hh_with_children,top_1_percent,1984,853700.0,852500.0,359200.0,800.0,4400.0,5900.0,200.0,2700.0,92900.0,233500.0,20500.0,48400.0,11000.0,23700.0,37500.0,11700.0,1300.0,900.0,200.0,100.0,100.0
hh_with_children,top_1_percent,1985,843800.0,842100.0,332200.0,1200.0,4800.0,5900.0,200.0,2300.0,86100.0,276800.0,19200.0,40100.0,9600.0,24700.0,34800.0,4300.0,1700.0,700.0,100.0,200.0,700.0
hh_with_children,top_1_percent,1986,1377200.0,1375900.0,348200.0,1300.0,4600.0,6100.0,200.0,2600.0,93900.0,710200.0,34000.0,42200.0,9000.0,63700.0,56900.0,3100.0,1300.0,600.0,100.0,100.0,500.0
hh_with_children,top_1_percent,1987,958000.0,956700.0,444800.0,1600.0,6300.0,7200.0,200.0,4000.0,145400.0,184900.0,16500.0,55700.0,11100.0,26300.0,42500.0,10200.0,1300.0,800.0,300.0,100.0,200.0
hh_with_children,top_1_percent,1988,1161300.0,1160300.0,516400.0,1700.0,6900.0,7100.0,200.0,4700.0,216900.0,217400.0,14900.0,60000.0,10300.0,34000.0,47700.0,22400.0,900.0,400.0,200.0,,400.0
hh_with_children,top_1_percent,1989,1112600.0,1111800.0,473600.0,2000.0,7000.0,7500.0,200.0,4200.0,214100.0,188900.0,17600.0,76400.0,13000.0,39400.0,46700.0,21200.0,800.0,500.0,100.0,100.0,200.0
hh_with_children,top_1_percent,1990,940500.0,939100.0,444400.0,1900.0,7500.0,7500.0,100.0,3700.0,187900.0,129000.0,12200.0,55300.0,10100.0,26300.0,36600.0,16500.0,1400.0,800.0,200.0,100.0,400.0
hh_with_children,top_1_percent,1991,951900.0,950600.0,439700.0,2200.0,7000.0,6500.0,100.0,3300.0,196900.0,114900.0,20200.0,59600.0,10500.0,31200.0,37300.0,21100.0,1300.0,700.0,200.0,200.0,200.0
hh_with_children,top_1_percent,1992,1052700.0,1051300.0,504700.0,2600.0,6900.0,8700.0,100.0,4100.0,222400.0,135300.0,18200.0,43100.0,12200.0,29200.0,45200.0,18700.0,1400.0,900.0,400.0,100.0,
hh_with_children,top_1_percent,1993,1070500.0,1069700.0,498900.0,3000.0,7500.0,7100.0,100.0,4700.0,215900.0,163300.0,18000.0,38400.0,13700.0,27800.0,56700.0,14600.0,800.0,500.0,200.0,100.0,100.0
hh_with_children,top_1_percent,1994,1043200.0,1042300.0,468700.0,3100.0,9100.0,11200.0,100.0,4800.0,234500.0,143600.0,17900.0,34400.0,12900.0,26500.0,57600.0,17800.0,900.0,400.0,100.0,100.0,400.0
hh_with_children,top_1_percent,1995,1233700.0,1232300.0,532700.0,3200.0,11100.0,13300.0,100.0,5900.0,262000.0,188400.0,20900.0,50900.0,13900.0,36300.0,72500.0,21000.0,1500.0,700.0,700.0,100.0,
hh_with_children,top_1_percent,1996,1345700.0,1345000.0,561500.0,3700.0,10500.0,13900.0,100.0,6400.0,273400.0,264700.0,17500.0,45200.0,13300.0,36200.0,74000.0,24700.0,700.0,400.0,200.0,100.0,
hh_with_children,top_1_percent,1997,1484000.0,1481600.0,590700.0,3700.0,8400.0,14800.0,100.0,6700.0,272700.0,358300.0,20000.0,45000.0,14700.0,40500.0,81100.0,24800.0,2400.0,2000.0,300.0,,
hh_with_children,top_1_percent,1998,1712700.0,1711700.0,679100.0,3900.0,9400.0,16400.0,100.0,7000.0,301200.0,460100.0,21000.0,50800.0,12200.0,41700.0,83900.0,24800.0,1000.0,600.0,300.0,100.0,
hh_with_children,top_1_percent,1999,2100100.0,2099800.0,829400.0,4300.0,8200.0,19000.0,100.0,8500.0,346600.0,614500.0,24900.0,56900.0,12400.0,48700.0,97700.0,28500.0,300.0,200.0,100.0,100.0,
hh_with_children,top_1_percent,2000,2364000.0,2362800.0,945300.0,4600.0,9000.0,21000.0,100.0,9200.0,333300.0,745800.0,26100.0,65500.0,12300.0,58900.0,103700.0,28100.0,1200.0,800.0,300.0,100.0,100.0
hh_with_children,top_1_percent,2001,1833300.0,1832400.0,793400.0,4300.0,9600.0,18600.0,100.0,5400.0,358700.0,386000.0,26900.0,65600.0,15800.0,47700.0,73200.0,27200.0,900.0,400.0,200.0,100.0,200.0
hh_with_children,top_1_percent,2002,1601100.0,1599900.0,717300.0,7700.0,9800.0,17400.0,100.0,4500.0,381600.0,255300.0,24100.0,45500.0,13200.0,38200.0,61800.0,23500.0,1200.0,600.0,500.0,200.0,
hh_with_children,top_1_percent,2003,1695600.0,1694500.0,698300.0,10400.0,11100.0,17000.0,100.0,5900.0,388400.0,315400.0,23300.0,44700.0,14400.0,48900.0,93100.0,23500.0,1100.0,500.0,400.0,200.0,
hh_with_children,top_1_percent,2004,1978300.0,1977100.0,740100.0,11100.0,10200.0,17400.0,100.0,7800.0,422800.0,463600.0,21800.0,48500.0,13400.0,73500.0,121800.0,25200.0,1200.0,900.0,200.0,100.0,
hh_with_children,top_1_percent,2005,2324300.0,2322900.0,767100.0,10900.0,11200.0,17800.0,100.0,10500.0,491700.0,628100.0,26200.0,72900.0,16000.0,78000.0,164000.0,28400.0,1400.0,900.0,300.0,100.0,100.0
hh_with_children,top_1_percent,2006,2652700.0,2651600.0,819300.0,11200.0,10700.0,18700.0,100.0,12100.0,543400.0,744500.0,39000.0,109300.0,16000.0,106100.0,193400.0,27700.0,1000.0,600.0,400.0,100.0,
hh_with_children,top_1_percent,2007,2874500.0,2873200.0,905100.0,11700.0,10200.0,19800.0,100.0,11300.0,527100.0,880400.0,42700.0,126800.0,16100.0,121400.0,171200.0,29400.0,1200.0,700.0,400.0,100.0,
hh_with_children,top_1_percent,2008,2283400.0,2281800.0,834100.0,12200.0,10500.0,19000.0,100.0,6300.0,514100.0,497600.0,36300.0,88400.0,18800.0,107000.0,106800.0,30700.0,1600.0,700.0,300.0,200.0,300.0
hh_with_children,top_1_percent,2009,1648700.0,1647500.0,686700.0,13400.0,10800.0,17600.0,100.0,4100.0,457700.0,214300.0,24900.0,53800.0,12600.0,59300.0,68000.0,24100.0,1200.0,500.0,400.0,300.0,
hh_with_children,top_1_percent,2010,2117800.0,2116300.0,770800.0,13000.0,9100.0,18300.0,100.0,6500.0,509100.0,414300.0,29000.0,64900.0,14300.0,97700.0,128500.0,40800.0,1500.0,700.0,400.0,400.0,
hh_with_children,top_1_percent,2011,1972500.0,1970500.0,770900.0,13300.0,9000.0,18300.0,100.0,6400.0,477500.0,365800.0,23500.0,47900.0,14400.0,75200.0,111700.0,36400.0,2000.0,1300.0,600.0,200.0,
hh_with_children,top_1_percent,2012,2407100.0,2404100.0,819300.0,12800.0,9000.0,19100.0,100.0,8000.0,568600.0,563500.0,23600.0,55300.0,18300.0,124400.0,136800.0,45300.0,3000.0,2000.0,800.0,200.0,
hh_with_children,top_1_percent,2013,2079100.0,2077700.0,777400.0,13800.0,9600.0,18900.0,100.0,8000.0,516600.0,403000.0,21300.0,47800.0,17000.0,84000.0,129600.0,30700.0,1300.0,800.0,400.0,100.0,
hh_with_children,top_1_percent,2014,2364100.0,2362500.0,825300.0,13900.0,8400.0,18700.0,100.0,9200.0,535000.0,572400.0,21000.0,47100.0,19700.0,105200.0,150600.0,36100.0,1600.0,1100.0,400.0,100.0,
hh_with_children,top_1_percent,2015,2524100.0,2522700.0,889400.0,14700.0,7700.0,20800.0,100.0,9100.0,596700.0,597400.0,20400.0,49000.0,15600.0,114400.0,150500.0,37000.0,1400.0,900.0,500.0,100.0,
elderly_headed_hh,all_quintiles,1979,48000.0,32500.0,8100.0,0.0,300.0,400.0,,100.0,1700.0,3400.0,400.0,5900.0,1200.0,2900.0,3300.0,4700.0,15500.0,11700.0,3600.0,100.0,100.0
elderly_headed_hh,all_quintiles,1980,48100.0,31800.0,7800.0,0.0,200.0,400.0,,100.0,1300.0,2900.0,400.0,7200.0,1200.0,2900.0,2600.0,4700.0,16300.0,12100.0,4000.0,100.0,100.0
elderly_headed_hh,all_quintiles,1981,50400.0,33200.0,7800.0,0.0,300.0,400.0,,100.0,1000.0,2700.0,400.0,9100.0,1300.0,3000.0,2100.0,4800.0,17200.0,12700.0,4400.0,,100.0
elderly_headed_hh,all_quintiles,1982,52400.0,34000.0,8100.0,0.0,300.0,500.0,,,900.0,3000.0,500.0,9900.0,1200.0,3200.0,1300.0,5000.0,18500.0,13400.0,4900.0,100.0,100.0
elderly_headed_hh,all_quintiles,1983,54300.0,35000.0,7900.0,0.0,300.0,500.0,,100.0,1100.0,3800.0,700.0,9300.0,1200.0,3000.0,1700.0,5500.0,19300.0,13900.0,5300.0,100.0,100.0
elderly_headed_hh,all_quintiles,1984,57400.0,38000.0,8600.0,,300.0,500.0,,100.0,1300.0,4300.0,800.0,10100.0,1200.0,2900.0,2100.0,5800.0,19400.0,13800.0,5400.0,100.0,100.0
elderly_headed_hh,all_quintiles,1985,59100.0,39300.0,8500.0,,300.0,500.0,,100.0,1100.0,5100.0,900.0,9900.0,1200.0,3000.0,2000.0,6600.0,19800.0,13900.0,5700.0,100.0,100.0
elderly_headed_hh,all_quintiles,1986,63200.0,42900.0,8600.0,100.0,300.0,500.0,,100.0,1300.0,9200.0,1100.0,8900.0,1200.0,3000.0,2100.0,6600.0,20300.0,14200.0,5900.0,100.0,100.0
elderly_headed_hh,all_quintiles,1987,57500.0,37600.0,8200.0,100.0,400.0,500.0,,100.0,1400.0,3900.0,1700.0,7900.0,1000.0,3200.0,2600.0,6800.0,19900.0,13900.0,5800.0,,100.0
elderly_headed_hh,all_quintiles,1988,59700.0,39800.0,8300.0,100.0,400.0,500.0,,100.0,1700.0,4100.0,1700.0,8100.0,1000.0,3400.0,2700.0,7700.0,20000.0,14100.0,5800.0,,
elderly_headed_hh,all_quintiles,1989,60200.0,40100.0,7800.0,100.0,400.0,500.0,,100.0,1600.0,3600.0,1900.0,9200.0,1000.0,3400.0,2600.0,7900.0,20100.0,14100.0,5900.0,,100.0
elderly_headed_hh,all_quintiles,1990,59900.0,39100.0,8300.0,100.0,400.0,500.0,,100.0,1700.0,2400.0,1800.0,9000.0,1100.0,3100.0,2400.0,8300.0,20800.0,14300.0,6400.0,100.0,100.0
elderly_headed_hh,all_quintiles,1991,57700.0,36100.0,7600.0,100.0,400.0,500.0,,100.0,1100.0,2000.0,1900.0,7900.0,1000.0,2800.0,2100.0,8700.0,21600.0,14800.0,6700.0,100.0,100.0
elderly_headed_hh,all_quintiles,1992,60100.0,37600.0,8300.0,100.0,400.0,500.0,,100.0,1600.0,2500.0,2000.0,6200.0,1100.0,3000.0,2400.0,9300.0,22500.0,15200.0,7100.0,100.0,100.0
elderly_headed_hh,all_quintiles,1993,60700.0,37000.0,8000.0,100.0,500.0,500.0,,100.0,1500.0,3000.0,2000.0,4800.0,1200.0,3000.0,2800.0,9600.0,23600.0,15600.0,7800.0,100.0,100.0
elderly_headed_hh,all_quintiles,1994,60700.0,36900.0,7900.0,100.0,500.0,500.0,,100.0,1600.0,2800.0,2000.0,4400.0,1200.0,2900.0,2900.0,9900.0,23800.0,15700.0,7900.0,100.0,100.0
elderly_headed_hh,all_quintiles,1995,64100.0,39800.0,8600.0,200.0,500.0,600.0,,100.0,1600.0,3200.0,1900.0,5200.0,1200.0,3100.0,3200.0,10300.0,24400.0,15800.0,8400.0,100.0,100.0
elderly_headed_hh,all_quintiles,1996,70400.0,45100.0,9500.0,200.0,500.0,600.0,,100.0,2000.0,5000.0,2000.0,5700.0,1300.0,3500.0,3600.0,11100.0,25200.0,16200.0,8900.0,100.0,100.0
elderly_headed_hh,all_quintiles,1997,74200.0,48400.0,9600.0,200.0,400.0,600.0,,100.0,2200.0,6700.0,1900.0,5800.0,1300.0,3800.0,3700.0,11900.0,25800.0,16500.0,9200.0,100.0,100.0
elderly_headed_hh,all_quintiles,1998,78200.0,52200.0,10400.0,200.0,500.0,700.0,,100.0,2300.0,8400.0,1900.0,5800.0,1300.0,3800.0,3500.0,13200.0,26000.0,16900.0,8900.0,,100.0
elderly_headed_hh,all_quintiles,1999,80300.0,55100.0,11000.0,300.0,500.0,700.0,,100.0,2700.0,9200.0,2000.0,5600.0,1400.0,4100.0,3500.0,14200.0,25200.0,16400.0,8600.0,100.0,100.0
elderly_headed_hh,all_quintiles,2000,80400.0,55200.0,10900.0,300.0,500.0,700.0,,100.0,2400.0,9200.0,1700.0,5700.0,1400.0,3800.0,3200.0,15300.0,25200.0,16700.0,8400.0,100.0,100.0
elderly_headed_hh,all_quintiles,2001,75200.0,48900.0,10800.0,300.0,500.0,700.0,,100.0,2300.0,5100.0,1800.0,5700.0,1400.0,3300.0,2300.0,14500.0,26300.0,17200.0,9000.0,100.0,100.0
elderly_headed_hh,all_quintiles,2002,72700.0,45400.0,10400.0,300.0,600.0,700.0,,100.0,2400.0,4100.0,1800.0,4300.0,1400.0,2900.0,2100.0,14400.0,27300.0,17600.0,9500.0,100.0,100.0
elderly_headed_hh,all_quintiles,2003,73900.0,46500.0,10900.0,400.0,700.0,700.0,,100.0,2600.0,4700.0,1700.0,3400.0,1400.0,3000.0,2700.0,14200.0,27400.0,17600.0,9600.0,100.0,100.0
elderly_headed_hh,all_quintiles,2004,80300.0,52400.0,11500.0,400.0,800.0,700.0,,100.0,3100.0,7600.0,1600.0,3200.0,1500.0,3600.0,3500.0,14800.0,27900.0,17600.0,10100.0,100.0,
elderly_headed_hh,all_quintiles,2005,86800.0,58500.0,12200.0,500.0,900.0,800.0,,200.0,3800.0,9600.0,1600.0,3600.0,1600.0,3800.0,4400.0,15600.0,28400.0,17800.0,10400.0,100.0,100.0
elderly_headed_hh,all_quintiles,2006,91800.0,61900.0,12400.0,500.0,900.0,800.0,,200.0,3500.0,10600.0,1800.0,4600.0,1600.0,4200.0,4800.0,16100.0,29900.0,18100.0,11700.0,100.0,100.0
elderly_headed_hh,all_quintiles,2007,99300.0,69300.0,13900.0,500.0,900.0,900.0,,200.0,3800.0,13100.0,1900.0,5400.0,1600.0,5000.0,4400.0,17700.0,30000.0,18300.0,11500.0,100.0,100.0
elderly_headed_hh,all_quintiles,2008,87000.0,56800.0,13800.0,600.0,900.0,900.0,,100.0,3100.0,5700.0,1800.0,4400.0,1800.0,4300.0,2400.0,17000.0,30100.0,18200.0,11700.0,100.0,100.0
elderly_headed_hh,all_quintiles,2009,82400.0,49600.0,13700.0,500.0,900.0,900.0,,100.0,2600.0,3000.0,1800.0,3500.0,1600.0,3400.0,1900.0,15800.0,32900.0,19800.0,12600.0,400.0,100.0
elderly_headed_hh,all_quintiles,2010,86700.0,54400.0,14100.0,600.0,1000.0,900.0,,100.0,3400.0,4100.0,1800.0,2700.0,1700.0,3500.0,2500.0,18200.0,32300.0,19400.0,12400.0,400.0,100.0
elderly_headed_hh,all_quintiles,2011,86400.0,55200.0,14400.0,600.0,1000.0,900.0,,100.0,4000.0,4300.0,1600.0,2200.0,1700.0,3600.0,2500.0,18100.0,31200.0,18900.0,11900.0,300.0,100.0
elderly_headed_hh,all_quintiles,2012,92800.0,61200.0,15300.0,700.0,1000.0,1000.0,,200.0,4600.0,7500.0,1500.0,1900.0,1800.0,4400.0,3000.0,18400.0,31600.0,19400.0,11900.0,200.0,100.0
elderly_headed_hh,all_quintiles,2013,90500.0,58900.0,15600.0,700.0,1000.0,1000.0,,200.0,4600.0,5500.0,1400.0,1600.0,1800.0,3700.0,3200.0,18600.0,31600.0,19500.0,11800.0,200.0,100.0
elderly_headed_hh,all_quintiles,2014,93700.0,62500.0,16100.0,700.0,1000.0,1000.0,,200.0,5000.0,7600.0,1200.0,1400.0,1800.0,4200.0,3500.0,18800.0,31200.0,19300.0,11800.0,100.0,100.0
elderly_headed_hh,all_quintiles,2015,96200.0,64200.0,17100.0,800.0,1100.0,1100.0,,200.0,5400.0,7500.0,1200.0,1400.0,1700.0,4200.0,3200.0,19300.0,32000.0,19800.0,12100.0,100.0,100.0
elderly_headed_hh,lowest_quintile,1979,13400.0,2200.0,600.0,0.0,,,,,,,0.0,600.0,100.0,,200.0,700.0,11200.0,8000.0,3200.0,,
elderly_headed_hh,lowest_quintile,1980,13300.0,1800.0,500.0,0.0,,,,,-100.0,,0.0,500.0,100.0,,100.0,500.0,11400.0,7900.0,3500.0,,
elderly_headed_hh,lowest_quintile,1981,13200.0,1600.0,400.0,0.0,,,,,-100.0,,0.0,500.0,100.0,,100.0,500.0,11600.0,7900.0,3700.0,,
elderly_headed_hh,lowest_quintile,1982,12800.0,1400.0,400.0,0.0,,,,,-200.0,,,400.0,100.0,,,400.0,11400.0,7300.0,4000.0,,
elderly_headed_hh,lowest_quintile,1983,12600.0,1400.0,400.0,0.0,,,,,-300.0,,0.0,500.0,100.0,,100.0,500.0,11200.0,6900.0,4300.0,,
elderly_headed_hh,lowest_quintile,1984,13400.0,1400.0,400.0,0.0,,,,,-200.0,,,400.0,100.0,,100.0,500.0,12000.0,7500.0,4500.0,,
elderly_headed_hh,lowest_quintile,1985,13400.0,1400.0,500.0,0.0,,,,,-300.0,,0.0,500.0,100.0,100.0,100.0,400.0,12000.0,7400.0,4500.0,,
elderly_headed_hh,lowest_quintile,1986,13500.0,1300.0,400.0,,,,,,-200.0,,,400.0,100.0,,100.0,400.0,12200.0,7400.0,4700.0,,
elderly_headed_hh,lowest_quintile,1987,13600.0,1700.0,400.0,0.0,,,,,-100.0,,,500.0,100.0,100.0,100.0,500.0,11900.0,7200.0,4700.0,,
elderly_headed_hh,lowest_quintile,1988,13800.0,1800.0,500.0,0.0,,,,,-200.0,,,600.0,100.0,100.0,100.0,600.0,12000.0,7200.0,4800.0,,
elderly_headed_hh,lowest_quintile,1989,14000.0,1700.0,500.0,,,,,,-300.0,,,600.0,100.0,100.0,100.0,500.0,12300.0,7400.0,4900.0,,
elderly_headed_hh,lowest_quintile,1990,14500.0,1900.0,500.0,0.0,,,,,-100.0,,,600.0,100.0,100.0,100.0,600.0,12600.0,7300.0,5200.0,,
elderly_headed_hh,lowest_quintile,1991,14300.0,1900.0,600.0,,,,,,-200.0,,,600.0,100.0,100.0,100.0,500.0,12500.0,7000.0,5400.0,,
elderly_headed_hh,lowest_quintile,1992,14800.0,1600.0,600.0,,,,,,-200.0,,,500.0,100.0,100.0,100.0,400.0,13200.0,7400.0,5800.0,,
elderly_headed_hh,lowest_quintile,1993,15100.0,1600.0,600.0,,,,,,-200.0,,,400.0,100.0,100.0,100.0,400.0,13400.0,7200.0,6200.0,,0.0
elderly_headed_hh,lowest_quintile,1994,15100.0,1500.0,600.0,,,,,,-300.0,,,400.0,100.0,100.0,100.0,400.0,13600.0,7200.0,6300.0,,0.0
elderly_headed_hh,lowest_quintile,1995,16000.0,1800.0,700.0,,,100.0,,,-200.0,100.0,,400.0,100.0,100.0,200.0,300.0,14200.0,7600.0,6600.0,,0.0
elderly_headed_hh,lowest_quintile,1996,15800.0,1700.0,700.0,,,100.0,,,-200.0,,,300.0,100.0,100.0,100.0,500.0,14100.0,7100.0,6900.0,,
elderly_headed_hh,lowest_quintile,1997,16500.0,1800.0,800.0,,,100.0,,,-300.0,,,400.0,100.0,100.0,100.0,500.0,14600.0,7500.0,7100.0,,
elderly_headed_hh,lowest_quintile,1998,17200.0,2000.0,900.0,,,100.0,,,-200.0,100.0,,300.0,100.0,100.0,100.0,500.0,15200.0,8100.0,7100.0,,
elderly_headed_hh,lowest_quintile,1999,17900.0,1800.0,800.0,,,100.0,,,-200.0,,,300.0,100.0,100.0,100.0,500.0,16100.0,9100.0,7000.0,,
elderly_headed_hh,lowest_quintile,2000,18100.0,2300.0,1000.0,,,100.0,,,-200.0,100.0,,300.0,100.0,100.0,100.0,600.0,15800.0,8900.0,6900.0,,
elderly_headed_hh,lowest_quintile,2001,18500.0,1800.0,900.0,,100.0,100.0,,,-300.0,,,300.0,100.0,100.0,100.0,400.0,16700.0,9400.0,7300.0,,
elderly_headed_hh,lowest_quintile,2002,18800.0,1800.0,800.0,,,100.0,,,-300.0,-100.0,,300.0,100.0,100.0,100.0,600.0,17000.0,9300.0,7700.0,,
elderly_headed_hh,lowest_quintile,2003,18800.0,1900.0,1000.0,,100.0,100.0,,,-400.0,-100.0,,300.0,100.0,100.0,100.0,600.0,16900.0,9200.0,7600.0,,
elderly_headed_hh,lowest_quintile,2004,18900.0,1800.0,800.0,,100.0,100.0,,,-300.0,,,200.0,100.0,100.0,100.0,700.0,17100.0,9200.0,7900.0,,
elderly_headed_hh,lowest_quintile,2005,19200.0,1800.0,700.0,,,100.0,,,-300.0,,,200.0,100.0,100.0,100.0,700.0,17400.0,9200.0,8200.0,,
elderly_headed_hh,lowest_quintile,2006,19400.0,2000.0,800.0,,,100.0,,,-400.0,100.0,,400.0,100.0,100.0,200.0,500.0,17400.0,8500.0,8900.0,,
elderly_headed_hh,lowest_quintile,2007,20100.0,2300.0,1100.0,,100.0,100.0,,,-300.0,100.0,,300.0,100.0,100.0,100.0,600.0,17900.0,9100.0,8800.0,,0.0
elderly_headed_hh,lowest_quintile,2008,20300.0,2100.0,1000.0,,100.0,100.0,,,-400.0,,,300.0,100.0,200.0,100.0,600.0,18200.0,9200.0,9000.0,,
elderly_headed_hh,lowest_quintile,2009,20600.0,2100.0,1300.0,,100.0,100.0,,,-600.0,-100.0,,400.0,100.0,200.0,100.0,500.0,18500.0,9100.0,9400.0,100.0,
elderly_headed_hh,lowest_quintile,2010,21100.0,2300.0,1100.0,,100.0,100.0,,,-500.0,-100.0,,300.0,200.0,200.0,100.0,800.0,18800.0,9200.0,9500.0,100.0,
elderly_headed_hh,lowest_quintile,2011,20700.0,2300.0,1100.0,,100.0,100.0,,,-400.0,-100.0,,200.0,100.0,100.0,100.0,800.0,18400.0,9300.0,9000.0,100.0,
elderly_headed_hh,lowest_quintile,2012,19900.0,2500.0,1100.0,,100.0,100.0,,,-300.0,,,200.0,200.0,200.0,100.0,700.0,17500.0,8600.0,8800.0,100.0,
elderly_headed_hh,lowest_quintile,2013,20800.0,2400.0,1100.0,,100.0,100.0,,,-300.0,,,100.0,100.0,200.0,100.0,700.0,18400.0,9100.0,9300.0,,
elderly_headed_hh,lowest_quintile,2014,20100.0,2500.0,1100.0,,100.0,100.0,,,-100.0,100.0,,100.0,100.0,100.0,100.0,700.0,17600.0,8500.0,9100.0,,
elderly_headed_hh,lowest_quintile,2015,21800.0,2700.0,1300.0,,100.0,100.0,,,-300.0,,,100.0,100.0,200.0,100.0,900.0,19000.0,9600.0,9500.0,,
elderly_headed_hh,second_quintile,1979,25400.0,8400.0,2500.0,0.0,100.0,100.0,,,200.0,100.0,,1900.0,400.0,200.0,600.0,2200.0,17100.0,12900.0,4000.0,,200.0
elderly_headed_hh,second_quintile,1980,23900.0,6400.0,2100.0,0.0,100.0,100.0,,,200.0,,,1600.0,200.0,200.0,300.0,1600.0,17500.0,13000.0,4300.0,,200.0
elderly_headed_hh,second_quintile,1981,22900.0,5400.0,1700.0,0.0,100.0,100.0,,,100.0,,,1400.0,200.0,100.0,200.0,1400.0,17600.0,13000.0,4500.0,,100.0
elderly_headed_hh,second_quintile,1982,22200.0,4500.0,1500.0,0.0,100.0,100.0,,,,,,1300.0,200.0,100.0,100.0,1100.0,17700.0,12700.0,4900.0,,100.0
elderly_headed_hh,second_quintile,1983,21700.0,4000.0,1200.0,0.0,100.0,100.0,,,,,,1200.0,100.0,100.0,100.0,1000.0,17700.0,12400.0,5100.0,,100.0
elderly_headed_hh,second_quintile,1984,22600.0,4800.0,1300.0,,,100.0,,,,,,1400.0,200.0,100.0,200.0,1300.0,17800.0,12500.0,5200.0,,100.0
elderly_headed_hh,second_quintile,1985,22000.0,4200.0,1200.0,,100.0,100.0,,,,0.0,,1200.0,100.0,100.0,100.0,1200.0,17800.0,12300.0,5400.0,,100.0
elderly_headed_hh,second_quintile,1986,22800.0,4600.0,1400.0,,,100.0,,,,,,1200.0,100.0,200.0,200.0,1300.0,18200.0,12400.0,5600.0,,100.0
elderly_headed_hh,second_quintile,1987,22800.0,4600.0,1300.0,,100.0,100.0,,,,,,1200.0,100.0,200.0,200.0,1300.0,18200.0,12400.0,5600.0,,100.0
elderly_headed_hh,second_quintile,1988,23500.0,5400.0,1400.0,,100.0,100.0,,,100.0,,,1300.0,200.0,200.0,300.0,1700.0,18100.0,12400.0,5600.0,,
elderly_headed_hh,second_quintile,1989,23800.0,5600.0,1500.0,,100.0,100.0,,,100.0,,,1300.0,200.0,200.0,200.0,1800.0,18300.0,12500.0,5700.0,,
elderly_headed_hh,second_quintile,1990,24200.0,5400.0,1600.0,,100.0,100.0,,,,-100.0,,1400.0,200.0,200.0,200.0,1600.0,18800.0,12700.0,6000.0,,
elderly_headed_hh,second_quintile,1991,23900.0,4800.0,1400.0,,100.0,100.0,,,100.0,,,1100.0,100.0,200.0,200.0,1500.0,19100.0,12800.0,6200.0,,
elderly_headed_hh,second_quintile,1992,24100.0,4600.0,1400.0,,100.0,100.0,,,,,,1000.0,100.0,200.0,200.0,1400.0,19500.0,12800.0,6600.0,,
elderly_headed_hh,second_quintile,1993,24900.0,4500.0,1200.0,,100.0,100.0,,,,,,900.0,100.0,200.0,200.0,1600.0,20400.0,13100.0,7200.0,100.0,
elderly_headed_hh,second_quintile,1994,25000.0,4100.0,1200.0,,100.0,100.0,,,,,,700.0,100.0,200.0,200.0,1400.0,20900.0,13500.0,7300.0,,
elderly_headed_hh,second_quintile,1995,26300.0,4500.0,1400.0,,100.0,100.0,,,100.0,,,700.0,100.0,200.0,200.0,1600.0,21800.0,13800.0,7900.0,,
elderly_headed_hh,second_quintile,1996,26300.0,4500.0,1600.0,,100.0,100.0,,,,,,700.0,100.0,200.0,200.0,1400.0,21700.0,13500.0,8200.0,,
elderly_headed_hh,second_quintile,1997,26900.0,4600.0,1500.0,,100.0,100.0,,,100.0,100.0,,700.0,100.0,200.0,200.0,1500.0,22200.0,13800.0,8400.0,,
elderly_headed_hh,second_quintile,1998,28800.0,5600.0,1900.0,,100.0,100.0,,,,100.0,,800.0,200.0,200.0,200.0,2000.0,23200.0,14600.0,8500.0,,
elderly_headed_hh,second_quintile,1999,30000.0,7000.0,2300.0,,100.0,200.0,,,100.0,100.0,,900.0,200.0,300.0,300.0,2500.0,22900.0,14600.0,8300.0,,
elderly_headed_hh,second_quintile,2000,30000.0,8100.0,2400.0,,100.0,200.0,,,100.0,100.0,,1000.0,200.0,300.0,300.0,3300.0,21900.0,14000.0,7800.0,,
elderly_headed_hh,second_quintile,2001,30000.0,6600.0,2300.0,,100.0,200.0,,,,,,800.0,200.0,300.0,200.0,2400.0,23400.0,14900.0,8500.0,,
elderly_headed_hh,second_quintile,2002,30100.0,6300.0,2300.0,,100.0,200.0,,,,-100.0,,700.0,100.0,300.0,200.0,2400.0,23700.0,14700.0,8900.0,100.0,
elderly_headed_hh,second_quintile,2003,30300.0,5900.0,1900.0,,100.0,100.0,,,100.0,-100.0,,600.0,200.0,300.0,200.0,2300.0,24400.0,15300.0,9000.0,100.0,
elderly_headed_hh,second_quintile,2004,31500.0,6700.0,2200.0,,100.0,200.0,,,100.0,-100.0,,500.0,200.0,300.0,200.0,2900.0,24800.0,15200.0,9500.0,100.0,
elderly_headed_hh,second_quintile,2005,31300.0,6600.0,2100.0,,100.0,200.0,,,100.0,,,600.0,200.0,300.0,300.0,2700.0,24700.0,15000.0,9600.0,,
elderly_headed_hh,second_quintile,2006,31700.0,6200.0,2000.0,,100.0,100.0,,,,,,700.0,200.0,300.0,300.0,2400.0,25500.0,14800.0,10600.0,,
elderly_headed_hh,second_quintile,2007,33200.0,7900.0,2600.0,,200.0,200.0,,,,100.0,,800.0,200.0,300.0,300.0,3000.0,25200.0,14900.0,10300.0,,
elderly_headed_hh,second_quintile,2008,32500.0,7100.0,2300.0,,200.0,200.0,,,-100.0,-100.0,,700.0,200.0,400.0,200.0,3100.0,25400.0,14800.0,10500.0,100.0,
elderly_headed_hh,second_quintile,2009,33300.0,6500.0,2200.0,,100.0,200.0,,,,-200.0,100.0,600.0,200.0,300.0,100.0,2800.0,26800.0,15400.0,11200.0,200.0,
elderly_headed_hh,second_quintile,2010,33500.0,6900.0,2300.0,,100.0,200.0,,,,-100.0,100.0,400.0,200.0,300.0,200.0,3100.0,26600.0,15400.0,11000.0,200.0,
elderly_headed_hh,second_quintile,2011,33300.0,6700.0,2200.0,,200.0,200.0,,,100.0,-100.0,100.0,300.0,200.0,300.0,200.0,3100.0,26600.0,15500.0,10900.0,200.0,
elderly_headed_hh,second_quintile,2012,32800.0,6700.0,2200.0,,200.0,200.0,,,100.0,-100.0,,300.0,200.0,300.0,100.0,3100.0,26200.0,15400.0,10600.0,100.0,
elderly_headed_hh,second_quintile,2013,33600.0,7000.0,2500.0,,200.0,200.0,,,,,,200.0,200.0,300.0,200.0,3000.0,26700.0,15800.0,10800.0,100.0,
elderly_headed_hh,second_quintile,2014,33400.0,7300.0,2500.0,,200.0,200.0,,,100.0,100.0,,200.0,200.0,200.0,200.0,3300.0,26100.0,15400.0,10600.0,,
elderly_headed_hh,second_quintile,2015,35500.0,8100.0,2900.0,100.0,200.0,200.0,,,200.0,,,200.0,200.0,300.0,200.0,3600.0,27400.0,16500.0,10900.0,,
elderly_headed_hh,middle_quintile,1979,39600.0,22000.0,7400.0,0.0,400.0,400.0,,100.0,600.0,300.0,,4800.0,600.0,800.0,1500.0,5000.0,17600.0,13500.0,3800.0,100.0,200.0
elderly_headed_hh,middle_quintile,1980,37800.0,19800.0,6400.0,0.0,200.0,400.0,,100.0,300.0,200.0,,5300.0,500.0,700.0,1200.0,4400.0,18000.0,13600.0,4200.0,100.0,100.0
elderly_headed_hh,middle_quintile,1981,37100.0,18100.0,5800.0,0.0,300.0,400.0,,100.0,300.0,100.0,,5300.0,500.0,800.0,800.0,3800.0,19000.0,14200.0,4500.0,100.0,200.0
elderly_headed_hh,middle_quintile,1982,36500.0,16400.0,5100.0,0.0,200.0,300.0,,,300.0,200.0,,5100.0,500.0,700.0,500.0,3500.0,20100.0,14600.0,5200.0,100.0,200.0
elderly_headed_hh,middle_quintile,1983,36100.0,15300.0,4800.0,0.0,200.0,300.0,,,200.0,100.0,,4800.0,300.0,500.0,500.0,3400.0,20800.0,14900.0,5500.0,100.0,200.0
elderly_headed_hh,middle_quintile,1984,38400.0,18100.0,5300.0,,200.0,400.0,,,200.0,100.0,,5700.0,400.0,600.0,700.0,4400.0,20300.0,14700.0,5500.0,100.0,100.0
elderly_headed_hh,middle_quintile,1985,38200.0,17700.0,4800.0,,200.0,300.0,,,300.0,200.0,,5600.0,400.0,600.0,700.0,4500.0,20500.0,14400.0,5800.0,100.0,200.0
elderly_headed_hh,middle_quintile,1986,39200.0,18300.0,5400.0,,200.0,400.0,,,,300.0,,5400.0,400.0,700.0,700.0,4700.0,20900.0,14600.0,6100.0,100.0,200.0
elderly_headed_hh,middle_quintile,1987,40100.0,18700.0,5000.0,,200.0,400.0,,,400.0,200.0,,5000.0,400.0,700.0,1000.0,5400.0,21300.0,15100.0,6000.0,100.0,100.0
elderly_headed_hh,middle_quintile,1988,40800.0,20000.0,5300.0,,300.0,400.0,,100.0,200.0,200.0,100.0,5000.0,500.0,900.0,1000.0,6000.0,20900.0,14800.0,5900.0,,100.0
elderly_headed_hh,middle_quintile,1989,41000.0,19800.0,5000.0,,300.0,400.0,,,400.0,200.0,100.0,5300.0,500.0,900.0,900.0,5900.0,21200.0,14900.0,6100.0,100.0,
elderly_headed_hh,middle_quintile,1990,40900.0,19500.0,5200.0,,300.0,400.0,,,300.0,100.0,100.0,4900.0,400.0,900.0,800.0,6000.0,21400.0,14700.0,6500.0,100.0,100.0
elderly_headed_hh,middle_quintile,1991,40000.0,17800.0,4700.0,,200.0,400.0,,,200.0,100.0,100.0,4400.0,400.0,700.0,700.0,5800.0,22200.0,15400.0,6700.0,100.0,100.0
elderly_headed_hh,middle_quintile,1992,39600.0,16300.0,3900.0,,200.0,300.0,,,300.0,200.0,100.0,3500.0,400.0,800.0,800.0,5900.0,23300.0,15900.0,7300.0,100.0,100.0
elderly_headed_hh,middle_quintile,1993,39700.0,15800.0,4100.0,,300.0,300.0,,,300.0,200.0,100.0,2700.0,400.0,800.0,800.0,5500.0,24000.0,15800.0,8000.0,100.0,100.0
elderly_headed_hh,middle_quintile,1994,40100.0,16100.0,3900.0,,300.0,300.0,,,200.0,200.0,100.0,2600.0,500.0,900.0,900.0,6100.0,24000.0,15800.0,8000.0,100.0,100.0
elderly_headed_hh,middle_quintile,1995,41800.0,17400.0,4900.0,100.0,300.0,400.0,,100.0,200.0,200.0,100.0,2800.0,400.0,900.0,1000.0,6100.0,24300.0,15700.0,8400.0,100.0,100.0
elderly_headed_hh,middle_quintile,1996,41600.0,16700.0,4400.0,100.0,200.0,300.0,,100.0,300.0,200.0,100.0,2600.0,400.0,800.0,900.0,6300.0,24900.0,16000.0,8800.0,100.0,100.0
elderly_headed_hh,middle_quintile,1997,42800.0,17400.0,5000.0,100.0,200.0,400.0,,100.0,200.0,400.0,100.0,2600.0,400.0,800.0,800.0,6400.0,25400.0,16200.0,9100.0,100.0,100.0
elderly_headed_hh,middle_quintile,1998,45300.0,19500.0,5100.0,100.0,200.0,400.0,,100.0,200.0,500.0,100.0,2900.0,500.0,800.0,900.0,7700.0,25800.0,16800.0,8900.0,,
elderly_headed_hh,middle_quintile,1999,47600.0,22300.0,6300.0,100.0,300.0,500.0,,100.0,400.0,500.0,100.0,3000.0,500.0,1000.0,900.0,8600.0,25300.0,16500.0,8700.0,100.0,
elderly_headed_hh,middle_quintile,2000,47600.0,22900.0,6000.0,100.0,300.0,500.0,,100.0,200.0,600.0,100.0,2900.0,500.0,1000.0,800.0,9900.0,24600.0,16200.0,8300.0,,
elderly_headed_hh,middle_quintile,2001,47600.0,21700.0,5900.0,100.0,300.0,500.0,,,400.0,200.0,100.0,2900.0,500.0,1000.0,600.0,9200.0,25900.0,16800.0,9000.0,100.0,100.0
elderly_headed_hh,middle_quintile,2002,46100.0,19400.0,5500.0,100.0,300.0,400.0,,,300.0,-100.0,100.0,2200.0,500.0,900.0,500.0,8700.0,26600.0,17000.0,9400.0,100.0,100.0
elderly_headed_hh,middle_quintile,2003,47000.0,19500.0,5400.0,100.0,300.0,400.0,,100.0,300.0,-100.0,100.0,1800.0,500.0,900.0,600.0,9100.0,27500.0,17400.0,9800.0,100.0,100.0
elderly_headed_hh,middle_quintile,2004,48200.0,20400.0,5400.0,100.0,400.0,400.0,,100.0,300.0,100.0,100.0,1500.0,500.0,900.0,700.0,9900.0,27800.0,17400.0,10300.0,100.0,100.0
elderly_headed_hh,middle_quintile,2005,50200.0,21500.0,6000.0,100.0,400.0,400.0,,100.0,400.0,100.0,100.0,1600.0,500.0,900.0,800.0,10000.0,28700.0,18000.0,10600.0,100.0,
elderly_headed_hh,middle_quintile,2006,50900.0,21000.0,5900.0,100.0,400.0,400.0,,100.0,300.0,300.0,100.0,1900.0,400.0,800.0,900.0,9200.0,29900.0,18000.0,11800.0,100.0,100.0
elderly_headed_hh,middle_quintile,2007,52800.0,23600.0,6600.0,100.0,500.0,500.0,,100.0,200.0,400.0,100.0,2100.0,500.0,900.0,800.0,10700.0,29200.0,17600.0,11500.0,100.0,
elderly_headed_hh,middle_quintile,2008,52000.0,21500.0,6100.0,100.0,400.0,500.0,,100.0,200.0,,100.0,1900.0,500.0,900.0,500.0,10200.0,30400.0,18200.0,12100.0,100.0,100.0
elderly_headed_hh,middle_quintile,2009,50800.0,19200.0,5800.0,100.0,400.0,400.0,,,200.0,-200.0,200.0,1500.0,400.0,800.0,300.0,9200.0,31600.0,18500.0,12700.0,400.0,
elderly_headed_hh,middle_quintile,2010,51100.0,19700.0,6000.0,100.0,400.0,500.0,,100.0,300.0,-100.0,200.0,1100.0,500.0,800.0,400.0,9600.0,31300.0,18500.0,12300.0,500.0,
elderly_headed_hh,middle_quintile,2011,50900.0,19800.0,5700.0,100.0,400.0,400.0,,100.0,200.0,-100.0,100.0,800.0,500.0,800.0,400.0,10200.0,31100.0,18700.0,12000.0,400.0,
elderly_headed_hh,middle_quintile,2012,51400.0,19900.0,6000.0,100.0,500.0,500.0,,100.0,400.0,,100.0,600.0,400.0,900.0,400.0,10000.0,31500.0,19100.0,12000.0,300.0,100.0
elderly_headed_hh,middle_quintile,2013,51600.0,20800.0,6400.0,100.0,500.0,500.0,,100.0,500.0,200.0,100.0,500.0,500.0,600.0,500.0,10500.0,30800.0,18800.0,11800.0,200.0,
elderly_headed_hh,middle_quintile,2014,53200.0,22000.0,7000.0,200.0,500.0,500.0,,100.0,500.0,300.0,100.0,400.0,500.0,700.0,500.0,10700.0,31200.0,19100.0,11900.0,100.0,
elderly_headed_hh,middle_quintile,2015,56400.0,24300.0,7600.0,100.0,600.0,600.0,,100.0,500.0,300.0,100.0,500.0,500.0,800.0,500.0,12200.0,32000.0,19600.0,12300.0,100.0,100.0
elderly_headed_hh,fourth_quintile,1979,56300.0,38100.0,12100.0,0.0,600.0,700.0,,200.0,1100.0,1000.0,100.0,8300.0,1200.0,1800.0,2900.0,8200.0,18300.0,14100.0,3900.0,200.0,100.0
elderly_headed_hh,fourth_quintile,1980,53900.0,35000.0,10500.0,0.0,400.0,600.0,,100.0,800.0,700.0,100.0,9100.0,1100.0,1600.0,2200.0,7600.0,18800.0,14400.0,4200.0,100.0,100.0
elderly_headed_hh,fourth_quintile,1981,53100.0,33200.0,9200.0,0.0,400.0,600.0,,100.0,600.0,400.0,100.0,10700.0,1000.0,1600.0,1700.0,6800.0,19900.0,14900.0,4700.0,100.0,200.0
elderly_headed_hh,fourth_quintile,1982,52700.0,31600.0,9000.0,0.0,400.0,600.0,,,200.0,400.0,100.0,11000.0,800.0,1500.0,1000.0,6400.0,21200.0,15700.0,5100.0,100.0,200.0
elderly_headed_hh,fourth_quintile,1983,53300.0,31300.0,8400.0,0.0,400.0,500.0,,100.0,600.0,500.0,100.0,10200.0,800.0,1400.0,1200.0,7100.0,22000.0,16300.0,5500.0,100.0,100.0
elderly_headed_hh,fourth_quintile,1984,57100.0,35400.0,9600.0,,400.0,600.0,,100.0,600.0,700.0,100.0,11600.0,800.0,1700.0,1600.0,7600.0,21700.0,15700.0,5700.0,100.0,100.0
elderly_headed_hh,fourth_quintile,1985,56900.0,34400.0,8900.0,100.0,400.0,600.0,,100.0,400.0,600.0,100.0,11000.0,700.0,1600.0,1400.0,8500.0,22600.0,16200.0,6100.0,100.0,100.0
elderly_headed_hh,fourth_quintile,1986,58900.0,35500.0,9200.0,100.0,400.0,600.0,,100.0,500.0,900.0,100.0,10200.0,800.0,1500.0,1400.0,9500.0,23400.0,16800.0,6400.0,100.0,100.0
elderly_headed_hh,fourth_quintile,1987,60700.0,37600.0,9700.0,100.0,500.0,700.0,,100.0,600.0,900.0,200.0,9700.0,700.0,2200.0,2000.0,10100.0,23100.0,16600.0,6300.0,,100.0
elderly_headed_hh,fourth_quintile,1988,60600.0,37200.0,9100.0,100.0,500.0,700.0,,100.0,700.0,500.0,300.0,9400.0,800.0,2000.0,1900.0,11200.0,23400.0,16900.0,6300.0,100.0,100.0
elderly_headed_hh,fourth_quintile,1989,61600.0,38300.0,9100.0,100.0,600.0,700.0,,100.0,500.0,700.0,300.0,10300.0,800.0,2000.0,1900.0,11400.0,23300.0,16700.0,6400.0,100.0,100.0
elderly_headed_hh,fourth_quintile,1990,61300.0,37100.0,8700.0,100.0,600.0,600.0,,100.0,700.0,300.0,300.0,9700.0,700.0,1900.0,1700.0,11600.0,24300.0,17200.0,7000.0,100.0,100.0
elderly_headed_hh,fourth_quintile,1991,59900.0,34900.0,7900.0,100.0,500.0,600.0,,100.0,600.0,400.0,300.0,8500.0,800.0,1800.0,1500.0,12000.0,25000.0,17500.0,7300.0,100.0,100.0
elderly_headed_hh,fourth_quintile,1992,61200.0,35000.0,8100.0,100.0,500.0,600.0,,100.0,600.0,500.0,400.0,7100.0,700.0,1900.0,1700.0,12700.0,26200.0,18200.0,7700.0,200.0,100.0
elderly_headed_hh,fourth_quintile,1993,61500.0,33800.0,8000.0,100.0,600.0,600.0,,100.0,600.0,800.0,400.0,5000.0,900.0,1900.0,1700.0,13100.0,27700.0,18700.0,8700.0,200.0,100.0
elderly_headed_hh,fourth_quintile,1994,62200.0,35000.0,8400.0,100.0,700.0,600.0,,100.0,600.0,600.0,500.0,4800.0,800.0,2000.0,1800.0,14000.0,27200.0,18200.0,8800.0,100.0,100.0
elderly_headed_hh,fourth_quintile,1995,63800.0,36100.0,8800.0,100.0,600.0,700.0,,100.0,500.0,700.0,400.0,5400.0,900.0,1800.0,2000.0,14000.0,27700.0,18300.0,9300.0,100.0,100.0
elderly_headed_hh,fourth_quintile,1996,65000.0,36200.0,8400.0,100.0,600.0,600.0,,100.0,500.0,1000.0,300.0,5600.0,900.0,1900.0,2100.0,14000.0,28800.0,18900.0,9700.0,100.0,100.0
elderly_headed_hh,fourth_quintile,1997,66300.0,37200.0,8200.0,100.0,500.0,600.0,,100.0,500.0,1400.0,300.0,5400.0,900.0,2100.0,2000.0,15100.0,29100.0,18800.0,10100.0,100.0,100.0
elderly_headed_hh,fourth_quintile,1998,69500.0,40500.0,9200.0,200.0,500.0,700.0,,100.0,600.0,1600.0,400.0,5800.0,800.0,2000.0,1900.0,16600.0,28900.0,19100.0,9600.0,100.0,100.0
elderly_headed_hh,fourth_quintile,1999,71800.0,43500.0,10300.0,200.0,600.0,800.0,,100.0,500.0,1900.0,400.0,5400.0,900.0,2300.0,1900.0,18200.0,28300.0,18900.0,9200.0,100.0,100.0
elderly_headed_hh,fourth_quintile,2000,73200.0,44400.0,10600.0,300.0,600.0,800.0,,100.0,500.0,1700.0,400.0,5400.0,800.0,2100.0,1700.0,19400.0,28800.0,19300.0,9300.0,100.0,100.0
elderly_headed_hh,fourth_quintile,2001,72400.0,42700.0,10400.0,300.0,600.0,800.0,,100.0,500.0,700.0,400.0,5600.0,900.0,2000.0,1300.0,19100.0,29700.0,19600.0,9900.0,100.0,100.0
elderly_headed_hh,fourth_quintile,2002,70800.0,39400.0,9500.0,200.0,600.0,700.0,,100.0,600.0,300.0,400.0,4100.0,900.0,1800.0,1000.0,19100.0,31300.0,20600.0,10500.0,200.0,100.0
elderly_headed_hh,fourth_quintile,2003,72800.0,41200.0,10500.0,300.0,800.0,800.0,,100.0,800.0,300.0,500.0,3100.0,800.0,1800.0,1200.0,20200.0,31600.0,20700.0,10700.0,200.0,100.0
elderly_headed_hh,fourth_quintile,2004,75000.0,42700.0,11300.0,300.0,900.0,800.0,,100.0,800.0,600.0,400.0,2800.0,900.0,2000.0,1400.0,20300.0,32400.0,21100.0,11200.0,100.0,100.0
elderly_headed_hh,fourth_quintile,2005,78000.0,45100.0,11700.0,300.0,1000.0,900.0,,200.0,800.0,1000.0,400.0,3100.0,1000.0,2000.0,1800.0,20800.0,32900.0,21100.0,11600.0,100.0,100.0
elderly_headed_hh,fourth_quintile,2006,79200.0,45000.0,11600.0,400.0,1000.0,900.0,,200.0,1000.0,1200.0,400.0,3600.0,900.0,1800.0,1900.0,20200.0,34100.0,21000.0,12900.0,100.0,100.0
elderly_headed_hh,fourth_quintile,2007,81400.0,46900.0,12300.0,400.0,900.0,900.0,,200.0,700.0,1300.0,400.0,3900.0,1000.0,1900.0,1600.0,21500.0,34400.0,21300.0,12900.0,100.0,100.0
elderly_headed_hh,fourth_quintile,2008,79700.0,45600.0,12700.0,400.0,1000.0,900.0,,100.0,800.0,300.0,400.0,3500.0,1000.0,1800.0,900.0,21800.0,34100.0,20900.0,12900.0,200.0,100.0
elderly_headed_hh,fourth_quintile,2009,78000.0,40800.0,11100.0,300.0,900.0,800.0,,100.0,600.0,-100.0,500.0,2800.0,900.0,1700.0,700.0,20400.0,37200.0,22600.0,14000.0,500.0,100.0
elderly_headed_hh,fourth_quintile,2010,78700.0,41500.0,11400.0,300.0,900.0,900.0,,100.0,800.0,100.0,400.0,1900.0,900.0,1400.0,800.0,21700.0,37200.0,22800.0,13800.0,600.0,
elderly_headed_hh,fourth_quintile,2011,79400.0,43600.0,12000.0,300.0,1000.0,900.0,,100.0,900.0,300.0,400.0,1500.0,1000.0,1700.0,900.0,22500.0,35800.0,22000.0,13200.0,500.0,100.0
elderly_headed_hh,fourth_quintile,2012,80000.0,42900.0,12100.0,300.0,1000.0,900.0,,100.0,1000.0,300.0,300.0,1100.0,1000.0,1700.0,800.0,22300.0,37100.0,23400.0,13300.0,300.0,
elderly_headed_hh,fourth_quintile,2013,80500.0,44200.0,12700.0,400.0,1000.0,1000.0,,100.0,700.0,700.0,300.0,900.0,1000.0,1500.0,1000.0,22900.0,36300.0,23000.0,13000.0,200.0,100.0
elderly_headed_hh,fourth_quintile,2014,82400.0,45900.0,13300.0,400.0,1100.0,1000.0,,200.0,1000.0,1100.0,300.0,700.0,900.0,1600.0,1100.0,23300.0,36400.0,23100.0,13000.0,200.0,100.0
elderly_headed_hh,fourth_quintile,2015,85400.0,47800.0,14000.0,500.0,1100.0,1100.0,,200.0,1100.0,1000.0,300.0,800.0,1000.0,1600.0,1000.0,24300.0,37600.0,24000.0,13400.0,100.0,100.0
elderly_headed_hh,highest_quintile,1979,146900.0,129100.0,28000.0,0.0,800.0,1200.0,100.0,400.0,9000.0,19200.0,2000.0,20600.0,4900.0,14700.0,14700.0,13500.0,17900.0,13800.0,3800.0,200.0,100.0
elderly_headed_hh,highest_quintile,1980,135700.0,117200.0,25100.0,0.0,700.0,1100.0,100.0,300.0,6400.0,14900.0,2100.0,24500.0,4900.0,13500.0,10800.0,12900.0,18600.0,14100.0,4300.0,200.0,100.0
elderly_headed_hh,highest_quintile,1981,130300.0,110700.0,22900.0,0.0,700.0,1100.0,,200.0,4700.0,12500.0,1900.0,28900.0,4700.0,12300.0,7700.0,12900.0,19600.0,14900.0,4600.0,100.0,100.0
elderly_headed_hh,highest_quintile,1982,128900.0,107400.0,22800.0,0.0,700.0,1200.0,,100.0,4300.0,12500.0,2400.0,29200.0,4200.0,12200.0,4500.0,13200.0,21500.0,16100.0,5200.0,100.0,100.0
elderly_headed_hh,highest_quintile,1983,130900.0,108500.0,21700.0,0.0,700.0,1100.0,100.0,200.0,4600.0,16000.0,3000.0,26100.0,4000.0,11200.0,5800.0,14000.0,22400.0,16700.0,5500.0,100.0,100.0
elderly_headed_hh,highest_quintile,1984,143400.0,120200.0,24000.0,100.0,700.0,1300.0,100.0,200.0,5600.0,18400.0,3700.0,28500.0,4300.0,11000.0,7100.0,15400.0,23200.0,17200.0,5700.0,200.0,100.0
elderly_headed_hh,highest_quintile,1985,148300.0,124500.0,24300.0,200.0,700.0,1300.0,100.0,200.0,5100.0,21700.0,4000.0,27800.0,4200.0,11100.0,6600.0,17400.0,23800.0,17400.0,6200.0,100.0,100.0
elderly_headed_hh,highest_quintile,1986,167100.0,142800.0,23900.0,200.0,800.0,1300.0,100.0,200.0,5800.0,40900.0,4900.0,24900.0,4200.0,11600.0,7300.0,16700.0,24300.0,17500.0,6500.0,100.0,300.0
elderly_headed_hh,highest_quintile,1987,156900.0,133700.0,25500.0,200.0,1000.0,1400.0,,200.0,6900.0,19500.0,8800.0,24000.0,3700.0,13400.0,10200.0,18800.0,23100.0,16700.0,6200.0,100.0,100.0
elderly_headed_hh,highest_quintile,1988,167500.0,143600.0,26500.0,200.0,1200.0,1400.0,,300.0,8700.0,20800.0,8600.0,25500.0,3600.0,14400.0,10500.0,21800.0,24000.0,17500.0,6300.0,100.0,
elderly_headed_hh,highest_quintile,1989,161900.0,137900.0,23200.0,300.0,1100.0,1300.0,,200.0,7600.0,17400.0,9000.0,28400.0,3700.0,13900.0,9900.0,21700.0,24000.0,17400.0,6300.0,100.0,200.0
elderly_headed_hh,highest_quintile,1990,154000.0,129100.0,24300.0,300.0,1100.0,1400.0,,200.0,7700.0,11300.0,8500.0,27300.0,3600.0,12300.0,8700.0,22400.0,25000.0,17900.0,6800.0,100.0,200.0
elderly_headed_hh,highest_quintile,1991,145200.0,119100.0,22400.0,300.0,1100.0,1300.0,,200.0,5800.0,9100.0,8800.0,23500.0,3700.0,10900.0,7600.0,24300.0,26100.0,18600.0,7200.0,100.0,200.0
elderly_headed_hh,highest_quintile,1992,151900.0,125200.0,25800.0,400.0,1200.0,1500.0,,200.0,7500.0,10900.0,9300.0,17700.0,3900.0,11400.0,8800.0,26400.0,26700.0,18800.0,7600.0,200.0,200.0
elderly_headed_hh,highest_quintile,1993,152100.0,123500.0,24200.0,400.0,1400.0,1400.0,,300.0,7000.0,13100.0,9100.0,13900.0,4000.0,11200.0,10200.0,27200.0,28700.0,19800.0,8500.0,100.0,200.0
elderly_headed_hh,highest_quintile,1994,160100.0,129800.0,25200.0,400.0,1500.0,1500.0,,300.0,8300.0,13200.0,9600.0,13200.0,4300.0,11400.0,11400.0,29500.0,30300.0,21100.0,8700.0,100.0,400.0
elderly_headed_hh,highest_quintile,1995,161800.0,131900.0,25100.0,500.0,1500.0,1500.0,,300.0,7800.0,14100.0,8400.0,15400.0,4000.0,11800.0,11800.0,29500.0,29900.0,20600.0,9100.0,100.0,100.0
elderly_headed_hh,highest_quintile,1996,175900.0,145100.0,27200.0,600.0,1300.0,1600.0,,300.0,8800.0,20300.0,8100.0,16000.0,4300.0,12500.0,12700.0,31200.0,30800.0,20900.0,9600.0,100.0,200.0
elderly_headed_hh,highest_quintile,1997,185500.0,153700.0,26900.0,600.0,1100.0,1600.0,,300.0,9600.0,26900.0,7900.0,16100.0,4300.0,13400.0,12700.0,32300.0,31800.0,21400.0,10100.0,100.0,200.0
elderly_headed_hh,highest_quintile,1998,198500.0,167100.0,29200.0,700.0,1200.0,1700.0,,300.0,10500.0,34200.0,7900.0,15800.0,4300.0,13500.0,12200.0,35600.0,31400.0,21600.0,9500.0,100.0,200.0
elderly_headed_hh,highest_quintile,1999,215500.0,185700.0,31300.0,800.0,1300.0,1800.0,,300.0,12500.0,40200.0,8700.0,16100.0,4800.0,15200.0,12900.0,39600.0,29800.0,20400.0,9100.0,100.0,300.0
elderly_headed_hh,highest_quintile,2000,216400.0,184800.0,31000.0,800.0,1300.0,1800.0,,300.0,11900.0,40600.0,7700.0,17100.0,4800.0,14400.0,11800.0,41300.0,31600.0,22100.0,9200.0,100.0,300.0
elderly_headed_hh,highest_quintile,2001,197200.0,164600.0,32100.0,1000.0,1500.0,2000.0,,200.0,12000.0,23700.0,8100.0,17100.0,5200.0,12200.0,8700.0,40900.0,32600.0,22600.0,9800.0,100.0,100.0
elderly_headed_hh,highest_quintile,2002,191800.0,158000.0,32000.0,900.0,1800.0,1800.0,,200.0,13100.0,20400.0,8200.0,13200.0,5200.0,11100.0,8500.0,41500.0,33800.0,23100.0,10400.0,100.0,100.0
elderly_headed_hh,highest_quintile,2003,203400.0,169600.0,35600.0,1500.0,2100.0,2100.0,,300.0,14400.0,24200.0,7900.0,10800.0,5600.0,12300.0,11600.0,41200.0,33800.0,23000.0,10500.0,200.0,100.0
elderly_headed_hh,highest_quintile,2004,226800.0,192500.0,36900.0,1700.0,2200.0,2100.0,,400.0,16400.0,37700.0,7300.0,10300.0,5600.0,14500.0,14900.0,42500.0,34300.0,23000.0,11100.0,100.0,100.0
elderly_headed_hh,highest_quintile,2005,241700.0,207100.0,37300.0,1800.0,2500.0,2200.0,,600.0,18300.0,44400.0,6800.0,11500.0,5700.0,14600.0,17700.0,43700.0,34600.0,22900.0,11300.0,100.0,200.0
elderly_headed_hh,highest_quintile,2006,246400.0,210200.0,36000.0,1800.0,2400.0,2200.0,,600.0,16200.0,45900.0,7600.0,14000.0,5400.0,15800.0,18300.0,44100.0,36200.0,23300.0,12600.0,100.0,100.0
elderly_headed_hh,highest_quintile,2007,260400.0,223500.0,38200.0,1800.0,2000.0,2200.0,,500.0,17000.0,53200.0,7600.0,16200.0,5300.0,18000.0,15900.0,45700.0,36900.0,23900.0,12800.0,100.0,100.0
elderly_headed_hh,highest_quintile,2008,228700.0,191300.0,41300.0,2100.0,2500.0,2400.0,,300.0,17300.0,25800.0,7600.0,13200.0,6500.0,16200.0,9400.0,46700.0,37400.0,24100.0,12900.0,200.0,200.0
elderly_headed_hh,highest_quintile,2009,202100.0,160200.0,40100.0,2000.0,2600.0,2400.0,,300.0,16200.0,13400.0,7000.0,9800.0,5100.0,11900.0,7000.0,42400.0,42000.0,27400.0,13800.0,500.0,200.0
elderly_headed_hh,highest_quintile,2010,210600.0,172000.0,40300.0,2000.0,2700.0,2400.0,,400.0,16400.0,17000.0,6900.0,7700.0,5400.0,12000.0,8900.0,49800.0,38700.0,24700.0,13400.0,500.0,100.0
elderly_headed_hh,highest_quintile,2011,220900.0,183900.0,43800.0,2100.0,2900.0,2500.0,,400.0,19600.0,19000.0,6700.0,6800.0,5700.0,13100.0,9500.0,51700.0,37000.0,23800.0,12700.0,400.0,100.0
elderly_headed_hh,highest_quintile,2012,240400.0,203000.0,45200.0,2300.0,2600.0,2700.0,,500.0,20700.0,31400.0,6000.0,5800.0,5900.0,16100.0,11300.0,52400.0,37300.0,24000.0,12900.0,300.0,200.0
elderly_headed_hh,highest_quintile,2013,220700.0,183000.0,43700.0,2300.0,2700.0,2600.0,,500.0,19700.0,21500.0,5400.0,4800.0,5800.0,12600.0,11200.0,50300.0,37700.0,24600.0,12700.0,200.0,200.0
elderly_headed_hh,highest_quintile,2014,237000.0,198900.0,45500.0,2400.0,2400.0,2700.0,,600.0,21000.0,29700.0,4700.0,4300.0,6000.0,14800.0,12500.0,52300.0,38100.0,25000.0,12900.0,100.0,100.0
elderly_headed_hh,highest_quintile,2015,245100.0,206700.0,49700.0,2700.0,2600.0,2900.0,,600.0,23200.0,30000.0,4500.0,4400.0,5300.0,14900.0,11800.0,54000.0,38400.0,24800.0,13200.0,100.0,300.0
elderly_headed_hh,percentiles_81_90,1979,78800.0,60600.0,19900.0,0.0,800.0,1100.0,100.0,300.0,2300.0,2200.0,100.0,12900.0,1800.0,3500.0,4900.0,10700.0,18200.0,14000.0,3900.0,200.0,100.0
elderly_headed_hh,percentiles_81_90,1980,75100.0,56300.0,17500.0,0.0,600.0,1000.0,100.0,200.0,1400.0,1700.0,100.0,14600.0,1800.0,3100.0,3800.0,10500.0,18800.0,14200.0,4300.0,200.0,200.0
elderly_headed_hh,percentiles_81_90,1981,73500.0,53600.0,15400.0,0.0,600.0,1000.0,,100.0,1200.0,1100.0,100.0,16200.0,1600.0,3400.0,2700.0,10300.0,20000.0,15100.0,4600.0,100.0,200.0
elderly_headed_hh,percentiles_81_90,1982,73800.0,51700.0,15000.0,0.0,600.0,1000.0,,100.0,800.0,800.0,200.0,17000.0,1300.0,3200.0,1600.0,10300.0,22100.0,16600.0,5200.0,200.0,100.0
elderly_headed_hh,percentiles_81_90,1983,74900.0,52400.0,14800.0,0.0,600.0,900.0,100.0,100.0,800.0,1200.0,200.0,16300.0,1400.0,3300.0,2100.0,10600.0,22500.0,16800.0,5500.0,100.0,100.0
elderly_headed_hh,percentiles_81_90,1984,80200.0,57000.0,15200.0,100.0,600.0,1000.0,100.0,100.0,1300.0,1600.0,300.0,17900.0,1500.0,3100.0,2600.0,11500.0,23200.0,17100.0,5800.0,200.0,100.0
elderly_headed_hh,percentiles_81_90,1985,80300.0,56200.0,14700.0,100.0,600.0,1000.0,,100.0,700.0,1800.0,200.0,17000.0,1300.0,3400.0,2300.0,13100.0,24100.0,17500.0,6300.0,200.0,100.0
elderly_headed_hh,percentiles_81_90,1986,83800.0,58600.0,14500.0,100.0,700.0,1000.0,,100.0,1300.0,2900.0,400.0,15800.0,1400.0,3800.0,2500.0,14100.0,25200.0,18100.0,6800.0,100.0,200.0
elderly_headed_hh,percentiles_81_90,1987,85700.0,62400.0,16100.0,200.0,800.0,1100.0,,200.0,1200.0,2600.0,1000.0,14700.0,1300.0,4600.0,3600.0,15100.0,23300.0,16900.0,6300.0,100.0,100.0
elderly_headed_hh,percentiles_81_90,1988,87800.0,64100.0,16400.0,200.0,1000.0,1200.0,,200.0,1300.0,2100.0,1000.0,15100.0,1400.0,4600.0,3500.0,16200.0,23700.0,17300.0,6300.0,100.0,
elderly_headed_hh,percentiles_81_90,1989,87500.0,63500.0,14100.0,200.0,900.0,1000.0,,100.0,1500.0,2200.0,1000.0,16400.0,1300.0,4200.0,3400.0,17200.0,24000.0,17400.0,6400.0,100.0,200.0
elderly_headed_hh,percentiles_81_90,1990,85600.0,60700.0,13500.0,200.0,800.0,1000.0,,100.0,1600.0,1200.0,1000.0,15600.0,1100.0,4000.0,3000.0,17500.0,24900.0,17700.0,6900.0,100.0,300.0
elderly_headed_hh,percentiles_81_90,1991,84500.0,58200.0,12300.0,200.0,800.0,900.0,,100.0,1200.0,1200.0,1100.0,13600.0,1400.0,3700.0,2700.0,19000.0,26300.0,18600.0,7400.0,100.0,100.0
elderly_headed_hh,percentiles_81_90,1992,87700.0,60500.0,15600.0,300.0,1000.0,1200.0,,100.0,1400.0,1800.0,1300.0,10000.0,1400.0,3800.0,2900.0,19600.0,27200.0,19000.0,7800.0,200.0,200.0
elderly_headed_hh,percentiles_81_90,1993,86700.0,58500.0,13600.0,200.0,1100.0,1000.0,,100.0,900.0,2300.0,1500.0,7800.0,1500.0,3900.0,3300.0,21400.0,28200.0,19400.0,8600.0,100.0,
elderly_headed_hh,percentiles_81_90,1994,89700.0,60900.0,14800.0,300.0,1100.0,1100.0,,200.0,1100.0,2200.0,1600.0,7600.0,1500.0,4000.0,3700.0,21700.0,28800.0,19700.0,8800.0,100.0,100.0
elderly_headed_hh,percentiles_81_90,1995,92500.0,63400.0,14100.0,300.0,1100.0,1100.0,,200.0,1300.0,2400.0,1500.0,8900.0,1300.0,4100.0,4000.0,23100.0,29000.0,19500.0,9300.0,100.0,100.0
elderly_headed_hh,percentiles_81_90,1996,95000.0,64700.0,15200.0,400.0,1000.0,1200.0,,200.0,1000.0,2800.0,1200.0,8600.0,1600.0,4200.0,3900.0,23400.0,30400.0,20200.0,10000.0,100.0,100.0
elderly_headed_hh,percentiles_81_90,1997,97100.0,66100.0,14900.0,400.0,800.0,1100.0,,200.0,1200.0,3800.0,1300.0,8900.0,1400.0,4400.0,3900.0,23700.0,30900.0,20400.0,10300.0,100.0,100.0
elderly_headed_hh,percentiles_81_90,1998,101500.0,70600.0,16500.0,500.0,900.0,1200.0,,200.0,1600.0,4400.0,1100.0,8700.0,1500.0,4400.0,3500.0,25900.0,30800.0,21000.0,9600.0,100.0,200.0
elderly_headed_hh,percentiles_81_90,1999,105300.0,75600.0,16700.0,600.0,900.0,1300.0,,200.0,1700.0,4900.0,1300.0,8400.0,1700.0,5200.0,3600.0,29200.0,29700.0,20100.0,9400.0,100.0,100.0
elderly_headed_hh,percentiles_81_90,2000,107800.0,76900.0,17100.0,600.0,1000.0,1300.0,,200.0,1500.0,4900.0,1300.0,9300.0,1600.0,4800.0,3500.0,29800.0,30900.0,21300.0,9400.0,100.0,100.0
elderly_headed_hh,percentiles_81_90,2001,105100.0,73500.0,18700.0,700.0,1200.0,1400.0,,100.0,1700.0,2100.0,1200.0,9100.0,1600.0,4100.0,2400.0,29100.0,31600.0,21400.0,9900.0,100.0,100.0
elderly_headed_hh,percentiles_81_90,2002,104000.0,70700.0,18400.0,700.0,1200.0,1300.0,,100.0,1600.0,1500.0,1300.0,6500.0,1800.0,3600.0,2000.0,30600.0,33300.0,22300.0,10700.0,200.0,100.0
elderly_headed_hh,percentiles_81_90,2003,106600.0,73600.0,20700.0,800.0,1600.0,1500.0,,200.0,1800.0,1600.0,1500.0,4700.0,1800.0,3600.0,2400.0,31300.0,33000.0,22200.0,10500.0,200.0,100.0
elderly_headed_hh,percentiles_81_90,2004,110200.0,75900.0,20800.0,1000.0,1700.0,1500.0,,300.0,1700.0,2500.0,1500.0,4500.0,1600.0,3400.0,2700.0,32900.0,34300.0,22700.0,11300.0,100.0,100.0
elderly_headed_hh,percentiles_81_90,2005,114900.0,80500.0,20800.0,1000.0,1900.0,1600.0,,300.0,2200.0,3200.0,1100.0,4900.0,1800.0,3800.0,3500.0,34200.0,34400.0,22400.0,11600.0,100.0,200.0
elderly_headed_hh,percentiles_81_90,2006,117300.0,80900.0,19900.0,1000.0,1700.0,1500.0,,300.0,1900.0,3800.0,1300.0,6000.0,1700.0,4300.0,3900.0,33400.0,36400.0,23200.0,13000.0,100.0,100.0
elderly_headed_hh,percentiles_81_90,2007,118600.0,81300.0,20900.0,1000.0,1500.0,1600.0,,300.0,1800.0,4300.0,1100.0,6500.0,1500.0,4200.0,3200.0,33400.0,37300.0,24000.0,13000.0,100.0,100.0
elderly_headed_hh,percentiles_81_90,2008,115700.0,78500.0,21300.0,1100.0,1900.0,1600.0,,200.0,2000.0,1300.0,1200.0,5200.0,1800.0,4100.0,1800.0,35000.0,37200.0,23600.0,13100.0,200.0,200.0
elderly_headed_hh,percentiles_81_90,2009,112500.0,71100.0,20700.0,900.0,1800.0,1500.0,,100.0,1800.0,600.0,1100.0,4200.0,1600.0,3000.0,1400.0,32100.0,41400.0,26700.0,13800.0,600.0,300.0
elderly_headed_hh,percentiles_81_90,2010,114200.0,75200.0,21100.0,900.0,2000.0,1600.0,,200.0,1800.0,600.0,1300.0,3200.0,1800.0,3100.0,1700.0,36000.0,39000.0,24600.0,13600.0,600.0,100.0
elderly_headed_hh,percentiles_81_90,2011,115900.0,78100.0,21400.0,900.0,1900.0,1600.0,,200.0,2300.0,1200.0,1200.0,2500.0,1700.0,3400.0,1700.0,38200.0,37800.0,23900.0,13300.0,500.0,100.0
elderly_headed_hh,percentiles_81_90,2012,117600.0,79500.0,22800.0,1100.0,1900.0,1700.0,,300.0,2300.0,1400.0,1100.0,1900.0,1800.0,3600.0,1800.0,37700.0,38000.0,24400.0,13100.0,400.0,200.0
elderly_headed_hh,percentiles_81_90,2013,119100.0,80900.0,22400.0,1100.0,1900.0,1700.0,,300.0,2500.0,2100.0,1100.0,1600.0,1900.0,3400.0,2300.0,38500.0,38200.0,24700.0,12900.0,300.0,200.0
elderly_headed_hh,percentiles_81_90,2014,122100.0,83500.0,23800.0,1200.0,1900.0,1800.0,,300.0,2500.0,2900.0,800.0,1300.0,1800.0,3500.0,2300.0,39100.0,38600.0,25200.0,13200.0,200.0,100.0
elderly_headed_hh,percentiles_81_90,2015,126900.0,87600.0,25900.0,1400.0,2000.0,2000.0,,300.0,2600.0,2700.0,700.0,1400.0,1700.0,3500.0,2100.0,41300.0,39300.0,25400.0,13700.0,100.0,100.0
elderly_headed_hh,percentiles_91_95,1979,102200.0,84100.0,26900.0,0.0,900.0,1500.0,100.0,400.0,4100.0,4100.0,500.0,15600.0,2900.0,6600.0,7100.0,13600.0,18100.0,14100.0,3800.0,200.0,100.0
elderly_headed_hh,percentiles_91_95,1980,99300.0,80100.0,23000.0,0.0,700.0,1200.0,100.0,200.0,2400.0,4200.0,300.0,20600.0,3400.0,5300.0,6000.0,12500.0,19300.0,14600.0,4400.0,200.0,100.0
elderly_headed_hh,percentiles_91_95,1981,97700.0,77400.0,22100.0,0.0,700.0,1300.0,100.0,200.0,2100.0,2800.0,400.0,22900.0,2500.0,5800.0,4300.0,12400.0,20300.0,15400.0,4600.0,100.0,100.0
elderly_headed_hh,percentiles_91_95,1982,95100.0,73700.0,19900.0,0.0,700.0,1200.0,100.0,100.0,1600.0,2200.0,600.0,24400.0,2400.0,5700.0,2500.0,12300.0,21400.0,16100.0,5100.0,100.0,100.0
elderly_headed_hh,percentiles_91_95,1983,97800.0,75000.0,18900.0,0.0,700.0,1200.0,100.0,100.0,1300.0,3100.0,500.0,23300.0,2700.0,5200.0,3300.0,14600.0,22800.0,17000.0,5600.0,100.0,100.0
elderly_headed_hh,percentiles_91_95,1984,108800.0,85200.0,21800.0,100.0,800.0,1300.0,100.0,200.0,2000.0,4000.0,800.0,25700.0,1900.0,6300.0,4100.0,16100.0,23600.0,17500.0,5800.0,200.0,100.0
elderly_headed_hh,percentiles_91_95,1985,107800.0,83500.0,22600.0,200.0,700.0,1500.0,100.0,200.0,1400.0,3600.0,800.0,23600.0,2400.0,6400.0,3600.0,16500.0,24300.0,17900.0,6200.0,100.0,200.0
elderly_headed_hh,percentiles_91_95,1986,111800.0,87400.0,21200.0,200.0,800.0,1400.0,100.0,200.0,2800.0,8800.0,1100.0,21300.0,2000.0,7500.0,4000.0,16100.0,24400.0,17800.0,6400.0,100.0,200.0
elderly_headed_hh,percentiles_91_95,1987,114900.0,91100.0,21800.0,300.0,1000.0,1400.0,100.0,200.0,3300.0,5300.0,2300.0,20400.0,2100.0,7700.0,5600.0,19600.0,23800.0,17300.0,6300.0,100.0,100.0
elderly_headed_hh,percentiles_91_95,1988,119100.0,94000.0,23200.0,300.0,1200.0,1600.0,100.0,200.0,3400.0,3900.0,3100.0,20800.0,1900.0,7700.0,5500.0,21100.0,25100.0,18400.0,6600.0,100.0,
elderly_headed_hh,percentiles_91_95,1989,119100.0,93900.0,20300.0,300.0,1100.0,1400.0,,200.0,2200.0,4600.0,3800.0,23200.0,2000.0,8000.0,5600.0,21200.0,25200.0,18400.0,6500.0,100.0,200.0
elderly_headed_hh,percentiles_91_95,1990,118600.0,92600.0,22000.0,300.0,1200.0,1600.0,,200.0,2400.0,3800.0,4000.0,22300.0,2400.0,6700.0,5200.0,20500.0,26000.0,18800.0,6900.0,100.0,100.0
elderly_headed_hh,percentiles_91_95,1991,115600.0,88600.0,20300.0,200.0,1100.0,1500.0,,200.0,2300.0,2800.0,3700.0,19100.0,2000.0,6800.0,4500.0,24100.0,27000.0,19500.0,7400.0,100.0,
elderly_headed_hh,percentiles_91_95,1992,117900.0,90900.0,19700.0,400.0,1200.0,1400.0,,200.0,2300.0,4200.0,4000.0,13900.0,2400.0,7100.0,5100.0,29000.0,27100.0,19000.0,7700.0,200.0,200.0
elderly_headed_hh,percentiles_91_95,1993,118900.0,89800.0,21000.0,400.0,1500.0,1500.0,,200.0,2300.0,5100.0,4100.0,10500.0,3100.0,7600.0,6000.0,26500.0,29200.0,20000.0,8700.0,200.0,300.0
elderly_headed_hh,percentiles_91_95,1994,122800.0,92200.0,20400.0,400.0,1500.0,1500.0,,200.0,2700.0,4900.0,4700.0,9500.0,2600.0,7200.0,6300.0,30300.0,30500.0,21300.0,8900.0,,300.0
elderly_headed_hh,percentiles_91_95,1995,124700.0,93900.0,21700.0,600.0,1400.0,1600.0,,300.0,2100.0,4800.0,4200.0,12200.0,2300.0,7800.0,6800.0,28100.0,30800.0,21400.0,9200.0,100.0,100.0
elderly_headed_hh,percentiles_91_95,1996,130100.0,99600.0,22000.0,600.0,1300.0,1600.0,,300.0,2700.0,6900.0,3400.0,13200.0,2500.0,8000.0,7200.0,29900.0,30500.0,20800.0,9400.0,100.0,200.0
elderly_headed_hh,percentiles_91_95,1997,134000.0,101900.0,20100.0,700.0,1100.0,1500.0,,300.0,2500.0,8500.0,3800.0,12900.0,2800.0,8500.0,7000.0,32300.0,32100.0,21800.0,9900.0,100.0,400.0
elderly_headed_hh,percentiles_91_95,1998,140100.0,107800.0,23500.0,800.0,1100.0,1800.0,,300.0,3000.0,10100.0,2900.0,12500.0,2600.0,8100.0,6200.0,34900.0,32300.0,22400.0,9700.0,,200.0
elderly_headed_hh,percentiles_91_95,1999,146300.0,116800.0,25500.0,900.0,1300.0,1900.0,,300.0,3300.0,12300.0,3300.0,12900.0,2500.0,9400.0,6600.0,36400.0,29600.0,20100.0,9000.0,100.0,400.0
elderly_headed_hh,percentiles_91_95,2000,149000.0,117500.0,24700.0,900.0,1400.0,1800.0,,300.0,3900.0,12800.0,2800.0,13100.0,2500.0,8300.0,6000.0,39200.0,31500.0,22100.0,9100.0,100.0,200.0
elderly_headed_hh,percentiles_91_95,2001,145100.0,111900.0,27900.0,1100.0,1500.0,2100.0,,200.0,3600.0,4800.0,3600.0,13200.0,2900.0,6800.0,4100.0,39900.0,33200.0,23200.0,9800.0,200.0,100.0
elderly_headed_hh,percentiles_91_95,2002,141200.0,106600.0,25700.0,1100.0,1800.0,1800.0,,200.0,3700.0,4100.0,3500.0,9600.0,2700.0,6300.0,3700.0,42300.0,34700.0,24000.0,10500.0,200.0,
elderly_headed_hh,percentiles_91_95,2003,146200.0,111400.0,30000.0,1800.0,2000.0,2200.0,,300.0,4000.0,4700.0,3500.0,7700.0,2800.0,6400.0,4600.0,41500.0,34900.0,24000.0,10600.0,100.0,100.0
elderly_headed_hh,percentiles_91_95,2004,151200.0,116300.0,30100.0,1600.0,2100.0,2100.0,,400.0,4100.0,7200.0,3000.0,6800.0,3600.0,7500.0,5600.0,42100.0,34900.0,23600.0,11100.0,100.0,100.0
elderly_headed_hh,percentiles_91_95,2005,159000.0,123600.0,30800.0,2000.0,2400.0,2200.0,,500.0,4700.0,9300.0,2900.0,7300.0,3200.0,8100.0,7000.0,43300.0,35400.0,23700.0,11300.0,100.0,300.0
elderly_headed_hh,percentiles_91_95,2006,164000.0,128000.0,30300.0,1900.0,2600.0,2200.0,,500.0,4000.0,9700.0,3500.0,9700.0,2900.0,8500.0,7700.0,44400.0,36000.0,23200.0,12500.0,100.0,200.0
elderly_headed_hh,percentiles_91_95,2007,166200.0,128700.0,29800.0,2000.0,2200.0,2200.0,,400.0,4000.0,10100.0,2700.0,10600.0,2800.0,8400.0,6100.0,47400.0,37500.0,24400.0,12800.0,100.0,100.0
elderly_headed_hh,percentiles_91_95,2008,160500.0,122200.0,33900.0,2400.0,2700.0,2500.0,,300.0,4000.0,3500.0,3000.0,8900.0,3400.0,7600.0,3500.0,46600.0,38300.0,24800.0,13000.0,100.0,400.0
elderly_headed_hh,percentiles_91_95,2009,155300.0,112500.0,32300.0,2000.0,2700.0,2400.0,,200.0,4100.0,2000.0,3400.0,6900.0,2800.0,5400.0,2600.0,45700.0,42800.0,27900.0,14000.0,600.0,400.0
elderly_headed_hh,percentiles_91_95,2010,159100.0,119400.0,33400.0,1900.0,2800.0,2400.0,,300.0,4800.0,2600.0,3100.0,4900.0,3100.0,6200.0,3400.0,50500.0,39700.0,25500.0,13500.0,400.0,300.0
elderly_headed_hh,percentiles_91_95,2011,161300.0,124100.0,35800.0,2300.0,3000.0,2600.0,,300.0,5100.0,2800.0,3000.0,3900.0,3200.0,6700.0,3400.0,52000.0,37300.0,24400.0,12400.0,300.0,100.0
elderly_headed_hh,percentiles_91_95,2012,165600.0,126800.0,36000.0,2400.0,2700.0,2700.0,,400.0,5100.0,4400.0,2500.0,3000.0,3400.0,7000.0,3600.0,53600.0,38800.0,25300.0,13100.0,300.0,200.0
elderly_headed_hh,percentiles_91_95,2013,166200.0,127500.0,36000.0,2500.0,2700.0,2700.0,,400.0,5600.0,5900.0,2000.0,2600.0,3700.0,6500.0,4700.0,52400.0,38700.0,25200.0,13000.0,200.0,200.0
elderly_headed_hh,percentiles_91_95,2014,171000.0,131700.0,36500.0,2400.0,2400.0,2700.0,,500.0,5400.0,7500.0,1900.0,2100.0,2900.0,7600.0,4900.0,54900.0,39300.0,25900.0,13000.0,200.0,200.0
elderly_headed_hh,percentiles_91_95,2015,175700.0,137100.0,39300.0,2700.0,2800.0,2900.0,,500.0,6600.0,7100.0,2100.0,2200.0,2800.0,7500.0,4600.0,55900.0,38600.0,24800.0,13000.0,100.0,700.0
elderly_headed_hh,percentiles_96_99,1979,155100.0,137500.0,29200.0,0.0,800.0,1300.0,100.0,400.0,11600.0,13300.0,1300.0,26500.0,6200.0,16400.0,15200.0,15400.0,17600.0,13600.0,3800.0,100.0,200.0
elderly_headed_hh,percentiles_96_99,1980,148600.0,130400.0,27600.0,0.0,700.0,1200.0,100.0,300.0,8700.0,12400.0,1400.0,30500.0,5500.0,15300.0,11700.0,15100.0,18200.0,13800.0,4100.0,200.0,100.0
elderly_headed_hh,percentiles_96_99,1981,146800.0,127800.0,24800.0,0.0,800.0,1300.0,,200.0,6000.0,9100.0,1200.0,39700.0,5500.0,15100.0,8800.0,15200.0,18900.0,14300.0,4500.0,,
elderly_headed_hh,percentiles_96_99,1982,144000.0,122600.0,26700.0,0.0,800.0,1400.0,100.0,100.0,5300.0,6600.0,1500.0,39300.0,4900.0,13900.0,4800.0,17200.0,21400.0,15900.0,5200.0,100.0,200.0
elderly_headed_hh,percentiles_96_99,1983,148100.0,125800.0,24500.0,0.0,800.0,1300.0,100.0,200.0,6200.0,11700.0,2000.0,35900.0,5100.0,14300.0,6600.0,17200.0,22300.0,16600.0,5500.0,100.0,100.0
elderly_headed_hh,percentiles_96_99,1984,162500.0,139100.0,28600.0,200.0,800.0,1600.0,100.0,200.0,7400.0,13100.0,1900.0,38500.0,6200.0,13900.0,7900.0,18700.0,23400.0,17500.0,5700.0,100.0,100.0
elderly_headed_hh,percentiles_96_99,1985,166800.0,143300.0,28300.0,200.0,900.0,1600.0,100.0,200.0,5600.0,19000.0,2600.0,37400.0,5300.0,14400.0,7600.0,20000.0,23500.0,17300.0,6100.0,100.0,
elderly_headed_hh,percentiles_96_99,1986,179500.0,156400.0,31400.0,300.0,1000.0,1800.0,100.0,300.0,6700.0,30600.0,3400.0,31600.0,4400.0,16100.0,7800.0,21000.0,23100.0,16500.0,6100.0,100.0,400.0
elderly_headed_hh,percentiles_96_99,1987,183300.0,160400.0,31400.0,300.0,1400.0,1700.0,100.0,300.0,7100.0,20400.0,10100.0,29700.0,5200.0,18400.0,12300.0,21900.0,22900.0,16500.0,6200.0,,100.0
elderly_headed_hh,percentiles_96_99,1988,181900.0,158500.0,27800.0,300.0,1300.0,1600.0,,300.0,7800.0,15400.0,12500.0,30400.0,4900.0,18300.0,11900.0,26000.0,23300.0,17000.0,6200.0,100.0,100.0
elderly_headed_hh,percentiles_96_99,1989,188600.0,165600.0,28300.0,500.0,1400.0,1600.0,,300.0,8000.0,16600.0,11500.0,35900.0,5600.0,18600.0,12000.0,25400.0,23000.0,16600.0,6100.0,100.0,200.0
elderly_headed_hh,percentiles_96_99,1990,179600.0,155600.0,29600.0,400.0,1300.0,1800.0,,300.0,8200.0,10000.0,11500.0,33600.0,4900.0,16400.0,10300.0,27200.0,23900.0,17200.0,6700.0,,100.0
elderly_headed_hh,percentiles_96_99,1991,175700.0,151000.0,30900.0,500.0,1500.0,1900.0,,300.0,6800.0,10300.0,11600.0,30000.0,4900.0,14000.0,9500.0,28900.0,24700.0,17700.0,6800.0,100.0,200.0
elderly_headed_hh,percentiles_96_99,1992,183500.0,158300.0,34700.0,500.0,1800.0,2100.0,,300.0,7800.0,11600.0,14100.0,22600.0,5500.0,15100.0,11200.0,31100.0,25200.0,17700.0,7200.0,200.0,100.0
elderly_headed_hh,percentiles_96_99,1993,181800.0,152600.0,31800.0,600.0,1700.0,2000.0,,300.0,7800.0,13700.0,11900.0,17400.0,4900.0,14800.0,12400.0,33300.0,29200.0,20300.0,8000.0,100.0,700.0
elderly_headed_hh,percentiles_96_99,1994,186600.0,153700.0,31600.0,700.0,2100.0,2000.0,,400.0,8300.0,12400.0,11900.0,15400.0,5500.0,13300.0,12800.0,37300.0,33000.0,23300.0,8400.0,100.0,1200.0
elderly_headed_hh,percentiles_96_99,1995,196700.0,164800.0,33100.0,900.0,2000.0,2100.0,,400.0,8900.0,14800.0,11100.0,18800.0,6100.0,14800.0,14400.0,37500.0,31900.0,22800.0,8900.0,,100.0
elderly_headed_hh,percentiles_96_99,1996,206100.0,172300.0,33900.0,900.0,1600.0,2200.0,,400.0,8500.0,19000.0,9800.0,18500.0,6400.0,15300.0,14300.0,41500.0,33700.0,23800.0,9500.0,100.0,400.0
elderly_headed_hh,percentiles_96_99,1997,217400.0,183500.0,34600.0,900.0,1500.0,2200.0,,400.0,9900.0,26300.0,10200.0,18600.0,5900.0,17600.0,14700.0,40500.0,33900.0,23600.0,10000.0,100.0,200.0
elderly_headed_hh,percentiles_96_99,1998,226700.0,193900.0,34500.0,900.0,1300.0,2200.0,,400.0,10100.0,31000.0,11400.0,18500.0,5900.0,18500.0,14100.0,45100.0,32900.0,23300.0,9400.0,100.0,100.0
elderly_headed_hh,percentiles_96_99,1999,238000.0,207200.0,35300.0,1100.0,1500.0,2200.0,,400.0,9800.0,38100.0,11800.0,16900.0,6800.0,18400.0,14400.0,50400.0,30800.0,21700.0,9000.0,,200.0
elderly_headed_hh,percentiles_96_99,2000,246300.0,213100.0,35600.0,1200.0,1600.0,2300.0,,400.0,10800.0,38100.0,10200.0,19300.0,7200.0,18800.0,13600.0,54200.0,33200.0,23300.0,9000.0,100.0,800.0
elderly_headed_hh,percentiles_96_99,2001,230900.0,195900.0,36600.0,1200.0,1800.0,2300.0,,300.0,11400.0,21000.0,11200.0,20600.0,7700.0,16000.0,10000.0,55800.0,35000.0,25100.0,9800.0,100.0,100.0
elderly_headed_hh,percentiles_96_99,2002,223700.0,189200.0,38900.0,1100.0,2300.0,2300.0,,300.0,12800.0,18100.0,10800.0,15600.0,8000.0,14300.0,9500.0,55000.0,34500.0,24300.0,10000.0,100.0,100.0
elderly_headed_hh,percentiles_96_99,2003,232600.0,198000.0,44700.0,2400.0,2800.0,2800.0,,400.0,14300.0,20100.0,9200.0,13000.0,8300.0,14200.0,12100.0,53400.0,34600.0,24100.0,10300.0,200.0,
elderly_headed_hh,percentiles_96_99,2004,247700.0,213500.0,46400.0,2600.0,2800.0,2800.0,,500.0,16200.0,28100.0,8900.0,11300.0,7800.0,18000.0,14600.0,53200.0,34200.0,23400.0,10700.0,100.0,
elderly_headed_hh,percentiles_96_99,2005,265900.0,231500.0,47500.0,2900.0,3400.0,2900.0,,700.0,18100.0,36100.0,8900.0,13300.0,8200.0,17300.0,18300.0,53800.0,34300.0,23100.0,10900.0,100.0,300.0
elderly_headed_hh,percentiles_96_99,2006,274300.0,237900.0,46500.0,2800.0,3100.0,2900.0,,800.0,15600.0,37500.0,9600.0,16700.0,7600.0,19800.0,19400.0,55400.0,36300.0,24100.0,12200.0,100.0,
elderly_headed_hh,percentiles_96_99,2007,283600.0,247200.0,47400.0,3000.0,2600.0,2800.0,,700.0,17300.0,39200.0,9900.0,18900.0,8100.0,22600.0,16600.0,58100.0,36300.0,23600.0,12600.0,100.0,100.0
elderly_headed_hh,percentiles_96_99,2008,257600.0,219600.0,54600.0,3700.0,3000.0,3300.0,,500.0,17400.0,13000.0,10000.0,15800.0,9300.0,19700.0,8900.0,60400.0,38000.0,25100.0,12600.0,100.0,200.0
elderly_headed_hh,percentiles_96_99,2009,240500.0,197000.0,58000.0,3900.0,3600.0,3700.0,,400.0,15200.0,9100.0,8500.0,12000.0,7700.0,14200.0,6900.0,53800.0,43600.0,29700.0,13600.0,300.0,
elderly_headed_hh,percentiles_96_99,2010,250200.0,212300.0,57300.0,4100.0,3900.0,3600.0,,500.0,17200.0,11000.0,8700.0,9000.0,8000.0,13700.0,8700.0,66600.0,37900.0,24400.0,13000.0,400.0,200.0
elderly_headed_hh,percentiles_96_99,2011,255700.0,220000.0,61700.0,4200.0,4300.0,3700.0,,600.0,19400.0,11500.0,8500.0,7300.0,8700.0,15100.0,8800.0,66200.0,35700.0,23300.0,12100.0,300.0,100.0
elderly_headed_hh,percentiles_96_99,2012,269400.0,234500.0,65400.0,4700.0,3900.0,4000.0,,700.0,22400.0,17500.0,8100.0,6800.0,8900.0,16500.0,10000.0,65600.0,34800.0,22200.0,12400.0,200.0,
elderly_headed_hh,percentiles_96_99,2013,274500.0,238200.0,65600.0,4600.0,4200.0,4000.0,,800.0,22300.0,20000.0,7600.0,5400.0,8800.0,16700.0,13100.0,65200.0,36300.0,23900.0,12200.0,200.0,
elderly_headed_hh,percentiles_96_99,2014,279300.0,242100.0,61800.0,4500.0,3200.0,3800.0,,800.0,20900.0,25500.0,6600.0,4900.0,9200.0,18500.0,13900.0,68600.0,37200.0,24400.0,12300.0,100.0,300.0
elderly_headed_hh,percentiles_96_99,2015,290500.0,253100.0,68600.0,5000.0,3400.0,4200.0,,800.0,22300.0,25400.0,6400.0,4900.0,8500.0,19300.0,13200.0,71200.0,37400.0,24300.0,12700.0,100.0,300.0
elderly_headed_hh,top_1_percent,1979,540200.0,524100.0,62900.0,0.0,800.0,500.0,100.0,800.0,43900.0,149300.0,16500.0,51600.0,19700.0,80700.0,76400.0,21000.0,16200.0,12300.0,3800.0,,
elderly_headed_hh,top_1_percent,1980,497400.0,480700.0,60200.0,0.0,900.0,900.0,100.0,600.0,35600.0,118300.0,18300.0,64700.0,22800.0,83100.0,56300.0,18900.0,16700.0,12500.0,4100.0,100.0,100.0
elderly_headed_hh,top_1_percent,1981,489000.0,471000.0,60100.0,0.0,1000.0,1200.0,,500.0,28500.0,118800.0,19300.0,80100.0,25900.0,73300.0,42500.0,20000.0,18000.0,13300.0,4600.0,,100.0
elderly_headed_hh,top_1_percent,1982,501400.0,482400.0,63800.0,0.0,1000.0,1500.0,,300.0,28700.0,132500.0,23300.0,80800.0,24900.0,79200.0,26900.0,19500.0,19000.0,14000.0,4900.0,,100.0
elderly_headed_hh,top_1_percent,1983,562700.0,542200.0,67900.0,0.0,1000.0,1700.0,100.0,500.0,36200.0,175700.0,33500.0,67200.0,23000.0,75200.0,36800.0,23500.0,20500.0,14900.0,5400.0,100.0,100.0
elderly_headed_hh,top_1_percent,1984,624500.0,603200.0,75600.0,200.0,1100.0,1800.0,100.0,600.0,40500.0,197300.0,41400.0,77200.0,25000.0,70300.0,44900.0,27400.0,21300.0,15800.0,5500.0,,0.0
elderly_headed_hh,top_1_percent,1985,698500.0,677300.0,82800.0,200.0,1000.0,1900.0,100.0,600.0,46600.0,230800.0,45500.0,85600.0,27200.0,70000.0,43700.0,41400.0,21100.0,14900.0,5900.0,,300.0
elderly_headed_hh,top_1_percent,1986,819000.0,796800.0,69200.0,300.0,1400.0,1800.0,100.0,500.0,40700.0,406200.0,49900.0,72200.0,27400.0,59800.0,46100.0,21400.0,22200.0,15600.0,6100.0,,500.0
elderly_headed_hh,top_1_percent,1987,690700.0,670200.0,82400.0,300.0,1600.0,1900.0,,800.0,56600.0,177700.0,79100.0,80700.0,19800.0,76200.0,62900.0,30100.0,20500.0,14800.0,5700.0,,
elderly_headed_hh,top_1_percent,1988,895200.0,871500.0,108700.0,300.0,1800.0,2100.0,100.0,1000.0,86400.0,245000.0,72400.0,103800.0,22700.0,98800.0,77400.0,50900.0,23700.0,17400.0,6200.0,,
elderly_headed_hh,top_1_percent,1989,786900.0,764100.0,84900.0,400.0,2000.0,2100.0,100.0,800.0,73200.0,182200.0,80200.0,112500.0,22100.0,91700.0,66900.0,45000.0,22900.0,16700.0,6100.0,,
elderly_headed_hh,top_1_percent,1990,768100.0,743700.0,101500.0,400.0,1600.0,2200.0,,800.0,78000.0,130400.0,78600.0,120500.0,25200.0,87900.0,63100.0,53500.0,24400.0,18000.0,6400.0,,
elderly_headed_hh,top_1_percent,1991,657600.0,630900.0,82800.0,400.0,2000.0,2000.0,,600.0,54800.0,96900.0,83600.0,100000.0,24400.0,77100.0,53900.0,52200.0,26700.0,19100.0,6800.0,,800.0
elderly_headed_hh,top_1_percent,1992,758800.0,731800.0,110000.0,500.0,2200.0,3000.0,100.0,900.0,83500.0,120500.0,86500.0,84300.0,27400.0,85800.0,68900.0,58100.0,27000.0,19400.0,7500.0,100.0,
elderly_headed_hh,top_1_percent,1993,712400.0,684000.0,95100.0,600.0,2600.0,2400.0,,900.0,73500.0,131000.0,81200.0,65700.0,25400.0,73100.0,76100.0,56400.0,28400.0,20500.0,7800.0,,
elderly_headed_hh,top_1_percent,1994,733500.0,702800.0,98200.0,700.0,3200.0,3200.0,100.0,1000.0,82700.0,129200.0,79500.0,61800.0,27000.0,75100.0,84000.0,57300.0,30600.0,22700.0,7900.0,,100.0
elderly_headed_hh,top_1_percent,1995,808100.0,781100.0,107800.0,1000.0,3400.0,3600.0,,1200.0,85800.0,154500.0,78200.0,74100.0,27400.0,86900.0,94000.0,63100.0,27000.0,19000.0,8000.0,,
elderly_headed_hh,top_1_percent,1996,951400.0,925200.0,126800.0,1000.0,3100.0,4000.0,,1500.0,102600.0,230900.0,80900.0,82400.0,27700.0,93100.0,104400.0,66900.0,26200.0,17700.0,8500.0,,
elderly_headed_hh,top_1_percent,1997,1056600.0,1027300.0,130900.0,1000.0,2200.0,3900.0,,1500.0,112600.0,308900.0,74500.0,82500.0,29900.0,96900.0,106000.0,76500.0,29300.0,19800.0,9500.0,,
elderly_headed_hh,top_1_percent,1998,1149000.0,1122400.0,139300.0,1100.0,2900.0,4200.0,,1500.0,117600.0,396200.0,73200.0,79500.0,28500.0,93200.0,102600.0,82600.0,26500.0,18000.0,8500.0,,
elderly_headed_hh,top_1_percent,1999,1258200.0,1230300.0,151800.0,1400.0,3500.0,4700.0,,1600.0,142300.0,431400.0,76400.0,85200.0,30400.0,104300.0,104500.0,92900.0,28000.0,18700.0,8100.0,,1200.0
elderly_headed_hh,top_1_percent,2000,1328000.0,1295300.0,160700.0,1400.0,2600.0,4700.0,,1600.0,139700.0,478200.0,73500.0,93200.0,33300.0,106200.0,101700.0,98500.0,32700.0,23500.0,9000.0,,200.0
elderly_headed_hh,top_1_percent,2001,1153000.0,1122500.0,156100.0,1300.0,3300.0,4700.0,,1100.0,148200.0,318200.0,79800.0,95300.0,38900.0,96300.0,83100.0,96000.0,30500.0,20900.0,9200.0,100.0,300.0
elderly_headed_hh,top_1_percent,2002,1083200.0,1051700.0,156700.0,1900.0,4200.0,4700.0,,1000.0,158700.0,268200.0,80800.0,79300.0,36700.0,87700.0,84200.0,87700.0,31500.0,22200.0,9300.0,100.0,
elderly_headed_hh,top_1_percent,2003,1175000.0,1142400.0,155000.0,2300.0,4100.0,4700.0,,1300.0,168500.0,316700.0,76200.0,68300.0,39600.0,105400.0,118900.0,81300.0,32600.0,22100.0,10500.0,,
elderly_headed_hh,top_1_percent,2004,1405600.0,1373700.0,162900.0,4200.0,4500.0,4700.0,,1800.0,185700.0,479000.0,67000.0,67300.0,38100.0,121100.0,151100.0,86100.0,31900.0,21600.0,10200.0,,
elderly_headed_hh,top_1_percent,2005,1643100.0,1609400.0,175000.0,2700.0,5000.0,5000.0,,2500.0,222200.0,597900.0,67600.0,81700.0,42000.0,128900.0,188700.0,90300.0,33700.0,22900.0,10800.0,,
elderly_headed_hh,top_1_percent,2006,1652400.0,1618200.0,162400.0,3200.0,4700.0,4900.0,,2500.0,199800.0,617700.0,73200.0,93900.0,41200.0,134700.0,188800.0,91100.0,34200.0,22200.0,11900.0,,
elderly_headed_hh,top_1_percent,2007,1915500.0,1883000.0,198500.0,3100.0,3400.0,5300.0,,2500.0,217600.0,764600.0,80700.0,120900.0,39500.0,171900.0,177100.0,97700.0,32600.0,20700.0,11900.0,,
elderly_headed_hh,top_1_percent,2008,1499800.0,1466900.0,212000.0,3600.0,4600.0,5900.0,,1600.0,223800.0,411900.0,80000.0,98700.0,54800.0,157200.0,111000.0,101700.0,32900.0,21400.0,11500.0,,
elderly_headed_hh,top_1_percent,2009,1204000.0,1167200.0,208800.0,4800.0,6100.0,6500.0,,1300.0,228900.0,217200.0,79200.0,73500.0,41900.0,125400.0,86500.0,87000.0,36800.0,23900.0,12800.0,100.0,
elderly_headed_hh,top_1_percent,2010,1313800.0,1279800.0,205100.0,4800.0,5300.0,6100.0,,1800.0,223500.0,284900.0,76800.0,64700.0,43700.0,128200.0,113700.0,121200.0,33900.0,21700.0,11900.0,200.0,100.0
elderly_headed_hh,top_1_percent,2011,1478800.0,1446400.0,245900.0,5800.0,6300.0,7100.0,,2100.0,275600.0,318200.0,75200.0,65400.0,48600.0,138000.0,124900.0,133100.0,32300.0,20900.0,11300.0,100.0,
elderly_headed_hh,top_1_percent,2012,1815000.0,1783400.0,247200.0,5200.0,4600.0,6900.0,,2400.0,291800.0,550900.0,67600.0,57600.0,49200.0,195400.0,159400.0,145100.0,31600.0,19600.0,11600.0,100.0,200.0
elderly_headed_hh,top_1_percent,2013,1389700.0,1356200.0,227100.0,5700.0,5100.0,6900.0,,2400.0,269400.0,317700.0,60100.0,47700.0,47300.0,126300.0,134100.0,106400.0,33500.0,21500.0,11800.0,100.0,
elderly_headed_hh,top_1_percent,2014,1588000.0,1556700.0,248400.0,5700.0,4600.0,6800.0,,2800.0,293000.0,438100.0,50400.0,44400.0,51700.0,153000.0,150700.0,106800.0,31300.0,20300.0,10900.0,,
elderly_headed_hh,top_1_percent,2015,1640700.0,1608100.0,274000.0,6400.0,5100.0,8000.0,,2900.0,324000.0,447600.0,48200.0,44300.0,42600.0,153500.0,143400.0,108100.0,32600.0,21000.0,11500.0,0.0,100.0
nonelderly_childless_hh,all_quintiles,1979,65700.0,63900.0,46600.0,0.0,2000.0,2400.0,100.0,600.0,2900.0,2200.0,100.0,2200.0,400.0,900.0,1400.0,2000.0,1900.0,1200.0,200.0,300.0,100.0
nonelderly_childless_hh,all_quintiles,1980,64100.0,62000.0,45700.0,0.0,1700.0,2300.0,100.0,500.0,2300.0,2000.0,100.0,2700.0,400.0,1000.0,1100.0,2000.0,2100.0,1300.0,200.0,500.0,100.0
nonelderly_childless_hh,all_quintiles,1981,64100.0,62000.0,45700.0,0.0,1700.0,2500.0,100.0,400.0,1800.0,1900.0,100.0,3300.0,500.0,1100.0,900.0,2000.0,2100.0,1400.0,300.0,400.0,100.0
nonelderly_childless_hh,all_quintiles,1982,64800.0,62500.0,46000.0,0.0,1900.0,2600.0,100.0,200.0,1700.0,2100.0,200.0,3300.0,500.0,1200.0,600.0,2000.0,2300.0,1300.0,300.0,500.0,100.0
nonelderly_childless_hh,all_quintiles,1983,64900.0,62700.0,45600.0,0.0,2000.0,2600.0,100.0,300.0,2000.0,2700.0,200.0,2900.0,400.0,900.0,700.0,2100.0,2200.0,1300.0,300.0,500.0,200.0
nonelderly_childless_hh,all_quintiles,1984,67300.0,65300.0,46300.0,300.0,2000.0,2700.0,100.0,400.0,2800.0,2800.0,300.0,3200.0,500.0,800.0,800.0,2300.0,2100.0,1300.0,300.0,300.0,200.0
nonelderly_childless_hh,all_quintiles,1985,69600.0,67600.0,47900.0,400.0,2100.0,2900.0,100.0,400.0,2500.0,3500.0,300.0,3100.0,400.0,1000.0,800.0,2200.0,2000.0,1200.0,300.0,300.0,200.0
nonelderly_childless_hh,all_quintiles,1986,74000.0,71900.0,49400.0,500.0,2100.0,3100.0,100.0,400.0,2700.0,6200.0,400.0,2700.0,400.0,1000.0,800.0,2100.0,2000.0,1200.0,300.0,300.0,200.0
nonelderly_childless_hh,all_quintiles,1987,73400.0,71400.0,51000.0,500.0,2400.0,3200.0,100.0,500.0,3200.0,2500.0,400.0,2700.0,500.0,1100.0,1100.0,2400.0,2000.0,1200.0,300.0,300.0,200.0
nonelderly_childless_hh,all_quintiles,1988,77600.0,75600.0,52400.0,600.0,2500.0,3300.0,100.0,500.0,4100.0,2800.0,500.0,2900.0,500.0,1200.0,1200.0,2900.0,2000.0,1200.0,300.0,200.0,200.0
nonelderly_childless_hh,all_quintiles,1989,76800.0,74800.0,51900.0,700.0,2600.0,3300.0,100.0,500.0,3900.0,2400.0,500.0,3100.0,500.0,1100.0,1100.0,3000.0,2000.0,1200.0,300.0,200.0,300.0
nonelderly_childless_hh,all_quintiles,1990,77600.0,75400.0,52600.0,700.0,2600.0,3400.0,100.0,500.0,4100.0,2000.0,500.0,3200.0,500.0,1100.0,1100.0,2900.0,2200.0,1300.0,300.0,300.0,200.0
nonelderly_childless_hh,all_quintiles,1991,75400.0,73000.0,51600.0,700.0,2600.0,3400.0,100.0,400.0,3800.0,1700.0,500.0,2700.0,500.0,1000.0,900.0,3000.0,2300.0,1300.0,400.0,400.0,300.0
nonelderly_childless_hh,all_quintiles,1992,77700.0,75100.0,52800.0,900.0,2900.0,3500.0,100.0,500.0,4300.0,1800.0,500.0,2000.0,500.0,1000.0,1000.0,3300.0,2600.0,1400.0,400.0,600.0,300.0
nonelderly_childless_hh,all_quintiles,1993,77000.0,74500.0,51800.0,900.0,3200.0,3400.0,100.0,500.0,4200.0,2100.0,500.0,1600.0,600.0,900.0,1200.0,3300.0,2600.0,1400.0,400.0,500.0,200.0
nonelderly_childless_hh,all_quintiles,1994,77700.0,75300.0,52200.0,1000.0,3400.0,3500.0,100.0,600.0,4400.0,2100.0,500.0,1500.0,600.0,900.0,1300.0,3200.0,2400.0,1400.0,400.0,300.0,200.0
nonelderly_childless_hh,all_quintiles,1995,79000.0,76500.0,52700.0,1200.0,3300.0,3600.0,100.0,600.0,4200.0,2200.0,500.0,1700.0,600.0,1000.0,1400.0,3400.0,2400.0,1400.0,500.0,300.0,200.0
nonelderly_childless_hh,all_quintiles,1996,82000.0,79600.0,54100.0,1400.0,3200.0,3700.0,100.0,700.0,4500.0,3300.0,400.0,1700.0,500.0,1000.0,1400.0,3500.0,2500.0,1500.0,500.0,300.0,100.0
nonelderly_childless_hh,all_quintiles,1997,85100.0,82600.0,55400.0,1400.0,2900.0,3700.0,100.0,700.0,4800.0,4400.0,400.0,1700.0,500.0,1200.0,1500.0,3800.0,2500.0,1400.0,600.0,300.0,200.0
nonelderly_childless_hh,all_quintiles,1998,88600.0,86100.0,57300.0,1600.0,2900.0,3900.0,100.0,700.0,5100.0,5300.0,400.0,1700.0,500.0,1100.0,1400.0,4200.0,2500.0,1500.0,600.0,300.0,200.0
nonelderly_childless_hh,all_quintiles,1999,92300.0,89800.0,59400.0,1700.0,2900.0,4000.0,100.0,700.0,5200.0,6300.0,400.0,1600.0,600.0,1200.0,1400.0,4400.0,2500.0,1500.0,500.0,300.0,200.0
nonelderly_childless_hh,all_quintiles,2000,94500.0,91900.0,60200.0,1800.0,2900.0,4000.0,100.0,600.0,5100.0,6500.0,400.0,1800.0,500.0,1400.0,1400.0,5000.0,2600.0,1600.0,600.0,200.0,200.0
nonelderly_childless_hh,all_quintiles,2001,89900.0,87100.0,60300.0,1900.0,3100.0,4100.0,100.0,500.0,5000.0,3200.0,400.0,1600.0,600.0,1000.0,900.0,4700.0,2800.0,1600.0,600.0,400.0,200.0
nonelderly_childless_hh,all_quintiles,2002,85100.0,81900.0,57400.0,1800.0,3300.0,3900.0,100.0,400.0,4800.0,2100.0,300.0,1100.0,500.0,700.0,800.0,4800.0,3200.0,1700.0,700.0,600.0,200.0
nonelderly_childless_hh,all_quintiles,2003,86700.0,83500.0,57300.0,2100.0,3700.0,3900.0,100.0,500.0,4800.0,2500.0,300.0,900.0,500.0,800.0,1100.0,4800.0,3200.0,1700.0,700.0,600.0,200.0
nonelderly_childless_hh,all_quintiles,2004,90000.0,86800.0,57600.0,2200.0,4100.0,3900.0,100.0,700.0,5500.0,3900.0,300.0,900.0,500.0,1000.0,1400.0,4800.0,3200.0,1800.0,800.0,400.0,200.0
nonelderly_childless_hh,all_quintiles,2005,95200.0,92000.0,58000.0,2200.0,4300.0,3900.0,100.0,900.0,6500.0,5800.0,400.0,1200.0,600.0,1200.0,1900.0,4900.0,3200.0,1900.0,800.0,300.0,200.0
nonelderly_childless_hh,all_quintiles,2006,97400.0,93900.0,59200.0,2300.0,4200.0,4000.0,100.0,1000.0,6300.0,6000.0,400.0,1500.0,500.0,1300.0,2000.0,4900.0,3400.0,2000.0,900.0,300.0,200.0
nonelderly_childless_hh,all_quintiles,2007,97600.0,94200.0,60300.0,2400.0,4000.0,4100.0,100.0,800.0,5800.0,6000.0,400.0,1700.0,500.0,1400.0,1600.0,5100.0,3400.0,2000.0,1000.0,300.0,100.0
nonelderly_childless_hh,all_quintiles,2008,92100.0,88500.0,59600.0,2400.0,4000.0,4100.0,100.0,500.0,5200.0,3100.0,400.0,1400.0,600.0,1300.0,1000.0,5000.0,3600.0,1900.0,1000.0,500.0,100.0
nonelderly_childless_hh,all_quintiles,2009,87300.0,82800.0,57400.0,2200.0,4000.0,4000.0,100.0,400.0,4800.0,1500.0,400.0,1000.0,500.0,1000.0,700.0,4900.0,4500.0,2100.0,1000.0,1300.0,100.0
nonelderly_childless_hh,all_quintiles,2010,86700.0,81900.0,56100.0,2100.0,3900.0,3900.0,100.0,500.0,4800.0,2100.0,400.0,700.0,500.0,1000.0,900.0,5100.0,4800.0,2300.0,1100.0,1300.0,100.0
nonelderly_childless_hh,all_quintiles,2011,86800.0,82400.0,56200.0,2200.0,3900.0,3900.0,100.0,500.0,5100.0,2200.0,300.0,600.0,500.0,1100.0,900.0,4900.0,4400.0,2200.0,1100.0,900.0,100.0
nonelderly_childless_hh,all_quintiles,2012,90300.0,86100.0,57400.0,2200.0,3800.0,3900.0,100.0,600.0,5900.0,3500.0,300.0,600.0,600.0,1400.0,1100.0,4700.0,4200.0,2200.0,1200.0,700.0,100.0
nonelderly_childless_hh,all_quintiles,2013,88900.0,84900.0,57800.0,2200.0,3700.0,4000.0,100.0,700.0,5600.0,2600.0,300.0,500.0,600.0,1000.0,1100.0,4700.0,4000.0,2300.0,1100.0,500.0,100.0
nonelderly_childless_hh,all_quintiles,2014,92200.0,88400.0,59500.0,2300.0,3700.0,4100.0,100.0,700.0,6000.0,3700.0,200.0,400.0,600.0,1200.0,1300.0,4600.0,3800.0,2300.0,1100.0,300.0,100.0
nonelderly_childless_hh,all_quintiles,2015,93700.0,90100.0,61200.0,2500.0,3900.0,4300.0,100.0,700.0,5800.0,3400.0,200.0,400.0,500.0,1100.0,1100.0,4800.0,3600.0,2200.0,1000.0,300.0,100.0
nonelderly_childless_hh,lowest_quintile,1979,14100.0,12200.0,8800.0,0.0,500.0,500.0,100.0,100.0,300.0,,0.0,500.0,100.0,100.0,200.0,1100.0,1800.0,1400.0,300.0,100.0,100.0
nonelderly_childless_hh,lowest_quintile,1980,13800.0,11900.0,8700.0,0.0,400.0,500.0,100.0,100.0,200.0,100.0,0.0,500.0,100.0,100.0,100.0,1000.0,1900.0,1300.0,200.0,200.0,100.0
nonelderly_childless_hh,lowest_quintile,1981,13600.0,11800.0,8700.0,0.0,400.0,600.0,100.0,100.0,,100.0,,600.0,100.0,100.0,100.0,1000.0,1800.0,1300.0,200.0,200.0,100.0
nonelderly_childless_hh,lowest_quintile,1982,13300.0,11500.0,8700.0,0.0,400.0,600.0,100.0,,100.0,100.0,,600.0,100.0,100.0,100.0,700.0,1800.0,1200.0,200.0,300.0,100.0
nonelderly_childless_hh,lowest_quintile,1983,12800.0,11300.0,8200.0,0.0,400.0,500.0,100.0,100.0,200.0,,,700.0,100.0,100.0,100.0,800.0,1400.0,900.0,200.0,300.0,100.0
nonelderly_childless_hh,lowest_quintile,1984,13500.0,12100.0,8400.0,,600.0,600.0,100.0,100.0,100.0,100.0,,900.0,200.0,100.0,100.0,800.0,1500.0,1000.0,200.0,200.0,100.0
nonelderly_childless_hh,lowest_quintile,1985,13900.0,12300.0,9000.0,,400.0,600.0,100.0,100.0,200.0,,,800.0,100.0,100.0,100.0,800.0,1600.0,1000.0,200.0,200.0,100.0
nonelderly_childless_hh,lowest_quintile,1986,13600.0,12300.0,8500.0,,500.0,600.0,100.0,100.0,400.0,100.0,,700.0,100.0,100.0,100.0,1000.0,1300.0,900.0,200.0,200.0,100.0
nonelderly_childless_hh,lowest_quintile,1987,13800.0,12400.0,8800.0,,400.0,600.0,100.0,100.0,300.0,100.0,,700.0,100.0,100.0,100.0,800.0,1500.0,1000.0,200.0,200.0,100.0
nonelderly_childless_hh,lowest_quintile,1988,14300.0,12800.0,9300.0,,400.0,700.0,100.0,100.0,400.0,100.0,,600.0,100.0,100.0,100.0,800.0,1600.0,1200.0,200.0,100.0,100.0
nonelderly_childless_hh,lowest_quintile,1989,15100.0,13600.0,10000.0,,500.0,700.0,100.0,100.0,200.0,100.0,,500.0,100.0,100.0,100.0,1000.0,1500.0,1000.0,200.0,200.0,100.0
nonelderly_childless_hh,lowest_quintile,1990,15500.0,14000.0,10300.0,,500.0,800.0,100.0,100.0,400.0,,,600.0,100.0,100.0,100.0,800.0,1600.0,1000.0,200.0,200.0,100.0
nonelderly_childless_hh,lowest_quintile,1991,16000.0,14500.0,10600.0,,500.0,800.0,100.0,100.0,500.0,,,600.0,100.0,100.0,100.0,900.0,1500.0,800.0,200.0,300.0,100.0
nonelderly_childless_hh,lowest_quintile,1992,16200.0,14500.0,10800.0,,500.0,800.0,100.0,100.0,500.0,100.0,,400.0,100.0,100.0,100.0,800.0,1700.0,900.0,200.0,500.0,100.0
nonelderly_childless_hh,lowest_quintile,1993,16000.0,14300.0,10700.0,100.0,600.0,800.0,100.0,100.0,500.0,100.0,,300.0,100.0,100.0,100.0,700.0,1600.0,1000.0,200.0,400.0,100.0
nonelderly_childless_hh,lowest_quintile,1994,16200.0,14600.0,10600.0,100.0,700.0,800.0,100.0,100.0,600.0,,,300.0,100.0,100.0,100.0,900.0,1600.0,1000.0,200.0,200.0,100.0
nonelderly_childless_hh,lowest_quintile,1995,16300.0,14800.0,10800.0,100.0,700.0,800.0,100.0,100.0,600.0,100.0,,300.0,100.0,100.0,200.0,900.0,1500.0,1000.0,200.0,300.0,
nonelderly_childless_hh,lowest_quintile,1996,16200.0,14600.0,10500.0,100.0,700.0,800.0,100.0,100.0,600.0,100.0,,300.0,100.0,100.0,100.0,900.0,1600.0,1000.0,300.0,200.0,100.0
nonelderly_childless_hh,lowest_quintile,1997,16700.0,15200.0,11200.0,100.0,700.0,900.0,100.0,100.0,600.0,100.0,,300.0,100.0,100.0,100.0,800.0,1500.0,900.0,300.0,200.0,100.0
nonelderly_childless_hh,lowest_quintile,1998,17600.0,16100.0,11900.0,100.0,800.0,900.0,100.0,100.0,500.0,100.0,,300.0,100.0,100.0,100.0,1000.0,1500.0,900.0,300.0,200.0,100.0
nonelderly_childless_hh,lowest_quintile,1999,18400.0,17000.0,12400.0,100.0,800.0,900.0,100.0,100.0,700.0,200.0,,300.0,100.0,100.0,100.0,1100.0,1500.0,900.0,300.0,200.0,100.0
nonelderly_childless_hh,lowest_quintile,2000,18700.0,17100.0,12700.0,100.0,700.0,1000.0,100.0,100.0,600.0,100.0,,300.0,100.0,100.0,100.0,1100.0,1500.0,1000.0,300.0,200.0,100.0
nonelderly_childless_hh,lowest_quintile,2001,18400.0,16800.0,12500.0,100.0,800.0,900.0,100.0,100.0,600.0,,,300.0,100.0,100.0,100.0,1000.0,1600.0,1000.0,300.0,300.0,100.0
nonelderly_childless_hh,lowest_quintile,2002,18200.0,16400.0,12000.0,100.0,900.0,900.0,100.0,100.0,600.0,,,200.0,100.0,100.0,100.0,1300.0,1700.0,1000.0,300.0,400.0,
nonelderly_childless_hh,lowest_quintile,2003,18300.0,16400.0,12000.0,100.0,900.0,900.0,100.0,100.0,600.0,,,200.0,100.0,100.0,100.0,1300.0,1800.0,1000.0,400.0,400.0,100.0
nonelderly_childless_hh,lowest_quintile,2004,18200.0,16500.0,12100.0,100.0,900.0,900.0,100.0,100.0,700.0,,,200.0,100.0,100.0,100.0,1000.0,1700.0,1000.0,400.0,300.0,100.0
nonelderly_childless_hh,lowest_quintile,2005,19200.0,17600.0,12900.0,100.0,1100.0,1000.0,100.0,200.0,600.0,,,200.0,100.0,100.0,100.0,1200.0,1600.0,900.0,400.0,200.0,100.0
nonelderly_childless_hh,lowest_quintile,2006,20100.0,18500.0,13600.0,100.0,1100.0,1000.0,100.0,200.0,900.0,,,200.0,100.0,100.0,100.0,1000.0,1500.0,900.0,400.0,200.0,
nonelderly_childless_hh,lowest_quintile,2007,20800.0,19300.0,14300.0,100.0,1000.0,1100.0,100.0,200.0,700.0,100.0,,300.0,100.0,100.0,100.0,1100.0,1600.0,900.0,400.0,300.0,
nonelderly_childless_hh,lowest_quintile,2008,21000.0,19200.0,14400.0,100.0,1100.0,1100.0,100.0,100.0,700.0,,,200.0,100.0,100.0,100.0,1100.0,1700.0,800.0,400.0,400.0,100.0
nonelderly_childless_hh,lowest_quintile,2009,20700.0,18400.0,13700.0,100.0,1000.0,1000.0,100.0,100.0,900.0,,,200.0,100.0,100.0,100.0,1100.0,2300.0,900.0,400.0,1100.0,
nonelderly_childless_hh,lowest_quintile,2010,20700.0,18300.0,13800.0,100.0,900.0,1000.0,,100.0,800.0,,,100.0,100.0,100.0,100.0,1100.0,2500.0,900.0,300.0,1200.0,
nonelderly_childless_hh,lowest_quintile,2011,20500.0,18300.0,13700.0,100.0,1000.0,1000.0,,100.0,900.0,,,100.0,100.0,100.0,100.0,1000.0,2200.0,900.0,400.0,900.0,
nonelderly_childless_hh,lowest_quintile,2012,19700.0,17700.0,13200.0,100.0,1000.0,1000.0,,100.0,1000.0,,,100.0,100.0,100.0,100.0,900.0,2000.0,900.0,400.0,600.0,100.0
nonelderly_childless_hh,lowest_quintile,2013,21000.0,19000.0,14200.0,100.0,1000.0,1100.0,,200.0,1000.0,,,100.0,100.0,100.0,100.0,1200.0,1900.0,1000.0,400.0,500.0,100.0
nonelderly_childless_hh,lowest_quintile,2014,20700.0,19000.0,14300.0,100.0,900.0,1100.0,,200.0,1000.0,100.0,,100.0,100.0,100.0,100.0,900.0,1800.0,1100.0,400.0,200.0,
nonelderly_childless_hh,lowest_quintile,2015,21600.0,19900.0,14900.0,100.0,1000.0,1100.0,,200.0,1000.0,,,100.0,100.0,100.0,100.0,1100.0,1800.0,1100.0,400.0,200.0,
nonelderly_childless_hh,second_quintile,1979,29800.0,27200.0,20800.0,0.0,1100.0,1200.0,100.0,300.0,700.0,100.0,,800.0,100.0,100.0,300.0,1700.0,2600.0,1900.0,300.0,200.0,200.0
nonelderly_childless_hh,second_quintile,1980,28700.0,25900.0,19800.0,0.0,800.0,1200.0,100.0,200.0,700.0,100.0,,900.0,100.0,100.0,200.0,1600.0,2800.0,1900.0,300.0,400.0,100.0
nonelderly_childless_hh,second_quintile,1981,29000.0,26100.0,19900.0,0.0,900.0,1300.0,100.0,200.0,600.0,100.0,,1000.0,100.0,200.0,200.0,1600.0,2800.0,2000.0,400.0,400.0,100.0
nonelderly_childless_hh,second_quintile,1982,28500.0,25500.0,19500.0,0.0,1000.0,1300.0,100.0,100.0,600.0,100.0,,1100.0,100.0,200.0,100.0,1400.0,3000.0,1900.0,400.0,500.0,100.0
nonelderly_childless_hh,second_quintile,1983,27800.0,24800.0,18300.0,0.0,1100.0,1200.0,100.0,100.0,700.0,100.0,,1200.0,100.0,100.0,100.0,1600.0,3000.0,1900.0,400.0,500.0,200.0
nonelderly_childless_hh,second_quintile,1984,29600.0,26800.0,19500.0,,1100.0,1300.0,100.0,200.0,800.0,200.0,,1200.0,200.0,200.0,200.0,1900.0,2800.0,1800.0,400.0,400.0,200.0
nonelderly_childless_hh,second_quintile,1985,29700.0,27000.0,19900.0,100.0,1100.0,1400.0,100.0,200.0,900.0,100.0,,1100.0,100.0,200.0,200.0,1700.0,2800.0,1800.0,500.0,300.0,200.0
nonelderly_childless_hh,second_quintile,1986,29900.0,27000.0,20100.0,100.0,1100.0,1400.0,100.0,200.0,800.0,200.0,,800.0,200.0,200.0,100.0,1800.0,2900.0,1900.0,500.0,300.0,200.0
nonelderly_childless_hh,second_quintile,1987,29500.0,26800.0,19800.0,100.0,1100.0,1400.0,100.0,200.0,800.0,100.0,,900.0,200.0,200.0,200.0,1700.0,2700.0,1800.0,500.0,300.0,200.0
nonelderly_childless_hh,second_quintile,1988,30100.0,27600.0,20300.0,100.0,1100.0,1500.0,100.0,200.0,1000.0,100.0,,800.0,100.0,200.0,200.0,1800.0,2600.0,1700.0,500.0,300.0,100.0
nonelderly_childless_hh,second_quintile,1989,30900.0,28300.0,20900.0,100.0,1200.0,1500.0,100.0,200.0,1000.0,100.0,,800.0,100.0,200.0,200.0,2000.0,2600.0,1700.0,400.0,300.0,200.0
nonelderly_childless_hh,second_quintile,1990,31500.0,28700.0,21200.0,100.0,1200.0,1600.0,100.0,200.0,1000.0,100.0,,900.0,100.0,200.0,200.0,2000.0,2700.0,1800.0,500.0,300.0,200.0
nonelderly_childless_hh,second_quintile,1991,31100.0,28100.0,20700.0,100.0,1200.0,1600.0,100.0,200.0,1100.0,100.0,,800.0,100.0,100.0,200.0,1900.0,3000.0,1800.0,500.0,500.0,200.0
nonelderly_childless_hh,second_quintile,1992,31600.0,28400.0,20900.0,100.0,1300.0,1600.0,100.0,200.0,1000.0,100.0,,600.0,100.0,100.0,200.0,2100.0,3200.0,1800.0,600.0,700.0,200.0
nonelderly_childless_hh,second_quintile,1993,31800.0,28600.0,20700.0,100.0,1400.0,1600.0,100.0,200.0,1100.0,100.0,,500.0,100.0,200.0,200.0,2200.0,3200.0,1900.0,500.0,500.0,200.0
nonelderly_childless_hh,second_quintile,1994,31800.0,28900.0,21100.0,200.0,1600.0,1600.0,100.0,200.0,1000.0,100.0,,400.0,200.0,200.0,200.0,2100.0,3000.0,1800.0,600.0,400.0,100.0
nonelderly_childless_hh,second_quintile,1995,33700.0,30800.0,22500.0,200.0,1600.0,1700.0,100.0,300.0,900.0,100.0,,500.0,100.0,200.0,200.0,2400.0,2900.0,1800.0,600.0,300.0,100.0
nonelderly_childless_hh,second_quintile,1996,33400.0,30200.0,22000.0,300.0,1600.0,1700.0,100.0,300.0,1000.0,100.0,,500.0,100.0,200.0,200.0,2200.0,3200.0,1900.0,800.0,300.0,100.0
nonelderly_childless_hh,second_quintile,1997,34000.0,30700.0,22400.0,300.0,1500.0,1700.0,100.0,300.0,1100.0,200.0,,400.0,100.0,200.0,200.0,2200.0,3400.0,2000.0,900.0,300.0,100.0
nonelderly_childless_hh,second_quintile,1998,35500.0,32100.0,23600.0,300.0,1500.0,1800.0,100.0,300.0,1100.0,200.0,,400.0,100.0,200.0,200.0,2400.0,3400.0,2100.0,900.0,300.0,200.0
nonelderly_childless_hh,second_quintile,1999,36900.0,33600.0,24900.0,400.0,1500.0,1900.0,100.0,300.0,1000.0,300.0,,400.0,100.0,200.0,200.0,2400.0,3200.0,2000.0,800.0,300.0,100.0
nonelderly_childless_hh,second_quintile,2000,36800.0,33500.0,24500.0,400.0,1500.0,1900.0,100.0,300.0,1000.0,200.0,,500.0,100.0,200.0,200.0,2600.0,3300.0,2100.0,800.0,200.0,100.0
nonelderly_childless_hh,second_quintile,2001,36600.0,33000.0,24400.0,400.0,1600.0,1900.0,100.0,200.0,1100.0,,,400.0,100.0,200.0,100.0,2500.0,3600.0,2200.0,900.0,400.0,100.0
nonelderly_childless_hh,second_quintile,2002,36500.0,32900.0,24400.0,200.0,1800.0,1800.0,100.0,200.0,1000.0,,,300.0,100.0,100.0,100.0,2700.0,3600.0,2100.0,800.0,600.0,100.0
nonelderly_childless_hh,second_quintile,2003,36700.0,32900.0,24200.0,200.0,1900.0,1800.0,100.0,200.0,900.0,,,300.0,100.0,200.0,100.0,2700.0,3800.0,2200.0,800.0,600.0,200.0
nonelderly_childless_hh,second_quintile,2004,37800.0,34200.0,25000.0,300.0,2100.0,1900.0,100.0,300.0,1100.0,100.0,,200.0,200.0,100.0,100.0,2700.0,3600.0,2200.0,900.0,400.0,100.0
nonelderly_childless_hh,second_quintile,2005,38500.0,34700.0,25300.0,300.0,2300.0,1900.0,100.0,400.0,1000.0,100.0,,200.0,100.0,200.0,200.0,2600.0,3800.0,2400.0,900.0,300.0,100.0
nonelderly_childless_hh,second_quintile,2006,39800.0,36100.0,26400.0,300.0,2300.0,2000.0,100.0,400.0,1100.0,100.0,,300.0,100.0,100.0,200.0,2600.0,3700.0,2300.0,1000.0,300.0,100.0
nonelderly_childless_hh,second_quintile,2007,41300.0,37400.0,27800.0,400.0,2100.0,2100.0,100.0,400.0,1100.0,200.0,,300.0,100.0,200.0,200.0,2500.0,3900.0,2300.0,1100.0,300.0,100.0
nonelderly_childless_hh,second_quintile,2008,40500.0,36400.0,27300.0,300.0,2100.0,2100.0,100.0,200.0,1000.0,,,300.0,100.0,200.0,100.0,2600.0,4000.0,2200.0,1200.0,500.0,100.0
nonelderly_childless_hh,second_quintile,2009,40000.0,35100.0,26200.0,300.0,2100.0,2000.0,100.0,200.0,900.0,,,300.0,100.0,200.0,100.0,2700.0,4900.0,2200.0,1100.0,1500.0,100.0
nonelderly_childless_hh,second_quintile,2010,39900.0,34800.0,25800.0,300.0,2000.0,1900.0,100.0,200.0,1000.0,,,200.0,200.0,100.0,100.0,2800.0,5100.0,2400.0,1100.0,1500.0,100.0
nonelderly_childless_hh,second_quintile,2011,39000.0,34100.0,25300.0,300.0,2000.0,1900.0,100.0,200.0,1200.0,100.0,,100.0,100.0,200.0,100.0,2500.0,4900.0,2500.0,1300.0,1100.0,100.0
nonelderly_childless_hh,second_quintile,2012,39200.0,34700.0,25500.0,300.0,2100.0,1900.0,,300.0,1300.0,,,100.0,100.0,200.0,100.0,2700.0,4500.0,2400.0,1200.0,800.0,100.0
nonelderly_childless_hh,second_quintile,2013,40000.0,35600.0,26500.0,300.0,2000.0,2000.0,,300.0,1300.0,100.0,,100.0,100.0,100.0,100.0,2600.0,4400.0,2600.0,1100.0,500.0,100.0
nonelderly_childless_hh,second_quintile,2014,40100.0,36100.0,27000.0,300.0,2000.0,2000.0,,300.0,1200.0,100.0,,100.0,100.0,100.0,100.0,2600.0,4000.0,2500.0,1100.0,300.0,100.0
nonelderly_childless_hh,second_quintile,2015,42300.0,38400.0,28700.0,400.0,2200.0,2200.0,,300.0,1300.0,100.0,,100.0,100.0,100.0,100.0,2700.0,3800.0,2400.0,1100.0,300.0,100.0
nonelderly_childless_hh,middle_quintile,1979,45600.0,43400.0,34200.0,0.0,1800.0,2000.0,100.0,500.0,1100.0,100.0,,1100.0,200.0,200.0,400.0,1900.0,2100.0,1400.0,300.0,300.0,100.0
nonelderly_childless_hh,middle_quintile,1980,44300.0,41900.0,33200.0,0.0,1400.0,1900.0,100.0,400.0,900.0,100.0,,1200.0,100.0,200.0,300.0,1900.0,2500.0,1600.0,300.0,500.0,100.0
nonelderly_childless_hh,middle_quintile,1981,44500.0,41800.0,33000.0,0.0,1400.0,2100.0,100.0,300.0,800.0,100.0,,1600.0,100.0,200.0,300.0,1800.0,2700.0,1700.0,300.0,500.0,200.0
nonelderly_childless_hh,middle_quintile,1982,43900.0,41000.0,32200.0,0.0,1600.0,2000.0,100.0,200.0,800.0,100.0,,1600.0,100.0,300.0,200.0,1800.0,2900.0,1700.0,300.0,700.0,200.0
nonelderly_childless_hh,middle_quintile,1983,44100.0,41200.0,31600.0,0.0,1700.0,2000.0,100.0,200.0,1000.0,200.0,,1500.0,200.0,200.0,200.0,2100.0,2900.0,1600.0,400.0,700.0,200.0
nonelderly_childless_hh,middle_quintile,1984,46900.0,44400.0,33400.0,100.0,1800.0,2200.0,100.0,300.0,1300.0,200.0,,1700.0,200.0,300.0,300.0,2400.0,2500.0,1500.0,400.0,400.0,200.0
nonelderly_childless_hh,middle_quintile,1985,47300.0,44900.0,34300.0,200.0,1800.0,2400.0,100.0,300.0,1100.0,100.0,,1600.0,200.0,300.0,200.0,2300.0,2400.0,1400.0,400.0,400.0,200.0
nonelderly_childless_hh,middle_quintile,1986,48400.0,45800.0,34900.0,200.0,1800.0,2400.0,100.0,300.0,1200.0,300.0,100.0,1400.0,200.0,300.0,200.0,2300.0,2500.0,1500.0,400.0,400.0,200.0
nonelderly_childless_hh,middle_quintile,1987,48500.0,45900.0,34700.0,200.0,2000.0,2400.0,100.0,300.0,1400.0,200.0,,1300.0,100.0,300.0,300.0,2300.0,2600.0,1600.0,400.0,300.0,200.0
nonelderly_childless_hh,middle_quintile,1988,48700.0,46100.0,34300.0,300.0,2000.0,2500.0,100.0,300.0,1500.0,200.0,,1300.0,200.0,300.0,300.0,2800.0,2600.0,1700.0,400.0,300.0,200.0
nonelderly_childless_hh,middle_quintile,1989,49300.0,46800.0,35000.0,300.0,2100.0,2600.0,100.0,300.0,1400.0,200.0,,1300.0,200.0,300.0,300.0,2700.0,2500.0,1500.0,400.0,300.0,300.0
nonelderly_childless_hh,middle_quintile,1990,49600.0,46800.0,35300.0,300.0,2100.0,2600.0,100.0,300.0,1300.0,100.0,,1200.0,200.0,300.0,200.0,2700.0,2800.0,1600.0,500.0,400.0,300.0
nonelderly_childless_hh,middle_quintile,1991,49000.0,46100.0,34400.0,300.0,2100.0,2600.0,100.0,300.0,1300.0,200.0,,1200.0,200.0,300.0,300.0,3000.0,2900.0,1600.0,500.0,500.0,200.0
nonelderly_childless_hh,middle_quintile,1992,49400.0,45900.0,34200.0,400.0,2200.0,2600.0,100.0,300.0,1600.0,200.0,,800.0,200.0,300.0,200.0,2900.0,3400.0,1900.0,600.0,700.0,200.0
nonelderly_childless_hh,middle_quintile,1993,48800.0,45400.0,33600.0,400.0,2500.0,2500.0,100.0,400.0,1400.0,200.0,,600.0,200.0,300.0,300.0,3000.0,3400.0,1900.0,600.0,600.0,300.0
nonelderly_childless_hh,middle_quintile,1994,49300.0,46300.0,34400.0,400.0,2500.0,2600.0,100.0,400.0,1300.0,200.0,,600.0,200.0,300.0,300.0,3000.0,3000.0,1800.0,600.0,400.0,200.0
nonelderly_childless_hh,middle_quintile,1995,51300.0,47900.0,35600.0,600.0,2600.0,2700.0,100.0,400.0,1200.0,200.0,,700.0,200.0,300.0,300.0,3000.0,3400.0,2000.0,800.0,400.0,200.0
nonelderly_childless_hh,middle_quintile,1996,52500.0,49200.0,36500.0,700.0,2700.0,2700.0,100.0,500.0,1200.0,300.0,,700.0,200.0,300.0,300.0,3100.0,3300.0,1900.0,800.0,400.0,200.0
nonelderly_childless_hh,middle_quintile,1997,53200.0,50000.0,37200.0,700.0,2500.0,2800.0,100.0,500.0,1300.0,300.0,,600.0,200.0,300.0,300.0,3300.0,3300.0,1900.0,800.0,300.0,200.0
nonelderly_childless_hh,middle_quintile,1998,55700.0,52300.0,38900.0,800.0,2400.0,2900.0,100.0,400.0,1500.0,400.0,,600.0,200.0,300.0,300.0,3500.0,3400.0,2000.0,900.0,300.0,200.0
nonelderly_childless_hh,middle_quintile,1999,57000.0,53600.0,40100.0,900.0,2400.0,3000.0,100.0,500.0,1300.0,400.0,,600.0,200.0,300.0,300.0,3500.0,3300.0,2000.0,800.0,300.0,200.0
nonelderly_childless_hh,middle_quintile,2000,57500.0,53900.0,39900.0,900.0,2500.0,3000.0,100.0,400.0,1400.0,400.0,,600.0,200.0,300.0,200.0,3800.0,3600.0,2200.0,900.0,300.0,200.0
nonelderly_childless_hh,middle_quintile,2001,56600.0,52400.0,39400.0,900.0,2400.0,3000.0,100.0,300.0,1200.0,100.0,,600.0,200.0,300.0,200.0,3700.0,4200.0,2500.0,1100.0,500.0,200.0
nonelderly_childless_hh,middle_quintile,2002,55500.0,51000.0,38500.0,600.0,2700.0,2900.0,100.0,300.0,1300.0,,,500.0,200.0,200.0,100.0,3500.0,4500.0,2600.0,1100.0,600.0,200.0
nonelderly_childless_hh,middle_quintile,2003,55900.0,51400.0,38300.0,700.0,2900.0,2900.0,100.0,400.0,1300.0,,,400.0,200.0,200.0,200.0,3800.0,4500.0,2500.0,1200.0,700.0,200.0
nonelderly_childless_hh,middle_quintile,2004,57100.0,52500.0,38800.0,700.0,3300.0,2900.0,100.0,500.0,1500.0,100.0,,400.0,200.0,200.0,200.0,3800.0,4500.0,2700.0,1300.0,400.0,200.0
nonelderly_childless_hh,middle_quintile,2005,58100.0,53300.0,39000.0,700.0,3600.0,3000.0,100.0,600.0,1300.0,200.0,,300.0,200.0,200.0,200.0,3800.0,4800.0,2900.0,1400.0,400.0,100.0
nonelderly_childless_hh,middle_quintile,2006,59400.0,54500.0,39800.0,800.0,3500.0,3000.0,100.0,700.0,1400.0,300.0,,400.0,200.0,200.0,300.0,3900.0,4900.0,2800.0,1600.0,300.0,200.0
nonelderly_childless_hh,middle_quintile,2007,61900.0,56700.0,41700.0,800.0,3300.0,3200.0,100.0,600.0,1400.0,300.0,,500.0,200.0,300.0,200.0,4100.0,5200.0,2900.0,1700.0,400.0,200.0
nonelderly_childless_hh,middle_quintile,2008,60200.0,54900.0,41000.0,800.0,3300.0,3100.0,100.0,300.0,1200.0,,,500.0,200.0,300.0,100.0,4000.0,5300.0,2900.0,1700.0,500.0,200.0
nonelderly_childless_hh,middle_quintile,2009,59200.0,52800.0,39300.0,700.0,3400.0,3000.0,100.0,300.0,1300.0,,,400.0,200.0,200.0,100.0,3900.0,6400.0,3000.0,1800.0,1400.0,200.0
nonelderly_childless_hh,middle_quintile,2010,59600.0,52600.0,39000.0,700.0,3300.0,2900.0,100.0,400.0,1400.0,,,300.0,200.0,200.0,100.0,4000.0,7000.0,3500.0,1900.0,1500.0,200.0
nonelderly_childless_hh,middle_quintile,2011,58100.0,51700.0,38000.0,700.0,3200.0,2900.0,100.0,400.0,1400.0,100.0,,200.0,200.0,300.0,200.0,4200.0,6400.0,3300.0,2000.0,1000.0,200.0
nonelderly_childless_hh,middle_quintile,2012,58000.0,51700.0,38100.0,700.0,3200.0,2900.0,100.0,400.0,1500.0,100.0,,200.0,200.0,200.0,100.0,4000.0,6300.0,3400.0,2000.0,800.0,100.0
nonelderly_childless_hh,middle_quintile,2013,59700.0,53800.0,39900.0,800.0,3100.0,3000.0,100.0,500.0,1400.0,200.0,,100.0,200.0,200.0,200.0,4100.0,5900.0,3400.0,1800.0,600.0,100.0
nonelderly_childless_hh,middle_quintile,2014,60300.0,54500.0,40700.0,800.0,3200.0,3100.0,100.0,500.0,1400.0,200.0,,100.0,200.0,200.0,200.0,3800.0,5800.0,3400.0,1900.0,400.0,100.0
nonelderly_childless_hh,middle_quintile,2015,63800.0,58200.0,43400.0,900.0,3500.0,3300.0,100.0,500.0,1600.0,200.0,,100.0,200.0,200.0,200.0,4100.0,5600.0,3400.0,1800.0,300.0,200.0
nonelderly_childless_hh,fourth_quintile,1979,65800.0,64000.0,51300.0,0.0,2400.0,2900.0,200.0,700.0,1500.0,300.0,,1600.0,200.0,300.0,600.0,2100.0,1800.0,1100.0,200.0,300.0,200.0
nonelderly_childless_hh,fourth_quintile,1980,64800.0,62800.0,50200.0,0.0,2000.0,2900.0,200.0,500.0,1400.0,300.0,,2100.0,200.0,300.0,500.0,2100.0,2100.0,1200.0,200.0,500.0,200.0
nonelderly_childless_hh,fourth_quintile,1981,65700.0,63600.0,51000.0,0.0,2100.0,3200.0,100.0,400.0,1300.0,200.0,,2200.0,200.0,400.0,400.0,2100.0,2100.0,1200.0,200.0,500.0,100.0
nonelderly_childless_hh,fourth_quintile,1982,65700.0,63500.0,50600.0,0.0,2300.0,3200.0,200.0,300.0,1100.0,200.0,,2500.0,200.0,400.0,200.0,2200.0,2200.0,1100.0,200.0,700.0,200.0
nonelderly_childless_hh,fourth_quintile,1983,66300.0,64100.0,50600.0,0.0,2500.0,3200.0,200.0,400.0,1400.0,300.0,,2300.0,200.0,400.0,300.0,2300.0,2200.0,1100.0,200.0,600.0,200.0
nonelderly_childless_hh,fourth_quintile,1984,69600.0,67600.0,52200.0,300.0,2500.0,3400.0,200.0,400.0,1900.0,400.0,100.0,2500.0,300.0,400.0,400.0,2600.0,2000.0,1100.0,300.0,400.0,200.0
nonelderly_childless_hh,fourth_quintile,1985,70100.0,68500.0,53500.0,400.0,2600.0,3600.0,200.0,400.0,1500.0,400.0,100.0,2300.0,200.0,400.0,300.0,2600.0,1700.0,1000.0,200.0,300.0,200.0
nonelderly_childless_hh,fourth_quintile,1986,72800.0,70900.0,55100.0,500.0,2600.0,3800.0,200.0,500.0,1600.0,600.0,100.0,2200.0,200.0,400.0,400.0,2700.0,1900.0,1100.0,300.0,400.0,200.0
nonelderly_childless_hh,fourth_quintile,1987,72900.0,71100.0,54700.0,600.0,2900.0,3700.0,200.0,500.0,1800.0,500.0,100.0,1900.0,200.0,600.0,500.0,3000.0,1900.0,1000.0,200.0,400.0,200.0
nonelderly_childless_hh,fourth_quintile,1988,73800.0,72000.0,54800.0,700.0,3000.0,4000.0,100.0,600.0,1900.0,300.0,100.0,2000.0,200.0,500.0,500.0,3300.0,1800.0,1000.0,200.0,300.0,300.0
nonelderly_childless_hh,fourth_quintile,1989,74400.0,72600.0,54600.0,800.0,3100.0,3900.0,100.0,500.0,2100.0,400.0,100.0,2100.0,200.0,500.0,500.0,3600.0,1900.0,1000.0,300.0,300.0,300.0
nonelderly_childless_hh,fourth_quintile,1990,73800.0,71600.0,54500.0,800.0,3200.0,4000.0,100.0,500.0,1800.0,200.0,100.0,1900.0,200.0,400.0,400.0,3500.0,2200.0,1300.0,400.0,400.0,200.0
nonelderly_childless_hh,fourth_quintile,1991,73700.0,71300.0,54000.0,800.0,3100.0,4000.0,100.0,500.0,1900.0,300.0,100.0,1800.0,300.0,500.0,400.0,3600.0,2400.0,1300.0,300.0,500.0,300.0
nonelderly_childless_hh,fourth_quintile,1992,74000.0,71200.0,54000.0,900.0,3400.0,4000.0,100.0,500.0,1700.0,300.0,100.0,1300.0,300.0,400.0,400.0,3800.0,2800.0,1400.0,400.0,600.0,300.0
nonelderly_childless_hh,fourth_quintile,1993,74600.0,71800.0,54000.0,1000.0,3800.0,4000.0,100.0,600.0,1700.0,400.0,100.0,1000.0,300.0,400.0,400.0,3900.0,2800.0,1400.0,500.0,600.0,200.0
nonelderly_childless_hh,fourth_quintile,1994,75200.0,72900.0,54600.0,1100.0,4000.0,4000.0,100.0,600.0,1700.0,400.0,100.0,900.0,300.0,400.0,500.0,4000.0,2300.0,1300.0,400.0,400.0,200.0
nonelderly_childless_hh,fourth_quintile,1995,76500.0,74100.0,54900.0,1300.0,4000.0,4100.0,100.0,700.0,1900.0,400.0,100.0,1100.0,300.0,400.0,500.0,4200.0,2500.0,1400.0,500.0,400.0,200.0
nonelderly_childless_hh,fourth_quintile,1996,79100.0,76700.0,57000.0,1600.0,3900.0,4300.0,100.0,700.0,1800.0,500.0,100.0,1000.0,300.0,500.0,500.0,4300.0,2400.0,1300.0,500.0,400.0,200.0
nonelderly_childless_hh,fourth_quintile,1997,80600.0,78300.0,58300.0,1600.0,3500.0,4400.0,100.0,700.0,2000.0,700.0,100.0,1100.0,200.0,500.0,500.0,4400.0,2300.0,1300.0,500.0,300.0,200.0
nonelderly_childless_hh,fourth_quintile,1998,84200.0,82000.0,61300.0,1900.0,3500.0,4600.0,100.0,700.0,2000.0,700.0,100.0,1000.0,300.0,400.0,400.0,4800.0,2300.0,1300.0,500.0,300.0,200.0
nonelderly_childless_hh,fourth_quintile,1999,86300.0,83900.0,62400.0,2100.0,3400.0,4700.0,100.0,700.0,2000.0,1000.0,100.0,1000.0,300.0,500.0,400.0,5300.0,2300.0,1300.0,500.0,300.0,200.0
nonelderly_childless_hh,fourth_quintile,2000,87600.0,85100.0,62700.0,2200.0,3600.0,4800.0,100.0,700.0,2000.0,900.0,100.0,1000.0,300.0,600.0,400.0,5800.0,2500.0,1400.0,600.0,300.0,200.0
nonelderly_childless_hh,fourth_quintile,2001,86700.0,84000.0,62600.0,2200.0,3700.0,4800.0,100.0,500.0,2000.0,300.0,100.0,900.0,300.0,400.0,300.0,5800.0,2700.0,1500.0,600.0,400.0,200.0
nonelderly_childless_hh,fourth_quintile,2002,85400.0,82000.0,61600.0,1600.0,4000.0,4600.0,100.0,400.0,1800.0,100.0,100.0,700.0,300.0,400.0,300.0,5900.0,3400.0,1800.0,700.0,700.0,200.0
nonelderly_childless_hh,fourth_quintile,2003,86000.0,82200.0,61000.0,1800.0,4500.0,4600.0,100.0,600.0,1900.0,100.0,100.0,600.0,300.0,400.0,300.0,5900.0,3800.0,2000.0,800.0,700.0,300.0
nonelderly_childless_hh,fourth_quintile,2004,89200.0,85500.0,62600.0,1900.0,5200.0,4700.0,100.0,700.0,2100.0,300.0,100.0,500.0,300.0,400.0,400.0,6100.0,3800.0,2100.0,900.0,500.0,200.0
nonelderly_childless_hh,fourth_quintile,2005,90300.0,86600.0,62700.0,2000.0,5400.0,4700.0,100.0,1000.0,2200.0,500.0,100.0,600.0,300.0,400.0,400.0,6200.0,3700.0,2200.0,900.0,400.0,200.0
nonelderly_childless_hh,fourth_quintile,2006,93100.0,89000.0,64600.0,2100.0,5500.0,4900.0,100.0,1100.0,2200.0,600.0,100.0,800.0,300.0,400.0,500.0,6000.0,4100.0,2300.0,1100.0,400.0,300.0
nonelderly_childless_hh,fourth_quintile,2007,95800.0,91700.0,66600.0,2200.0,5200.0,5100.0,100.0,900.0,2100.0,800.0,100.0,900.0,200.0,500.0,500.0,6500.0,4100.0,2300.0,1200.0,400.0,200.0
nonelderly_childless_hh,fourth_quintile,2008,93700.0,89300.0,65800.0,2200.0,5200.0,5000.0,100.0,600.0,1900.0,200.0,100.0,700.0,300.0,400.0,200.0,6700.0,4300.0,2300.0,1200.0,600.0,200.0
nonelderly_childless_hh,fourth_quintile,2009,91000.0,85400.0,63100.0,2000.0,5200.0,4800.0,100.0,400.0,2000.0,,100.0,500.0,300.0,400.0,200.0,6400.0,5600.0,2600.0,1400.0,1400.0,200.0
nonelderly_childless_hh,fourth_quintile,2010,90700.0,84300.0,61900.0,1900.0,5000.0,4700.0,100.0,600.0,2100.0,100.0,100.0,400.0,200.0,400.0,200.0,6700.0,6300.0,3200.0,1600.0,1400.0,200.0
nonelderly_childless_hh,fourth_quintile,2011,90200.0,84700.0,61700.0,1900.0,5100.0,4700.0,100.0,600.0,2100.0,300.0,100.0,300.0,300.0,500.0,300.0,6800.0,5500.0,2900.0,1500.0,1000.0,100.0
nonelderly_childless_hh,fourth_quintile,2012,91500.0,86200.0,62900.0,2000.0,5100.0,4800.0,100.0,700.0,2200.0,200.0,100.0,300.0,400.0,400.0,300.0,6800.0,5300.0,2800.0,1600.0,800.0,200.0
nonelderly_childless_hh,fourth_quintile,2013,94000.0,88900.0,65200.0,2100.0,5000.0,5000.0,100.0,800.0,2200.0,400.0,,200.0,400.0,400.0,300.0,6900.0,5100.0,3000.0,1400.0,600.0,100.0
nonelderly_childless_hh,fourth_quintile,2014,96400.0,91600.0,67500.0,2200.0,5000.0,5100.0,100.0,900.0,2300.0,600.0,,200.0,300.0,400.0,400.0,6700.0,4800.0,2800.0,1400.0,400.0,200.0
nonelderly_childless_hh,fourth_quintile,2015,100300.0,95800.0,70600.0,2300.0,5300.0,5400.0,100.0,800.0,2500.0,600.0,100.0,200.0,300.0,400.0,300.0,6900.0,4500.0,2700.0,1300.0,300.0,200.0
nonelderly_childless_hh,highest_quintile,1979,130300.0,128900.0,88100.0,0.0,3300.0,3900.0,200.0,1200.0,8300.0,7300.0,400.0,5200.0,1100.0,2900.0,4100.0,3100.0,1400.0,800.0,100.0,300.0,200.0
nonelderly_childless_hh,highest_quintile,1980,127700.0,126100.0,87500.0,0.0,2800.0,3900.0,200.0,900.0,6900.0,6500.0,300.0,6400.0,1100.0,2900.0,3200.0,3200.0,1600.0,900.0,100.0,500.0,100.0
nonelderly_childless_hh,highest_quintile,1981,128700.0,127100.0,88000.0,0.0,2900.0,4400.0,200.0,800.0,5600.0,6400.0,400.0,8000.0,1300.0,3200.0,2600.0,3300.0,1600.0,1000.0,200.0,300.0,200.0
nonelderly_childless_hh,highest_quintile,1982,131300.0,129300.0,89500.0,0.0,3300.0,4600.0,200.0,500.0,5600.0,7200.0,600.0,7700.0,1400.0,3500.0,1600.0,3800.0,1900.0,1100.0,200.0,500.0,200.0
nonelderly_childless_hh,highest_quintile,1983,134700.0,132900.0,91100.0,0.0,3400.0,4700.0,200.0,600.0,6100.0,9100.0,700.0,6700.0,1200.0,2700.0,2000.0,4300.0,1800.0,1100.0,200.0,400.0,100.0
nonelderly_childless_hh,highest_quintile,1984,144600.0,142900.0,94900.0,700.0,3300.0,5100.0,200.0,800.0,8800.0,10100.0,900.0,7400.0,1200.0,2500.0,2400.0,4500.0,1800.0,1000.0,200.0,300.0,200.0
nonelderly_childless_hh,highest_quintile,1985,147800.0,146000.0,95700.0,1000.0,3500.0,5300.0,200.0,700.0,7600.0,12400.0,1100.0,7400.0,1200.0,3100.0,2400.0,4500.0,1700.0,1100.0,200.0,200.0,200.0
nonelderly_childless_hh,highest_quintile,1986,160800.0,159100.0,99400.0,1200.0,3600.0,5600.0,200.0,800.0,8100.0,21900.0,1200.0,6200.0,1000.0,2900.0,2500.0,4400.0,1700.0,1000.0,200.0,300.0,200.0
nonelderly_childless_hh,highest_quintile,1987,154400.0,152900.0,102600.0,1300.0,4200.0,5700.0,200.0,1000.0,9500.0,8400.0,1400.0,6400.0,1200.0,3000.0,3000.0,5100.0,1500.0,800.0,200.0,200.0,200.0
nonelderly_childless_hh,highest_quintile,1988,168100.0,166500.0,107000.0,1500.0,4500.0,6000.0,200.0,1100.0,12800.0,9700.0,1600.0,7200.0,1200.0,3700.0,3400.0,6800.0,1600.0,900.0,200.0,200.0,300.0
nonelderly_childless_hh,highest_quintile,1989,165800.0,164000.0,105800.0,1700.0,4600.0,6100.0,200.0,1000.0,12300.0,8200.0,1600.0,7900.0,1300.0,3400.0,3100.0,6700.0,1700.0,900.0,200.0,200.0,400.0
nonelderly_childless_hh,highest_quintile,1990,166300.0,164600.0,106200.0,1700.0,4600.0,6200.0,200.0,1000.0,13100.0,6800.0,1900.0,8200.0,1400.0,3400.0,3200.0,6800.0,1800.0,900.0,200.0,300.0,300.0
nonelderly_childless_hh,highest_quintile,1991,160400.0,158500.0,104700.0,1700.0,4600.0,6200.0,100.0,900.0,12000.0,5600.0,1800.0,6700.0,1400.0,3000.0,2700.0,7000.0,2000.0,900.0,300.0,400.0,400.0
nonelderly_childless_hh,highest_quintile,1992,167700.0,165700.0,109100.0,2100.0,5200.0,6400.0,100.0,1000.0,13700.0,6200.0,1700.0,5100.0,1500.0,2800.0,3100.0,7600.0,2000.0,900.0,300.0,500.0,400.0
nonelderly_childless_hh,highest_quintile,1993,165000.0,162900.0,106400.0,2300.0,5700.0,6300.0,100.0,1100.0,13000.0,7000.0,1700.0,4000.0,1700.0,2800.0,3600.0,7200.0,2100.0,1100.0,300.0,400.0,300.0
nonelderly_childless_hh,highest_quintile,1994,167600.0,165500.0,107100.0,2500.0,6200.0,6600.0,100.0,1200.0,14100.0,7000.0,1600.0,3700.0,1500.0,2800.0,3900.0,7200.0,2100.0,1200.0,300.0,300.0,300.0
nonelderly_childless_hh,highest_quintile,1995,174000.0,172000.0,110400.0,3000.0,5900.0,6900.0,100.0,1300.0,13500.0,7900.0,1600.0,4300.0,1800.0,3100.0,4300.0,7900.0,2000.0,1200.0,400.0,300.0,200.0
nonelderly_childless_hh,highest_quintile,1996,183700.0,181600.0,114100.0,3500.0,5900.0,7000.0,100.0,1400.0,14600.0,11600.0,1500.0,4500.0,1500.0,3200.0,4500.0,8100.0,2100.0,1200.0,400.0,300.0,200.0
nonelderly_childless_hh,highest_quintile,1997,196200.0,194100.0,119200.0,3500.0,5300.0,7200.0,100.0,1500.0,15900.0,16100.0,1400.0,4600.0,1600.0,3800.0,4900.0,8800.0,2100.0,1100.0,400.0,200.0,400.0
nonelderly_childless_hh,highest_quintile,1998,208400.0,206300.0,124600.0,3900.0,5100.0,7500.0,100.0,1400.0,17400.0,20000.0,1500.0,4700.0,1600.0,3700.0,4800.0,9900.0,2100.0,1300.0,400.0,200.0,200.0
nonelderly_childless_hh,highest_quintile,1999,217700.0,215500.0,129200.0,4200.0,5200.0,7800.0,100.0,1400.0,17700.0,23100.0,1400.0,4500.0,1700.0,3900.0,4800.0,10400.0,2100.0,1300.0,400.0,200.0,300.0
nonelderly_childless_hh,highest_quintile,2000,227600.0,225600.0,134200.0,4400.0,5300.0,8000.0,100.0,1400.0,17600.0,24900.0,1700.0,5200.0,1700.0,4600.0,4800.0,11600.0,2100.0,1200.0,400.0,200.0,300.0
nonelderly_childless_hh,highest_quintile,2001,208500.0,206500.0,133000.0,4500.0,5600.0,8200.0,100.0,1000.0,17400.0,12200.0,1400.0,4500.0,1700.0,3100.0,3100.0,10500.0,2100.0,1200.0,400.0,300.0,200.0
nonelderly_childless_hh,highest_quintile,2002,197600.0,194900.0,127600.0,5200.0,6100.0,8000.0,100.0,900.0,17100.0,8200.0,1300.0,3100.0,1500.0,2300.0,2600.0,10900.0,2600.0,1400.0,500.0,600.0,300.0
nonelderly_childless_hh,highest_quintile,2003,202800.0,200400.0,127700.0,6500.0,7000.0,8100.0,100.0,1200.0,17400.0,9900.0,1200.0,2600.0,1600.0,2600.0,3700.0,10800.0,2300.0,1100.0,500.0,500.0,200.0
nonelderly_childless_hh,highest_quintile,2004,218100.0,215600.0,130100.0,6700.0,7800.0,8100.0,100.0,1500.0,20000.0,15800.0,1200.0,2700.0,1700.0,3500.0,5000.0,11600.0,2500.0,1300.0,500.0,400.0,200.0
nonelderly_childless_hh,highest_quintile,2005,240700.0,238100.0,132600.0,7000.0,8200.0,8100.0,100.0,2000.0,25000.0,23900.0,1500.0,3900.0,1800.0,4300.0,7300.0,12300.0,2700.0,1500.0,500.0,300.0,400.0
nonelderly_childless_hh,highest_quintile,2006,245200.0,242300.0,134200.0,7300.0,7900.0,8200.0,100.0,2200.0,24300.0,24900.0,1800.0,5000.0,1700.0,4900.0,7600.0,12300.0,2900.0,1700.0,700.0,300.0,300.0
nonelderly_childless_hh,highest_quintile,2007,250000.0,247400.0,139500.0,7700.0,7800.0,8600.0,100.0,2000.0,23200.0,25200.0,1800.0,5500.0,1700.0,5400.0,6000.0,12900.0,2600.0,1500.0,600.0,200.0,200.0
nonelderly_childless_hh,highest_quintile,2008,231900.0,229000.0,138900.0,7600.0,7700.0,8600.0,100.0,1200.0,22100.0,13000.0,1800.0,4300.0,2000.0,4900.0,3700.0,13200.0,2900.0,1600.0,700.0,400.0,200.0
nonelderly_childless_hh,highest_quintile,2009,214800.0,211100.0,133900.0,7200.0,7900.0,8600.0,100.0,900.0,20400.0,6400.0,1500.0,3000.0,1600.0,3500.0,2700.0,13300.0,3800.0,1900.0,700.0,1100.0,100.0
nonelderly_childless_hh,highest_quintile,2010,221300.0,217600.0,135400.0,7300.0,7800.0,8500.0,100.0,1300.0,20000.0,9300.0,1500.0,2400.0,1700.0,3800.0,3700.0,14900.0,3700.0,1800.0,800.0,1000.0,200.0
nonelderly_childless_hh,highest_quintile,2011,223300.0,219800.0,137300.0,7400.0,7800.0,8600.0,100.0,1300.0,20800.0,9500.0,1400.0,2000.0,1800.0,3800.0,3700.0,14400.0,3500.0,1900.0,800.0,700.0,100.0
nonelderly_childless_hh,highest_quintile,2012,237700.0,234200.0,140800.0,7400.0,7500.0,8700.0,100.0,1500.0,23300.0,15600.0,1300.0,1900.0,2000.0,5400.0,4600.0,14200.0,3500.0,1900.0,800.0,600.0,200.0
nonelderly_childless_hh,highest_quintile,2013,233700.0,230600.0,142400.0,7800.0,7500.0,9000.0,100.0,1600.0,23200.0,11600.0,1200.0,1700.0,1900.0,4100.0,4700.0,13800.0,3100.0,1700.0,600.0,400.0,300.0
nonelderly_childless_hh,highest_quintile,2014,244700.0,241500.0,146100.0,7900.0,7500.0,9200.0,100.0,1800.0,24500.0,16000.0,1100.0,1600.0,2100.0,4700.0,5200.0,13900.0,3200.0,1900.0,800.0,300.0,300.0
nonelderly_childless_hh,highest_quintile,2015,248100.0,245300.0,150400.0,8400.0,7800.0,9500.0,100.0,1700.0,24000.0,15500.0,1000.0,1500.0,1700.0,4300.0,4700.0,14500.0,2800.0,1700.0,700.0,300.0,100.0
nonelderly_childless_hh,percentiles_81_90,1979,90600.0,89100.0,71000.0,0.0,3100.0,3800.0,200.0,900.0,2400.0,800.0,,2600.0,300.0,600.0,1100.0,2300.0,1500.0,900.0,200.0,300.0,200.0
nonelderly_childless_hh,percentiles_81_90,1980,89000.0,87200.0,69500.0,0.0,2600.0,3800.0,200.0,800.0,2200.0,600.0,,3200.0,400.0,600.0,900.0,2400.0,1800.0,900.0,200.0,600.0,100.0
nonelderly_childless_hh,percentiles_81_90,1981,90500.0,88600.0,70000.0,0.0,2700.0,4100.0,200.0,600.0,1900.0,500.0,100.0,4100.0,400.0,700.0,700.0,2700.0,1900.0,1100.0,200.0,500.0,200.0
nonelderly_childless_hh,percentiles_81_90,1982,91100.0,89200.0,70100.0,0.0,3000.0,4200.0,200.0,400.0,1800.0,500.0,100.0,4300.0,600.0,900.0,500.0,2700.0,2000.0,1000.0,200.0,600.0,200.0
nonelderly_childless_hh,percentiles_81_90,1983,92000.0,90100.0,71000.0,0.0,3100.0,4300.0,200.0,500.0,2000.0,700.0,100.0,3500.0,400.0,600.0,500.0,3100.0,1900.0,1000.0,200.0,500.0,100.0
nonelderly_childless_hh,percentiles_81_90,1984,98100.0,96400.0,74800.0,500.0,3100.0,4700.0,200.0,600.0,3000.0,600.0,100.0,4000.0,300.0,600.0,600.0,3100.0,1700.0,900.0,200.0,300.0,200.0
nonelderly_childless_hh,percentiles_81_90,1985,97000.0,95300.0,73400.0,800.0,3200.0,4800.0,200.0,600.0,2400.0,800.0,100.0,3700.0,400.0,800.0,600.0,3500.0,1700.0,1000.0,200.0,300.0,200.0
nonelderly_childless_hh,percentiles_81_90,1986,101700.0,100000.0,77900.0,1000.0,3300.0,5200.0,200.0,600.0,2700.0,1200.0,100.0,3200.0,300.0,700.0,500.0,3200.0,1700.0,1000.0,200.0,400.0,200.0
nonelderly_childless_hh,percentiles_81_90,1987,102500.0,101000.0,77600.0,1000.0,3800.0,5200.0,200.0,800.0,2700.0,900.0,200.0,2800.0,400.0,900.0,800.0,3800.0,1500.0,800.0,200.0,300.0,200.0
nonelderly_childless_hh,percentiles_81_90,1988,103600.0,101900.0,77500.0,1200.0,4000.0,5400.0,200.0,800.0,2900.0,600.0,200.0,2700.0,300.0,800.0,700.0,4600.0,1700.0,900.0,200.0,200.0,300.0
nonelderly_childless_hh,percentiles_81_90,1989,105600.0,103900.0,78200.0,1400.0,4100.0,5500.0,200.0,800.0,3100.0,700.0,200.0,3200.0,400.0,800.0,800.0,4600.0,1700.0,900.0,200.0,200.0,300.0
nonelderly_childless_hh,percentiles_81_90,1990,103800.0,101900.0,76700.0,1400.0,4100.0,5500.0,200.0,700.0,2900.0,500.0,200.0,3100.0,400.0,800.0,700.0,4900.0,1900.0,1000.0,200.0,400.0,300.0
nonelderly_childless_hh,percentiles_81_90,1991,102300.0,100300.0,75600.0,1300.0,4100.0,5400.0,100.0,600.0,2800.0,500.0,200.0,2600.0,400.0,800.0,600.0,5200.0,2000.0,900.0,300.0,500.0,300.0
nonelderly_childless_hh,percentiles_81_90,1992,102600.0,100300.0,75400.0,1600.0,4600.0,5400.0,100.0,700.0,2700.0,700.0,200.0,1900.0,300.0,700.0,600.0,5300.0,2300.0,1000.0,300.0,600.0,400.0
nonelderly_childless_hh,percentiles_81_90,1993,103800.0,101600.0,75800.0,1800.0,5100.0,5500.0,100.0,800.0,2600.0,900.0,200.0,1500.0,400.0,700.0,800.0,5300.0,2300.0,1200.0,300.0,500.0,300.0
nonelderly_childless_hh,percentiles_81_90,1994,105300.0,103300.0,77100.0,2000.0,5300.0,5600.0,100.0,900.0,3000.0,600.0,200.0,1300.0,500.0,600.0,700.0,5400.0,2000.0,1000.0,300.0,400.0,200.0
nonelderly_childless_hh,percentiles_81_90,1995,108200.0,106000.0,78200.0,2400.0,5200.0,5800.0,100.0,1000.0,2600.0,700.0,300.0,1600.0,500.0,900.0,900.0,6000.0,2200.0,1300.0,400.0,300.0,200.0
nonelderly_childless_hh,percentiles_81_90,1996,111400.0,109300.0,79800.0,2800.0,5100.0,5900.0,100.0,1000.0,2700.0,1200.0,200.0,1700.0,500.0,1000.0,1000.0,6200.0,2100.0,1200.0,400.0,300.0,200.0
nonelderly_childless_hh,percentiles_81_90,1997,114700.0,112600.0,82700.0,3000.0,4600.0,6100.0,100.0,1100.0,3200.0,1400.0,200.0,1500.0,500.0,1000.0,900.0,6400.0,2100.0,1100.0,400.0,300.0,300.0
nonelderly_childless_hh,percentiles_81_90,1998,119600.0,117400.0,86400.0,3300.0,4500.0,6400.0,100.0,1000.0,3300.0,1700.0,100.0,1600.0,400.0,900.0,800.0,6800.0,2200.0,1300.0,400.0,200.0,200.0
nonelderly_childless_hh,percentiles_81_90,1999,123600.0,121100.0,88500.0,3700.0,4500.0,6600.0,100.0,1000.0,3600.0,2200.0,100.0,1500.0,500.0,900.0,800.0,7000.0,2500.0,1400.0,400.0,200.0,400.0
nonelderly_childless_hh,percentiles_81_90,2000,125600.0,123300.0,89000.0,3800.0,4600.0,6600.0,100.0,1000.0,3300.0,2000.0,100.0,1700.0,400.0,1100.0,800.0,8500.0,2400.0,1400.0,400.0,300.0,300.0
nonelderly_childless_hh,percentiles_81_90,2001,123700.0,121600.0,89600.0,3800.0,4900.0,6700.0,100.0,700.0,3600.0,800.0,200.0,1600.0,500.0,800.0,500.0,7700.0,2100.0,1100.0,400.0,400.0,200.0
nonelderly_childless_hh,percentiles_81_90,2002,121600.0,118600.0,88200.0,3500.0,5300.0,6500.0,100.0,600.0,3000.0,400.0,200.0,1100.0,400.0,600.0,500.0,8000.0,3000.0,1500.0,600.0,700.0,200.0
nonelderly_childless_hh,percentiles_81_90,2003,124400.0,121800.0,88700.0,4000.0,6100.0,6600.0,100.0,800.0,3700.0,400.0,200.0,900.0,500.0,600.0,600.0,8600.0,2600.0,1200.0,500.0,600.0,300.0
nonelderly_childless_hh,percentiles_81_90,2004,128500.0,125600.0,89900.0,4200.0,6900.0,6700.0,100.0,1100.0,3800.0,900.0,100.0,800.0,400.0,800.0,700.0,9200.0,3000.0,1600.0,600.0,500.0,300.0
nonelderly_childless_hh,percentiles_81_90,2005,130600.0,127800.0,90500.0,4400.0,7300.0,6800.0,100.0,1400.0,3900.0,1300.0,100.0,1000.0,400.0,800.0,800.0,8900.0,2900.0,1600.0,600.0,300.0,300.0
nonelderly_childless_hh,percentiles_81_90,2006,134300.0,131200.0,92500.0,4600.0,7100.0,6900.0,100.0,1600.0,3700.0,1600.0,200.0,1400.0,500.0,1000.0,1000.0,8900.0,3100.0,1800.0,700.0,300.0,300.0
nonelderly_childless_hh,percentiles_81_90,2007,138900.0,135700.0,95600.0,4900.0,6800.0,7200.0,100.0,1400.0,4200.0,1800.0,100.0,1500.0,500.0,1000.0,900.0,9600.0,3200.0,1800.0,800.0,300.0,300.0
nonelderly_childless_hh,percentiles_81_90,2008,135700.0,132100.0,94800.0,4800.0,6900.0,7100.0,100.0,800.0,3400.0,600.0,200.0,1300.0,500.0,1000.0,500.0,10200.0,3500.0,2100.0,800.0,500.0,200.0
nonelderly_childless_hh,percentiles_81_90,2009,131900.0,127300.0,92500.0,4200.0,7000.0,7000.0,100.0,600.0,3100.0,300.0,200.0,900.0,500.0,700.0,400.0,9700.0,4700.0,2500.0,900.0,1200.0,200.0
nonelderly_childless_hh,percentiles_81_90,2010,132700.0,128300.0,91700.0,4300.0,6900.0,6900.0,100.0,900.0,3700.0,400.0,200.0,700.0,600.0,800.0,500.0,10500.0,4400.0,2200.0,1000.0,1100.0,100.0
nonelderly_childless_hh,percentiles_81_90,2011,133600.0,129500.0,92600.0,4500.0,6900.0,6900.0,100.0,900.0,3900.0,600.0,200.0,600.0,500.0,900.0,500.0,10400.0,4100.0,2100.0,900.0,800.0,200.0
nonelderly_childless_hh,percentiles_81_90,2012,135800.0,131700.0,94700.0,4600.0,6900.0,7100.0,100.0,1000.0,3800.0,700.0,100.0,400.0,700.0,800.0,500.0,10300.0,4000.0,2100.0,1000.0,700.0,300.0
nonelderly_childless_hh,percentiles_81_90,2013,138900.0,135100.0,97400.0,4800.0,6800.0,7400.0,100.0,1100.0,4200.0,1000.0,100.0,400.0,500.0,900.0,700.0,9700.0,3800.0,2000.0,800.0,500.0,500.0
nonelderly_childless_hh,percentiles_81_90,2014,142200.0,138400.0,98800.0,4900.0,6800.0,7500.0,100.0,1300.0,4500.0,1500.0,100.0,400.0,600.0,1000.0,800.0,10300.0,3800.0,2300.0,1000.0,300.0,300.0
nonelderly_childless_hh,percentiles_81_90,2015,148100.0,144700.0,103700.0,5300.0,7100.0,7900.0,100.0,1200.0,4600.0,1300.0,100.0,300.0,600.0,900.0,700.0,10900.0,3400.0,2000.0,900.0,300.0,200.0
nonelderly_childless_hh,percentiles_91_95,1979,115800.0,114500.0,88600.0,0.0,3500.0,4300.0,200.0,1200.0,4700.0,1500.0,100.0,3900.0,600.0,1100.0,1700.0,3100.0,1300.0,700.0,100.0,400.0,200.0
nonelderly_childless_hh,percentiles_91_95,1980,114400.0,112800.0,87100.0,0.0,3000.0,4300.0,200.0,900.0,4000.0,1600.0,100.0,5200.0,600.0,1300.0,1600.0,3000.0,1600.0,900.0,100.0,500.0,100.0
nonelderly_childless_hh,percentiles_91_95,1981,115600.0,114100.0,87500.0,0.0,3100.0,4700.0,200.0,800.0,3400.0,1100.0,100.0,6400.0,600.0,1600.0,1200.0,3400.0,1500.0,900.0,200.0,300.0,200.0
nonelderly_childless_hh,percentiles_91_95,1982,116000.0,114100.0,88800.0,0.0,3400.0,4900.0,200.0,500.0,3100.0,900.0,100.0,5500.0,500.0,1800.0,700.0,3700.0,1900.0,1100.0,200.0,400.0,200.0
nonelderly_childless_hh,percentiles_91_95,1983,119200.0,117500.0,90700.0,0.0,3600.0,5100.0,200.0,600.0,3600.0,1500.0,200.0,5300.0,700.0,1200.0,900.0,3900.0,1700.0,1100.0,200.0,300.0,100.0
nonelderly_childless_hh,percentiles_91_95,1984,126900.0,125100.0,93400.0,800.0,3500.0,5500.0,200.0,800.0,5100.0,2300.0,200.0,6100.0,600.0,1300.0,1100.0,4300.0,1800.0,1100.0,200.0,300.0,300.0
nonelderly_childless_hh,percentiles_91_95,1985,126100.0,124300.0,94200.0,1100.0,3600.0,5700.0,200.0,700.0,3500.0,2000.0,200.0,5500.0,600.0,1300.0,1000.0,4700.0,1800.0,1100.0,200.0,200.0,300.0
nonelderly_childless_hh,percentiles_91_95,1986,133000.0,131300.0,98200.0,1400.0,3600.0,6100.0,200.0,800.0,4600.0,3700.0,300.0,4600.0,700.0,1400.0,1000.0,4700.0,1700.0,1000.0,200.0,300.0,200.0
nonelderly_childless_hh,percentiles_91_95,1987,134400.0,132900.0,99900.0,1500.0,4300.0,6200.0,200.0,1000.0,4300.0,2000.0,400.0,4500.0,600.0,1500.0,1400.0,5300.0,1500.0,800.0,200.0,200.0,200.0
nonelderly_childless_hh,percentiles_91_95,1988,138100.0,136300.0,100800.0,1700.0,4700.0,6500.0,200.0,1000.0,4500.0,1800.0,400.0,4500.0,500.0,1800.0,1400.0,6400.0,1800.0,900.0,200.0,200.0,400.0
nonelderly_childless_hh,percentiles_91_95,1989,139200.0,137300.0,100200.0,2000.0,4800.0,6500.0,200.0,1000.0,5300.0,1700.0,600.0,5000.0,600.0,1900.0,1400.0,6300.0,1900.0,900.0,200.0,200.0,500.0
nonelderly_childless_hh,percentiles_91_95,1990,136500.0,134700.0,99100.0,1900.0,4800.0,6600.0,200.0,900.0,4900.0,1400.0,500.0,4900.0,700.0,1600.0,1300.0,5900.0,1800.0,1000.0,300.0,300.0,300.0
nonelderly_childless_hh,percentiles_91_95,1991,133900.0,131700.0,97000.0,1900.0,4800.0,6600.0,200.0,800.0,5000.0,1300.0,500.0,4100.0,600.0,1400.0,1100.0,6200.0,2300.0,1100.0,300.0,400.0,500.0
nonelderly_childless_hh,percentiles_91_95,1992,137100.0,135000.0,98800.0,2400.0,5500.0,6700.0,100.0,900.0,4700.0,1500.0,500.0,3400.0,800.0,1400.0,1300.0,7000.0,2100.0,1000.0,300.0,500.0,400.0
nonelderly_childless_hh,percentiles_91_95,1993,138000.0,135800.0,98700.0,2600.0,5900.0,6700.0,100.0,1000.0,5900.0,1600.0,400.0,2300.0,900.0,1500.0,1400.0,6700.0,2200.0,1200.0,400.0,400.0,200.0
nonelderly_childless_hh,percentiles_91_95,1994,139300.0,137400.0,100600.0,2700.0,6400.0,7000.0,100.0,1100.0,5500.0,1400.0,500.0,2000.0,700.0,1400.0,1400.0,6400.0,2000.0,1100.0,300.0,400.0,200.0
nonelderly_childless_hh,percentiles_91_95,1995,143400.0,141400.0,102200.0,3500.0,6000.0,7200.0,100.0,1200.0,4700.0,1800.0,600.0,2300.0,1200.0,1500.0,1700.0,7400.0,2100.0,1300.0,400.0,300.0,100.0
nonelderly_childless_hh,percentiles_91_95,1996,148700.0,146200.0,105100.0,4000.0,5900.0,7400.0,100.0,1300.0,5000.0,2300.0,500.0,2800.0,800.0,1600.0,1700.0,7600.0,2500.0,1500.0,500.0,300.0,200.0
nonelderly_childless_hh,percentiles_91_95,1997,154200.0,152200.0,109300.0,4000.0,5400.0,7500.0,100.0,1400.0,5500.0,3300.0,400.0,2800.0,900.0,1900.0,1800.0,7800.0,2000.0,1100.0,400.0,200.0,300.0
nonelderly_childless_hh,percentiles_91_95,1998,160500.0,158500.0,111900.0,4500.0,5200.0,7800.0,100.0,1300.0,6700.0,4000.0,400.0,2700.0,1000.0,1900.0,1700.0,9400.0,2000.0,1200.0,400.0,200.0,200.0
nonelderly_childless_hh,percentiles_91_95,1999,165800.0,163800.0,114700.0,4800.0,5100.0,8000.0,100.0,1300.0,6700.0,5300.0,400.0,2400.0,900.0,2100.0,1700.0,10000.0,2000.0,1300.0,400.0,200.0,100.0
nonelderly_childless_hh,percentiles_91_95,2000,169200.0,167200.0,118100.0,4900.0,5300.0,8200.0,100.0,1300.0,6700.0,4700.0,300.0,2800.0,900.0,2200.0,1600.0,10200.0,2000.0,1200.0,400.0,200.0,300.0
nonelderly_childless_hh,percentiles_91_95,2001,165100.0,163000.0,118800.0,5200.0,5500.0,8400.0,100.0,900.0,6200.0,1700.0,400.0,2500.0,800.0,1300.0,900.0,10300.0,2100.0,1200.0,400.0,300.0,200.0
nonelderly_childless_hh,percentiles_91_95,2002,161900.0,159500.0,116100.0,5800.0,6200.0,8300.0,100.0,800.0,6000.0,1000.0,300.0,1800.0,700.0,1100.0,800.0,10500.0,2400.0,1300.0,400.0,500.0,200.0
nonelderly_childless_hh,percentiles_91_95,2003,165100.0,162800.0,117300.0,7000.0,7000.0,8400.0,100.0,1100.0,5700.0,1300.0,400.0,1400.0,700.0,1000.0,1000.0,10500.0,2300.0,1200.0,500.0,500.0,100.0
nonelderly_childless_hh,percentiles_91_95,2004,169800.0,167600.0,117500.0,7400.0,7800.0,8400.0,100.0,1400.0,6200.0,2400.0,300.0,1200.0,900.0,1300.0,1300.0,11300.0,2200.0,1200.0,400.0,400.0,200.0
nonelderly_childless_hh,percentiles_91_95,2005,179200.0,176300.0,119400.0,7900.0,8500.0,8600.0,100.0,1900.0,8000.0,3600.0,300.0,1700.0,900.0,1600.0,1800.0,12000.0,2800.0,1500.0,500.0,300.0,500.0
nonelderly_childless_hh,percentiles_91_95,2006,183300.0,180000.0,120500.0,8000.0,8200.0,8600.0,100.0,2000.0,8200.0,4200.0,400.0,2300.0,1000.0,1900.0,2100.0,12500.0,3200.0,1700.0,700.0,300.0,500.0
nonelderly_childless_hh,percentiles_91_95,2007,190100.0,187800.0,126800.0,8700.0,8200.0,9100.0,100.0,1800.0,7900.0,4200.0,400.0,2900.0,900.0,2200.0,1800.0,12800.0,2300.0,1300.0,600.0,200.0,200.0
nonelderly_childless_hh,percentiles_91_95,2008,181100.0,178300.0,124500.0,8100.0,8000.0,9000.0,100.0,1100.0,7000.0,1300.0,400.0,2200.0,1000.0,2000.0,1000.0,12600.0,2800.0,1600.0,700.0,400.0,200.0
nonelderly_childless_hh,percentiles_91_95,2009,177100.0,173800.0,122600.0,7700.0,8300.0,8900.0,100.0,800.0,6600.0,700.0,400.0,1500.0,1000.0,1300.0,700.0,13200.0,3300.0,1600.0,500.0,1100.0,100.0
nonelderly_childless_hh,percentiles_91_95,2010,180300.0,177000.0,122900.0,7800.0,8100.0,8900.0,100.0,1200.0,7100.0,1100.0,400.0,1100.0,900.0,1400.0,900.0,15000.0,3300.0,1600.0,700.0,900.0,200.0
nonelderly_childless_hh,percentiles_91_95,2011,182200.0,178700.0,125000.0,7800.0,8100.0,9000.0,100.0,1200.0,7700.0,1000.0,400.0,800.0,1100.0,1500.0,900.0,14100.0,3400.0,1900.0,700.0,700.0,100.0
nonelderly_childless_hh,percentiles_91_95,2012,185000.0,181400.0,127000.0,8100.0,7800.0,9200.0,100.0,1400.0,8300.0,1500.0,400.0,700.0,1100.0,1800.0,1000.0,13000.0,3600.0,2100.0,800.0,600.0,200.0
nonelderly_childless_hh,percentiles_91_95,2013,189500.0,186800.0,128800.0,8400.0,8000.0,9500.0,100.0,1500.0,8500.0,2700.0,300.0,600.0,1000.0,1600.0,1400.0,14500.0,2700.0,1600.0,500.0,400.0,200.0
nonelderly_childless_hh,percentiles_91_95,2014,195400.0,192400.0,133100.0,8700.0,8000.0,9700.0,100.0,1700.0,8500.0,3300.0,300.0,600.0,1000.0,2000.0,1500.0,13900.0,3100.0,1800.0,700.0,300.0,300.0
nonelderly_childless_hh,percentiles_91_95,2015,200900.0,198200.0,137600.0,9200.0,8200.0,10000.0,100.0,1600.0,8200.0,3100.0,400.0,700.0,1000.0,1800.0,1500.0,14800.0,2600.0,1600.0,700.0,300.0,100.0
nonelderly_childless_hh,percentiles_96_99,1979,166300.0,165200.0,108600.0,0.0,3600.0,4000.0,200.0,1400.0,15700.0,7900.0,400.0,8200.0,1800.0,3800.0,5400.0,4100.0,1100.0,700.0,100.0,200.0,200.0
nonelderly_childless_hh,percentiles_96_99,1980,162000.0,160600.0,108000.0,0.0,3100.0,4100.0,200.0,1100.0,12200.0,6300.0,400.0,10500.0,1600.0,3900.0,4200.0,4900.0,1400.0,800.0,200.0,300.0,100.0
nonelderly_childless_hh,percentiles_96_99,1981,162800.0,161400.0,109300.0,0.0,3200.0,4600.0,200.0,900.0,10800.0,5500.0,400.0,12500.0,1700.0,4900.0,3300.0,4100.0,1400.0,800.0,200.0,200.0,200.0
nonelderly_childless_hh,percentiles_96_99,1982,163800.0,161900.0,112400.0,0.0,3600.0,5000.0,200.0,600.0,9800.0,4300.0,600.0,11600.0,1900.0,4600.0,1800.0,5500.0,1800.0,1100.0,200.0,300.0,200.0
nonelderly_childless_hh,percentiles_96_99,1983,167400.0,165700.0,112800.0,0.0,3800.0,5200.0,200.0,800.0,10300.0,7900.0,800.0,10100.0,1600.0,3800.0,2400.0,6000.0,1800.0,1200.0,200.0,200.0,100.0
nonelderly_childless_hh,percentiles_96_99,1984,179000.0,177200.0,118500.0,900.0,3500.0,5600.0,200.0,900.0,14700.0,7800.0,900.0,10200.0,1800.0,3700.0,2700.0,5800.0,1900.0,1200.0,200.0,200.0,300.0
nonelderly_childless_hh,percentiles_96_99,1985,182600.0,180800.0,121900.0,1400.0,3900.0,6000.0,200.0,900.0,11700.0,10200.0,1000.0,10300.0,1800.0,3700.0,2600.0,5400.0,1800.0,1200.0,300.0,200.0,100.0
nonelderly_childless_hh,percentiles_96_99,1986,197900.0,195900.0,126100.0,1500.0,4000.0,6200.0,200.0,1000.0,13800.0,18700.0,1500.0,8500.0,1700.0,3700.0,2800.0,6300.0,1900.0,1200.0,200.0,200.0,200.0
nonelderly_childless_hh,percentiles_96_99,1987,195500.0,194100.0,129800.0,1800.0,4800.0,6600.0,200.0,1300.0,13700.0,8500.0,2000.0,8700.0,2000.0,4100.0,3700.0,6900.0,1400.0,900.0,200.0,100.0,200.0
nonelderly_childless_hh,percentiles_96_99,1988,202100.0,200600.0,131100.0,1900.0,5200.0,6800.0,200.0,1300.0,16900.0,7700.0,1900.0,9600.0,2100.0,4200.0,3700.0,8000.0,1500.0,900.0,300.0,100.0,200.0
nonelderly_childless_hh,percentiles_96_99,1989,207700.0,206100.0,135400.0,2300.0,5500.0,6900.0,200.0,1300.0,16500.0,7300.0,2200.0,10100.0,1800.0,4300.0,3600.0,8700.0,1600.0,900.0,200.0,100.0,400.0
nonelderly_childless_hh,percentiles_96_99,1990,199400.0,197700.0,131800.0,2400.0,5400.0,7100.0,100.0,1200.0,15100.0,4900.0,2100.0,10200.0,1800.0,3800.0,3300.0,8500.0,1600.0,800.0,200.0,200.0,500.0
nonelderly_childless_hh,percentiles_96_99,1991,196300.0,194700.0,131500.0,2300.0,5300.0,7300.0,100.0,1100.0,15400.0,4700.0,1900.0,8100.0,1900.0,3500.0,2900.0,8800.0,1600.0,700.0,200.0,200.0,500.0
nonelderly_childless_hh,percentiles_96_99,1992,201800.0,200300.0,134700.0,2900.0,6200.0,7700.0,100.0,1200.0,16700.0,4700.0,2200.0,5600.0,2000.0,3300.0,3100.0,9700.0,1600.0,600.0,200.0,300.0,500.0
nonelderly_childless_hh,percentiles_96_99,1993,200900.0,199000.0,133000.0,3100.0,6600.0,7600.0,100.0,1400.0,15700.0,5600.0,1900.0,4700.0,2600.0,3400.0,3800.0,9500.0,1900.0,1000.0,300.0,300.0,300.0
nonelderly_childless_hh,percentiles_96_99,1994,208000.0,205300.0,137900.0,3300.0,7500.0,7900.0,100.0,1500.0,17200.0,4800.0,1800.0,4400.0,2000.0,3100.0,3700.0,9900.0,2700.0,1500.0,300.0,200.0,600.0
nonelderly_childless_hh,percentiles_96_99,1995,215300.0,213800.0,140900.0,4000.0,6800.0,8200.0,100.0,1700.0,17100.0,6500.0,1900.0,5200.0,2700.0,4100.0,4600.0,9900.0,1500.0,800.0,200.0,200.0,200.0
nonelderly_childless_hh,percentiles_96_99,1996,225600.0,223800.0,144900.0,4500.0,6800.0,8300.0,100.0,1800.0,20300.0,8400.0,1900.0,5300.0,2200.0,4300.0,4600.0,10400.0,1800.0,1200.0,300.0,200.0,
nonelderly_childless_hh,percentiles_96_99,1997,239500.0,236800.0,150000.0,4300.0,6000.0,8400.0,100.0,1800.0,20800.0,12500.0,1700.0,5500.0,2200.0,5400.0,5000.0,12800.0,2700.0,1200.0,400.0,200.0,900.0
nonelderly_childless_hh,percentiles_96_99,1998,251300.0,249300.0,157200.0,4600.0,6000.0,8700.0,100.0,1800.0,24800.0,13700.0,1400.0,5800.0,2300.0,4700.0,4500.0,13800.0,2000.0,1300.0,400.0,200.0,100.0
nonelderly_childless_hh,percentiles_96_99,1999,264200.0,262500.0,162200.0,4900.0,6200.0,9100.0,100.0,1800.0,25700.0,17700.0,1400.0,6100.0,2600.0,5300.0,4900.0,14700.0,1800.0,1100.0,300.0,200.0,200.0
nonelderly_childless_hh,percentiles_96_99,2000,270000.0,268400.0,169500.0,5100.0,6200.0,9400.0,100.0,1800.0,23300.0,16700.0,1700.0,6300.0,2500.0,5700.0,4600.0,15300.0,1700.0,1000.0,300.0,200.0,200.0
nonelderly_childless_hh,percentiles_96_99,2001,254900.0,252900.0,170000.0,5200.0,6700.0,9800.0,100.0,1200.0,22300.0,7800.0,1300.0,5300.0,2500.0,3900.0,2800.0,13900.0,2100.0,1300.0,300.0,200.0,200.0
nonelderly_childless_hh,percentiles_96_99,2002,244400.0,242100.0,164000.0,7900.0,7200.0,9700.0,100.0,1100.0,21100.0,5200.0,1100.0,3400.0,2100.0,2700.0,2300.0,14100.0,2300.0,1200.0,300.0,500.0,300.0
nonelderly_childless_hh,percentiles_96_99,2003,252100.0,249900.0,165500.0,10400.0,8600.0,10100.0,100.0,1600.0,22000.0,6500.0,1000.0,2800.0,2100.0,3100.0,3200.0,12800.0,2100.0,1100.0,400.0,500.0,200.0
nonelderly_childless_hh,percentiles_96_99,2004,265400.0,263500.0,166600.0,10800.0,9200.0,9800.0,100.0,2000.0,25000.0,11200.0,1100.0,2900.0,2500.0,3800.0,4400.0,14100.0,2000.0,1100.0,300.0,300.0,200.0
nonelderly_childless_hh,percentiles_96_99,2005,284200.0,282100.0,167200.0,11000.0,9600.0,9600.0,100.0,2600.0,29300.0,17300.0,1400.0,4100.0,2700.0,4800.0,6500.0,16100.0,2200.0,1200.0,400.0,200.0,300.0
nonelderly_childless_hh,percentiles_96_99,2006,297300.0,295000.0,175000.0,12100.0,8900.0,9800.0,100.0,2900.0,31800.0,17200.0,1700.0,5500.0,2600.0,5600.0,6800.0,15000.0,2200.0,1300.0,400.0,200.0,300.0
nonelderly_childless_hh,percentiles_96_99,2007,308100.0,306200.0,182100.0,12500.0,8900.0,10200.0,100.0,2600.0,31600.0,18400.0,2000.0,6600.0,2700.0,6800.0,5900.0,15800.0,1900.0,1200.0,400.0,200.0,100.0
nonelderly_childless_hh,percentiles_96_99,2008,286200.0,284600.0,181900.0,12900.0,9100.0,10500.0,100.0,1500.0,27000.0,7100.0,1800.0,5000.0,3000.0,5300.0,3100.0,16300.0,1600.0,800.0,400.0,300.0,100.0
nonelderly_childless_hh,percentiles_96_99,2009,268900.0,266200.0,175800.0,12500.0,9300.0,10700.0,100.0,1200.0,22800.0,3200.0,1600.0,3500.0,2100.0,3700.0,2100.0,17500.0,2600.0,1200.0,500.0,900.0,100.0
nonelderly_childless_hh,percentiles_96_99,2010,278500.0,275700.0,181600.0,12400.0,9100.0,10700.0,100.0,1700.0,23200.0,4500.0,1500.0,2600.0,2300.0,3700.0,2800.0,19400.0,2900.0,1200.0,500.0,900.0,200.0
nonelderly_childless_hh,percentiles_96_99,2011,281900.0,279200.0,184300.0,12400.0,9100.0,10800.0,100.0,1700.0,24600.0,4700.0,1500.0,2200.0,2700.0,4100.0,2800.0,18300.0,2700.0,1500.0,600.0,500.0,100.0
nonelderly_childless_hh,percentiles_96_99,2012,295500.0,293200.0,190000.0,12400.0,8600.0,10900.0,100.0,2100.0,29100.0,7600.0,1400.0,1900.0,2800.0,5000.0,3300.0,18000.0,2300.0,1300.0,500.0,400.0,100.0
nonelderly_childless_hh,percentiles_96_99,2013,298800.0,296700.0,192400.0,12900.0,8800.0,11300.0,100.0,2200.0,28900.0,8000.0,1400.0,1800.0,2800.0,4800.0,4300.0,17000.0,2100.0,1200.0,400.0,300.0,100.0
nonelderly_childless_hh,percentiles_96_99,2014,312200.0,309800.0,196700.0,13400.0,8600.0,11400.0,100.0,2400.0,30900.0,11800.0,1400.0,1700.0,3000.0,5900.0,5000.0,17600.0,2400.0,1500.0,500.0,200.0,200.0
nonelderly_childless_hh,percentiles_96_99,2015,321700.0,319700.0,204200.0,13900.0,8800.0,11600.0,100.0,2300.0,33000.0,11400.0,1300.0,1700.0,2800.0,5700.0,4700.0,18100.0,2000.0,1300.0,500.0,200.0,
nonelderly_childless_hh,top_1_percent,1979,516700.0,515800.0,189500.0,0.0,3500.0,2500.0,200.0,2400.0,65400.0,116500.0,6300.0,27700.0,10400.0,36000.0,47700.0,7700.0,900.0,500.0,100.0,100.0,200.0
nonelderly_childless_hh,top_1_percent,1980,503800.0,502800.0,205000.0,0.0,3100.0,2900.0,100.0,2100.0,55400.0,108300.0,5200.0,32300.0,10100.0,35700.0,36100.0,6500.0,1000.0,700.0,100.0,100.0,100.0
nonelderly_childless_hh,top_1_percent,1981,490000.0,489000.0,198000.0,0.0,3300.0,3400.0,100.0,1600.0,38800.0,111300.0,6000.0,42900.0,13800.0,33400.0,29200.0,7200.0,1000.0,600.0,200.0,100.0,
nonelderly_childless_hh,top_1_percent,1982,551100.0,549500.0,215800.0,0.0,3800.0,4700.0,100.0,1100.0,46300.0,139500.0,9600.0,45200.0,13000.0,39700.0,20700.0,9800.0,1500.0,1100.0,200.0,200.0,
nonelderly_childless_hh,top_1_percent,1983,552200.0,550600.0,215900.0,0.0,3600.0,4900.0,200.0,1500.0,47700.0,153600.0,11000.0,35300.0,11800.0,29200.0,24100.0,11800.0,1600.0,1100.0,200.0,200.0,200.0
nonelderly_childless_hh,top_1_percent,1984,601700.0,600100.0,215600.0,600.0,3100.0,4700.0,100.0,1600.0,68100.0,170400.0,13500.0,40600.0,12300.0,25200.0,29000.0,15300.0,1600.0,1100.0,200.0,200.0,100.0
nonelderly_childless_hh,top_1_percent,1985,689900.0,688200.0,235400.0,900.0,3900.0,4900.0,100.0,1700.0,70700.0,215000.0,19200.0,47200.0,11100.0,36200.0,31000.0,10800.0,1700.0,1200.0,200.0,100.0,200.0
nonelderly_childless_hh,top_1_percent,1986,822500.0,821400.0,227200.0,1000.0,4100.0,5100.0,100.0,1700.0,64800.0,377900.0,18100.0,38800.0,8500.0,33700.0,32400.0,8100.0,1100.0,700.0,100.0,200.0,
nonelderly_childless_hh,top_1_percent,1987,694300.0,692900.0,286800.0,1300.0,4500.0,5900.0,100.0,2600.0,100100.0,134600.0,19900.0,49600.0,11200.0,30100.0,35600.0,10500.0,1400.0,900.0,300.0,100.0,100.0
nonelderly_childless_hh,top_1_percent,1988,894900.0,893700.0,358600.0,1600.0,5800.0,6600.0,100.0,3300.0,150200.0,162200.0,21800.0,60200.0,11500.0,42800.0,42500.0,26500.0,1100.0,600.0,200.0,100.0,300.0
nonelderly_childless_hh,top_1_percent,1989,827600.0,826400.0,322600.0,1700.0,6000.0,6700.0,100.0,2900.0,142200.0,137600.0,21700.0,69900.0,12500.0,39200.0,38900.0,24300.0,1200.0,800.0,100.0,100.0,200.0
nonelderly_childless_hh,top_1_percent,1990,858200.0,856500.0,351300.0,1600.0,5700.0,6700.0,100.0,2900.0,159400.0,112600.0,26000.0,72100.0,14500.0,40200.0,39800.0,23700.0,1700.0,600.0,100.0,200.0,900.0
nonelderly_childless_hh,top_1_percent,1991,735100.0,734000.0,322900.0,1900.0,5700.0,6900.0,100.0,2500.0,129400.0,84900.0,23900.0,57000.0,13200.0,32300.0,32100.0,21200.0,1200.0,800.0,200.0,100.0,100.0
nonelderly_childless_hh,top_1_percent,1992,832900.0,831500.0,388700.0,2400.0,6300.0,8600.0,100.0,3200.0,158000.0,92900.0,21900.0,43900.0,14500.0,30100.0,37000.0,23900.0,1400.0,900.0,200.0,200.0,100.0
nonelderly_childless_hh,top_1_percent,1993,771600.0,770300.0,341800.0,2200.0,7000.0,7000.0,100.0,3300.0,143500.0,103500.0,22100.0,34600.0,15800.0,27200.0,42900.0,19400.0,1300.0,600.0,200.0,200.0,300.0
nonelderly_childless_hh,top_1_percent,1994,806900.0,805200.0,327800.0,2900.0,8700.0,9700.0,100.0,3400.0,164900.0,113400.0,22200.0,36200.0,15000.0,30500.0,51800.0,18600.0,1600.0,1100.0,200.0,100.0,300.0
nonelderly_childless_hh,top_1_percent,1995,857100.0,855400.0,359600.0,3000.0,9600.0,10700.0,100.0,4000.0,163000.0,124400.0,21100.0,40000.0,14500.0,31400.0,53500.0,20600.0,1600.0,500.0,100.0,100.0,900.0
nonelderly_childless_hh,top_1_percent,1996,953300.0,952500.0,389300.0,3200.0,9600.0,11200.0,100.0,4500.0,169600.0,185000.0,18400.0,39300.0,13700.0,30900.0,56900.0,20800.0,800.0,500.0,200.0,100.0,
nonelderly_childless_hh,top_1_percent,1997,1151000.0,1150200.0,447300.0,3100.0,8800.0,12200.0,100.0,5200.0,195900.0,267500.0,19900.0,44600.0,15400.0,39800.0,66600.0,23900.0,800.0,500.0,200.0,100.0,100.0
nonelderly_childless_hh,top_1_percent,1998,1308900.0,1307600.0,485500.0,3300.0,8400.0,12700.0,100.0,5100.0,208800.0,353100.0,23200.0,48000.0,15600.0,42200.0,70300.0,31200.0,1300.0,800.0,300.0,100.0,100.0
nonelderly_childless_hh,top_1_percent,1999,1311100.0,1310500.0,499300.0,3800.0,8300.0,13500.0,100.0,5200.0,196000.0,371800.0,20700.0,42200.0,15400.0,40200.0,65000.0,29000.0,600.0,300.0,100.0,100.0,
nonelderly_childless_hh,top_1_percent,2000,1421000.0,1420100.0,537600.0,3900.0,9200.0,14200.0,100.0,5300.0,201700.0,408100.0,25700.0,50200.0,15100.0,48300.0,65600.0,35100.0,900.0,500.0,200.0,100.0,
nonelderly_childless_hh,top_1_percent,2001,1111800.0,1110600.0,492500.0,4000.0,9400.0,14000.0,100.0,3400.0,200000.0,206400.0,21300.0,42200.0,15400.0,33700.0,42900.0,25300.0,1100.0,800.0,200.0,100.0,
nonelderly_childless_hh,top_1_percent,2002,963800.0,961900.0,429700.0,7500.0,9500.0,12900.0,100.0,2700.0,205500.0,141900.0,18900.0,29200.0,14300.0,24800.0,36900.0,28100.0,1900.0,800.0,300.0,300.0,600.0
nonelderly_childless_hh,top_1_percent,2003,1025000.0,1024100.0,430500.0,12600.0,10000.0,13000.0,100.0,3700.0,209000.0,173300.0,18300.0,26900.0,14900.0,30800.0,54400.0,26500.0,900.0,400.0,100.0,200.0,100.0
nonelderly_childless_hh,top_1_percent,2004,1242400.0,1241500.0,468600.0,10500.0,10300.0,13300.0,100.0,5000.0,251000.0,274000.0,17800.0,30100.0,15200.0,43400.0,74700.0,27600.0,1000.0,500.0,200.0,200.0,100.0
nonelderly_childless_hh,top_1_percent,2005,1593700.0,1592100.0,510500.0,10900.0,10100.0,13700.0,100.0,7100.0,333600.0,415200.0,23400.0,46500.0,18300.0,57200.0,112700.0,32800.0,1600.0,1000.0,400.0,100.0,100.0
nonelderly_childless_hh,top_1_percent,2006,1663300.0,1661800.0,505800.0,11100.0,9700.0,13600.0,100.0,7600.0,325100.0,458700.0,28200.0,60600.0,17000.0,65900.0,120400.0,37900.0,1500.0,900.0,500.0,100.0,
nonelderly_childless_hh,top_1_percent,2007,1607600.0,1606200.0,519200.0,11600.0,10300.0,14200.0,100.0,6600.0,291200.0,450000.0,28800.0,61200.0,15300.0,67800.0,90700.0,39000.0,1400.0,1000.0,300.0,100.0,
nonelderly_childless_hh,top_1_percent,2008,1365800.0,1364600.0,519700.0,11800.0,9800.0,14400.0,100.0,4000.0,300900.0,251400.0,27600.0,47300.0,19400.0,64500.0,58000.0,35600.0,1200.0,700.0,400.0,200.0,
nonelderly_childless_hh,top_1_percent,2009,1123900.0,1122800.0,468900.0,12900.0,9700.0,14100.0,100.0,2900.0,289200.0,126400.0,23400.0,33500.0,15800.0,47700.0,43600.0,34700.0,1200.0,400.0,200.0,500.0,
nonelderly_childless_hh,top_1_percent,2010,1195100.0,1194100.0,481900.0,13100.0,9600.0,14100.0,100.0,4100.0,267700.0,182100.0,22100.0,28200.0,16400.0,52100.0,60800.0,41700.0,1000.0,300.0,200.0,400.0,
nonelderly_childless_hh,top_1_percent,2011,1205400.0,1204200.0,491500.0,13000.0,9300.0,14300.0,100.0,4100.0,272600.0,185400.0,20000.0,25600.0,16200.0,48700.0,61000.0,42500.0,1200.0,800.0,100.0,300.0,
nonelderly_childless_hh,top_1_percent,2012,1496300.0,1494500.0,536900.0,12700.0,8600.0,14800.0,100.0,5300.0,318800.0,318500.0,19300.0,27300.0,18700.0,84200.0,81500.0,47900.0,1800.0,1000.0,400.0,200.0,100.0
nonelderly_childless_hh,top_1_percent,2013,1283100.0,1281300.0,506400.0,13600.0,7700.0,14700.0,100.0,5300.0,303100.0,203300.0,17900.0,23200.0,18800.0,54100.0,71500.0,41700.0,1800.0,1300.0,300.0,100.0,100.0
nonelderly_childless_hh,top_1_percent,2014,1429900.0,1428900.0,538700.0,13400.0,8400.0,14800.0,100.0,6100.0,326900.0,285100.0,15600.0,21900.0,20800.0,59200.0,80000.0,37800.0,1000.0,600.0,200.0,100.0,100.0
nonelderly_childless_hh,top_1_percent,2015,1420600.0,1419300.0,545400.0,14800.0,8600.0,15600.0,100.0,5700.0,319700.0,288800.0,14500.0,20400.0,14900.0,56000.0,74800.0,40000.0,1300.0,1000.0,300.0,100.0,
