household_type,income_group,year,market_income,social_insurance_benefits,inc_before_transfers_taxes,means_tested_transfers,federal_taxes,inc_after_transfers_taxes
all_households,all_quintiles,1979,60700.0,4600.0,65300.0,1400.0,14600.0,52000.0
all_households,all_quintiles,1980,58500.0,4900.0,63400.0,1400.0,14200.0,50600.0
all_households,all_quintiles,1981,58500.0,5100.0,63600.0,1500.0,14400.0,50700.0
all_households,all_quintiles,1982,58100.0,5600.0,63700.0,1400.0,13300.0,51900.0
all_households,all_quintiles,1983,58700.0,5700.0,64400.0,1400.0,13200.0,52600.0
all_households,all_quintiles,1984,62500.0,5500.0,68000.0,1400.0,14200.0,55300.0
all_households,all_quintiles,1985,63400.0,5600.0,69100.0,1500.0,14500.0,56100.0
all_households,all_quintiles,1986,67900.0,5800.0,73700.0,1500.0,15500.0,59800.0
all_households,all_quintiles,1987,65700.0,5700.0,71300.0,1500.0,15500.0,57300.0
all_households,all_quintiles,1988,68600.0,5700.0,74400.0,1500.0,16300.0,59600.0
all_households,all_quintiles,1989,69000.0,5800.0,74900.0,1600.0,16200.0,60300.0
all_households,all_quintiles,1990,68400.0,6100.0,74500.0,1800.0,16100.0,60100.0
all_households,all_quintiles,1991,66300.0,6400.0,72700.0,2000.0,15700.0,59000.0
all_households,all_quintiles,1992,68000.0,6700.0,74700.0,2200.0,16200.0,60700.0
all_households,all_quintiles,1993,68100.0,6900.0,75000.0,2300.0,16600.0,60700.0
all_households,all_quintiles,1994,69000.0,6900.0,75800.0,2400.0,17000.0,61100.0
all_households,all_quintiles,1995,72000.0,7100.0,79000.0,2400.0,17900.0,63500.0
all_households,all_quintiles,1996,74900.0,7200.0,82100.0,2300.0,18800.0,65600.0
all_households,all_quintiles,1997,78600.0,7300.0,85900.0,2200.0,19800.0,68300.0
all_households,all_quintiles,1998,83300.0,7200.0,90500.0,2300.0,20500.0,72300.0
all_households,all_quintiles,1999,87900.0,7000.0,94900.0,2400.0,21900.0,75400.0
all_households,all_quintiles,2000,90300.0,7100.0,97500.0,2500.0,22500.0,77500.0
all_households,all_quintiles,2001,84600.0,7500.0,92100.0,2700.0,19900.0,74900.0
all_households,all_quintiles,2002,80600.0,7900.0,88500.0,2900.0,18400.0,73000.0
all_households,all_quintiles,2003,82000.0,8000.0,90000.0,3100.0,17900.0,75200.0
all_households,all_quintiles,2004,87100.0,8000.0,95100.0,3300.0,19300.0,79100.0
all_households,all_quintiles,2005,92000.0,8200.0,100200.0,3300.0,20900.0,82600.0
all_households,all_quintiles,2006,95500.0,8600.0,104100.0,3200.0,21800.0,85500.0
all_households,all_quintiles,2007,98600.0,8700.0,107400.0,3300.0,22000.0,88700.0
all_households,all_quintiles,2008,90600.0,9100.0,99700.0,3500.0,18500.0,84700.0
all_households,all_quintiles,2009,83300.0,10500.0,93800.0,4000.0,16800.0,81000.0
all_households,all_quintiles,2010,85700.0,10500.0,96100.0,4100.0,17900.0,82300.0
all_households,all_quintiles,2011,85100.0,10200.0,95300.0,4100.0,17500.0,81900.0
all_households,all_quintiles,2012,89500.0,10300.0,99800.0,4100.0,18900.0,85000.0
all_households,all_quintiles,2013,88200.0,10300.0,98500.0,4200.0,20400.0,82300.0
all_households,all_quintiles,2014,91700.0,10300.0,102000.0,4900.0,21600.0,85300.0
all_households,all_quintiles,2015,94500.0,10500.0,105100.0,5200.0,22200.0,88200.0
all_households,lowest_quintile,1979,9900.0,5400.0,15300.0,4700.0,1400.0,18600.0
all_households,lowest_quintile,1980,9400.0,5300.0,14700.0,5000.0,1300.0,18400.0
all_households,lowest_quintile,1981,9500.0,5100.0,14600.0,5100.0,1400.0,18300.0
all_households,lowest_quintile,1982,9400.0,4600.0,14100.0,5300.0,1400.0,18000.0
all_households,lowest_quintile,1983,9300.0,4200.0,13400.0,5600.0,1500.0,17500.0
all_households,lowest_quintile,1984,10200.0,4300.0,14400.0,5200.0,1700.0,17900.0
all_households,lowest_quintile,1985,9900.0,4500.0,14300.0,5500.0,1700.0,18100.0
all_households,lowest_quintile,1986,10000.0,4200.0,14200.0,5600.0,1700.0,18200.0
all_households,lowest_quintile,1987,9400.0,4200.0,13700.0,5900.0,1500.0,18100.0
all_households,lowest_quintile,1988,9600.0,4500.0,14100.0,5900.0,1400.0,18600.0
all_households,lowest_quintile,1989,10400.0,4400.0,14800.0,6200.0,1400.0,19500.0
all_households,lowest_quintile,1990,10700.0,4500.0,15300.0,6700.0,1600.0,20300.0
all_households,lowest_quintile,1991,11000.0,4400.0,15300.0,7300.0,1600.0,21100.0
all_households,lowest_quintile,1992,11100.0,4300.0,15400.0,8000.0,1500.0,21800.0
all_households,lowest_quintile,1993,11300.0,4100.0,15400.0,8600.0,1500.0,22400.0
all_households,lowest_quintile,1994,11200.0,4200.0,15300.0,8400.0,1300.0,22500.0
all_households,lowest_quintile,1995,12200.0,4400.0,16500.0,8100.0,1300.0,23400.0
all_households,lowest_quintile,1996,12400.0,4100.0,16500.0,8000.0,1100.0,23400.0
all_households,lowest_quintile,1997,13000.0,4400.0,17500.0,7500.0,1200.0,23700.0
all_households,lowest_quintile,1998,14100.0,4500.0,18600.0,7700.0,1300.0,25000.0
all_households,lowest_quintile,1999,14500.0,4800.0,19300.0,7500.0,1400.0,25400.0
all_households,lowest_quintile,2000,14200.0,4900.0,19100.0,7500.0,1300.0,25300.0
all_households,lowest_quintile,2001,13900.0,4900.0,18800.0,8100.0,1100.0,25700.0
all_households,lowest_quintile,2002,13900.0,4700.0,18600.0,8600.0,1000.0,26100.0
all_households,lowest_quintile,2003,13600.0,4700.0,18300.0,9100.0,1000.0,26400.0
all_households,lowest_quintile,2004,13900.0,4600.0,18600.0,9200.0,1000.0,26800.0
all_households,lowest_quintile,2005,14400.0,4700.0,19100.0,9300.0,1000.0,27400.0
all_households,lowest_quintile,2006,15700.0,4300.0,20100.0,9200.0,1200.0,28100.0
all_households,lowest_quintile,2007,16800.0,4600.0,21400.0,9000.0,1100.0,29300.0
all_households,lowest_quintile,2008,16200.0,4800.0,21000.0,9500.0,200.0,30300.0
all_households,lowest_quintile,2009,15400.0,4700.0,20100.0,10900.0,-100.0,31100.0
all_households,lowest_quintile,2010,15700.0,4600.0,20200.0,11200.0,,31400.0
all_households,lowest_quintile,2011,15200.0,4700.0,19900.0,10900.0,100.0,30700.0
all_households,lowest_quintile,2012,14700.0,4400.0,19000.0,11200.0,200.0,30100.0
all_households,lowest_quintile,2013,15500.0,4200.0,19700.0,11500.0,500.0,30800.0
all_households,lowest_quintile,2014,14900.0,4300.0,19200.0,12900.0,400.0,31700.0
all_households,lowest_quintile,2015,15700.0,4600.0,20300.0,13400.0,300.0,33400.0
all_households,second_quintile,1979,30500.0,6200.0,36700.0,900.0,5500.0,32200.0
all_households,second_quintile,1980,28500.0,6700.0,35200.0,1000.0,5200.0,31000.0
all_households,second_quintile,1981,28100.0,6800.0,35000.0,1100.0,5300.0,30700.0
all_households,second_quintile,1982,26600.0,7500.0,34200.0,1000.0,4800.0,30400.0
all_households,second_quintile,1983,25800.0,7600.0,33400.0,900.0,4700.0,29600.0
all_households,second_quintile,1984,28400.0,7100.0,35500.0,900.0,5300.0,31100.0
all_households,second_quintile,1985,28400.0,7000.0,35400.0,900.0,5400.0,31000.0
all_households,second_quintile,1986,28400.0,7500.0,35900.0,1000.0,5400.0,31500.0
all_households,second_quintile,1987,27400.0,7700.0,35100.0,1000.0,5000.0,31000.0
all_households,second_quintile,1988,28000.0,7600.0,35600.0,1000.0,5200.0,31300.0
all_households,second_quintile,1989,28400.0,7600.0,36000.0,1100.0,5100.0,31900.0
all_households,second_quintile,1990,29400.0,7700.0,37100.0,1300.0,5600.0,32900.0
all_households,second_quintile,1991,28100.0,8200.0,36200.0,1600.0,5200.0,32500.0
all_households,second_quintile,1992,27200.0,8700.0,35900.0,1900.0,5000.0,32800.0
all_households,second_quintile,1993,26900.0,9100.0,36000.0,2100.0,5000.0,33100.0
all_households,second_quintile,1994,27100.0,9200.0,36300.0,2100.0,4900.0,33500.0
all_households,second_quintile,1995,29000.0,9200.0,38200.0,2300.0,5300.0,35200.0
all_households,second_quintile,1996,29200.0,8900.0,38200.0,2200.0,5200.0,35100.0
all_households,second_quintile,1997,30600.0,9100.0,39600.0,2200.0,5600.0,36200.0
all_households,second_quintile,1998,32400.0,9100.0,41500.0,2400.0,5500.0,38400.0
all_households,second_quintile,1999,34200.0,8700.0,42900.0,2500.0,5900.0,39600.0
all_households,second_quintile,2000,34500.0,8500.0,43000.0,2700.0,5800.0,39900.0
all_households,second_quintile,2001,33100.0,9400.0,42500.0,3000.0,5000.0,40500.0
all_households,second_quintile,2002,31600.0,9700.0,41300.0,3300.0,4600.0,40100.0
all_households,second_quintile,2003,30700.0,10200.0,40900.0,3700.0,4100.0,40400.0
all_households,second_quintile,2004,31700.0,10200.0,41900.0,3900.0,4300.0,41500.0
all_households,second_quintile,2005,32300.0,10100.0,42400.0,3900.0,4500.0,41800.0
all_households,second_quintile,2006,32900.0,10400.0,43300.0,3900.0,4600.0,42700.0
all_households,second_quintile,2007,35400.0,10000.0,45400.0,4000.0,5000.0,44400.0
all_households,second_quintile,2008,33100.0,10600.0,43800.0,4400.0,3400.0,44800.0
all_households,second_quintile,2009,30600.0,11800.0,42400.0,5100.0,3100.0,44500.0
all_households,second_quintile,2010,30900.0,11600.0,42500.0,5300.0,3300.0,44500.0
all_households,second_quintile,2011,30000.0,11700.0,41600.0,5400.0,3200.0,43900.0
all_households,second_quintile,2012,29800.0,11600.0,41400.0,5500.0,3200.0,43700.0
all_households,second_quintile,2013,30400.0,11700.0,42100.0,5500.0,3800.0,43800.0
all_households,second_quintile,2014,30700.0,11500.0,42200.0,6300.0,3800.0,44700.0
all_households,second_quintile,2015,32200.0,11900.0,44100.0,6700.0,4100.0,46800.0
all_households,middle_quintile,1979,52100.0,4200.0,56300.0,500.0,10800.0,46000.0
all_households,middle_quintile,1980,49700.0,4800.0,54400.0,400.0,10400.0,44500.0
all_households,middle_quintile,1981,49000.0,5100.0,54100.0,400.0,10500.0,44000.0
all_households,middle_quintile,1982,47500.0,5800.0,53300.0,300.0,9700.0,44000.0
all_households,middle_quintile,1983,46400.0,6200.0,52600.0,400.0,9200.0,43700.0
all_households,middle_quintile,1984,49800.0,5900.0,55700.0,400.0,10000.0,46000.0
all_households,middle_quintile,1985,49700.0,6100.0,55800.0,400.0,10100.0,46000.0
all_households,middle_quintile,1986,50300.0,6600.0,56900.0,400.0,10300.0,47000.0
all_households,middle_quintile,1987,49900.0,6600.0,56600.0,400.0,10100.0,46900.0
all_households,middle_quintile,1988,51100.0,6400.0,57500.0,400.0,10500.0,47500.0
all_households,middle_quintile,1989,51500.0,6600.0,58100.0,400.0,10500.0,48000.0
all_households,middle_quintile,1990,51500.0,6900.0,58500.0,500.0,10600.0,48400.0
all_households,middle_quintile,1991,49800.0,7600.0,57400.0,600.0,10200.0,47800.0
all_households,middle_quintile,1992,49700.0,7900.0,57700.0,700.0,10200.0,48200.0
all_households,middle_quintile,1993,49700.0,8100.0,57800.0,800.0,10200.0,48500.0
all_households,middle_quintile,1994,50200.0,7900.0,58100.0,900.0,10300.0,48600.0
all_households,middle_quintile,1995,52000.0,8100.0,60200.0,1000.0,10700.0,50400.0
all_households,middle_quintile,1996,52800.0,8300.0,61100.0,1000.0,10900.0,51200.0
all_households,middle_quintile,1997,54300.0,8000.0,62300.0,800.0,11300.0,51900.0
all_households,middle_quintile,1998,56200.0,8300.0,64500.0,900.0,11200.0,54100.0
all_households,middle_quintile,1999,58200.0,8200.0,66400.0,1100.0,11600.0,55800.0
all_households,middle_quintile,2000,58400.0,8400.0,66800.0,1200.0,11500.0,56400.0
all_households,middle_quintile,2001,57500.0,8900.0,66500.0,1300.0,10400.0,57300.0
all_households,middle_quintile,2002,55300.0,9800.0,65100.0,1500.0,9800.0,56800.0
all_households,middle_quintile,2003,55200.0,9900.0,65000.0,1600.0,9300.0,57300.0
all_households,middle_quintile,2004,57300.0,9700.0,67000.0,1800.0,9800.0,59000.0
all_households,middle_quintile,2005,58600.0,9700.0,68300.0,1800.0,10100.0,60000.0
all_households,middle_quintile,2006,58700.0,10300.0,69000.0,1700.0,10300.0,60400.0
all_households,middle_quintile,2007,61100.0,10300.0,71400.0,1900.0,10600.0,62700.0
all_households,middle_quintile,2008,58200.0,11000.0,69200.0,2000.0,8500.0,62800.0
all_households,middle_quintile,2009,54800.0,12900.0,67700.0,2400.0,8000.0,62100.0
all_households,middle_quintile,2010,54200.0,13500.0,67700.0,2400.0,8200.0,61900.0
all_households,middle_quintile,2011,53500.0,12900.0,66400.0,2400.0,8000.0,60800.0
all_households,middle_quintile,2012,53500.0,12900.0,66400.0,2400.0,8100.0,60700.0
all_households,middle_quintile,2013,55100.0,12500.0,67600.0,2500.0,9300.0,60800.0
all_households,middle_quintile,2014,56600.0,12300.0,68900.0,3100.0,9600.0,62300.0
all_households,middle_quintile,2015,58500.0,12700.0,71200.0,3400.0,9900.0,64700.0
all_households,fourth_quintile,1979,73000.0,3400.0,76500.0,300.0,16600.0,60200.0
all_households,fourth_quintile,1980,70400.0,3900.0,74300.0,200.0,16200.0,58400.0
all_households,fourth_quintile,1981,70700.0,4400.0,75200.0,200.0,16800.0,58600.0
all_households,fourth_quintile,1982,69100.0,5300.0,74400.0,200.0,15400.0,59200.0
all_households,fourth_quintile,1983,68600.0,5500.0,74100.0,200.0,14900.0,59400.0
all_households,fourth_quintile,1984,72600.0,5400.0,78000.0,200.0,15900.0,62400.0
all_households,fourth_quintile,1985,72900.0,5500.0,78400.0,200.0,16000.0,62500.0
all_households,fourth_quintile,1986,75300.0,5800.0,81100.0,200.0,16700.0,64600.0
all_households,fourth_quintile,1987,76300.0,5400.0,81700.0,200.0,16700.0,65200.0
all_households,fourth_quintile,1988,76900.0,5400.0,82300.0,200.0,17100.0,65300.0
all_households,fourth_quintile,1989,77700.0,5500.0,83300.0,300.0,17300.0,66200.0
all_households,fourth_quintile,1990,76600.0,6000.0,82600.0,300.0,17100.0,65700.0
all_households,fourth_quintile,1991,75400.0,6400.0,81800.0,300.0,16800.0,65300.0
all_households,fourth_quintile,1992,75700.0,6900.0,82600.0,400.0,16700.0,66300.0
all_households,fourth_quintile,1993,76300.0,7000.0,83400.0,400.0,16900.0,66900.0
all_households,fourth_quintile,1994,77800.0,6600.0,84400.0,500.0,17400.0,67400.0
all_households,fourth_quintile,1995,79100.0,7100.0,86200.0,500.0,17800.0,68800.0
all_households,fourth_quintile,1996,80600.0,7400.0,88000.0,500.0,18200.0,70300.0
all_households,fourth_quintile,1997,82400.0,7600.0,90000.0,500.0,18700.0,71900.0
all_households,fourth_quintile,1998,86200.0,7300.0,93500.0,500.0,19200.0,74800.0
all_households,fourth_quintile,1999,88900.0,7100.0,96000.0,600.0,19900.0,76700.0
all_households,fourth_quintile,2000,90500.0,7200.0,97600.0,600.0,20200.0,78100.0
all_households,fourth_quintile,2001,88800.0,7700.0,96500.0,600.0,18600.0,78500.0
all_households,fourth_quintile,2002,86300.0,8500.0,94800.0,800.0,17600.0,78100.0
all_households,fourth_quintile,2003,87600.0,8400.0,96100.0,800.0,17100.0,79800.0
all_households,fourth_quintile,2004,90500.0,8700.0,99200.0,1000.0,17800.0,82300.0
all_households,fourth_quintile,2005,92200.0,8600.0,100800.0,1000.0,18400.0,83300.0
all_households,fourth_quintile,2006,93500.0,9300.0,102800.0,1000.0,18800.0,84900.0
all_households,fourth_quintile,2007,95700.0,9800.0,105500.0,1100.0,19100.0,87500.0
all_households,fourth_quintile,2008,92700.0,10300.0,103000.0,1000.0,16500.0,87500.0
all_households,fourth_quintile,2009,88100.0,12600.0,100600.0,1200.0,15600.0,86200.0
all_households,fourth_quintile,2010,88400.0,12400.0,100800.0,1200.0,16100.0,85900.0
all_households,fourth_quintile,2011,88200.0,11800.0,100100.0,1200.0,15700.0,85500.0
all_households,fourth_quintile,2012,88500.0,12300.0,100700.0,1100.0,16000.0,85800.0
all_households,fourth_quintile,2013,90600.0,12400.0,103000.0,1200.0,17900.0,86300.0
all_households,fourth_quintile,2014,92400.0,12300.0,104700.0,1500.0,18600.0,87700.0
all_households,fourth_quintile,2015,95500.0,12600.0,108200.0,1800.0,19300.0,90600.0
all_households,highest_quintile,1979,141700.0,3400.0,145100.0,100.0,39300.0,105900.0
all_households,highest_quintile,1980,137300.0,3800.0,141200.0,100.0,38000.0,103300.0
all_households,highest_quintile,1981,136500.0,4200.0,140700.0,100.0,37500.0,103400.0
all_households,highest_quintile,1982,136800.0,4900.0,141700.0,100.0,34200.0,107600.0
all_households,highest_quintile,1983,141700.0,5100.0,146800.0,100.0,34600.0,112300.0
all_households,highest_quintile,1984,154100.0,5200.0,159300.0,100.0,37800.0,121600.0
all_households,highest_quintile,1985,155800.0,5200.0,161000.0,100.0,38100.0,123000.0
all_households,highest_quintile,1986,175300.0,5100.0,180500.0,100.0,42400.0,138200.0
all_households,highest_quintile,1987,166000.0,4500.0,170500.0,100.0,43600.0,127000.0
all_households,highest_quintile,1988,177700.0,4700.0,182500.0,100.0,46300.0,136300.0
all_households,highest_quintile,1989,177100.0,5000.0,182100.0,200.0,45600.0,136700.0
all_households,highest_quintile,1990,172400.0,5200.0,177600.0,200.0,44300.0,133500.0
all_households,highest_quintile,1991,166300.0,5400.0,171700.0,200.0,43200.0,128700.0
all_households,highest_quintile,1992,173400.0,5600.0,179000.0,200.0,45500.0,133700.0
all_households,highest_quintile,1993,173100.0,6000.0,179200.0,200.0,47400.0,132000.0
all_households,highest_quintile,1994,177200.0,6200.0,183400.0,300.0,49600.0,134100.0
all_households,highest_quintile,1995,185700.0,6400.0,192100.0,300.0,52800.0,139600.0
all_households,highest_quintile,1996,196300.0,6900.0,203200.0,300.0,56300.0,147200.0
all_households,highest_quintile,1997,208800.0,7100.0,215900.0,300.0,59800.0,156400.0
all_households,highest_quintile,1998,223700.0,6800.0,230500.0,300.0,63100.0,167800.0
all_households,highest_quintile,1999,239200.0,6300.0,245500.0,400.0,68300.0,177600.0
all_households,highest_quintile,2000,250700.0,6800.0,257500.0,400.0,71600.0,186300.0
all_households,highest_quintile,2001,228300.0,6600.0,234900.0,400.0,62500.0,172800.0
all_households,highest_quintile,2002,216700.0,6700.0,223400.0,400.0,57800.0,166000.0
all_households,highest_quintile,2003,224300.0,6800.0,231100.0,500.0,57200.0,174300.0
all_households,highest_quintile,2004,244500.0,6900.0,251400.0,500.0,63000.0,188900.0
all_households,highest_quintile,2005,265100.0,7600.0,272600.0,500.0,69500.0,203600.0
all_households,highest_quintile,2006,276300.0,8200.0,284500.0,600.0,72600.0,212500.0
all_households,highest_quintile,2007,286700.0,8700.0,295400.0,600.0,73200.0,222800.0
all_households,highest_quintile,2008,259200.0,8500.0,267700.0,600.0,63500.0,204800.0
all_households,highest_quintile,2009,232400.0,10000.0,242500.0,700.0,56300.0,186800.0
all_households,highest_quintile,2010,245500.0,9800.0,255200.0,700.0,61200.0,194700.0
all_households,highest_quintile,2011,246700.0,9500.0,256200.0,600.0,60300.0,196600.0
all_households,highest_quintile,2012,266700.0,9900.0,276700.0,600.0,66300.0,211000.0
all_households,highest_quintile,2013,256600.0,10200.0,266800.0,500.0,70100.0,197200.0
all_households,highest_quintile,2014,271500.0,10600.0,282100.0,800.0,75300.0,207600.0
all_households,highest_quintile,2015,281200.0,10600.0,291900.0,1000.0,77800.0,215000.0
all_households,percentiles_81_90,1979,96300.0,3100.0,99400.0,200.0,23500.0,76100.0
all_households,percentiles_81_90,1980,93700.0,3600.0,97300.0,100.0,23300.0,74100.0
all_households,percentiles_81_90,1981,93300.0,3800.0,97100.0,100.0,23800.0,73500.0
all_households,percentiles_81_90,1982,92400.0,4600.0,97000.0,100.0,21900.0,75200.0
all_households,percentiles_81_90,1983,93200.0,4900.0,98100.0,100.0,21600.0,76600.0
all_households,percentiles_81_90,1984,100000.0,4800.0,104800.0,100.0,23200.0,81700.0
all_households,percentiles_81_90,1985,98900.0,4900.0,103800.0,100.0,23100.0,80800.0
all_households,percentiles_81_90,1986,103900.0,4800.0,108700.0,100.0,24500.0,84400.0
all_households,percentiles_81_90,1987,105400.0,4300.0,109700.0,100.0,25000.0,84800.0
all_households,percentiles_81_90,1988,106600.0,4600.0,111200.0,100.0,25600.0,85700.0
all_households,percentiles_81_90,1989,108100.0,4800.0,112900.0,200.0,26000.0,87100.0
all_households,percentiles_81_90,1990,106600.0,4900.0,111500.0,200.0,25700.0,86100.0
all_households,percentiles_81_90,1991,104500.0,5300.0,109800.0,200.0,25100.0,85000.0
all_households,percentiles_81_90,1992,105500.0,5600.0,111100.0,300.0,25300.0,86100.0
all_households,percentiles_81_90,1993,106600.0,5900.0,112600.0,300.0,25600.0,87300.0
all_households,percentiles_81_90,1994,109200.0,5700.0,115000.0,300.0,26600.0,88700.0
all_households,percentiles_81_90,1995,112000.0,6200.0,118200.0,300.0,27600.0,90900.0
all_households,percentiles_81_90,1996,114100.0,6600.0,120700.0,300.0,28000.0,93000.0
all_households,percentiles_81_90,1997,116800.0,6800.0,123600.0,300.0,29000.0,94900.0
all_households,percentiles_81_90,1998,122200.0,6700.0,128800.0,400.0,30200.0,99000.0
all_households,percentiles_81_90,1999,128000.0,6000.0,134000.0,400.0,31800.0,102600.0
all_households,percentiles_81_90,2000,130100.0,6600.0,136700.0,500.0,32400.0,104700.0
all_households,percentiles_81_90,2001,128700.0,6600.0,135300.0,400.0,30500.0,105200.0
all_households,percentiles_81_90,2002,126200.0,6700.0,132900.0,500.0,29000.0,104500.0
all_households,percentiles_81_90,2003,128200.0,6700.0,134900.0,500.0,28000.0,107400.0
all_households,percentiles_81_90,2004,132800.0,7000.0,139800.0,700.0,29200.0,111200.0
all_households,percentiles_81_90,2005,135200.0,7400.0,142600.0,600.0,30000.0,113200.0
all_households,percentiles_81_90,2006,138100.0,8100.0,146100.0,700.0,30900.0,115900.0
all_households,percentiles_81_90,2007,140500.0,8600.0,149100.0,700.0,31200.0,118600.0
all_households,percentiles_81_90,2008,137300.0,8800.0,146100.0,700.0,28300.0,118500.0
all_households,percentiles_81_90,2009,132100.0,10500.0,142700.0,800.0,26900.0,116500.0
all_households,percentiles_81_90,2010,133200.0,10400.0,143600.0,800.0,27900.0,116400.0
all_households,percentiles_81_90,2011,134100.0,10000.0,144200.0,700.0,27200.0,117600.0
all_households,percentiles_81_90,2012,134800.0,10400.0,145200.0,700.0,27900.0,118000.0
all_households,percentiles_81_90,2013,137200.0,10800.0,147900.0,600.0,30900.0,117700.0
all_households,percentiles_81_90,2014,140700.0,10900.0,151600.0,900.0,32100.0,120400.0
all_households,percentiles_81_90,2015,145800.0,11200.0,157000.0,1100.0,33400.0,124700.0
all_households,percentiles_91_95,1979,119800.0,3100.0,122900.0,100.0,30900.0,92000.0
all_households,percentiles_91_95,1980,116900.0,3600.0,120500.0,100.0,30800.0,89800.0
all_households,percentiles_91_95,1981,116500.0,4200.0,120700.0,100.0,31200.0,89700.0
all_households,percentiles_91_95,1982,115200.0,4600.0,119800.0,100.0,28400.0,91500.0
all_households,percentiles_91_95,1983,118100.0,4900.0,123100.0,100.0,28100.0,95000.0
all_households,percentiles_91_95,1984,127400.0,5200.0,132600.0,100.0,30400.0,102300.0
all_households,percentiles_91_95,1985,126900.0,5100.0,132000.0,100.0,30600.0,101400.0
all_households,percentiles_91_95,1986,133600.0,4800.0,138400.0,100.0,32300.0,106200.0
all_households,percentiles_91_95,1987,136800.0,4100.0,140900.0,100.0,34500.0,106500.0
all_households,percentiles_91_95,1988,139100.0,4500.0,143500.0,100.0,35000.0,108600.0
all_households,percentiles_91_95,1989,141200.0,4700.0,145900.0,200.0,35300.0,110800.0
all_households,percentiles_91_95,1990,137400.0,5300.0,142600.0,200.0,34400.0,108400.0
all_households,percentiles_91_95,1991,136200.0,5300.0,141600.0,100.0,34300.0,107400.0
all_households,percentiles_91_95,1992,138900.0,5200.0,144100.0,200.0,34800.0,109500.0
all_households,percentiles_91_95,1993,139500.0,6000.0,145500.0,200.0,35500.0,110300.0
all_households,percentiles_91_95,1994,142300.0,5800.0,148100.0,300.0,36800.0,111600.0
all_households,percentiles_91_95,1995,146300.0,6000.0,152300.0,300.0,38300.0,114300.0
all_households,percentiles_91_95,1996,151200.0,6800.0,158000.0,300.0,39700.0,118600.0
all_households,percentiles_91_95,1997,157200.0,6900.0,164100.0,300.0,41400.0,123000.0
all_households,percentiles_91_95,1998,164300.0,6600.0,170900.0,300.0,43000.0,128100.0
all_households,percentiles_91_95,1999,171300.0,6500.0,177800.0,300.0,45400.0,132800.0
all_households,percentiles_91_95,2000,177200.0,6200.0,183400.0,300.0,46800.0,136900.0
all_households,percentiles_91_95,2001,171500.0,6400.0,178000.0,400.0,43700.0,134600.0
all_households,percentiles_91_95,2002,168800.0,6700.0,175500.0,400.0,41800.0,134100.0
all_households,percentiles_91_95,2003,172400.0,6700.0,179100.0,400.0,40700.0,138800.0
all_households,percentiles_91_95,2004,178600.0,6500.0,185100.0,400.0,42400.0,143200.0
all_households,percentiles_91_95,2005,184900.0,7500.0,192400.0,500.0,44200.0,148700.0
all_households,percentiles_91_95,2006,189800.0,8000.0,197800.0,500.0,45700.0,152600.0
all_households,percentiles_91_95,2007,194100.0,8800.0,202900.0,600.0,46100.0,157400.0
all_households,percentiles_91_95,2008,187900.0,8300.0,196200.0,600.0,42800.0,154000.0
all_households,percentiles_91_95,2009,180700.0,10000.0,190700.0,600.0,40400.0,150900.0
all_households,percentiles_91_95,2010,183600.0,9700.0,193300.0,600.0,42000.0,151900.0
all_households,percentiles_91_95,2011,185400.0,9500.0,194900.0,500.0,41300.0,154100.0
all_households,percentiles_91_95,2012,187900.0,10000.0,197900.0,600.0,42700.0,155800.0
all_households,percentiles_91_95,2013,193800.0,9500.0,203300.0,500.0,47100.0,156700.0
all_households,percentiles_91_95,2014,196300.0,10700.0,207000.0,700.0,48400.0,159200.0
all_households,percentiles_91_95,2015,204300.0,10100.0,214300.0,900.0,50600.0,164600.0
all_households,percentiles_96_99,1979,173900.0,3900.0,177900.0,100.0,48300.0,129700.0
all_households,percentiles_96_99,1980,167500.0,4400.0,171900.0,100.0,47000.0,125000.0
all_households,percentiles_96_99,1981,165500.0,4700.0,170200.0,100.0,46300.0,124100.0
all_households,percentiles_96_99,1982,165200.0,5600.0,170800.0,100.0,41900.0,129000.0
all_households,percentiles_96_99,1983,170600.0,5400.0,176000.0,100.0,41400.0,134700.0
all_households,percentiles_96_99,1984,185200.0,5800.0,191000.0,100.0,44800.0,146200.0
all_households,percentiles_96_99,1985,187400.0,5700.0,193000.0,100.0,45600.0,147600.0
all_households,percentiles_96_99,1986,204600.0,5700.0,210400.0,100.0,49400.0,161000.0
all_households,percentiles_96_99,1987,203200.0,5200.0,208400.0,200.0,54100.0,154500.0
all_households,percentiles_96_99,1988,210100.0,5100.0,215200.0,100.0,54900.0,160400.0
all_households,percentiles_96_99,1989,214000.0,5400.0,219400.0,200.0,55600.0,164000.0
all_households,percentiles_96_99,1990,207800.0,5500.0,213300.0,200.0,53800.0,159700.0
all_households,percentiles_96_99,1991,204100.0,5400.0,209500.0,200.0,53400.0,156300.0
all_households,percentiles_96_99,1992,210900.0,5600.0,216500.0,200.0,55400.0,161300.0
all_households,percentiles_96_99,1993,212400.0,6100.0,218500.0,200.0,57800.0,160900.0
all_households,percentiles_96_99,1994,216400.0,7600.0,224000.0,300.0,59900.0,164500.0
all_households,percentiles_96_99,1995,228800.0,7000.0,235800.0,300.0,64100.0,171900.0
all_households,percentiles_96_99,1996,237800.0,7500.0,245300.0,200.0,67200.0,178300.0
all_households,percentiles_96_99,1997,253600.0,8000.0,261600.0,300.0,72100.0,189800.0
all_households,percentiles_96_99,1998,268700.0,7500.0,276200.0,300.0,75700.0,200800.0
all_households,percentiles_96_99,1999,282800.0,6700.0,289500.0,300.0,81000.0,208800.0
all_households,percentiles_96_99,2000,290700.0,7600.0,298300.0,300.0,83400.0,215200.0
all_households,percentiles_96_99,2001,274700.0,6800.0,281500.0,400.0,75300.0,206600.0
all_households,percentiles_96_99,2002,263600.0,6700.0,270300.0,300.0,70500.0,200100.0
all_households,percentiles_96_99,2003,272300.0,6900.0,279300.0,400.0,70000.0,209700.0
all_households,percentiles_96_99,2004,289700.0,6900.0,296500.0,400.0,75300.0,221700.0
all_households,percentiles_96_99,2005,312200.0,7700.0,319900.0,500.0,82800.0,237500.0
all_households,percentiles_96_99,2006,321600.0,8500.0,330100.0,500.0,85600.0,245000.0
all_households,percentiles_96_99,2007,331900.0,8900.0,340800.0,600.0,86600.0,254800.0
all_households,percentiles_96_99,2008,307400.0,8000.0,315400.0,500.0,77700.0,238200.0
all_households,percentiles_96_99,2009,287300.0,8900.0,296200.0,600.0,71600.0,225200.0
all_households,percentiles_96_99,2010,297800.0,8600.0,306400.0,500.0,76100.0,230800.0
all_households,percentiles_96_99,2011,303200.0,8600.0,311800.0,500.0,75700.0,236500.0
all_households,percentiles_96_99,2012,317700.0,8700.0,326400.0,400.0,81000.0,245900.0
all_households,percentiles_96_99,2013,320600.0,9600.0,330100.0,400.0,86800.0,243700.0
all_households,percentiles_96_99,2014,332800.0,10100.0,342900.0,600.0,91600.0,251900.0
all_households,percentiles_96_99,2015,345800.0,10100.0,355900.0,900.0,95100.0,261600.0
all_households,top_1_percent,1979,551700.0,5500.0,557300.0,200.0,195400.0,362100.0
all_households,top_1_percent,1980,528900.0,5600.0,534500.0,100.0,176700.0,357900.0
all_households,top_1_percent,1981,526200.0,6000.0,532200.0,200.0,162300.0,370200.0
all_households,top_1_percent,1982,553700.0,7000.0,560700.0,200.0,150100.0,410800.0
all_households,top_1_percent,1983,607800.0,7000.0,614800.0,200.0,164600.0,450400.0
all_households,top_1_percent,1984,672300.0,7600.0,679900.0,200.0,183800.0,496300.0
all_households,top_1_percent,1985,720800.0,7500.0,728300.0,200.0,189800.0,538700.0
all_households,top_1_percent,1986,946100.0,7900.0,954000.0,200.0,235200.0,719000.0
all_households,top_1_percent,1987,758200.0,6300.0,764600.0,200.0,229800.0,535000.0
all_households,top_1_percent,1988,951300.0,6500.0,957800.0,200.0,274200.0,683900.0
all_households,top_1_percent,1989,885000.0,6300.0,891300.0,200.0,248700.0,642800.0
all_households,top_1_percent,1990,855400.0,7100.0,862500.0,200.0,239300.0,623400.0
all_households,top_1_percent,1991,769100.0,6800.0,775900.0,300.0,224500.0,551800.0
all_households,top_1_percent,1992,868000.0,7000.0,874900.0,200.0,259100.0,616000.0
all_households,top_1_percent,1993,833700.0,7200.0,841000.0,300.0,279200.0,562100.0
all_households,top_1_percent,1994,858900.0,7700.0,866600.0,300.0,298500.0,568500.0
all_households,top_1_percent,1995,954700.0,7400.0,962100.0,400.0,335600.0,626900.0
all_households,top_1_percent,1996,1058800.0,7200.0,1066000.0,300.0,371300.0,694900.0
all_households,top_1_percent,1997,1223000.0,7900.0,1230900.0,200.0,416000.0,815100.0
all_households,top_1_percent,1998,1390700.0,7300.0,1398000.0,400.0,453300.0,945100.0
all_households,top_1_percent,1999,1518700.0,7100.0,1525800.0,300.0,497700.0,1028300.0
all_households,top_1_percent,2000,1669400.0,7800.0,1677200.0,400.0,541400.0,1136200.0
all_households,top_1_percent,2001,1333900.0,6900.0,1340800.0,400.0,429500.0,911700.0
all_households,top_1_percent,2002,1180700.0,7400.0,1188200.0,500.0,379200.0,809500.0
all_households,top_1_percent,2003,1257300.0,7500.0,1264800.0,500.0,383500.0,881800.0
all_households,top_1_percent,2004,1500400.0,8000.0,1508400.0,400.0,452200.0,1056700.0
all_households,top_1_percent,2005,1813600.0,8900.0,1822500.0,400.0,550100.0,1272800.0
all_households,top_1_percent,2006,1963000.0,9200.0,1972200.0,500.0,588100.0,1384600.0
all_households,top_1_percent,2007,2068600.0,8900.0,2077500.0,400.0,586400.0,1491500.0
all_households,top_1_percent,2008,1688200.0,8600.0,1696800.0,700.0,476000.0,1221500.0
all_households,top_1_percent,2009,1315100.0,9300.0,1324300.0,700.0,380700.0,944300.0
all_households,top_1_percent,2010,1524900.0,8900.0,1533800.0,800.0,448500.0,1086100.0
all_households,top_1_percent,2011,1511600.0,8700.0,1520300.0,800.0,441300.0,1079800.0
all_households,top_1_percent,2012,1868200.0,9500.0,1877700.0,700.0,536100.0,1342300.0
all_households,top_1_percent,2013,1570600.0,9600.0,1580200.0,700.0,531600.0,1049300.0
all_households,top_1_percent,2014,1768600.0,9400.0,1778100.0,1000.0,597700.0,1181300.0
all_households,top_1_percent,2015,1844700.0,10300.0,1854900.0,1000.0,617600.0,1238300.0
hh_with_children,all_quintiles,1979,71800.0,1700.0,73400.0,2400.0,16100.0,59700.0
hh_with_children,all_quintiles,1980,68400.0,1900.0,70300.0,2500.0,15600.0,57200.0
hh_with_children,all_quintiles,1981,68200.0,1900.0,70000.0,2500.0,16000.0,56500.0
hh_with_children,all_quintiles,1982,66400.0,2200.0,68600.0,2400.0,14600.0,56400.0
hh_with_children,all_quintiles,1983,67100.0,2100.0,69200.0,2400.0,14700.0,56900.0
hh_with_children,all_quintiles,1984,72700.0,1800.0,74500.0,2400.0,16100.0,60800.0
hh_with_children,all_quintiles,1985,72100.0,1800.0,73900.0,2400.0,15900.0,60400.0
hh_with_children,all_quintiles,1986,77500.0,1800.0,79300.0,2500.0,17200.0,64600.0
hh_with_children,all_quintiles,1987,75200.0,1700.0,76900.0,2600.0,17000.0,62400.0
hh_with_children,all_quintiles,1988,77300.0,1800.0,79100.0,2500.0,17500.0,64100.0
hh_with_children,all_quintiles,1989,79400.0,1900.0,81300.0,2700.0,17900.0,66100.0
hh_with_children,all_quintiles,1990,77800.0,1800.0,79600.0,3100.0,17600.0,65100.0
hh_with_children,all_quintiles,1991,76600.0,2100.0,78600.0,3400.0,17500.0,64600.0
hh_with_children,all_quintiles,1992,77300.0,2300.0,79600.0,3700.0,17600.0,65700.0
hh_with_children,all_quintiles,1993,78400.0,2300.0,80700.0,4000.0,18400.0,66300.0
hh_with_children,all_quintiles,1994,80300.0,2100.0,82400.0,4000.0,18800.0,67500.0
hh_with_children,all_quintiles,1995,85400.0,2200.0,87600.0,3900.0,20200.0,71300.0
hh_with_children,all_quintiles,1996,86500.0,2200.0,88700.0,3700.0,20400.0,72000.0
hh_with_children,all_quintiles,1997,91100.0,2200.0,93300.0,3400.0,21700.0,75100.0
hh_with_children,all_quintiles,1998,97700.0,2000.0,99700.0,3600.0,22700.0,80600.0
hh_with_children,all_quintiles,1999,104300.0,2000.0,106300.0,3600.0,24700.0,85200.0
hh_with_children,all_quintiles,2000,108900.0,2100.0,111000.0,3600.0,26000.0,88600.0
hh_with_children,all_quintiles,2001,102300.0,2400.0,104600.0,4000.0,22900.0,85700.0
hh_with_children,all_quintiles,2002,99300.0,2600.0,101900.0,4400.0,21600.0,84800.0
hh_with_children,all_quintiles,2003,100900.0,2600.0,103500.0,4700.0,20700.0,87600.0
hh_with_children,all_quintiles,2004,107400.0,2600.0,109900.0,4900.0,22400.0,92500.0
hh_with_children,all_quintiles,2005,111900.0,2400.0,114400.0,5000.0,23700.0,95700.0
hh_with_children,all_quintiles,2006,117500.0,2500.0,120000.0,5000.0,25200.0,99800.0
hh_with_children,all_quintiles,2007,122700.0,2700.0,125400.0,5300.0,26000.0,104700.0
hh_with_children,all_quintiles,2008,114900.0,3000.0,117900.0,5600.0,22200.0,101300.0
hh_with_children,all_quintiles,2009,105800.0,4000.0,109700.0,6500.0,19800.0,96300.0
hh_with_children,all_quintiles,2010,111400.0,4000.0,115400.0,6800.0,22000.0,100200.0
hh_with_children,all_quintiles,2011,109700.0,3600.0,113300.0,6700.0,21100.0,98900.0
hh_with_children,all_quintiles,2012,114700.0,3400.0,118100.0,6800.0,22700.0,102300.0
hh_with_children,all_quintiles,2013,114800.0,3200.0,118000.0,7100.0,25300.0,99800.0
hh_with_children,all_quintiles,2014,118900.0,3100.0,122000.0,8400.0,26700.0,103600.0
hh_with_children,all_quintiles,2015,125400.0,3200.0,128600.0,9200.0,28400.0,109400.0
hh_with_children,lowest_quintile,1979,17000.0,2000.0,19000.0,8500.0,2300.0,25200.0
hh_with_children,lowest_quintile,1980,15900.0,2000.0,17900.0,8500.0,2100.0,24300.0
hh_with_children,lowest_quintile,1981,15600.0,2000.0,17600.0,8300.0,2200.0,23600.0
hh_with_children,lowest_quintile,1982,14500.0,2100.0,16600.0,8400.0,2100.0,22900.0
hh_with_children,lowest_quintile,1983,13600.0,2000.0,15700.0,8300.0,2100.0,21800.0
hh_with_children,lowest_quintile,1984,15500.0,1700.0,17200.0,8000.0,2700.0,22400.0
hh_with_children,lowest_quintile,1985,14800.0,1800.0,16600.0,8100.0,2400.0,22300.0
hh_with_children,lowest_quintile,1986,14500.0,1900.0,16300.0,8300.0,2300.0,22300.0
hh_with_children,lowest_quintile,1987,13100.0,1800.0,14900.0,8600.0,1800.0,21700.0
hh_with_children,lowest_quintile,1988,13700.0,2000.0,15700.0,8300.0,1800.0,22200.0
hh_with_children,lowest_quintile,1989,14900.0,1800.0,16700.0,8700.0,1800.0,23700.0
hh_with_children,lowest_quintile,1990,15500.0,1800.0,17300.0,9900.0,2100.0,25100.0
hh_with_children,lowest_quintile,1991,15600.0,1800.0,17500.0,10600.0,2000.0,26100.0
hh_with_children,lowest_quintile,1992,15500.0,2000.0,17500.0,11100.0,1800.0,26800.0
hh_with_children,lowest_quintile,1993,15900.0,2000.0,17800.0,11900.0,1800.0,27900.0
hh_with_children,lowest_quintile,1994,15800.0,1800.0,17700.0,11600.0,1400.0,27900.0
hh_with_children,lowest_quintile,1995,17700.0,1900.0,19600.0,11300.0,1300.0,29700.0
hh_with_children,lowest_quintile,1996,17800.0,2000.0,19800.0,10600.0,1100.0,29300.0
hh_with_children,lowest_quintile,1997,19600.0,2100.0,21600.0,9800.0,1200.0,30200.0
hh_with_children,lowest_quintile,1998,21600.0,1800.0,23400.0,9900.0,1300.0,32000.0
hh_with_children,lowest_quintile,1999,22400.0,1800.0,24300.0,9900.0,1500.0,32700.0
hh_with_children,lowest_quintile,2000,22100.0,1900.0,23900.0,9300.0,1200.0,32000.0
hh_with_children,lowest_quintile,2001,21200.0,2100.0,23300.0,10000.0,1000.0,32300.0
hh_with_children,lowest_quintile,2002,21600.0,2300.0,23900.0,11000.0,900.0,34000.0
hh_with_children,lowest_quintile,2003,21000.0,2200.0,23200.0,11700.0,900.0,34000.0
hh_with_children,lowest_quintile,2004,21700.0,2300.0,23900.0,12100.0,800.0,35200.0
hh_with_children,lowest_quintile,2005,22200.0,2100.0,24300.0,12300.0,700.0,35900.0
hh_with_children,lowest_quintile,2006,22900.0,2000.0,24900.0,11800.0,900.0,35800.0
hh_with_children,lowest_quintile,2007,25100.0,2100.0,27200.0,12400.0,700.0,38900.0
hh_with_children,lowest_quintile,2008,24300.0,2300.0,26600.0,13100.0,-800.0,40500.0
hh_with_children,lowest_quintile,2009,22100.0,3000.0,25100.0,14600.0,-1200.0,40900.0
hh_with_children,lowest_quintile,2010,23000.0,2900.0,25900.0,15100.0,-1200.0,42200.0
hh_with_children,lowest_quintile,2011,22800.0,2700.0,25500.0,14900.0,-1100.0,41500.0
hh_with_children,lowest_quintile,2012,21800.0,2500.0,24300.0,14900.0,-1000.0,40300.0
hh_with_children,lowest_quintile,2013,22900.0,2100.0,25000.0,15400.0,-700.0,41200.0
hh_with_children,lowest_quintile,2014,22800.0,2200.0,25000.0,17600.0,-700.0,43200.0
hh_with_children,lowest_quintile,2015,24500.0,1900.0,26500.0,18500.0,-800.0,45800.0
hh_with_children,second_quintile,1979,44700.0,2000.0,46800.0,1400.0,8100.0,40100.0
hh_with_children,second_quintile,1980,42400.0,2400.0,44800.0,1600.0,7800.0,38700.0
hh_with_children,second_quintile,1981,42500.0,2200.0,44700.0,1700.0,8200.0,38200.0
hh_with_children,second_quintile,1982,40900.0,2900.0,43700.0,1400.0,7500.0,37600.0
hh_with_children,second_quintile,1983,40200.0,2700.0,42800.0,1200.0,7400.0,36600.0
hh_with_children,second_quintile,1984,43300.0,2100.0,45400.0,1400.0,8300.0,38500.0
hh_with_children,second_quintile,1985,43300.0,2300.0,45600.0,1400.0,8300.0,38700.0
hh_with_children,second_quintile,1986,43900.0,2400.0,46200.0,1300.0,8500.0,39100.0
hh_with_children,second_quintile,1987,43700.0,2200.0,45800.0,1200.0,8000.0,39100.0
hh_with_children,second_quintile,1988,44200.0,2300.0,46500.0,1300.0,8300.0,39500.0
hh_with_children,second_quintile,1989,44600.0,2300.0,46900.0,1400.0,8000.0,40300.0
hh_with_children,second_quintile,1990,45900.0,2200.0,48200.0,1700.0,8700.0,41100.0
hh_with_children,second_quintile,1991,44300.0,2800.0,47000.0,2200.0,8300.0,40900.0
hh_with_children,second_quintile,1992,43300.0,3000.0,46300.0,2700.0,7900.0,41200.0
hh_with_children,second_quintile,1993,43500.0,3000.0,46400.0,2900.0,7900.0,41400.0
hh_with_children,second_quintile,1994,44300.0,2800.0,47100.0,3000.0,7700.0,42300.0
hh_with_children,second_quintile,1995,46400.0,2700.0,49100.0,3200.0,8200.0,44100.0
hh_with_children,second_quintile,1996,46300.0,2800.0,49000.0,3100.0,8000.0,44100.0
hh_with_children,second_quintile,1997,47500.0,3000.0,50500.0,3000.0,8300.0,45200.0
hh_with_children,second_quintile,1998,50000.0,2700.0,52700.0,3500.0,8200.0,48000.0
hh_with_children,second_quintile,1999,51900.0,2700.0,54600.0,3400.0,8500.0,49500.0
hh_with_children,second_quintile,2000,52500.0,2700.0,55200.0,3700.0,8400.0,50500.0
hh_with_children,second_quintile,2001,51200.0,3100.0,54400.0,4100.0,7300.0,51200.0
hh_with_children,second_quintile,2002,50000.0,3400.0,53300.0,4800.0,6700.0,51500.0
hh_with_children,second_quintile,2003,49700.0,3500.0,53200.0,5200.0,6000.0,52500.0
hh_with_children,second_quintile,2004,51100.0,3500.0,54500.0,5600.0,6200.0,54000.0
hh_with_children,second_quintile,2005,52300.0,3200.0,55500.0,5700.0,6300.0,54900.0
hh_with_children,second_quintile,2006,53400.0,3400.0,56800.0,5700.0,6500.0,56000.0
hh_with_children,second_quintile,2007,56100.0,3400.0,59600.0,5700.0,7100.0,58200.0
hh_with_children,second_quintile,2008,53800.0,4000.0,57800.0,6500.0,4800.0,59500.0
hh_with_children,second_quintile,2009,50800.0,5300.0,56000.0,7500.0,4100.0,59400.0
hh_with_children,second_quintile,2010,51000.0,5200.0,56200.0,7900.0,4500.0,59600.0
hh_with_children,second_quintile,2011,50400.0,4900.0,55300.0,8300.0,4400.0,59100.0
hh_with_children,second_quintile,2012,49900.0,4900.0,54800.0,8400.0,4300.0,58900.0
hh_with_children,second_quintile,2013,51500.0,4400.0,55900.0,8900.0,5500.0,59400.0
hh_with_children,second_quintile,2014,52300.0,4200.0,56400.0,10400.0,5600.0,61300.0
hh_with_children,second_quintile,2015,55100.0,4000.0,59100.0,11700.0,6100.0,64800.0
hh_with_children,middle_quintile,1979,66800.0,1500.0,68400.0,700.0,13900.0,55200.0
hh_with_children,middle_quintile,1980,64300.0,1900.0,66200.0,600.0,13600.0,53200.0
hh_with_children,middle_quintile,1981,64500.0,1800.0,66300.0,600.0,14200.0,52700.0
hh_with_children,middle_quintile,1982,63500.0,2200.0,65700.0,500.0,13400.0,52800.0
hh_with_children,middle_quintile,1983,63100.0,2200.0,65300.0,500.0,12900.0,52800.0
hh_with_children,middle_quintile,1984,67000.0,1800.0,68800.0,600.0,14000.0,55400.0
hh_with_children,middle_quintile,1985,67500.0,1800.0,69300.0,500.0,14200.0,55600.0
hh_with_children,middle_quintile,1986,68900.0,2000.0,70900.0,500.0,14700.0,56700.0
hh_with_children,middle_quintile,1987,69500.0,1500.0,71000.0,400.0,14300.0,57200.0
hh_with_children,middle_quintile,1988,70300.0,1600.0,72000.0,600.0,14800.0,57800.0
hh_with_children,middle_quintile,1989,71200.0,1900.0,73000.0,500.0,14900.0,58700.0
hh_with_children,middle_quintile,1990,71500.0,2000.0,73500.0,700.0,15100.0,59100.0
hh_with_children,middle_quintile,1991,70000.0,2300.0,72300.0,900.0,14800.0,58400.0
hh_with_children,middle_quintile,1992,69800.0,2500.0,72300.0,1000.0,14600.0,58700.0
hh_with_children,middle_quintile,1993,70000.0,2600.0,72500.0,1200.0,14600.0,59200.0
hh_with_children,middle_quintile,1994,71500.0,2100.0,73600.0,1300.0,15000.0,59900.0
hh_with_children,middle_quintile,1995,73900.0,2400.0,76300.0,1300.0,15400.0,62200.0
hh_with_children,middle_quintile,1996,74800.0,2400.0,77200.0,1300.0,15600.0,62900.0
hh_with_children,middle_quintile,1997,76700.0,2100.0,78800.0,1100.0,16100.0,63800.0
hh_with_children,middle_quintile,1998,79800.0,2200.0,82000.0,1200.0,15900.0,67300.0
hh_with_children,middle_quintile,1999,82500.0,2200.0,84700.0,1500.0,16400.0,69800.0
hh_with_children,middle_quintile,2000,83200.0,2400.0,85600.0,1600.0,16400.0,70800.0
hh_with_children,middle_quintile,2001,82700.0,2500.0,85200.0,1800.0,14900.0,72000.0
hh_with_children,middle_quintile,2002,80400.0,3000.0,83400.0,2100.0,14100.0,71400.0
hh_with_children,middle_quintile,2003,80400.0,2900.0,83200.0,2400.0,13100.0,72500.0
hh_with_children,middle_quintile,2004,83100.0,2800.0,85900.0,2500.0,13800.0,74600.0
hh_with_children,middle_quintile,2005,84700.0,2600.0,87300.0,2500.0,14100.0,75700.0
hh_with_children,middle_quintile,2006,86200.0,2900.0,89000.0,2400.0,14400.0,77100.0
hh_with_children,middle_quintile,2007,89400.0,3100.0,92500.0,2700.0,14900.0,80200.0
hh_with_children,middle_quintile,2008,86400.0,3600.0,90000.0,3000.0,12300.0,80800.0
hh_with_children,middle_quintile,2009,83100.0,5000.0,88100.0,3700.0,11700.0,80100.0
hh_with_children,middle_quintile,2010,83600.0,5200.0,88800.0,3700.0,12200.0,80400.0
hh_with_children,middle_quintile,2011,82500.0,4400.0,86900.0,3800.0,11800.0,78900.0
hh_with_children,middle_quintile,2012,83000.0,4100.0,87100.0,3800.0,12000.0,78900.0
hh_with_children,middle_quintile,2013,84500.0,4100.0,88700.0,4300.0,13800.0,79100.0
hh_with_children,middle_quintile,2014,86400.0,3900.0,90300.0,5400.0,14300.0,81300.0
hh_with_children,middle_quintile,2015,89500.0,4100.0,93500.0,6100.0,14900.0,84700.0
hh_with_children,fourth_quintile,1979,91300.0,1300.0,92600.0,400.0,20400.0,72600.0
hh_with_children,fourth_quintile,1980,88700.0,1600.0,90300.0,300.0,20300.0,70300.0
hh_with_children,fourth_quintile,1981,90200.0,1600.0,91900.0,300.0,21500.0,70600.0
hh_with_children,fourth_quintile,1982,89200.0,1900.0,91100.0,300.0,20200.0,71200.0
hh_with_children,fourth_quintile,1983,89400.0,1700.0,91100.0,200.0,19700.0,71700.0
hh_with_children,fourth_quintile,1984,94800.0,1500.0,96200.0,300.0,21200.0,75300.0
hh_with_children,fourth_quintile,1985,94800.0,1700.0,96500.0,300.0,21200.0,75600.0
hh_with_children,fourth_quintile,1986,97900.0,1600.0,99500.0,300.0,22100.0,77700.0
hh_with_children,fourth_quintile,1987,99000.0,1600.0,100600.0,300.0,21700.0,79200.0
hh_with_children,fourth_quintile,1988,100300.0,1600.0,101900.0,300.0,22400.0,79800.0
hh_with_children,fourth_quintile,1989,101500.0,1700.0,103100.0,300.0,22700.0,80700.0
hh_with_children,fourth_quintile,1990,101500.0,1600.0,103200.0,300.0,22900.0,80600.0
hh_with_children,fourth_quintile,1991,100200.0,1700.0,102000.0,500.0,22600.0,79800.0
hh_with_children,fourth_quintile,1992,100800.0,2100.0,103000.0,600.0,22500.0,81000.0
hh_with_children,fourth_quintile,1993,101800.0,1900.0,103700.0,500.0,22900.0,81400.0
hh_with_children,fourth_quintile,1994,103700.0,1700.0,105400.0,700.0,23500.0,82700.0
hh_with_children,fourth_quintile,1995,106200.0,2100.0,108200.0,700.0,24100.0,84900.0
hh_with_children,fourth_quintile,1996,108500.0,1900.0,110300.0,600.0,24600.0,86400.0
hh_with_children,fourth_quintile,1997,111300.0,2100.0,113300.0,600.0,25400.0,88600.0
hh_with_children,fourth_quintile,1998,116600.0,1800.0,118400.0,600.0,25900.0,93200.0
hh_with_children,fourth_quintile,1999,119800.0,1800.0,121600.0,700.0,26500.0,95800.0
hh_with_children,fourth_quintile,2000,122200.0,1700.0,124000.0,800.0,27200.0,97600.0
hh_with_children,fourth_quintile,2001,121200.0,2200.0,123400.0,800.0,25300.0,99000.0
hh_with_children,fourth_quintile,2002,118200.0,2400.0,120600.0,1000.0,24100.0,97600.0
hh_with_children,fourth_quintile,2003,120000.0,2500.0,122500.0,1200.0,22900.0,100800.0
hh_with_children,fourth_quintile,2004,122700.0,2400.0,125200.0,1300.0,23500.0,103000.0
hh_with_children,fourth_quintile,2005,125700.0,2300.0,127900.0,1300.0,24400.0,104800.0
hh_with_children,fourth_quintile,2006,128900.0,2400.0,131300.0,1300.0,25100.0,107500.0
hh_with_children,fourth_quintile,2007,132700.0,2600.0,135400.0,1400.0,25800.0,111000.0
hh_with_children,fourth_quintile,2008,128900.0,2800.0,131800.0,1500.0,22800.0,110500.0
hh_with_children,fourth_quintile,2009,125500.0,3800.0,129200.0,1800.0,21800.0,109200.0
hh_with_children,fourth_quintile,2010,126900.0,3800.0,130700.0,2000.0,22800.0,109900.0
hh_with_children,fourth_quintile,2011,126100.0,3400.0,129400.0,1700.0,22000.0,109100.0
hh_with_children,fourth_quintile,2012,127200.0,3300.0,130500.0,1800.0,22700.0,109600.0
hh_with_children,fourth_quintile,2013,130200.0,3200.0,133400.0,1900.0,25600.0,109700.0
hh_with_children,fourth_quintile,2014,132400.0,3100.0,135500.0,2600.0,26600.0,111500.0
hh_with_children,fourth_quintile,2015,136600.0,3600.0,140200.0,3000.0,27700.0,115500.0
hh_with_children,highest_quintile,1979,173000.0,1300.0,174300.0,300.0,45100.0,129500.0
hh_with_children,highest_quintile,1980,169500.0,1400.0,171000.0,300.0,44400.0,126800.0
hh_with_children,highest_quintile,1981,169900.0,1500.0,171500.0,300.0,44500.0,127200.0
hh_with_children,highest_quintile,1982,169500.0,1700.0,171200.0,200.0,40600.0,130800.0
hh_with_children,highest_quintile,1983,179300.0,1500.0,180800.0,200.0,42700.0,138300.0
hh_with_children,highest_quintile,1984,194000.0,1600.0,195600.0,200.0,45900.0,149900.0
hh_with_children,highest_quintile,1985,191600.0,1300.0,192800.0,200.0,44900.0,148200.0
hh_with_children,highest_quintile,1986,223600.0,1300.0,224800.0,200.0,52500.0,172500.0
hh_with_children,highest_quintile,1987,210500.0,1300.0,211800.0,200.0,53900.0,158100.0
hh_with_children,highest_quintile,1988,220800.0,1300.0,222100.0,200.0,55700.0,166600.0
hh_with_children,highest_quintile,1989,225200.0,1500.0,226700.0,300.0,56500.0,170500.0
hh_with_children,highest_quintile,1990,213900.0,1400.0,215400.0,300.0,53500.0,162200.0
hh_with_children,highest_quintile,1991,210600.0,1600.0,212200.0,400.0,54200.0,158400.0
hh_with_children,highest_quintile,1992,216300.0,1800.0,218100.0,400.0,56000.0,162600.0
hh_with_children,highest_quintile,1993,219200.0,2000.0,221200.0,400.0,59800.0,161800.0
hh_with_children,highest_quintile,1994,222700.0,1900.0,224500.0,500.0,61800.0,163200.0
hh_with_children,highest_quintile,1995,240600.0,1900.0,242500.0,500.0,68200.0,174900.0
hh_with_children,highest_quintile,1996,255100.0,1600.0,256700.0,400.0,72600.0,184500.0
hh_with_children,highest_quintile,1997,270600.0,1700.0,272300.0,300.0,77200.0,195400.0
hh_with_children,highest_quintile,1998,294000.0,1500.0,295500.0,400.0,83200.0,212700.0
hh_with_children,highest_quintile,1999,316600.0,1400.0,318000.0,500.0,91200.0,227300.0
hh_with_children,highest_quintile,2000,336700.0,1800.0,338500.0,500.0,97400.0,241600.0
hh_with_children,highest_quintile,2001,305900.0,1800.0,307600.0,600.0,85000.0,223300.0
hh_with_children,highest_quintile,2002,287200.0,1900.0,289100.0,600.0,77600.0,212100.0
hh_with_children,highest_quintile,2003,301000.0,1900.0,302900.0,700.0,77500.0,226100.0
hh_with_children,highest_quintile,2004,322900.0,1900.0,324800.0,800.0,83900.0,241700.0
hh_with_children,highest_quintile,2005,349800.0,1800.0,351500.0,800.0,92500.0,259800.0
hh_with_children,highest_quintile,2006,384700.0,1800.0,386500.0,800.0,102200.0,285100.0
hh_with_children,highest_quintile,2007,409100.0,2100.0,411200.0,900.0,106600.0,305400.0
hh_with_children,highest_quintile,2008,357200.0,2000.0,359200.0,1000.0,89700.0,270400.0
hh_with_children,highest_quintile,2009,317400.0,2900.0,320300.0,1000.0,79100.0,242200.0
hh_with_children,highest_quintile,2010,347800.0,2700.0,350500.0,1100.0,89400.0,262200.0
hh_with_children,highest_quintile,2011,339100.0,2800.0,341900.0,1000.0,85100.0,257900.0
hh_with_children,highest_quintile,2012,377200.0,2300.0,379500.0,900.0,96200.0,284200.0
hh_with_children,highest_quintile,2013,363700.0,2400.0,366100.0,800.0,103000.0,264000.0
hh_with_children,highest_quintile,2014,386800.0,2400.0,389300.0,1300.0,111200.0,279400.0
hh_with_children,highest_quintile,2015,408500.0,2700.0,411100.0,1700.0,117700.0,295100.0
hh_with_children,percentiles_81_90,1979,122900.0,1200.0,124100.0,300.0,29000.0,95500.0
hh_with_children,percentiles_81_90,1980,120400.0,1400.0,121800.0,300.0,29200.0,92900.0
hh_with_children,percentiles_81_90,1981,120100.0,1500.0,121600.0,200.0,30100.0,91700.0
hh_with_children,percentiles_81_90,1982,119700.0,1800.0,121500.0,200.0,28000.0,93700.0
hh_with_children,percentiles_81_90,1983,120800.0,1600.0,122300.0,100.0,27800.0,94700.0
hh_with_children,percentiles_81_90,1984,128900.0,1800.0,130700.0,200.0,29500.0,101400.0
hh_with_children,percentiles_81_90,1985,128600.0,1400.0,130000.0,200.0,29700.0,100500.0
hh_with_children,percentiles_81_90,1986,134300.0,1300.0,135600.0,200.0,31300.0,104500.0
hh_with_children,percentiles_81_90,1987,135900.0,1300.0,137100.0,200.0,31700.0,105600.0
hh_with_children,percentiles_81_90,1988,137900.0,1400.0,139300.0,200.0,32500.0,107000.0
hh_with_children,percentiles_81_90,1989,139700.0,1700.0,141400.0,300.0,33100.0,108600.0
hh_with_children,percentiles_81_90,1990,139500.0,1500.0,141000.0,300.0,33200.0,108100.0
hh_with_children,percentiles_81_90,1991,137300.0,1700.0,139100.0,400.0,33000.0,106400.0
hh_with_children,percentiles_81_90,1992,138100.0,2100.0,140200.0,500.0,33000.0,107700.0
hh_with_children,percentiles_81_90,1993,139000.0,2500.0,141500.0,400.0,33100.0,108800.0
hh_with_children,percentiles_81_90,1994,141700.0,2000.0,143700.0,500.0,34200.0,110000.0
hh_with_children,percentiles_81_90,1995,147300.0,1800.0,149100.0,500.0,36100.0,113500.0
hh_with_children,percentiles_81_90,1996,151700.0,1600.0,153200.0,400.0,36800.0,116900.0
hh_with_children,percentiles_81_90,1997,155900.0,1700.0,157500.0,400.0,38200.0,119700.0
hh_with_children,percentiles_81_90,1998,162500.0,1700.0,164200.0,400.0,39600.0,125000.0
hh_with_children,percentiles_81_90,1999,168300.0,1700.0,170000.0,500.0,41400.0,129200.0
hh_with_children,percentiles_81_90,2000,172100.0,2000.0,174000.0,600.0,42500.0,132200.0
hh_with_children,percentiles_81_90,2001,171200.0,2000.0,173200.0,600.0,40600.0,133300.0
hh_with_children,percentiles_81_90,2002,166600.0,2200.0,168700.0,700.0,38000.0,131400.0
hh_with_children,percentiles_81_90,2003,169700.0,2200.0,171900.0,700.0,36400.0,136200.0
hh_with_children,percentiles_81_90,2004,174300.0,2200.0,176500.0,1000.0,37800.0,139600.0
hh_with_children,percentiles_81_90,2005,179400.0,1900.0,181300.0,800.0,39300.0,142700.0
hh_with_children,percentiles_81_90,2006,185200.0,2000.0,187200.0,900.0,40800.0,147300.0
hh_with_children,percentiles_81_90,2007,189200.0,2500.0,191700.0,900.0,41700.0,150900.0
hh_with_children,percentiles_81_90,2008,183200.0,2400.0,185600.0,1000.0,37900.0,148700.0
hh_with_children,percentiles_81_90,2009,179000.0,3300.0,182300.0,1100.0,36900.0,146500.0
hh_with_children,percentiles_81_90,2010,180900.0,3300.0,184300.0,1300.0,38200.0,147400.0
hh_with_children,percentiles_81_90,2011,181600.0,3100.0,184700.0,1100.0,37000.0,148800.0
hh_with_children,percentiles_81_90,2012,184100.0,2500.0,186600.0,1000.0,38300.0,149200.0
hh_with_children,percentiles_81_90,2013,187600.0,2600.0,190200.0,900.0,42700.0,148400.0
hh_with_children,percentiles_81_90,2014,191700.0,2800.0,194500.0,1400.0,44200.0,151700.0
hh_with_children,percentiles_81_90,2015,199100.0,2900.0,202000.0,1800.0,46400.0,157400.0
hh_with_children,percentiles_91_95,1979,155100.0,1600.0,156700.0,200.0,38200.0,118700.0
hh_with_children,percentiles_91_95,1980,152100.0,1500.0,153600.0,300.0,38300.0,115500.0
hh_with_children,percentiles_91_95,1981,152000.0,1700.0,153700.0,200.0,39200.0,114800.0
hh_with_children,percentiles_91_95,1982,151700.0,1700.0,153400.0,300.0,36100.0,117500.0
hh_with_children,percentiles_91_95,1983,155300.0,1500.0,156900.0,200.0,35800.0,121200.0
hh_with_children,percentiles_91_95,1984,166100.0,1400.0,167500.0,200.0,38100.0,129600.0
hh_with_children,percentiles_91_95,1985,166600.0,1200.0,167800.0,200.0,38400.0,129600.0
hh_with_children,percentiles_91_95,1986,174100.0,1300.0,175400.0,100.0,40300.0,135200.0
hh_with_children,percentiles_91_95,1987,177200.0,1300.0,178500.0,200.0,43300.0,135400.0
hh_with_children,percentiles_91_95,1988,180200.0,1400.0,181500.0,200.0,43700.0,138100.0
hh_with_children,percentiles_91_95,1989,183400.0,1400.0,184800.0,300.0,44000.0,141000.0
hh_with_children,percentiles_91_95,1990,182000.0,1500.0,183600.0,300.0,43600.0,140200.0
hh_with_children,percentiles_91_95,1991,179400.0,1800.0,181200.0,300.0,44200.0,137300.0
hh_with_children,percentiles_91_95,1992,181500.0,1500.0,183000.0,300.0,44500.0,138900.0
hh_with_children,percentiles_91_95,1993,183300.0,1500.0,184800.0,400.0,46100.0,139000.0
hh_with_children,percentiles_91_95,1994,186800.0,1900.0,188700.0,500.0,47100.0,142100.0
hh_with_children,percentiles_91_95,1995,194100.0,2200.0,196200.0,600.0,49600.0,147200.0
hh_with_children,percentiles_91_95,1996,200200.0,1800.0,202000.0,300.0,51100.0,151300.0
hh_with_children,percentiles_91_95,1997,208400.0,1500.0,209900.0,300.0,53600.0,156600.0
hh_with_children,percentiles_91_95,1998,219400.0,1200.0,220600.0,300.0,56400.0,164500.0
hh_with_children,percentiles_91_95,1999,228500.0,1500.0,230000.0,500.0,59600.0,170900.0
hh_with_children,percentiles_91_95,2000,235800.0,1700.0,237400.0,400.0,62000.0,175900.0
hh_with_children,percentiles_91_95,2001,227900.0,1400.0,229300.0,500.0,58000.0,171900.0
hh_with_children,percentiles_91_95,2002,223100.0,1900.0,225000.0,600.0,55000.0,170500.0
hh_with_children,percentiles_91_95,2003,226900.0,2000.0,228900.0,600.0,52800.0,176700.0
hh_with_children,percentiles_91_95,2004,235300.0,1700.0,237000.0,700.0,55300.0,182400.0
hh_with_children,percentiles_91_95,2005,242900.0,1800.0,244600.0,800.0,57800.0,187600.0
hh_with_children,percentiles_91_95,2006,253900.0,1700.0,255500.0,700.0,60600.0,195600.0
hh_with_children,percentiles_91_95,2007,262400.0,1900.0,264200.0,900.0,62000.0,203100.0
hh_with_children,percentiles_91_95,2008,250700.0,1600.0,252300.0,1000.0,58000.0,195300.0
hh_with_children,percentiles_91_95,2009,242100.0,3000.0,245100.0,1000.0,55300.0,190800.0
hh_with_children,percentiles_91_95,2010,245200.0,2300.0,247500.0,900.0,57100.0,191200.0
hh_with_children,percentiles_91_95,2011,246300.0,2800.0,249100.0,800.0,55600.0,194300.0
hh_with_children,percentiles_91_95,2012,253500.0,2500.0,256000.0,900.0,58200.0,198700.0
hh_with_children,percentiles_91_95,2013,260200.0,2200.0,262500.0,700.0,64000.0,199200.0
hh_with_children,percentiles_91_95,2014,265900.0,2200.0,268100.0,1100.0,66700.0,202400.0
hh_with_children,percentiles_91_95,2015,275100.0,2600.0,277700.0,1700.0,69300.0,210100.0
hh_with_children,percentiles_96_99,1979,232600.0,1200.0,233900.0,300.0,61700.0,172400.0
hh_with_children,percentiles_96_99,1980,225900.0,1400.0,227300.0,200.0,60900.0,166700.0
hh_with_children,percentiles_96_99,1981,224500.0,1500.0,226100.0,300.0,59200.0,167200.0
hh_with_children,percentiles_96_99,1982,225100.0,1400.0,226500.0,200.0,54500.0,172200.0
hh_with_children,percentiles_96_99,1983,231500.0,1200.0,232700.0,300.0,54100.0,178800.0
hh_with_children,percentiles_96_99,1984,246000.0,1600.0,247600.0,200.0,57400.0,190500.0
hh_with_children,percentiles_96_99,1985,249500.0,1200.0,250700.0,300.0,57100.0,193900.0
hh_with_children,percentiles_96_99,1986,275800.0,1100.0,276900.0,300.0,63900.0,213300.0
hh_with_children,percentiles_96_99,1987,268500.0,1400.0,269800.0,300.0,68900.0,201200.0
hh_with_children,percentiles_96_99,1988,281000.0,1000.0,282000.0,300.0,71000.0,211200.0
hh_with_children,percentiles_96_99,1989,281000.0,1300.0,282300.0,200.0,70900.0,211600.0
hh_with_children,percentiles_96_99,1990,279800.0,1200.0,281000.0,300.0,70600.0,210700.0
hh_with_children,percentiles_96_99,1991,276100.0,1300.0,277300.0,500.0,71800.0,206100.0
hh_with_children,percentiles_96_99,1992,282600.0,1700.0,284300.0,400.0,73900.0,210800.0
hh_with_children,percentiles_96_99,1993,282100.0,1400.0,283500.0,400.0,77000.0,206900.0
hh_with_children,percentiles_96_99,1994,288200.0,1700.0,289900.0,500.0,80100.0,210300.0
hh_with_children,percentiles_96_99,1995,301900.0,1900.0,303800.0,500.0,84300.0,220000.0
hh_with_children,percentiles_96_99,1996,322300.0,1600.0,323900.0,300.0,91300.0,233000.0
hh_with_children,percentiles_96_99,1997,340100.0,1800.0,341900.0,300.0,97500.0,244800.0
hh_with_children,percentiles_96_99,1998,363600.0,1200.0,364800.0,400.0,104000.0,261200.0
hh_with_children,percentiles_96_99,1999,382700.0,800.0,383500.0,300.0,112000.0,271800.0
hh_with_children,percentiles_96_99,2000,389200.0,1700.0,390900.0,300.0,114300.0,276900.0
hh_with_children,percentiles_96_99,2001,368900.0,1700.0,370600.0,500.0,103100.0,268100.0
hh_with_children,percentiles_96_99,2002,355800.0,1400.0,357200.0,500.0,96800.0,260900.0
hh_with_children,percentiles_96_99,2003,364800.0,1300.0,366100.0,700.0,95700.0,271000.0
hh_with_children,percentiles_96_99,2004,385500.0,1400.0,386800.0,500.0,102700.0,284600.0
hh_with_children,percentiles_96_99,2005,418100.0,1600.0,419700.0,700.0,114000.0,306300.0
hh_with_children,percentiles_96_99,2006,434900.0,1500.0,436400.0,800.0,118300.0,318900.0
hh_with_children,percentiles_96_99,2007,450500.0,1500.0,451900.0,800.0,121300.0,331500.0
hh_with_children,percentiles_96_99,2008,412200.0,1600.0,413900.0,800.0,108500.0,306200.0
hh_with_children,percentiles_96_99,2009,385600.0,2300.0,387900.0,900.0,100100.0,288700.0
hh_with_children,percentiles_96_99,2010,396700.0,2100.0,398800.0,800.0,104900.0,294700.0
hh_with_children,percentiles_96_99,2011,405300.0,2200.0,407500.0,1000.0,105700.0,302700.0
hh_with_children,percentiles_96_99,2012,427400.0,1500.0,428900.0,800.0,113200.0,316600.0
hh_with_children,percentiles_96_99,2013,430600.0,2300.0,432900.0,700.0,121100.0,312600.0
hh_with_children,percentiles_96_99,2014,449100.0,2200.0,451300.0,1200.0,128500.0,324000.0
hh_with_children,percentiles_96_99,2015,462900.0,2500.0,465400.0,1500.0,132700.0,334300.0
hh_with_children,top_1_percent,1979,659700.0,1400.0,661100.0,500.0,218000.0,443500.0
hh_with_children,top_1_percent,1980,636800.0,1000.0,637900.0,500.0,196500.0,441900.0
hh_with_children,top_1_percent,1981,659900.0,1300.0,661200.0,500.0,190000.0,471700.0
hh_with_children,top_1_percent,1982,674600.0,1400.0,676000.0,400.0,168600.0,507900.0
hh_with_children,top_1_percent,1983,786900.0,1600.0,788500.0,600.0,207400.0,581800.0
hh_with_children,top_1_percent,1984,861900.0,1200.0,863100.0,500.0,224500.0,639000.0
hh_with_children,top_1_percent,1985,855500.0,1200.0,856800.0,700.0,213700.0,643700.0
hh_with_children,top_1_percent,1986,1356700.0,1400.0,1358100.0,700.0,328400.0,1030500.0
hh_with_children,top_1_percent,1987,957400.0,1400.0,958700.0,400.0,287600.0,671600.0
hh_with_children,top_1_percent,1988,1164400.0,800.0,1165200.0,300.0,327600.0,838000.0
hh_with_children,top_1_percent,1989,1116200.0,800.0,1117000.0,600.0,308100.0,809400.0
hh_with_children,top_1_percent,1990,936200.0,1400.0,937500.0,400.0,258200.0,679800.0
hh_with_children,top_1_percent,1991,940800.0,1200.0,941900.0,700.0,274300.0,668400.0
hh_with_children,top_1_percent,1992,1049000.0,1300.0,1050300.0,400.0,312700.0,738000.0
hh_with_children,top_1_percent,1993,1053600.0,800.0,1054400.0,600.0,359500.0,695600.0
hh_with_children,top_1_percent,1994,1019400.0,900.0,1020300.0,500.0,359300.0,661500.0
hh_with_children,top_1_percent,1995,1210800.0,1400.0,1212200.0,1000.0,432400.0,780900.0
hh_with_children,top_1_percent,1996,1325700.0,700.0,1326400.0,400.0,470800.0,856000.0
hh_with_children,top_1_percent,1997,1456400.0,2000.0,1458400.0,200.0,504800.0,953800.0
hh_with_children,top_1_percent,1998,1679900.0,1000.0,1680900.0,600.0,559800.0,1121700.0
hh_with_children,top_1_percent,1999,2051400.0,300.0,2051700.0,600.0,688700.0,1363600.0
hh_with_children,top_1_percent,2000,2313800.0,1100.0,2314900.0,200.0,767000.0,1548100.0
hh_with_children,top_1_percent,2001,1797900.0,800.0,1798700.0,800.0,592400.0,1207100.0
hh_with_children,top_1_percent,2002,1570000.0,1200.0,1571200.0,900.0,518400.0,1053600.0
hh_with_children,top_1_percent,2003,1675800.0,1000.0,1676800.0,800.0,521300.0,1156200.0
hh_with_children,top_1_percent,2004,1953100.0,1300.0,1954400.0,700.0,598200.0,1356900.0
hh_with_children,top_1_percent,2005,2298300.0,1300.0,2299600.0,700.0,705500.0,1594700.0
hh_with_children,top_1_percent,2006,2631400.0,1000.0,2632400.0,600.0,797600.0,1835500.0
hh_with_children,top_1_percent,2007,2855200.0,1100.0,2856300.0,700.0,825100.0,2031900.0
hh_with_children,top_1_percent,2008,2259400.0,1500.0,2260900.0,1300.0,647400.0,1614800.0
hh_with_children,top_1_percent,2009,1625400.0,1200.0,1626600.0,1100.0,480500.0,1147100.0
hh_with_children,top_1_percent,2010,2088000.0,1400.0,2089400.0,1200.0,624700.0,1465900.0
hh_with_children,top_1_percent,2011,1950100.0,1900.0,1952000.0,1300.0,579800.0,1373500.0
hh_with_children,top_1_percent,2012,2371200.0,2900.0,2374100.0,1000.0,690200.0,1684900.0
hh_with_children,top_1_percent,2013,2043800.0,1300.0,2045100.0,1000.0,708700.0,1337400.0
hh_with_children,top_1_percent,2014,2333600.0,1400.0,2335100.0,1700.0,805200.0,1531500.0
hh_with_children,top_1_percent,2015,2485700.0,1300.0,2487100.0,1800.0,850000.0,1638900.0
elderly_headed_hh,all_quintiles,1979,32500.0,15500.0,48000.0,900.0,8700.0,40200.0
elderly_headed_hh,all_quintiles,1980,31800.0,16300.0,48100.0,1000.0,8200.0,40900.0
elderly_headed_hh,all_quintiles,1981,33200.0,17200.0,50400.0,1000.0,8100.0,43300.0
elderly_headed_hh,all_quintiles,1982,34000.0,18500.0,52400.0,900.0,7300.0,46000.0
elderly_headed_hh,all_quintiles,1983,35000.0,19300.0,54300.0,1000.0,7500.0,47800.0
elderly_headed_hh,all_quintiles,1984,38000.0,19400.0,57400.0,1000.0,8500.0,49900.0
elderly_headed_hh,all_quintiles,1985,39300.0,19800.0,59100.0,1100.0,8700.0,51500.0
elderly_headed_hh,all_quintiles,1986,42900.0,20300.0,63200.0,1100.0,9200.0,55100.0
elderly_headed_hh,all_quintiles,1987,37600.0,19900.0,57500.0,1100.0,8800.0,49800.0
elderly_headed_hh,all_quintiles,1988,39800.0,20000.0,59700.0,1100.0,9400.0,51400.0
elderly_headed_hh,all_quintiles,1989,40100.0,20100.0,60200.0,1100.0,9200.0,52100.0
elderly_headed_hh,all_quintiles,1990,39100.0,20800.0,59900.0,1200.0,8900.0,52200.0
elderly_headed_hh,all_quintiles,1991,36100.0,21600.0,57700.0,1300.0,8000.0,51000.0
elderly_headed_hh,all_quintiles,1992,37600.0,22500.0,60100.0,1400.0,8600.0,52800.0
elderly_headed_hh,all_quintiles,1993,37000.0,23600.0,60700.0,1400.0,8900.0,53200.0
elderly_headed_hh,all_quintiles,1994,36900.0,23800.0,60700.0,1500.0,9300.0,52800.0
elderly_headed_hh,all_quintiles,1995,39800.0,24400.0,64100.0,1500.0,10300.0,55300.0
elderly_headed_hh,all_quintiles,1996,45100.0,25200.0,70400.0,1500.0,12000.0,59900.0
elderly_headed_hh,all_quintiles,1997,48400.0,25800.0,74200.0,1500.0,12600.0,63100.0
elderly_headed_hh,all_quintiles,1998,52200.0,26000.0,78200.0,1700.0,13100.0,66700.0
elderly_headed_hh,all_quintiles,1999,55100.0,25200.0,80300.0,1700.0,14000.0,68000.0
elderly_headed_hh,all_quintiles,2000,55200.0,25200.0,80400.0,1800.0,13600.0,68600.0
elderly_headed_hh,all_quintiles,2001,48900.0,26300.0,75200.0,1900.0,11300.0,65800.0
elderly_headed_hh,all_quintiles,2002,45400.0,27300.0,72700.0,2100.0,10300.0,64400.0
elderly_headed_hh,all_quintiles,2003,46500.0,27400.0,73900.0,2200.0,10400.0,65800.0
elderly_headed_hh,all_quintiles,2004,52400.0,27900.0,80300.0,2300.0,12000.0,70600.0
elderly_headed_hh,all_quintiles,2005,58500.0,28400.0,86800.0,2200.0,13900.0,75100.0
elderly_headed_hh,all_quintiles,2006,61900.0,29900.0,91800.0,2100.0,14800.0,79100.0
elderly_headed_hh,all_quintiles,2007,69300.0,30000.0,99300.0,2200.0,15800.0,85700.0
elderly_headed_hh,all_quintiles,2008,56800.0,30100.0,87000.0,2300.0,11400.0,77900.0
elderly_headed_hh,all_quintiles,2009,49600.0,32900.0,82400.0,2500.0,10200.0,74700.0
elderly_headed_hh,all_quintiles,2010,54400.0,32300.0,86700.0,2500.0,11600.0,77600.0
elderly_headed_hh,all_quintiles,2011,55200.0,31200.0,86400.0,2300.0,11900.0,76800.0
elderly_headed_hh,all_quintiles,2012,61200.0,31600.0,92800.0,2300.0,13600.0,81500.0
elderly_headed_hh,all_quintiles,2013,58900.0,31600.0,90500.0,2300.0,14200.0,78500.0
elderly_headed_hh,all_quintiles,2014,62500.0,31200.0,93700.0,2600.0,15400.0,80800.0
elderly_headed_hh,all_quintiles,2015,64200.0,32000.0,96200.0,2700.0,15800.0,83100.0
elderly_headed_hh,lowest_quintile,1979,1900.0,11800.0,13700.0,2000.0,400.0,15300.0
elderly_headed_hh,lowest_quintile,1980,1600.0,11900.0,13500.0,2300.0,300.0,15600.0
elderly_headed_hh,lowest_quintile,1981,1400.0,12200.0,13600.0,2600.0,200.0,15900.0
elderly_headed_hh,lowest_quintile,1982,1100.0,12000.0,13100.0,2800.0,200.0,15700.0
elderly_headed_hh,lowest_quintile,1983,1000.0,12000.0,13000.0,3300.0,200.0,16100.0
elderly_headed_hh,lowest_quintile,1984,1100.0,12600.0,13800.0,3300.0,300.0,16800.0
elderly_headed_hh,lowest_quintile,1985,1100.0,12700.0,13800.0,3600.0,300.0,17100.0
elderly_headed_hh,lowest_quintile,1986,1000.0,12900.0,13900.0,3500.0,300.0,17100.0
elderly_headed_hh,lowest_quintile,1987,1300.0,12500.0,13800.0,3400.0,300.0,16900.0
elderly_headed_hh,lowest_quintile,1988,1300.0,12700.0,14000.0,3600.0,300.0,17300.0
elderly_headed_hh,lowest_quintile,1989,1300.0,12800.0,14100.0,3800.0,300.0,17600.0
elderly_headed_hh,lowest_quintile,1990,1400.0,13000.0,14500.0,3800.0,300.0,18000.0
elderly_headed_hh,lowest_quintile,1991,1300.0,12900.0,14200.0,4200.0,300.0,18100.0
elderly_headed_hh,lowest_quintile,1992,1000.0,13300.0,14300.0,4800.0,300.0,18800.0
elderly_headed_hh,lowest_quintile,1993,1100.0,13100.0,14200.0,5100.0,400.0,18900.0
elderly_headed_hh,lowest_quintile,1994,800.0,13300.0,14100.0,4900.0,400.0,18700.0
elderly_headed_hh,lowest_quintile,1995,1000.0,14200.0,15200.0,4900.0,400.0,19700.0
elderly_headed_hh,lowest_quintile,1996,1100.0,14100.0,15200.0,5300.0,400.0,20200.0
elderly_headed_hh,lowest_quintile,1997,1100.0,14600.0,15700.0,4900.0,400.0,20200.0
elderly_headed_hh,lowest_quintile,1998,1100.0,15300.0,16500.0,5400.0,400.0,21500.0
elderly_headed_hh,lowest_quintile,1999,1300.0,15800.0,17100.0,5300.0,500.0,21900.0
elderly_headed_hh,lowest_quintile,2000,1600.0,15600.0,17200.0,5400.0,500.0,22100.0
elderly_headed_hh,lowest_quintile,2001,1100.0,15900.0,16900.0,5900.0,400.0,22400.0
elderly_headed_hh,lowest_quintile,2002,1100.0,15700.0,16800.0,6600.0,400.0,23000.0
elderly_headed_hh,lowest_quintile,2003,1000.0,15600.0,16600.0,6700.0,400.0,22900.0
elderly_headed_hh,lowest_quintile,2004,1100.0,15700.0,16800.0,6800.0,400.0,23200.0
elderly_headed_hh,lowest_quintile,2005,900.0,16200.0,17100.0,6600.0,400.0,23300.0
elderly_headed_hh,lowest_quintile,2006,1000.0,16500.0,17500.0,6500.0,400.0,23600.0
elderly_headed_hh,lowest_quintile,2007,1200.0,17200.0,18300.0,5700.0,400.0,23700.0
elderly_headed_hh,lowest_quintile,2008,1100.0,17200.0,18300.0,6500.0,100.0,24700.0
elderly_headed_hh,lowest_quintile,2009,900.0,16500.0,17400.0,7900.0,400.0,24900.0
elderly_headed_hh,lowest_quintile,2010,900.0,17000.0,17900.0,8200.0,400.0,25700.0
elderly_headed_hh,lowest_quintile,2011,1000.0,16600.0,17500.0,7400.0,400.0,24500.0
elderly_headed_hh,lowest_quintile,2012,1200.0,15700.0,16800.0,8100.0,500.0,24400.0
elderly_headed_hh,lowest_quintile,2013,1200.0,16600.0,17800.0,7500.0,500.0,24800.0
elderly_headed_hh,lowest_quintile,2014,1300.0,15600.0,16900.0,8100.0,400.0,24500.0
elderly_headed_hh,lowest_quintile,2015,1500.0,16800.0,18300.0,8300.0,400.0,26300.0
elderly_headed_hh,second_quintile,1979,10700.0,18100.0,28800.0,500.0,1600.0,27700.0
elderly_headed_hh,second_quintile,1980,8600.0,18800.0,27400.0,500.0,1200.0,26600.0
elderly_headed_hh,second_quintile,1981,7900.0,19300.0,27200.0,600.0,1100.0,26700.0
elderly_headed_hh,second_quintile,1982,6700.0,19800.0,26500.0,800.0,800.0,26400.0
elderly_headed_hh,second_quintile,1983,6000.0,20200.0,26200.0,900.0,900.0,26200.0
elderly_headed_hh,second_quintile,1984,7500.0,20100.0,27600.0,800.0,1100.0,27300.0
elderly_headed_hh,second_quintile,1985,7000.0,20000.0,27100.0,800.0,1000.0,26900.0
elderly_headed_hh,second_quintile,1986,7200.0,20500.0,27700.0,900.0,1000.0,27500.0
elderly_headed_hh,second_quintile,1987,7000.0,20600.0,27600.0,1000.0,1100.0,27500.0
elderly_headed_hh,second_quintile,1988,7900.0,20200.0,28200.0,900.0,1200.0,27800.0
elderly_headed_hh,second_quintile,1989,8000.0,20300.0,28300.0,800.0,1200.0,27900.0
elderly_headed_hh,second_quintile,1990,7900.0,21000.0,28900.0,1000.0,1200.0,28800.0
elderly_headed_hh,second_quintile,1991,6900.0,21600.0,28500.0,1200.0,1100.0,28700.0
elderly_headed_hh,second_quintile,1992,6300.0,22000.0,28300.0,1400.0,1100.0,28700.0
elderly_headed_hh,second_quintile,1993,5600.0,22700.0,28300.0,1600.0,1000.0,28900.0
elderly_headed_hh,second_quintile,1994,5300.0,23200.0,28500.0,1500.0,1000.0,29000.0
elderly_headed_hh,second_quintile,1995,5800.0,24000.0,29800.0,1500.0,1100.0,30200.0
elderly_headed_hh,second_quintile,1996,5500.0,24000.0,29500.0,1600.0,1000.0,30000.0
elderly_headed_hh,second_quintile,1997,6100.0,24900.0,31000.0,1600.0,1100.0,31500.0
elderly_headed_hh,second_quintile,1998,7200.0,25900.0,33100.0,1700.0,1200.0,33600.0
elderly_headed_hh,second_quintile,1999,8600.0,25400.0,34000.0,1900.0,1500.0,34400.0
elderly_headed_hh,second_quintile,2000,10100.0,24100.0,34200.0,1900.0,1500.0,34600.0
elderly_headed_hh,second_quintile,2001,7800.0,25600.0,33400.0,2000.0,1200.0,34200.0
elderly_headed_hh,second_quintile,2002,6500.0,25800.0,32200.0,2200.0,1100.0,33400.0
elderly_headed_hh,second_quintile,2003,5800.0,26000.0,31800.0,2500.0,1000.0,33400.0
elderly_headed_hh,second_quintile,2004,6200.0,26400.0,32600.0,2600.0,1000.0,34300.0
elderly_headed_hh,second_quintile,2005,6300.0,26500.0,32800.0,2400.0,1100.0,34200.0
elderly_headed_hh,second_quintile,2006,6000.0,27500.0,33500.0,2500.0,1000.0,35000.0
elderly_headed_hh,second_quintile,2007,8000.0,27100.0,35100.0,2500.0,1200.0,36500.0
elderly_headed_hh,second_quintile,2008,6800.0,27400.0,34200.0,2900.0,400.0,36700.0
elderly_headed_hh,second_quintile,2009,5500.0,27800.0,33300.0,3500.0,700.0,36100.0
elderly_headed_hh,second_quintile,2010,5900.0,27500.0,33400.0,3500.0,800.0,36100.0
elderly_headed_hh,second_quintile,2011,5600.0,27700.0,33400.0,3500.0,800.0,36100.0
elderly_headed_hh,second_quintile,2012,5500.0,27300.0,32800.0,3700.0,800.0,35700.0
elderly_headed_hh,second_quintile,2013,5800.0,28000.0,33800.0,3500.0,900.0,36400.0
elderly_headed_hh,second_quintile,2014,6200.0,27400.0,33600.0,3600.0,900.0,36300.0
elderly_headed_hh,second_quintile,2015,6600.0,28600.0,35100.0,3600.0,900.0,37800.0
elderly_headed_hh,middle_quintile,1979,26700.0,17600.0,44300.0,300.0,4700.0,39800.0
elderly_headed_hh,middle_quintile,1980,24700.0,18400.0,43100.0,200.0,4000.0,39300.0
elderly_headed_hh,middle_quintile,1981,23900.0,19400.0,43300.0,300.0,3600.0,39900.0
elderly_headed_hh,middle_quintile,1982,22100.0,20300.0,42300.0,300.0,2900.0,39700.0
elderly_headed_hh,middle_quintile,1983,20800.0,21200.0,42000.0,300.0,2900.0,39400.0
elderly_headed_hh,middle_quintile,1984,23400.0,21200.0,44600.0,300.0,3300.0,41500.0
elderly_headed_hh,middle_quintile,1985,23200.0,21800.0,45000.0,300.0,3200.0,42100.0
elderly_headed_hh,middle_quintile,1986,24000.0,22100.0,46100.0,400.0,3500.0,43000.0
elderly_headed_hh,middle_quintile,1987,24100.0,22100.0,46200.0,300.0,3700.0,42900.0
elderly_headed_hh,middle_quintile,1988,25000.0,22000.0,47000.0,300.0,3900.0,43500.0
elderly_headed_hh,middle_quintile,1989,24900.0,22500.0,47400.0,300.0,3800.0,43900.0
elderly_headed_hh,middle_quintile,1990,25000.0,22700.0,47700.0,300.0,3800.0,44300.0
elderly_headed_hh,middle_quintile,1991,23500.0,23700.0,47200.0,500.0,3500.0,44200.0
elderly_headed_hh,middle_quintile,1992,22100.0,24800.0,46900.0,400.0,3300.0,44000.0
elderly_headed_hh,middle_quintile,1993,21800.0,25700.0,47500.0,500.0,3400.0,44700.0
elderly_headed_hh,middle_quintile,1994,22200.0,25300.0,47500.0,600.0,3600.0,44500.0
elderly_headed_hh,middle_quintile,1995,23200.0,25800.0,49000.0,700.0,3800.0,46000.0
elderly_headed_hh,middle_quintile,1996,22800.0,26800.0,49600.0,800.0,3700.0,46800.0
elderly_headed_hh,middle_quintile,1997,23800.0,27100.0,51000.0,800.0,3800.0,48000.0
elderly_headed_hh,middle_quintile,1998,25800.0,27200.0,53000.0,800.0,4000.0,49800.0
elderly_headed_hh,middle_quintile,1999,27500.0,26700.0,54200.0,700.0,4400.0,50500.0
elderly_headed_hh,middle_quintile,2000,28300.0,26600.0,54900.0,900.0,4300.0,51500.0
elderly_headed_hh,middle_quintile,2001,26900.0,28000.0,55000.0,1000.0,3600.0,52300.0
elderly_headed_hh,middle_quintile,2002,24400.0,29100.0,53500.0,1000.0,3100.0,51400.0
elderly_headed_hh,middle_quintile,2003,24300.0,29400.0,53700.0,1200.0,3100.0,51800.0
elderly_headed_hh,middle_quintile,2004,25400.0,29900.0,55300.0,1300.0,3300.0,53400.0
elderly_headed_hh,middle_quintile,2005,26600.0,30600.0,57200.0,1400.0,3700.0,54900.0
elderly_headed_hh,middle_quintile,2006,26000.0,31900.0,57900.0,1500.0,3700.0,55700.0
elderly_headed_hh,middle_quintile,2007,28300.0,31600.0,59900.0,1600.0,3800.0,57700.0
elderly_headed_hh,middle_quintile,2008,26000.0,32200.0,58200.0,1600.0,2400.0,57400.0
elderly_headed_hh,middle_quintile,2009,22800.0,34200.0,56900.0,1900.0,2500.0,56400.0
elderly_headed_hh,middle_quintile,2010,23000.0,34200.0,57200.0,1900.0,2600.0,56500.0
elderly_headed_hh,middle_quintile,2011,22700.0,33500.0,56200.0,1700.0,2600.0,55200.0
elderly_headed_hh,middle_quintile,2012,22700.0,33900.0,56600.0,1600.0,2700.0,55500.0
elderly_headed_hh,middle_quintile,2013,24100.0,33200.0,57300.0,1600.0,3200.0,55700.0
elderly_headed_hh,middle_quintile,2014,24800.0,33400.0,58200.0,1800.0,3300.0,56700.0
elderly_headed_hh,middle_quintile,2015,26700.0,34100.0,60800.0,1900.0,3500.0,59200.0
elderly_headed_hh,fourth_quintile,1979,44400.0,17900.0,62300.0,200.0,9200.0,53300.0
elderly_headed_hh,fourth_quintile,1980,41700.0,18500.0,60200.0,300.0,8300.0,52200.0
elderly_headed_hh,fourth_quintile,1981,41000.0,20000.0,61100.0,200.0,7700.0,53600.0
elderly_headed_hh,fourth_quintile,1982,38800.0,21600.0,60400.0,200.0,6300.0,54300.0
elderly_headed_hh,fourth_quintile,1983,38700.0,22300.0,61000.0,200.0,6500.0,54600.0
elderly_headed_hh,fourth_quintile,1984,42400.0,22000.0,64300.0,100.0,7300.0,57200.0
elderly_headed_hh,fourth_quintile,1985,41900.0,23000.0,64900.0,200.0,7100.0,58000.0
elderly_headed_hh,fourth_quintile,1986,43700.0,23900.0,67600.0,200.0,7400.0,60400.0
elderly_headed_hh,fourth_quintile,1987,44900.0,22900.0,67800.0,100.0,8300.0,59700.0
elderly_headed_hh,fourth_quintile,1988,45000.0,23200.0,68200.0,200.0,8400.0,60000.0
elderly_headed_hh,fourth_quintile,1989,46200.0,23200.0,69300.0,200.0,8500.0,61000.0
elderly_headed_hh,fourth_quintile,1990,44800.0,24500.0,69300.0,200.0,8200.0,61200.0
elderly_headed_hh,fourth_quintile,1991,42800.0,25300.0,68100.0,200.0,7600.0,60700.0
elderly_headed_hh,fourth_quintile,1992,42900.0,26400.0,69200.0,300.0,7700.0,61800.0
elderly_headed_hh,fourth_quintile,1993,41700.0,27900.0,69500.0,400.0,7600.0,62300.0
elderly_headed_hh,fourth_quintile,1994,43000.0,27700.0,70700.0,400.0,8200.0,62900.0
elderly_headed_hh,fourth_quintile,1995,44000.0,28400.0,72400.0,500.0,8500.0,64300.0
elderly_headed_hh,fourth_quintile,1996,44400.0,29200.0,73700.0,500.0,8700.0,65500.0
elderly_headed_hh,fourth_quintile,1997,45700.0,29500.0,75200.0,600.0,8900.0,66900.0
elderly_headed_hh,fourth_quintile,1998,48800.0,29500.0,78400.0,600.0,9400.0,69600.0
elderly_headed_hh,fourth_quintile,1999,52000.0,28300.0,80300.0,600.0,10300.0,70500.0
elderly_headed_hh,fourth_quintile,2000,53300.0,29000.0,82300.0,700.0,10500.0,72400.0
elderly_headed_hh,fourth_quintile,2001,51300.0,29800.0,81100.0,700.0,9100.0,72600.0
elderly_headed_hh,fourth_quintile,2002,48000.0,31500.0,79500.0,900.0,7900.0,72500.0
elderly_headed_hh,fourth_quintile,2003,49500.0,31500.0,81000.0,900.0,8100.0,73700.0
elderly_headed_hh,fourth_quintile,2004,50800.0,32600.0,83500.0,1000.0,8700.0,75800.0
elderly_headed_hh,fourth_quintile,2005,53000.0,33000.0,86000.0,1000.0,9400.0,77700.0
elderly_headed_hh,fourth_quintile,2006,53100.0,34300.0,87400.0,1000.0,9700.0,78700.0
elderly_headed_hh,fourth_quintile,2007,55000.0,34900.0,89900.0,1300.0,9700.0,81600.0
elderly_headed_hh,fourth_quintile,2008,53200.0,34400.0,87700.0,900.0,7600.0,81000.0
elderly_headed_hh,fourth_quintile,2009,47100.0,38700.0,85800.0,1000.0,6800.0,80000.0
elderly_headed_hh,fourth_quintile,2010,48800.0,37600.0,86400.0,1100.0,7400.0,80200.0
elderly_headed_hh,fourth_quintile,2011,50800.0,35800.0,86600.0,1000.0,7800.0,79900.0
elderly_headed_hh,fourth_quintile,2012,50100.0,37100.0,87200.0,900.0,7900.0,80300.0
elderly_headed_hh,fourth_quintile,2013,52300.0,36900.0,89200.0,900.0,8800.0,81300.0
elderly_headed_hh,fourth_quintile,2014,53700.0,36700.0,90500.0,1100.0,9200.0,82300.0
elderly_headed_hh,fourth_quintile,2015,55700.0,38100.0,93800.0,1200.0,9600.0,85300.0
elderly_headed_hh,highest_quintile,1979,142000.0,16900.0,158900.0,100.0,44800.0,114200.0
elderly_headed_hh,highest_quintile,1980,131800.0,17500.0,149400.0,100.0,39800.0,109700.0
elderly_headed_hh,highest_quintile,1981,127900.0,18500.0,146400.0,100.0,36300.0,110200.0
elderly_headed_hh,highest_quintile,1982,125300.0,20600.0,145800.0,100.0,31300.0,114600.0
elderly_headed_hh,highest_quintile,1983,125800.0,21400.0,147300.0,100.0,30500.0,116800.0
elderly_headed_hh,highest_quintile,1984,138700.0,22200.0,161000.0,100.0,35700.0,125400.0
elderly_headed_hh,highest_quintile,1985,146100.0,22800.0,168800.0,100.0,36600.0,132300.0
elderly_headed_hh,highest_quintile,1986,170000.0,23100.0,193100.0,100.0,40700.0,152500.0
elderly_headed_hh,highest_quintile,1987,153100.0,22100.0,175200.0,100.0,41600.0,133700.0
elderly_headed_hh,highest_quintile,1988,165200.0,23000.0,188200.0,100.0,44500.0,143800.0
elderly_headed_hh,highest_quintile,1989,159300.0,22900.0,182300.0,100.0,41800.0,140600.0
elderly_headed_hh,highest_quintile,1990,151200.0,23800.0,174900.0,100.0,39100.0,136000.0
elderly_headed_hh,highest_quintile,1991,138700.0,24700.0,163500.0,100.0,35000.0,128600.0
elderly_headed_hh,highest_quintile,1992,146700.0,25300.0,172000.0,200.0,38100.0,134100.0
elderly_headed_hh,highest_quintile,1993,144100.0,27600.0,171700.0,200.0,39500.0,132400.0
elderly_headed_hh,highest_quintile,1994,150700.0,29400.0,180100.0,300.0,43400.0,137000.0
elderly_headed_hh,highest_quintile,1995,152700.0,28500.0,181200.0,300.0,44900.0,136600.0
elderly_headed_hh,highest_quintile,1996,169200.0,29600.0,198800.0,400.0,50400.0,148800.0
elderly_headed_hh,highest_quintile,1997,179400.0,30600.0,210000.0,400.0,52100.0,158300.0
elderly_headed_hh,highest_quintile,1998,193400.0,29900.0,223200.0,500.0,53900.0,169800.0
elderly_headed_hh,highest_quintile,1999,211500.0,28700.0,240200.0,500.0,59500.0,181200.0
elderly_headed_hh,highest_quintile,2000,210800.0,30400.0,241200.0,600.0,58400.0,183400.0
elderly_headed_hh,highest_quintile,2001,192400.0,31500.0,223900.0,500.0,50900.0,173400.0
elderly_headed_hh,highest_quintile,2002,185700.0,32100.0,217800.0,600.0,48600.0,169900.0
elderly_headed_hh,highest_quintile,2003,195700.0,32800.0,228500.0,600.0,49500.0,179600.0
elderly_headed_hh,highest_quintile,2004,222500.0,32600.0,255100.0,700.0,57300.0,198600.0
elderly_headed_hh,highest_quintile,2005,234300.0,33300.0,267600.0,600.0,61600.0,206600.0
elderly_headed_hh,highest_quintile,2006,237900.0,34500.0,272400.0,700.0,62500.0,210600.0
elderly_headed_hh,highest_quintile,2007,254200.0,35100.0,289300.0,900.0,63200.0,227000.0
elderly_headed_hh,highest_quintile,2008,218500.0,35800.0,254300.0,700.0,50700.0,204300.0
elderly_headed_hh,highest_quintile,2009,186500.0,39700.0,226100.0,900.0,42800.0,184200.0
elderly_headed_hh,highest_quintile,2010,197500.0,36600.0,234200.0,700.0,46900.0,188100.0
elderly_headed_hh,highest_quintile,2011,208300.0,35000.0,243400.0,500.0,49600.0,194300.0
elderly_headed_hh,highest_quintile,2012,229600.0,35300.0,265000.0,600.0,55700.0,209900.0
elderly_headed_hh,highest_quintile,2013,209400.0,35500.0,244900.0,500.0,55900.0,189500.0
elderly_headed_hh,highest_quintile,2014,226000.0,36200.0,262200.0,700.0,61400.0,201400.0
elderly_headed_hh,highest_quintile,2015,235900.0,36000.0,272000.0,700.0,63800.0,208900.0
elderly_headed_hh,percentiles_81_90,1979,67400.0,17400.0,84800.0,200.0,16000.0,68900.0
elderly_headed_hh,percentiles_81_90,1980,65300.0,18200.0,83400.0,200.0,15000.0,68600.0
elderly_headed_hh,percentiles_81_90,1981,63300.0,18800.0,82000.0,100.0,14000.0,68100.0
elderly_headed_hh,percentiles_81_90,1982,60900.0,20900.0,81700.0,200.0,11900.0,70000.0
elderly_headed_hh,percentiles_81_90,1983,61300.0,22000.0,83300.0,100.0,12000.0,71400.0
elderly_headed_hh,percentiles_81_90,1984,66400.0,22400.0,88800.0,100.0,13700.0,75200.0
elderly_headed_hh,percentiles_81_90,1985,65900.0,23100.0,89100.0,100.0,13200.0,75900.0
elderly_headed_hh,percentiles_81_90,1986,69200.0,24100.0,93300.0,100.0,13800.0,79600.0
elderly_headed_hh,percentiles_81_90,1987,71700.0,22700.0,94400.0,100.0,15700.0,78800.0
elderly_headed_hh,percentiles_81_90,1988,73400.0,23500.0,96900.0,200.0,16200.0,80900.0
elderly_headed_hh,percentiles_81_90,1989,73700.0,23700.0,97400.0,100.0,16200.0,81300.0
elderly_headed_hh,percentiles_81_90,1990,71500.0,24200.0,95700.0,100.0,15500.0,80300.0
elderly_headed_hh,percentiles_81_90,1991,68400.0,25200.0,93600.0,200.0,14300.0,79400.0
elderly_headed_hh,percentiles_81_90,1992,71000.0,25800.0,96700.0,200.0,15100.0,81800.0
elderly_headed_hh,percentiles_81_90,1993,69200.0,27600.0,96800.0,400.0,15000.0,82200.0
elderly_headed_hh,percentiles_81_90,1994,71200.0,28800.0,100100.0,300.0,16300.0,84100.0
elderly_headed_hh,percentiles_81_90,1995,73700.0,28300.0,102000.0,400.0,17600.0,84700.0
elderly_headed_hh,percentiles_81_90,1996,74600.0,29500.0,104100.0,400.0,17800.0,86700.0
elderly_headed_hh,percentiles_81_90,1997,76300.0,30900.0,107200.0,500.0,18200.0,89400.0
elderly_headed_hh,percentiles_81_90,1998,82100.0,30200.0,112400.0,600.0,19400.0,93500.0
elderly_headed_hh,percentiles_81_90,1999,87500.0,28300.0,115900.0,600.0,20900.0,95600.0
elderly_headed_hh,percentiles_81_90,2000,87000.0,29900.0,116900.0,600.0,20600.0,96900.0
elderly_headed_hh,percentiles_81_90,2001,86300.0,31100.0,117500.0,500.0,18900.0,99000.0
elderly_headed_hh,percentiles_81_90,2002,83900.0,31400.0,115300.0,800.0,17600.0,98500.0
elderly_headed_hh,percentiles_81_90,2003,85300.0,32400.0,117600.0,800.0,16800.0,101600.0
elderly_headed_hh,percentiles_81_90,2004,88800.0,32800.0,121500.0,900.0,18100.0,104300.0
elderly_headed_hh,percentiles_81_90,2005,91500.0,33500.0,125000.0,600.0,19100.0,106500.0
elderly_headed_hh,percentiles_81_90,2006,93100.0,34600.0,127700.0,700.0,19800.0,108500.0
elderly_headed_hh,percentiles_81_90,2007,93900.0,35400.0,129400.0,1000.0,19100.0,111200.0
elderly_headed_hh,percentiles_81_90,2008,90300.0,36100.0,126400.0,700.0,15900.0,111200.0
elderly_headed_hh,percentiles_81_90,2009,84900.0,39700.0,124600.0,1000.0,15200.0,110400.0
elderly_headed_hh,percentiles_81_90,2010,88500.0,37400.0,125900.0,800.0,16100.0,110600.0
elderly_headed_hh,percentiles_81_90,2011,89000.0,36200.0,125200.0,500.0,16300.0,109400.0
elderly_headed_hh,percentiles_81_90,2012,91100.0,36700.0,127700.0,700.0,17200.0,111300.0
elderly_headed_hh,percentiles_81_90,2013,94100.0,36500.0,130600.0,500.0,18900.0,112100.0
elderly_headed_hh,percentiles_81_90,2014,96100.0,36800.0,132900.0,800.0,19600.0,114000.0
elderly_headed_hh,percentiles_81_90,2015,101700.0,36700.0,138400.0,800.0,20800.0,118400.0
elderly_headed_hh,percentiles_91_95,1979,90300.0,17000.0,107300.0,100.0,23300.0,84100.0
elderly_headed_hh,percentiles_91_95,1980,87200.0,17700.0,104900.0,100.0,22400.0,82600.0
elderly_headed_hh,percentiles_91_95,1981,87800.0,19800.0,107600.0,100.0,21400.0,86400.0
elderly_headed_hh,percentiles_91_95,1982,84100.0,21300.0,105500.0,100.0,18300.0,87300.0
elderly_headed_hh,percentiles_91_95,1983,85900.0,21300.0,107100.0,100.0,18300.0,88900.0
elderly_headed_hh,percentiles_91_95,1984,93900.0,22300.0,116200.0,100.0,21600.0,94600.0
elderly_headed_hh,percentiles_91_95,1985,92700.0,23600.0,116300.0,100.0,21700.0,94600.0
elderly_headed_hh,percentiles_91_95,1986,96500.0,23400.0,119900.0,200.0,21900.0,98200.0
elderly_headed_hh,percentiles_91_95,1987,100900.0,21800.0,122700.0,100.0,25100.0,97600.0
elderly_headed_hh,percentiles_91_95,1988,102700.0,22800.0,125600.0,100.0,25100.0,100500.0
elderly_headed_hh,percentiles_91_95,1989,102900.0,23200.0,126100.0,100.0,25000.0,101100.0
elderly_headed_hh,percentiles_91_95,1990,100800.0,24300.0,125100.0,100.0,24200.0,101100.0
elderly_headed_hh,percentiles_91_95,1991,100200.0,25000.0,125200.0,100.0,23600.0,101700.0
elderly_headed_hh,percentiles_91_95,1992,101300.0,25800.0,127100.0,200.0,24400.0,102800.0
elderly_headed_hh,percentiles_91_95,1993,100100.0,27900.0,128000.0,100.0,24300.0,103800.0
elderly_headed_hh,percentiles_91_95,1994,101500.0,29000.0,130500.0,300.0,26600.0,104200.0
elderly_headed_hh,percentiles_91_95,1995,104200.0,28300.0,132400.0,300.0,27900.0,104900.0
elderly_headed_hh,percentiles_91_95,1996,109800.0,29700.0,139600.0,600.0,29200.0,111000.0
elderly_headed_hh,percentiles_91_95,1997,114700.0,30100.0,144800.0,500.0,30000.0,115300.0
elderly_headed_hh,percentiles_91_95,1998,121200.0,29300.0,150600.0,600.0,31100.0,120000.0
elderly_headed_hh,percentiles_91_95,1999,126400.0,29200.0,155600.0,400.0,32700.0,123200.0
elderly_headed_hh,percentiles_91_95,2000,131000.0,29900.0,160900.0,500.0,33500.0,127900.0
elderly_headed_hh,percentiles_91_95,2001,124500.0,32700.0,157200.0,500.0,29700.0,128000.0
elderly_headed_hh,percentiles_91_95,2002,121600.0,33500.0,155100.0,400.0,28000.0,127500.0
elderly_headed_hh,percentiles_91_95,2003,124700.0,33600.0,158300.0,400.0,27600.0,131100.0
elderly_headed_hh,percentiles_91_95,2004,129600.0,33300.0,162900.0,500.0,29700.0,133800.0
elderly_headed_hh,percentiles_91_95,2005,136400.0,33100.0,169500.0,600.0,31500.0,138700.0
elderly_headed_hh,percentiles_91_95,2006,140500.0,34500.0,175000.0,800.0,32900.0,142900.0
elderly_headed_hh,percentiles_91_95,2007,142500.0,35800.0,178300.0,800.0,32300.0,146800.0
elderly_headed_hh,percentiles_91_95,2008,136200.0,37100.0,173300.0,700.0,27900.0,146200.0
elderly_headed_hh,percentiles_91_95,2009,128500.0,41300.0,169700.0,700.0,25400.0,145000.0
elderly_headed_hh,percentiles_91_95,2010,135100.0,36900.0,171900.0,700.0,27900.0,144700.0
elderly_headed_hh,percentiles_91_95,2011,138600.0,34700.0,173300.0,500.0,28600.0,145200.0
elderly_headed_hh,percentiles_91_95,2012,140800.0,35800.0,176700.0,600.0,29800.0,147500.0
elderly_headed_hh,percentiles_91_95,2013,144300.0,35300.0,179500.0,500.0,32800.0,147200.0
elderly_headed_hh,percentiles_91_95,2014,146100.0,37200.0,183300.0,700.0,33000.0,150900.0
elderly_headed_hh,percentiles_91_95,2015,153100.0,36600.0,189600.0,600.0,35000.0,155200.0
elderly_headed_hh,percentiles_96_99,1979,138800.0,16600.0,155300.0,100.0,41000.0,114400.0
elderly_headed_hh,percentiles_96_99,1980,134600.0,17100.0,151700.0,100.0,38800.0,112900.0
elderly_headed_hh,percentiles_96_99,1981,134700.0,17400.0,152100.0,100.0,38200.0,114100.0
elderly_headed_hh,percentiles_96_99,1982,131600.0,20200.0,151800.0,,33400.0,118400.0
elderly_headed_hh,percentiles_96_99,1983,135400.0,21000.0,156400.0,100.0,33000.0,123500.0
elderly_headed_hh,percentiles_96_99,1984,143900.0,22300.0,166300.0,100.0,37900.0,128400.0
elderly_headed_hh,percentiles_96_99,1985,150700.0,21900.0,172700.0,100.0,38500.0,134300.0
elderly_headed_hh,percentiles_96_99,1986,163400.0,21700.0,185100.0,100.0,39400.0,145800.0
elderly_headed_hh,percentiles_96_99,1987,164700.0,21900.0,186600.0,100.0,45800.0,140900.0
elderly_headed_hh,percentiles_96_99,1988,166400.0,22000.0,188400.0,100.0,45300.0,143100.0
elderly_headed_hh,percentiles_96_99,1989,172700.0,21800.0,194500.0,100.0,46400.0,148200.0
elderly_headed_hh,percentiles_96_99,1990,164600.0,22200.0,186800.0,200.0,43500.0,143600.0
elderly_headed_hh,percentiles_96_99,1991,161100.0,23300.0,184400.0,100.0,41500.0,143000.0
elderly_headed_hh,percentiles_96_99,1992,166800.0,23600.0,190500.0,100.0,43000.0,147600.0
elderly_headed_hh,percentiles_96_99,1993,163700.0,27000.0,190700.0,100.0,44400.0,146300.0
elderly_headed_hh,percentiles_96_99,1994,165100.0,31100.0,196200.0,400.0,46200.0,150300.0
elderly_headed_hh,percentiles_96_99,1995,176800.0,29900.0,206700.0,300.0,51100.0,155900.0
elderly_headed_hh,percentiles_96_99,1996,184200.0,30800.0,214900.0,300.0,53800.0,161400.0
elderly_headed_hh,percentiles_96_99,1997,199300.0,31000.0,230300.0,400.0,57400.0,173300.0
elderly_headed_hh,percentiles_96_99,1998,210500.0,30900.0,241500.0,300.0,58300.0,183500.0
elderly_headed_hh,percentiles_96_99,1999,225800.0,29000.0,254800.0,400.0,62900.0,192400.0
elderly_headed_hh,percentiles_96_99,2000,231000.0,31500.0,262500.0,600.0,63900.0,199200.0
elderly_headed_hh,percentiles_96_99,2001,217800.0,31300.0,249100.0,400.0,56900.0,192600.0
elderly_headed_hh,percentiles_96_99,2002,206200.0,32600.0,238800.0,600.0,53000.0,186400.0
elderly_headed_hh,percentiles_96_99,2003,213200.0,33100.0,246300.0,600.0,53400.0,193400.0
elderly_headed_hh,percentiles_96_99,2004,229200.0,32200.0,261400.0,600.0,57900.0,204200.0
elderly_headed_hh,percentiles_96_99,2005,247000.0,33200.0,280100.0,600.0,65400.0,215300.0
elderly_headed_hh,percentiles_96_99,2006,254800.0,34600.0,289400.0,600.0,67500.0,222500.0
elderly_headed_hh,percentiles_96_99,2007,263700.0,34500.0,298200.0,900.0,66700.0,232300.0
elderly_headed_hh,percentiles_96_99,2008,240300.0,34700.0,275000.0,700.0,56900.0,218900.0
elderly_headed_hh,percentiles_96_99,2009,219100.0,38500.0,257600.0,800.0,50200.0,208200.0
elderly_headed_hh,percentiles_96_99,2010,234900.0,35200.0,270100.0,600.0,56800.0,213900.0
elderly_headed_hh,percentiles_96_99,2011,239100.0,33600.0,272800.0,500.0,56800.0,216400.0
elderly_headed_hh,percentiles_96_99,2012,251000.0,32500.0,283500.0,400.0,61200.0,222700.0
elderly_headed_hh,percentiles_96_99,2013,256200.0,34100.0,290300.0,500.0,66700.0,224100.0
elderly_headed_hh,percentiles_96_99,2014,262300.0,34800.0,297100.0,400.0,69300.0,228200.0
elderly_headed_hh,percentiles_96_99,2015,273900.0,34700.0,308500.0,600.0,71800.0,237300.0
elderly_headed_hh,top_1_percent,1979,516500.0,15700.0,532100.0,100.0,198500.0,333800.0
elderly_headed_hh,top_1_percent,1980,478600.0,16100.0,494700.0,,176300.0,318500.0
elderly_headed_hh,top_1_percent,1981,475400.0,17300.0,492700.0,100.0,160100.0,332700.0
elderly_headed_hh,top_1_percent,1982,482900.0,18500.0,501400.0,100.0,140000.0,361500.0
elderly_headed_hh,top_1_percent,1983,552100.0,19900.0,572000.0,,156100.0,416000.0
elderly_headed_hh,top_1_percent,1984,589100.0,21000.0,610100.0,,171800.0,438300.0
elderly_headed_hh,top_1_percent,1985,667900.0,20800.0,688700.0,,186100.0,502600.0
elderly_headed_hh,top_1_percent,1986,802200.0,22000.0,824200.0,100.0,206600.0,617700.0
elderly_headed_hh,top_1_percent,1987,675700.0,20000.0,695700.0,,205400.0,490400.0
elderly_headed_hh,top_1_percent,1988,872300.0,23500.0,895900.0,100.0,261700.0,634300.0
elderly_headed_hh,top_1_percent,1989,778100.0,21900.0,799900.0,100.0,224300.0,575700.0
elderly_headed_hh,top_1_percent,1990,759700.0,24300.0,784000.0,100.0,218400.0,565800.0
elderly_headed_hh,top_1_percent,1991,653300.0,26100.0,679500.0,100.0,187400.0,492100.0
elderly_headed_hh,top_1_percent,1992,751400.0,26600.0,778000.0,300.0,225300.0,553000.0
elderly_headed_hh,top_1_percent,1993,721300.0,27900.0,749200.0,,236000.0,513200.0
elderly_headed_hh,top_1_percent,1994,748500.0,28400.0,776900.0,200.0,254700.0,522500.0
elderly_headed_hh,top_1_percent,1995,808600.0,26300.0,834800.0,300.0,279900.0,555200.0
elderly_headed_hh,top_1_percent,1996,946300.0,25700.0,972000.0,500.0,326700.0,645700.0
elderly_headed_hh,top_1_percent,1997,1092600.0,28500.0,1121100.0,300.0,360300.0,761100.0
elderly_headed_hh,top_1_percent,1998,1198300.0,25900.0,1224100.0,600.0,370400.0,854300.0
elderly_headed_hh,top_1_percent,1999,1311400.0,27700.0,1339100.0,100.0,406300.0,933000.0
elderly_headed_hh,top_1_percent,2000,1383200.0,32300.0,1415500.0,900.0,421400.0,995000.0
elderly_headed_hh,top_1_percent,2001,1205600.0,29900.0,1235500.0,400.0,365400.0,870500.0
elderly_headed_hh,top_1_percent,2002,1118000.0,30800.0,1148800.0,500.0,342800.0,806600.0
elderly_headed_hh,top_1_percent,2003,1196500.0,32000.0,1228600.0,500.0,353100.0,876000.0
elderly_headed_hh,top_1_percent,2004,1417400.0,31200.0,1448700.0,500.0,413300.0,1035900.0
elderly_headed_hh,top_1_percent,2005,1656100.0,33200.0,1689300.0,400.0,488800.0,1200800.0
elderly_headed_hh,top_1_percent,2006,1658400.0,33800.0,1692200.0,800.0,484900.0,1208200.0
elderly_headed_hh,top_1_percent,2007,1954000.0,32000.0,1986000.0,300.0,528100.0,1458300.0
elderly_headed_hh,top_1_percent,2008,1552600.0,32500.0,1585100.0,700.0,414200.0,1171600.0
elderly_headed_hh,top_1_percent,2009,1240700.0,36200.0,1276900.0,600.0,340400.0,937100.0
elderly_headed_hh,top_1_percent,2010,1351100.0,33600.0,1384700.0,900.0,380000.0,1005600.0
elderly_headed_hh,top_1_percent,2011,1507800.0,31500.0,1539200.0,800.0,424500.0,1115600.0
elderly_headed_hh,top_1_percent,2012,1852800.0,31200.0,1884000.0,400.0,513900.0,1370500.0
elderly_headed_hh,top_1_percent,2013,1428000.0,32300.0,1460300.0,300.0,471500.0,989100.0
elderly_headed_hh,top_1_percent,2014,1617000.0,30700.0,1647700.0,800.0,535000.0,1113500.0
elderly_headed_hh,top_1_percent,2015,1670800.0,32100.0,1703000.0,800.0,546500.0,1157300.0
nonelderly_childless_hh,all_quintiles,1979,63900.0,1900.0,65700.0,600.0,16200.0,50200.0
nonelderly_childless_hh,all_quintiles,1980,62000.0,2100.0,64100.0,700.0,15900.0,48900.0
nonelderly_childless_hh,all_quintiles,1981,62000.0,2100.0,64100.0,700.0,16100.0,48800.0
nonelderly_childless_hh,all_quintiles,1982,62500.0,2300.0,64800.0,700.0,15100.0,50400.0
nonelderly_childless_hh,all_quintiles,1983,62700.0,2200.0,64900.0,700.0,14700.0,50900.0
nonelderly_childless_hh,all_quintiles,1984,65300.0,2100.0,67300.0,700.0,15200.0,52900.0
nonelderly_childless_hh,all_quintiles,1985,67600.0,2000.0,69600.0,700.0,16100.0,54300.0
nonelderly_childless_hh,all_quintiles,1986,71900.0,2000.0,74000.0,800.0,17100.0,57600.0
nonelderly_childless_hh,all_quintiles,1987,71400.0,2000.0,73400.0,800.0,17600.0,56600.0
nonelderly_childless_hh,all_quintiles,1988,75600.0,2000.0,77600.0,800.0,18700.0,59700.0
nonelderly_childless_hh,all_quintiles,1989,74800.0,2000.0,76800.0,900.0,18300.0,59300.0
nonelderly_childless_hh,all_quintiles,1990,75400.0,2200.0,77600.0,900.0,18600.0,59900.0
nonelderly_childless_hh,all_quintiles,1991,73000.0,2300.0,75400.0,1000.0,18100.0,58300.0
nonelderly_childless_hh,all_quintiles,1992,75100.0,2600.0,77700.0,1200.0,18700.0,60200.0
nonelderly_childless_hh,all_quintiles,1993,74500.0,2600.0,77000.0,1200.0,18900.0,59400.0
nonelderly_childless_hh,all_quintiles,1994,75300.0,2400.0,77700.0,1300.0,19400.0,59600.0
nonelderly_childless_hh,all_quintiles,1995,76500.0,2400.0,79000.0,1400.0,19800.0,60600.0
nonelderly_childless_hh,all_quintiles,1996,79600.0,2500.0,82000.0,1400.0,20700.0,62700.0
nonelderly_childless_hh,all_quintiles,1997,82600.0,2500.0,85100.0,1500.0,21600.0,64900.0
nonelderly_childless_hh,all_quintiles,1998,86100.0,2500.0,88600.0,1600.0,22200.0,67900.0
nonelderly_childless_hh,all_quintiles,1999,89800.0,2500.0,92300.0,1700.0,23400.0,70600.0
nonelderly_childless_hh,all_quintiles,2000,91900.0,2600.0,94500.0,1800.0,23800.0,72400.0
nonelderly_childless_hh,all_quintiles,2001,87100.0,2800.0,89900.0,1900.0,21500.0,70400.0
nonelderly_childless_hh,all_quintiles,2002,81900.0,3200.0,85100.0,2100.0,19600.0,67600.0
nonelderly_childless_hh,all_quintiles,2003,83500.0,3200.0,86700.0,2200.0,19300.0,69600.0
nonelderly_childless_hh,all_quintiles,2004,86800.0,3200.0,90000.0,2300.0,20200.0,72100.0
nonelderly_childless_hh,all_quintiles,2005,92000.0,3200.0,95200.0,2400.0,21800.0,75800.0
nonelderly_childless_hh,all_quintiles,2006,93900.0,3400.0,97400.0,2300.0,22300.0,77400.0
nonelderly_childless_hh,all_quintiles,2007,94200.0,3400.0,97600.0,2400.0,21800.0,78200.0
nonelderly_childless_hh,all_quintiles,2008,88500.0,3600.0,92100.0,2500.0,19100.0,75500.0
nonelderly_childless_hh,all_quintiles,2009,82800.0,4500.0,87300.0,2800.0,17700.0,72500.0
nonelderly_childless_hh,all_quintiles,2010,81900.0,4800.0,86700.0,2900.0,17900.0,71800.0
nonelderly_childless_hh,all_quintiles,2011,82400.0,4400.0,86800.0,3000.0,17600.0,72200.0
nonelderly_childless_hh,all_quintiles,2012,86100.0,4200.0,90300.0,3100.0,18800.0,74500.0
nonelderly_childless_hh,all_quintiles,2013,84900.0,4000.0,88900.0,3200.0,20100.0,71900.0
nonelderly_childless_hh,all_quintiles,2014,88400.0,3800.0,92200.0,3700.0,21300.0,74600.0
nonelderly_childless_hh,all_quintiles,2015,90100.0,3600.0,93700.0,4000.0,21400.0,76200.0
nonelderly_childless_hh,lowest_quintile,1979,9600.0,2400.0,12000.0,2900.0,1500.0,13400.0
nonelderly_childless_hh,lowest_quintile,1980,8800.0,2700.0,11500.0,3100.0,1300.0,13200.0
nonelderly_childless_hh,lowest_quintile,1981,8800.0,2600.0,11400.0,3300.0,1400.0,13200.0
nonelderly_childless_hh,lowest_quintile,1982,8800.0,2600.0,11400.0,3100.0,1300.0,13200.0
nonelderly_childless_hh,lowest_quintile,1983,8500.0,2100.0,10600.0,3300.0,1400.0,12500.0
nonelderly_childless_hh,lowest_quintile,1984,9400.0,2100.0,11500.0,3000.0,1500.0,13000.0
nonelderly_childless_hh,lowest_quintile,1985,9400.0,2300.0,11700.0,3200.0,1600.0,13300.0
nonelderly_childless_hh,lowest_quintile,1986,9600.0,2000.0,11600.0,3300.0,1600.0,13300.0
nonelderly_childless_hh,lowest_quintile,1987,9600.0,2100.0,11700.0,3400.0,1700.0,13400.0
nonelderly_childless_hh,lowest_quintile,1988,9500.0,2400.0,11900.0,3800.0,1700.0,14000.0
nonelderly_childless_hh,lowest_quintile,1989,10100.0,2200.0,12300.0,3900.0,1700.0,14500.0
nonelderly_childless_hh,lowest_quintile,1990,10400.0,2300.0,12800.0,4000.0,1900.0,14800.0
nonelderly_childless_hh,lowest_quintile,1991,10500.0,2200.0,12800.0,4500.0,1900.0,15400.0
nonelderly_childless_hh,lowest_quintile,1992,10400.0,2300.0,12700.0,4900.0,1900.0,15700.0
nonelderly_childless_hh,lowest_quintile,1993,9700.0,2400.0,12100.0,5100.0,1700.0,15500.0
nonelderly_childless_hh,lowest_quintile,1994,9800.0,2500.0,12300.0,5500.0,1600.0,16200.0
nonelderly_childless_hh,lowest_quintile,1995,10300.0,2600.0,12900.0,5300.0,1700.0,16500.0
nonelderly_childless_hh,lowest_quintile,1996,9700.0,2700.0,12400.0,5600.0,1500.0,16500.0
nonelderly_childless_hh,lowest_quintile,1997,10000.0,2900.0,12800.0,5600.0,1600.0,16900.0
nonelderly_childless_hh,lowest_quintile,1998,10700.0,2900.0,13600.0,5900.0,1700.0,17900.0
nonelderly_childless_hh,lowest_quintile,1999,11700.0,3000.0,14700.0,5800.0,1800.0,18700.0
nonelderly_childless_hh,lowest_quintile,2000,11000.0,3100.0,14100.0,6400.0,1700.0,18800.0
nonelderly_childless_hh,lowest_quintile,2001,11100.0,3200.0,14300.0,6900.0,1600.0,19500.0
nonelderly_childless_hh,lowest_quintile,2002,10300.0,3100.0,13400.0,6800.0,1400.0,18800.0
nonelderly_childless_hh,lowest_quintile,2003,10500.0,3100.0,13600.0,7200.0,1500.0,19300.0
nonelderly_childless_hh,lowest_quintile,2004,10600.0,3100.0,13600.0,7100.0,1400.0,19300.0
nonelderly_childless_hh,lowest_quintile,2005,11400.0,3000.0,14400.0,7200.0,1600.0,20000.0
nonelderly_childless_hh,lowest_quintile,2006,12400.0,2900.0,15300.0,7200.0,1800.0,20600.0
nonelderly_childless_hh,lowest_quintile,2007,13600.0,2900.0,16600.0,6800.0,1800.0,21500.0
nonelderly_childless_hh,lowest_quintile,2008,13300.0,2900.0,16200.0,6900.0,1300.0,21900.0
nonelderly_childless_hh,lowest_quintile,2009,12300.0,3300.0,15600.0,7900.0,1000.0,22400.0
nonelderly_childless_hh,lowest_quintile,2010,12000.0,3400.0,15300.0,8000.0,1100.0,22200.0
nonelderly_childless_hh,lowest_quintile,2011,12000.0,3200.0,15100.0,8100.0,1200.0,22000.0
nonelderly_childless_hh,lowest_quintile,2012,11400.0,3200.0,14600.0,8500.0,1200.0,21900.0
nonelderly_childless_hh,lowest_quintile,2013,12600.0,2700.0,15300.0,9000.0,1500.0,22800.0
nonelderly_childless_hh,lowest_quintile,2014,11800.0,2700.0,14500.0,10100.0,1300.0,23300.0
nonelderly_childless_hh,lowest_quintile,2015,12300.0,3000.0,15200.0,10400.0,1200.0,24400.0
nonelderly_childless_hh,second_quintile,1979,26500.0,2900.0,29400.0,500.0,4900.0,25000.0
nonelderly_childless_hh,second_quintile,1980,25300.0,3000.0,28400.0,600.0,4700.0,24200.0
nonelderly_childless_hh,second_quintile,1981,25200.0,3200.0,28400.0,600.0,4900.0,24200.0
nonelderly_childless_hh,second_quintile,1982,24900.0,3300.0,28200.0,600.0,4600.0,24300.0
nonelderly_childless_hh,second_quintile,1983,24300.0,3300.0,27500.0,500.0,4400.0,23600.0
nonelderly_childless_hh,second_quintile,1984,26500.0,3100.0,29600.0,600.0,4900.0,25300.0
nonelderly_childless_hh,second_quintile,1985,26500.0,2900.0,29400.0,500.0,5100.0,24800.0
nonelderly_childless_hh,second_quintile,1986,26600.0,3300.0,29800.0,800.0,5100.0,25500.0
nonelderly_childless_hh,second_quintile,1987,26200.0,3200.0,29300.0,700.0,5000.0,25100.0
nonelderly_childless_hh,second_quintile,1988,26900.0,3000.0,29900.0,800.0,5200.0,25400.0
nonelderly_childless_hh,second_quintile,1989,27500.0,3100.0,30600.0,900.0,5200.0,26300.0
nonelderly_childless_hh,second_quintile,1990,28000.0,3300.0,31300.0,1000.0,5500.0,26800.0
nonelderly_childless_hh,second_quintile,1991,26900.0,3700.0,30500.0,1100.0,5200.0,26500.0
nonelderly_childless_hh,second_quintile,1992,26000.0,4200.0,30300.0,1400.0,5000.0,26600.0
nonelderly_childless_hh,second_quintile,1993,26500.0,4100.0,30600.0,1500.0,5100.0,27000.0
nonelderly_childless_hh,second_quintile,1994,27100.0,3900.0,31000.0,1500.0,5100.0,27300.0
nonelderly_childless_hh,second_quintile,1995,28600.0,4000.0,32700.0,1800.0,5500.0,29000.0
nonelderly_childless_hh,second_quintile,1996,28500.0,3900.0,32400.0,1600.0,5400.0,28600.0
nonelderly_childless_hh,second_quintile,1997,29300.0,4100.0,33400.0,1600.0,5700.0,29300.0
nonelderly_childless_hh,second_quintile,1998,30700.0,4200.0,34900.0,1800.0,5700.0,31000.0
nonelderly_childless_hh,second_quintile,1999,32200.0,3900.0,36100.0,2000.0,5900.0,32100.0
nonelderly_childless_hh,second_quintile,2000,32300.0,4100.0,36400.0,2200.0,6000.0,32600.0
nonelderly_childless_hh,second_quintile,2001,31100.0,4800.0,36000.0,2500.0,5200.0,33300.0
nonelderly_childless_hh,second_quintile,2002,30600.0,4900.0,35500.0,2600.0,4900.0,33200.0
nonelderly_childless_hh,second_quintile,2003,29700.0,5400.0,35000.0,2900.0,4700.0,33300.0
nonelderly_childless_hh,second_quintile,2004,30600.0,5300.0,35900.0,3100.0,4800.0,34200.0
nonelderly_childless_hh,second_quintile,2005,31000.0,5400.0,36400.0,3100.0,5100.0,34400.0
nonelderly_childless_hh,second_quintile,2006,31600.0,5700.0,37400.0,3200.0,5200.0,35500.0
nonelderly_childless_hh,second_quintile,2007,33000.0,5800.0,38800.0,3300.0,5400.0,36700.0
nonelderly_childless_hh,second_quintile,2008,31700.0,5900.0,37600.0,3500.0,4100.0,37100.0
nonelderly_childless_hh,second_quintile,2009,29700.0,7000.0,36700.0,4100.0,3700.0,37200.0
nonelderly_childless_hh,second_quintile,2010,29500.0,7400.0,36900.0,4300.0,3800.0,37400.0
nonelderly_childless_hh,second_quintile,2011,29000.0,7100.0,36100.0,4400.0,3800.0,36800.0
nonelderly_childless_hh,second_quintile,2012,29200.0,6700.0,36000.0,4300.0,3800.0,36400.0
nonelderly_childless_hh,second_quintile,2013,30100.0,6700.0,36800.0,4200.0,4500.0,36600.0
nonelderly_childless_hh,second_quintile,2014,30600.0,6200.0,36800.0,5000.0,4500.0,37300.0
nonelderly_childless_hh,second_quintile,2015,32900.0,5900.0,38800.0,5100.0,4800.0,39100.0
nonelderly_childless_hh,middle_quintile,1979,42900.0,2000.0,44900.0,300.0,9100.0,36100.0
nonelderly_childless_hh,middle_quintile,1980,41300.0,2300.0,43600.0,300.0,8900.0,35000.0
nonelderly_childless_hh,middle_quintile,1981,41200.0,2500.0,43700.0,300.0,9200.0,34900.0
nonelderly_childless_hh,middle_quintile,1982,41100.0,2600.0,43700.0,200.0,8600.0,35300.0
nonelderly_childless_hh,middle_quintile,1983,41100.0,2700.0,43800.0,300.0,8400.0,35700.0
nonelderly_childless_hh,middle_quintile,1984,44100.0,2200.0,46200.0,300.0,9000.0,37500.0
nonelderly_childless_hh,middle_quintile,1985,44400.0,2100.0,46500.0,300.0,9400.0,37400.0
nonelderly_childless_hh,middle_quintile,1986,45600.0,2100.0,47700.0,300.0,9700.0,38300.0
nonelderly_childless_hh,middle_quintile,1987,45200.0,2300.0,47500.0,400.0,9600.0,38300.0
nonelderly_childless_hh,middle_quintile,1988,45800.0,2400.0,48200.0,400.0,9800.0,38800.0
nonelderly_childless_hh,middle_quintile,1989,46500.0,2200.0,48700.0,400.0,9900.0,39200.0
nonelderly_childless_hh,middle_quintile,1990,46600.0,2500.0,49000.0,400.0,10100.0,39400.0
nonelderly_childless_hh,middle_quintile,1991,46200.0,2600.0,48800.0,500.0,9900.0,39400.0
nonelderly_childless_hh,middle_quintile,1992,46200.0,3100.0,49300.0,600.0,9900.0,40000.0
nonelderly_childless_hh,middle_quintile,1993,45600.0,3100.0,48700.0,600.0,9700.0,39500.0
nonelderly_childless_hh,middle_quintile,1994,46300.0,2500.0,48800.0,600.0,9900.0,39500.0
nonelderly_childless_hh,middle_quintile,1995,48100.0,2700.0,50800.0,700.0,10400.0,41200.0
nonelderly_childless_hh,middle_quintile,1996,49100.0,2800.0,51900.0,800.0,10600.0,42000.0
nonelderly_childless_hh,middle_quintile,1997,50400.0,2400.0,52800.0,600.0,10900.0,42500.0
nonelderly_childless_hh,middle_quintile,1998,52100.0,2500.0,54600.0,700.0,11100.0,44200.0
nonelderly_childless_hh,middle_quintile,1999,53400.0,2600.0,56000.0,1000.0,11500.0,45500.0
nonelderly_childless_hh,middle_quintile,2000,54300.0,2700.0,56900.0,900.0,11500.0,46300.0
nonelderly_childless_hh,middle_quintile,2001,53400.0,3100.0,56500.0,900.0,10500.0,46900.0
nonelderly_childless_hh,middle_quintile,2002,52300.0,3600.0,55900.0,1100.0,10100.0,46900.0
nonelderly_childless_hh,middle_quintile,2003,51900.0,3900.0,55800.0,1200.0,9800.0,47200.0
nonelderly_childless_hh,middle_quintile,2004,53400.0,3600.0,57100.0,1300.0,10100.0,48300.0
nonelderly_childless_hh,middle_quintile,2005,54200.0,3900.0,58100.0,1500.0,10400.0,49200.0
nonelderly_childless_hh,middle_quintile,2006,55200.0,3800.0,59000.0,1300.0,10700.0,49600.0
nonelderly_childless_hh,middle_quintile,2007,57500.0,4200.0,61600.0,1400.0,11000.0,52000.0
nonelderly_childless_hh,middle_quintile,2008,55200.0,4400.0,59600.0,1500.0,9100.0,52000.0
nonelderly_childless_hh,middle_quintile,2009,53100.0,5800.0,58900.0,1700.0,8600.0,52000.0
nonelderly_childless_hh,middle_quintile,2010,52400.0,6700.0,59000.0,1700.0,8800.0,51900.0
nonelderly_childless_hh,middle_quintile,2011,52500.0,5600.0,58000.0,1800.0,8700.0,51200.0
nonelderly_childless_hh,middle_quintile,2012,52900.0,5400.0,58300.0,1900.0,8900.0,51300.0
nonelderly_childless_hh,middle_quintile,2013,54400.0,5100.0,59400.0,1800.0,10100.0,51200.0
nonelderly_childless_hh,middle_quintile,2014,55000.0,5000.0,60000.0,2200.0,10300.0,51900.0
nonelderly_childless_hh,middle_quintile,2015,58200.0,4500.0,62700.0,2600.0,10800.0,54500.0
nonelderly_childless_hh,fourth_quintile,1979,62500.0,1600.0,64200.0,200.0,14700.0,49600.0
nonelderly_childless_hh,fourth_quintile,1980,61400.0,1900.0,63300.0,200.0,14600.0,48800.0
nonelderly_childless_hh,fourth_quintile,1981,62200.0,1800.0,64000.0,200.0,15300.0,48900.0
nonelderly_childless_hh,fourth_quintile,1982,62100.0,2100.0,64100.0,100.0,14400.0,49900.0
nonelderly_childless_hh,fourth_quintile,1983,62500.0,1900.0,64400.0,200.0,14100.0,50500.0
nonelderly_childless_hh,fourth_quintile,1984,66000.0,1800.0,67800.0,200.0,14800.0,53200.0
nonelderly_childless_hh,fourth_quintile,1985,66500.0,1500.0,68000.0,200.0,15300.0,52900.0
nonelderly_childless_hh,fourth_quintile,1986,68900.0,1800.0,70700.0,200.0,16000.0,54800.0
nonelderly_childless_hh,fourth_quintile,1987,69600.0,1600.0,71200.0,200.0,15800.0,55700.0
nonelderly_childless_hh,fourth_quintile,1988,70400.0,1600.0,72100.0,200.0,16300.0,55900.0
nonelderly_childless_hh,fourth_quintile,1989,71200.0,1600.0,72800.0,200.0,16400.0,56600.0
nonelderly_childless_hh,fourth_quintile,1990,70000.0,2000.0,72000.0,200.0,16200.0,56000.0
nonelderly_childless_hh,fourth_quintile,1991,69600.0,2100.0,71700.0,300.0,16100.0,55900.0
nonelderly_childless_hh,fourth_quintile,1992,69800.0,2400.0,72300.0,300.0,16000.0,56600.0
nonelderly_childless_hh,fourth_quintile,1993,70300.0,2400.0,72700.0,300.0,16000.0,57000.0
nonelderly_childless_hh,fourth_quintile,1994,71300.0,2000.0,73300.0,400.0,16400.0,57300.0
nonelderly_childless_hh,fourth_quintile,1995,72900.0,2000.0,74800.0,400.0,16900.0,58300.0
nonelderly_childless_hh,fourth_quintile,1996,75000.0,1900.0,76900.0,300.0,17400.0,59800.0
nonelderly_childless_hh,fourth_quintile,1997,76900.0,1900.0,78800.0,400.0,17900.0,61200.0
nonelderly_childless_hh,fourth_quintile,1998,79800.0,1900.0,81700.0,400.0,18600.0,63600.0
nonelderly_childless_hh,fourth_quintile,1999,81900.0,1900.0,83900.0,400.0,19000.0,65300.0
nonelderly_childless_hh,fourth_quintile,2000,83400.0,2000.0,85400.0,500.0,19200.0,66600.0
nonelderly_childless_hh,fourth_quintile,2001,82500.0,2100.0,84600.0,500.0,18000.0,67100.0
nonelderly_childless_hh,fourth_quintile,2002,80600.0,2800.0,83400.0,600.0,17200.0,66800.0
nonelderly_childless_hh,fourth_quintile,2003,81300.0,2600.0,83900.0,600.0,17000.0,67500.0
nonelderly_childless_hh,fourth_quintile,2004,84500.0,2700.0,87200.0,700.0,17700.0,70200.0
nonelderly_childless_hh,fourth_quintile,2005,85500.0,2700.0,88100.0,700.0,18100.0,70700.0
nonelderly_childless_hh,fourth_quintile,2006,87700.0,2900.0,90600.0,700.0,18700.0,72700.0
nonelderly_childless_hh,fourth_quintile,2007,90300.0,2900.0,93200.0,700.0,19000.0,74900.0
nonelderly_childless_hh,fourth_quintile,2008,88000.0,3200.0,91200.0,800.0,16700.0,75200.0
nonelderly_childless_hh,fourth_quintile,2009,85000.0,4300.0,89300.0,800.0,16100.0,74000.0
nonelderly_childless_hh,fourth_quintile,2010,85100.0,4300.0,89400.0,800.0,16500.0,73700.0
nonelderly_childless_hh,fourth_quintile,2011,85000.0,3900.0,88900.0,900.0,16100.0,73700.0
nonelderly_childless_hh,fourth_quintile,2012,86100.0,3600.0,89700.0,900.0,16600.0,74000.0
nonelderly_childless_hh,fourth_quintile,2013,88400.0,3500.0,91900.0,800.0,18600.0,74200.0
nonelderly_childless_hh,fourth_quintile,2014,90700.0,3300.0,94000.0,1200.0,19300.0,75900.0
nonelderly_childless_hh,fourth_quintile,2015,94300.0,2800.0,97100.0,1400.0,20000.0,78400.0
nonelderly_childless_hh,highest_quintile,1979,125800.0,1100.0,126900.0,100.0,35000.0,91900.0
nonelderly_childless_hh,highest_quintile,1980,123100.0,1400.0,124500.0,100.0,34400.0,90100.0
nonelderly_childless_hh,highest_quintile,1981,123600.0,1300.0,124900.0,100.0,34600.0,90400.0
nonelderly_childless_hh,highest_quintile,1982,125600.0,1600.0,127200.0,100.0,32300.0,95000.0
nonelderly_childless_hh,highest_quintile,1983,129400.0,1500.0,130900.0,100.0,32200.0,98800.0
nonelderly_childless_hh,highest_quintile,1984,139500.0,1500.0,141000.0,100.0,34500.0,106600.0
nonelderly_childless_hh,highest_quintile,1985,142000.0,1500.0,143500.0,100.0,35400.0,108200.0
nonelderly_childless_hh,highest_quintile,1986,154300.0,1500.0,155800.0,100.0,38200.0,117800.0
nonelderly_childless_hh,highest_quintile,1987,149200.0,1200.0,150400.0,100.0,39400.0,111100.0
nonelderly_childless_hh,highest_quintile,1988,161900.0,1300.0,163300.0,100.0,42500.0,120800.0
nonelderly_childless_hh,highest_quintile,1989,160000.0,1400.0,161400.0,100.0,41600.0,120000.0
nonelderly_childless_hh,highest_quintile,1990,160200.0,1500.0,161600.0,200.0,41700.0,120100.0
nonelderly_childless_hh,highest_quintile,1991,154100.0,1600.0,155700.0,100.0,40600.0,115200.0
nonelderly_childless_hh,highest_quintile,1992,161100.0,1600.0,162700.0,200.0,42700.0,120200.0
nonelderly_childless_hh,highest_quintile,1993,159100.0,1600.0,160700.0,200.0,43700.0,117200.0
nonelderly_childless_hh,highest_quintile,1994,162100.0,1700.0,163800.0,200.0,45300.0,118700.0
nonelderly_childless_hh,highest_quintile,1995,168000.0,1500.0,169600.0,200.0,47400.0,122300.0
nonelderly_childless_hh,highest_quintile,1996,177000.0,1700.0,178700.0,200.0,50300.0,128600.0
nonelderly_childless_hh,highest_quintile,1997,188600.0,1700.0,190300.0,200.0,53900.0,136700.0
nonelderly_childless_hh,highest_quintile,1998,199800.0,1600.0,201400.0,300.0,56400.0,145300.0
nonelderly_childless_hh,highest_quintile,1999,210000.0,1500.0,211600.0,300.0,59800.0,152000.0
nonelderly_childless_hh,highest_quintile,2000,219500.0,1600.0,221100.0,300.0,62600.0,158900.0
nonelderly_childless_hh,highest_quintile,2001,200600.0,1700.0,202200.0,300.0,54800.0,147700.0
nonelderly_childless_hh,highest_quintile,2002,189700.0,2000.0,191700.0,300.0,50400.0,141600.0
nonelderly_childless_hh,highest_quintile,2003,194600.0,1900.0,196500.0,300.0,49500.0,147300.0
nonelderly_childless_hh,highest_quintile,2004,209700.0,1900.0,211500.0,400.0,53700.0,158200.0
nonelderly_childless_hh,highest_quintile,2005,231600.0,1900.0,233600.0,400.0,60400.0,173600.0
nonelderly_childless_hh,highest_quintile,2006,235000.0,2200.0,237200.0,400.0,61200.0,176500.0
nonelderly_childless_hh,highest_quintile,2007,239300.0,1900.0,241100.0,400.0,60700.0,180800.0
nonelderly_childless_hh,highest_quintile,2008,222700.0,2000.0,224800.0,400.0,54500.0,170700.0
nonelderly_childless_hh,highest_quintile,2009,205600.0,2700.0,208300.0,400.0,49600.0,159100.0
nonelderly_childless_hh,highest_quintile,2010,210800.0,2800.0,213600.0,400.0,52200.0,161900.0
nonelderly_childless_hh,highest_quintile,2011,213900.0,2700.0,216600.0,400.0,51600.0,165500.0
nonelderly_childless_hh,highest_quintile,2012,227300.0,2700.0,230000.0,500.0,55900.0,174600.0
nonelderly_childless_hh,highest_quintile,2013,222800.0,2300.0,225000.0,400.0,59600.0,165800.0
nonelderly_childless_hh,highest_quintile,2014,233800.0,2300.0,236100.0,600.0,63500.0,173200.0
nonelderly_childless_hh,highest_quintile,2015,237100.0,2100.0,239200.0,800.0,64000.0,176000.0
nonelderly_childless_hh,percentiles_81_90,1979,86700.0,1200.0,87900.0,100.0,21800.0,66200.0
nonelderly_childless_hh,percentiles_81_90,1980,84700.0,1600.0,86300.0,100.0,21800.0,64600.0
nonelderly_childless_hh,percentiles_81_90,1981,85700.0,1500.0,87200.0,100.0,22600.0,64700.0
nonelderly_childless_hh,percentiles_81_90,1982,86200.0,1800.0,88000.0,100.0,21300.0,66800.0
nonelderly_childless_hh,percentiles_81_90,1983,87600.0,1600.0,89200.0,100.0,21000.0,68200.0
nonelderly_childless_hh,percentiles_81_90,1984,93600.0,1400.0,95000.0,100.0,22500.0,72600.0
nonelderly_childless_hh,percentiles_81_90,1985,92300.0,1500.0,93800.0,100.0,22400.0,71600.0
nonelderly_childless_hh,percentiles_81_90,1986,96800.0,1500.0,98400.0,100.0,23600.0,74800.0
nonelderly_childless_hh,percentiles_81_90,1987,98300.0,1300.0,99600.0,100.0,24000.0,75700.0
nonelderly_childless_hh,percentiles_81_90,1988,98900.0,1500.0,100400.0,100.0,24500.0,76000.0
nonelderly_childless_hh,percentiles_81_90,1989,101200.0,1500.0,102700.0,100.0,25000.0,77900.0
nonelderly_childless_hh,percentiles_81_90,1990,99400.0,1600.0,101000.0,200.0,24600.0,76600.0
nonelderly_childless_hh,percentiles_81_90,1991,97300.0,1800.0,99100.0,200.0,23900.0,75400.0
nonelderly_childless_hh,percentiles_81_90,1992,97900.0,1800.0,99700.0,200.0,24000.0,75900.0
nonelderly_childless_hh,percentiles_81_90,1993,99100.0,1700.0,100800.0,200.0,24300.0,76700.0
nonelderly_childless_hh,percentiles_81_90,1994,101500.0,1500.0,103000.0,300.0,25100.0,78100.0
nonelderly_childless_hh,percentiles_81_90,1995,103700.0,1700.0,105400.0,200.0,25800.0,79800.0
nonelderly_childless_hh,percentiles_81_90,1996,106900.0,2000.0,108900.0,200.0,26700.0,82500.0
nonelderly_childless_hh,percentiles_81_90,1997,109500.0,1800.0,111300.0,200.0,27700.0,83800.0
nonelderly_childless_hh,percentiles_81_90,1998,114100.0,1800.0,115900.0,300.0,28800.0,87500.0
nonelderly_childless_hh,percentiles_81_90,1999,118500.0,1600.0,120200.0,300.0,30000.0,90500.0
nonelderly_childless_hh,percentiles_81_90,2000,120300.0,1800.0,122100.0,300.0,30400.0,92000.0
nonelderly_childless_hh,percentiles_81_90,2001,118300.0,1900.0,120200.0,300.0,28500.0,92000.0
nonelderly_childless_hh,percentiles_81_90,2002,116300.0,2200.0,118400.0,400.0,27300.0,91500.0
nonelderly_childless_hh,percentiles_81_90,2003,118700.0,2100.0,120800.0,400.0,26800.0,94400.0
nonelderly_childless_hh,percentiles_81_90,2004,122600.0,2100.0,124800.0,500.0,27700.0,97600.0
nonelderly_childless_hh,percentiles_81_90,2005,125800.0,2000.0,127900.0,500.0,28600.0,99700.0
nonelderly_childless_hh,percentiles_81_90,2006,128500.0,2500.0,131000.0,500.0,29500.0,102100.0
nonelderly_childless_hh,percentiles_81_90,2007,132700.0,2000.0,134800.0,500.0,30200.0,105000.0
nonelderly_childless_hh,percentiles_81_90,2008,129400.0,2500.0,132000.0,500.0,27500.0,104900.0
nonelderly_childless_hh,percentiles_81_90,2009,125100.0,3100.0,128200.0,500.0,26100.0,102600.0
nonelderly_childless_hh,percentiles_81_90,2010,125600.0,3300.0,128900.0,500.0,27200.0,102200.0
nonelderly_childless_hh,percentiles_81_90,2011,126900.0,3000.0,130000.0,500.0,26400.0,104100.0
nonelderly_childless_hh,percentiles_81_90,2012,128900.0,3100.0,132000.0,600.0,27300.0,105300.0
nonelderly_childless_hh,percentiles_81_90,2013,131700.0,2600.0,134300.0,400.0,30400.0,104300.0
nonelderly_childless_hh,percentiles_81_90,2014,135400.0,2600.0,138100.0,700.0,31700.0,107100.0
nonelderly_childless_hh,percentiles_81_90,2015,141000.0,2500.0,143500.0,900.0,33100.0,111200.0
nonelderly_childless_hh,percentiles_91_95,1979,111100.0,1000.0,112100.0,100.0,29400.0,82700.0
nonelderly_childless_hh,percentiles_91_95,1980,109500.0,1300.0,110700.0,,29600.0,81100.0
nonelderly_childless_hh,percentiles_91_95,1981,110300.0,1200.0,111500.0,100.0,30600.0,81000.0
nonelderly_childless_hh,percentiles_91_95,1982,110000.0,1400.0,111500.0,,28200.0,83200.0
nonelderly_childless_hh,percentiles_91_95,1983,113500.0,1400.0,115000.0,100.0,28100.0,86900.0
nonelderly_childless_hh,percentiles_91_95,1984,121800.0,1500.0,123300.0,100.0,30000.0,93400.0
nonelderly_childless_hh,percentiles_91_95,1985,120300.0,1500.0,121800.0,100.0,30000.0,91900.0
nonelderly_childless_hh,percentiles_91_95,1986,127200.0,1400.0,128600.0,100.0,31800.0,96800.0
nonelderly_childless_hh,percentiles_91_95,1987,129400.0,1300.0,130700.0,100.0,33200.0,97500.0
nonelderly_childless_hh,percentiles_91_95,1988,132400.0,1300.0,133700.0,100.0,34000.0,99700.0
nonelderly_childless_hh,percentiles_91_95,1989,133700.0,1400.0,135200.0,100.0,34300.0,101000.0
nonelderly_childless_hh,percentiles_91_95,1990,130800.0,1300.0,132100.0,100.0,33700.0,98500.0
nonelderly_childless_hh,percentiles_91_95,1991,128400.0,1600.0,130000.0,100.0,33200.0,96900.0
nonelderly_childless_hh,percentiles_91_95,1992,131100.0,1700.0,132800.0,200.0,33400.0,99600.0
nonelderly_childless_hh,percentiles_91_95,1993,132600.0,1800.0,134300.0,200.0,34200.0,100400.0
nonelderly_childless_hh,percentiles_91_95,1994,133400.0,1700.0,135100.0,200.0,34900.0,100500.0
nonelderly_childless_hh,percentiles_91_95,1995,137700.0,1600.0,139300.0,200.0,36400.0,103100.0
nonelderly_childless_hh,percentiles_91_95,1996,143300.0,1700.0,145000.0,100.0,38100.0,107000.0
nonelderly_childless_hh,percentiles_91_95,1997,148600.0,2000.0,150600.0,200.0,39700.0,111000.0
nonelderly_childless_hh,percentiles_91_95,1998,154700.0,1500.0,156300.0,200.0,41200.0,115300.0
nonelderly_childless_hh,percentiles_91_95,1999,160600.0,1600.0,162200.0,200.0,43200.0,119300.0
nonelderly_childless_hh,percentiles_91_95,2000,164300.0,1500.0,165800.0,200.0,43800.0,122200.0
nonelderly_childless_hh,percentiles_91_95,2001,159600.0,1500.0,161100.0,300.0,41300.0,120100.0
nonelderly_childless_hh,percentiles_91_95,2002,155200.0,2100.0,157300.0,300.0,39000.0,118600.0
nonelderly_childless_hh,percentiles_91_95,2003,159500.0,1800.0,161300.0,300.0,38400.0,123100.0
nonelderly_childless_hh,percentiles_91_95,2004,164700.0,1600.0,166300.0,200.0,39600.0,126900.0
nonelderly_childless_hh,percentiles_91_95,2005,173400.0,1900.0,175300.0,400.0,42000.0,133700.0
nonelderly_childless_hh,percentiles_91_95,2006,176500.0,2100.0,178600.0,400.0,43100.0,135900.0
nonelderly_childless_hh,percentiles_91_95,2007,183500.0,1800.0,185200.0,400.0,44200.0,141400.0
nonelderly_childless_hh,percentiles_91_95,2008,175200.0,1800.0,177000.0,400.0,40600.0,136900.0
nonelderly_childless_hh,percentiles_91_95,2009,169900.0,2700.0,172600.0,400.0,38600.0,134400.0
nonelderly_childless_hh,percentiles_91_95,2010,172700.0,2500.0,175200.0,400.0,40200.0,135500.0
nonelderly_childless_hh,percentiles_91_95,2011,175200.0,2800.0,178000.0,400.0,39500.0,138900.0
nonelderly_childless_hh,percentiles_91_95,2012,177800.0,2600.0,180400.0,400.0,41000.0,139800.0
nonelderly_childless_hh,percentiles_91_95,2013,182400.0,2000.0,184500.0,300.0,45000.0,139800.0
nonelderly_childless_hh,percentiles_91_95,2014,187900.0,2200.0,190100.0,500.0,47300.0,143300.0
nonelderly_childless_hh,percentiles_91_95,2015,193200.0,1800.0,195000.0,700.0,48700.0,147000.0
nonelderly_childless_hh,percentiles_96_99,1979,160400.0,900.0,161300.0,100.0,44900.0,116500.0
nonelderly_childless_hh,percentiles_96_99,1980,155900.0,1100.0,157000.0,100.0,44400.0,112700.0
nonelderly_childless_hh,percentiles_96_99,1981,156000.0,1100.0,157100.0,100.0,44700.0,112400.0
nonelderly_childless_hh,percentiles_96_99,1982,156400.0,1500.0,157900.0,100.0,40600.0,117400.0
nonelderly_childless_hh,percentiles_96_99,1983,160600.0,1500.0,162100.0,,39700.0,122400.0
nonelderly_childless_hh,percentiles_96_99,1984,175300.0,1500.0,176800.0,100.0,42200.0,134600.0
nonelderly_childless_hh,percentiles_96_99,1985,176900.0,1500.0,178400.0,100.0,43800.0,134600.0
nonelderly_childless_hh,percentiles_96_99,1986,192000.0,1600.0,193600.0,100.0,47500.0,146200.0
nonelderly_childless_hh,percentiles_96_99,1987,189700.0,1100.0,190700.0,100.0,50800.0,140000.0
nonelderly_childless_hh,percentiles_96_99,1988,196700.0,1100.0,197800.0,100.0,51700.0,146200.0
nonelderly_childless_hh,percentiles_96_99,1989,200900.0,1200.0,202100.0,100.0,52400.0,149800.0
nonelderly_childless_hh,percentiles_96_99,1990,193900.0,1400.0,195400.0,100.0,50700.0,144800.0
nonelderly_childless_hh,percentiles_96_99,1991,191400.0,1200.0,192600.0,100.0,50500.0,142200.0
nonelderly_childless_hh,percentiles_96_99,1992,196600.0,1100.0,197700.0,100.0,52100.0,145700.0
nonelderly_childless_hh,percentiles_96_99,1993,197200.0,1400.0,198600.0,100.0,53600.0,145200.0
nonelderly_childless_hh,percentiles_96_99,1994,202700.0,2000.0,204700.0,200.0,55800.0,149200.0
nonelderly_childless_hh,percentiles_96_99,1995,212500.0,1200.0,213700.0,200.0,59200.0,154700.0
nonelderly_childless_hh,percentiles_96_99,1996,220400.0,1300.0,221700.0,100.0,61600.0,160200.0
nonelderly_childless_hh,percentiles_96_99,1997,233600.0,1500.0,235100.0,200.0,65700.0,169600.0
nonelderly_childless_hh,percentiles_96_99,1998,246000.0,1400.0,247300.0,200.0,68900.0,178600.0
nonelderly_childless_hh,percentiles_96_99,1999,257500.0,1400.0,258900.0,200.0,73200.0,185900.0
nonelderly_childless_hh,percentiles_96_99,2000,264900.0,1400.0,266200.0,200.0,75700.0,190800.0
nonelderly_childless_hh,percentiles_96_99,2001,249400.0,1600.0,251000.0,300.0,68300.0,182900.0
nonelderly_childless_hh,percentiles_96_99,2002,238900.0,1800.0,240600.0,100.0,63800.0,177000.0
nonelderly_childless_hh,percentiles_96_99,2003,247400.0,1800.0,249100.0,200.0,63100.0,186200.0
nonelderly_childless_hh,percentiles_96_99,2004,260400.0,1700.0,262100.0,300.0,66900.0,195400.0
nonelderly_childless_hh,percentiles_96_99,2005,279600.0,1800.0,281400.0,300.0,72600.0,209100.0
nonelderly_childless_hh,percentiles_96_99,2006,292100.0,1800.0,293900.0,300.0,76600.0,217500.0
nonelderly_childless_hh,percentiles_96_99,2007,302400.0,1600.0,304000.0,300.0,78000.0,226400.0
nonelderly_childless_hh,percentiles_96_99,2008,279100.0,1300.0,280400.0,300.0,69800.0,210800.0
nonelderly_childless_hh,percentiles_96_99,2009,262700.0,1900.0,264600.0,400.0,65000.0,200000.0
nonelderly_childless_hh,percentiles_96_99,2010,271000.0,2400.0,273400.0,300.0,68700.0,205000.0
nonelderly_childless_hh,percentiles_96_99,2011,276000.0,2100.0,278100.0,300.0,67800.0,210600.0
nonelderly_childless_hh,percentiles_96_99,2012,290100.0,1900.0,292000.0,300.0,73000.0,219400.0
nonelderly_childless_hh,percentiles_96_99,2013,293000.0,1800.0,294800.0,200.0,78300.0,216700.0
nonelderly_childless_hh,percentiles_96_99,2014,306000.0,1900.0,307900.0,400.0,83100.0,225200.0
nonelderly_childless_hh,percentiles_96_99,2015,316300.0,1700.0,318000.0,600.0,85800.0,232800.0
nonelderly_childless_hh,top_1_percent,1979,516500.0,700.0,517300.0,100.0,180700.0,336700.0
nonelderly_childless_hh,top_1_percent,1980,502300.0,1000.0,503300.0,,165900.0,337400.0
nonelderly_childless_hh,top_1_percent,1981,488100.0,900.0,489000.0,100.0,148600.0,340400.0
nonelderly_childless_hh,top_1_percent,1982,544800.0,1300.0,546100.0,100.0,148300.0,397900.0
nonelderly_childless_hh,top_1_percent,1983,548100.0,1500.0,549600.0,,147300.0,402400.0
nonelderly_childless_hh,top_1_percent,1984,619500.0,1700.0,621200.0,100.0,168100.0,453200.0
nonelderly_childless_hh,top_1_percent,1985,686000.0,1700.0,687700.0,100.0,179700.0,508100.0
nonelderly_childless_hh,top_1_percent,1986,833700.0,1100.0,834800.0,,206800.0,628000.0
nonelderly_childless_hh,top_1_percent,1987,692800.0,1300.0,694100.0,200.0,211000.0,483300.0
nonelderly_childless_hh,top_1_percent,1988,887300.0,1100.0,888400.0,200.0,254600.0,634000.0
nonelderly_childless_hh,top_1_percent,1989,813400.0,1100.0,814600.0,100.0,228800.0,586000.0
nonelderly_childless_hh,top_1_percent,1990,861200.0,1600.0,862800.0,200.0,240000.0,623000.0
nonelderly_childless_hh,top_1_percent,1991,735300.0,1100.0,736400.0,200.0,216200.0,520400.0
nonelderly_childless_hh,top_1_percent,1992,832300.0,1300.0,833600.0,100.0,248300.0,585400.0
nonelderly_childless_hh,top_1_percent,1993,772300.0,1100.0,773400.0,300.0,257700.0,515900.0
nonelderly_childless_hh,top_1_percent,1994,820100.0,1500.0,821600.0,300.0,284700.0,537200.0
nonelderly_childless_hh,top_1_percent,1995,870700.0,1600.0,872200.0,100.0,304000.0,568300.0
nonelderly_childless_hh,top_1_percent,1996,967300.0,800.0,968200.0,100.0,338700.0,629600.0
nonelderly_childless_hh,top_1_percent,1997,1152700.0,800.0,1153500.0,200.0,392500.0,761200.0
nonelderly_childless_hh,top_1_percent,1998,1313900.0,1200.0,1315100.0,200.0,431600.0,883700.0
nonelderly_childless_hh,top_1_percent,1999,1321400.0,500.0,1321900.0,200.0,435700.0,886300.0
nonelderly_childless_hh,top_1_percent,2000,1424300.0,800.0,1425100.0,300.0,464400.0,961000.0
nonelderly_childless_hh,top_1_percent,2001,1118900.0,1000.0,1119900.0,200.0,361800.0,758300.0
nonelderly_childless_hh,top_1_percent,2002,974500.0,1300.0,975900.0,300.0,311400.0,664800.0
nonelderly_childless_hh,top_1_percent,2003,1028900.0,900.0,1029800.0,400.0,312800.0,717400.0
nonelderly_childless_hh,top_1_percent,2004,1248300.0,800.0,1249100.0,200.0,376900.0,872400.0
nonelderly_childless_hh,top_1_percent,2005,1596400.0,1600.0,1597900.0,300.0,485800.0,1112400.0
nonelderly_childless_hh,top_1_percent,2006,1664400.0,1500.0,1665800.0,300.0,498800.0,1167300.0
nonelderly_childless_hh,top_1_percent,2007,1599000.0,1400.0,1600400.0,300.0,457100.0,1143500.0
nonelderly_childless_hh,top_1_percent,2008,1365300.0,1200.0,1366500.0,200.0,389900.0,976800.0
nonelderly_childless_hh,top_1_percent,2009,1124800.0,1100.0,1125900.0,400.0,327900.0,798300.0
nonelderly_childless_hh,top_1_percent,2010,1198700.0,900.0,1199600.0,400.0,354200.0,845800.0
nonelderly_childless_hh,top_1_percent,2011,1203300.0,1200.0,1204400.0,500.0,352400.0,852500.0
nonelderly_childless_hh,top_1_percent,2012,1501700.0,1600.0,1503300.0,700.0,434200.0,1069800.0
nonelderly_childless_hh,top_1_percent,2013,1289600.0,1700.0,1291300.0,600.0,430800.0,861100.0
nonelderly_childless_hh,top_1_percent,2014,1433600.0,900.0,1434500.0,500.0,479500.0,955600.0
nonelderly_childless_hh,top_1_percent,2015,1439200.0,1300.0,1440500.0,600.0,476800.0,964300.0
