household_type,income_group,year,inc_before_transfers_taxes,market_income,wages,employee_contrib_deferred_comp,employer_contrib_health_ins,employer_share_payroll_taxes,federal_unemployment_tax,corp_tax_borne_by_labor,business_income,capital_gains,tax_exempt_interest,taxable_interest,positive_rental_income,dividends,corp_tax_borne_by_capital,other_market_income,social_insurance_benefits,social_security,medicare,unemployment_insurance,workers_compensation
all_households,all_quintiles,1979,65300.0,60700.0,42100.0,0.0,1900.0,2100.0,100.0,600.0,3000.0,2400.0,200.0,2600.0,500.0,1200.0,1700.0,2400.0,4600.0,3300.0,900.0,200.0,100.0
all_households,all_quintiles,1980,63400.0,58500.0,40900.0,0.0,1600.0,2100.0,100.0,400.0,2400.0,2200.0,200.0,3200.0,500.0,1200.0,1300.0,2400.0,4900.0,3400.0,1000.0,400.0,100.0
all_households,all_quintiles,1981,63600.0,58500.0,40800.0,0.0,1600.0,2300.0,100.0,400.0,1900.0,2100.0,200.0,3900.0,600.0,1300.0,1100.0,2400.0,5100.0,3600.0,1100.0,300.0,100.0
all_households,all_quintiles,1982,63700.0,58100.0,40500.0,0.0,1800.0,2300.0,100.0,200.0,1700.0,2200.0,200.0,4100.0,600.0,1400.0,700.0,2400.0,5600.0,3700.0,1200.0,500.0,100.0
all_households,all_quintiles,1983,64400.0,58700.0,40100.0,0.0,1800.0,2300.0,100.0,300.0,2000.0,2900.0,300.0,3800.0,600.0,1200.0,900.0,2500.0,5700.0,3800.0,1300.0,500.0,200.0
all_households,all_quintiles,1984,68000.0,62500.0,41800.0,200.0,1800.0,2500.0,100.0,300.0,2700.0,3100.0,400.0,4100.0,600.0,1200.0,1000.0,2700.0,5500.0,3800.0,1300.0,300.0,200.0
all_households,all_quintiles,1985,69100.0,63400.0,42300.0,300.0,1900.0,2600.0,100.0,300.0,2300.0,3600.0,400.0,4000.0,600.0,1200.0,1000.0,2800.0,5600.0,3800.0,1400.0,300.0,200.0
all_households,all_quintiles,1986,73700.0,67900.0,43100.0,400.0,1900.0,2700.0,100.0,300.0,2700.0,6800.0,500.0,3600.0,500.0,1300.0,1000.0,2800.0,5800.0,3900.0,1500.0,300.0,200.0
all_households,all_quintiles,1987,71300.0,65700.0,43800.0,400.0,2100.0,2700.0,100.0,400.0,3200.0,2800.0,600.0,3500.0,500.0,1400.0,1300.0,2900.0,5700.0,3800.0,1500.0,300.0,200.0
all_households,all_quintiles,1988,74400.0,68600.0,44600.0,500.0,2200.0,2800.0,100.0,400.0,3900.0,2900.0,600.0,3600.0,500.0,1500.0,1300.0,3500.0,5700.0,3800.0,1500.0,200.0,200.0
all_households,all_quintiles,1989,74900.0,69000.0,44600.0,600.0,2300.0,2800.0,100.0,400.0,3800.0,2700.0,700.0,4000.0,600.0,1500.0,1300.0,3600.0,5800.0,3900.0,1500.0,200.0,200.0
all_households,all_quintiles,1990,74500.0,68400.0,44800.0,600.0,2300.0,2900.0,100.0,400.0,3800.0,1900.0,700.0,4000.0,600.0,1400.0,1200.0,3700.0,6100.0,4000.0,1600.0,300.0,200.0
all_households,all_quintiles,1991,72700.0,66300.0,43900.0,600.0,2300.0,2900.0,100.0,400.0,3500.0,1700.0,700.0,3500.0,600.0,1300.0,1100.0,3800.0,6400.0,4100.0,1700.0,400.0,200.0
all_households,all_quintiles,1992,74700.0,68000.0,44900.0,700.0,2500.0,3000.0,100.0,400.0,4000.0,1900.0,700.0,2600.0,600.0,1200.0,1200.0,4000.0,6700.0,4200.0,1800.0,500.0,200.0
all_households,all_quintiles,1993,75000.0,68100.0,44600.0,800.0,2800.0,2900.0,100.0,500.0,3900.0,2200.0,700.0,2100.0,700.0,1200.0,1400.0,4100.0,6900.0,4300.0,2000.0,400.0,200.0
all_households,all_quintiles,1994,75800.0,69000.0,44900.0,900.0,3000.0,3000.0,100.0,500.0,4200.0,2100.0,700.0,1900.0,600.0,1200.0,1500.0,4200.0,6900.0,4300.0,2000.0,300.0,200.0
all_households,all_quintiles,1995,79000.0,72000.0,46300.0,1000.0,3100.0,3100.0,100.0,600.0,4300.0,2500.0,700.0,2300.0,700.0,1400.0,1700.0,4400.0,7100.0,4400.0,2200.0,300.0,200.0
all_households,all_quintiles,1996,82100.0,74900.0,47200.0,1200.0,3000.0,3200.0,100.0,600.0,4500.0,3500.0,700.0,2300.0,700.0,1500.0,1800.0,4700.0,7200.0,4500.0,2300.0,300.0,100.0
all_households,all_quintiles,1997,85900.0,78600.0,48900.0,1200.0,2700.0,3300.0,100.0,600.0,4800.0,4800.0,700.0,2300.0,700.0,1600.0,1800.0,5100.0,7300.0,4500.0,2400.0,200.0,200.0
all_households,all_quintiles,1998,90500.0,83300.0,51400.0,1400.0,2700.0,3400.0,100.0,600.0,5200.0,5900.0,700.0,2400.0,700.0,1600.0,1800.0,5600.0,7200.0,4600.0,2300.0,200.0,100.0
all_households,all_quintiles,1999,94900.0,87900.0,53600.0,1500.0,2700.0,3600.0,100.0,600.0,5500.0,7000.0,700.0,2300.0,700.0,1700.0,1800.0,6000.0,7000.0,4400.0,2200.0,200.0,100.0
all_households,all_quintiles,2000,97500.0,90300.0,54700.0,1600.0,2800.0,3600.0,100.0,600.0,5400.0,7600.0,700.0,2500.0,700.0,1800.0,1800.0,6600.0,7100.0,4600.0,2200.0,200.0,200.0
all_households,all_quintiles,2001,92100.0,84600.0,54300.0,1600.0,2900.0,3700.0,100.0,400.0,5200.0,3900.0,700.0,2400.0,700.0,1400.0,1200.0,6100.0,7500.0,4700.0,2400.0,300.0,100.0
all_households,all_quintiles,2002,88500.0,80600.0,52600.0,1500.0,3200.0,3500.0,100.0,400.0,5200.0,2700.0,600.0,1700.0,700.0,1200.0,1100.0,6200.0,7900.0,4800.0,2500.0,500.0,100.0
all_households,all_quintiles,2003,90000.0,82000.0,52300.0,1800.0,3500.0,3500.0,100.0,500.0,5400.0,3300.0,600.0,1400.0,700.0,1300.0,1500.0,6200.0,8000.0,4800.0,2500.0,500.0,200.0
all_households,all_quintiles,2004,95100.0,87100.0,53400.0,1900.0,3900.0,3600.0,100.0,600.0,6100.0,5100.0,600.0,1400.0,700.0,1600.0,1900.0,6300.0,8000.0,4900.0,2700.0,400.0,100.0
all_households,all_quintiles,2005,100200.0,92000.0,53800.0,2000.0,4100.0,3600.0,100.0,800.0,7000.0,6900.0,600.0,1700.0,800.0,1700.0,2500.0,6500.0,8200.0,5000.0,2800.0,300.0,200.0
all_households,all_quintiles,2006,104100.0,95500.0,54900.0,2000.0,4000.0,3600.0,100.0,900.0,7100.0,7800.0,700.0,2200.0,700.0,2000.0,2700.0,6700.0,8600.0,5000.0,3100.0,300.0,100.0
all_households,all_quintiles,2007,107400.0,98600.0,56600.0,2100.0,3800.0,3800.0,100.0,800.0,6800.0,8800.0,800.0,2600.0,800.0,2300.0,2400.0,7200.0,8700.0,5200.0,3100.0,300.0,100.0
all_households,all_quintiles,2008,99700.0,90600.0,55900.0,2100.0,3800.0,3700.0,100.0,500.0,6000.0,4400.0,700.0,2100.0,900.0,2100.0,1400.0,7100.0,9100.0,5300.0,3300.0,400.0,100.0
all_households,all_quintiles,2009,93800.0,83300.0,53400.0,2000.0,3800.0,3600.0,100.0,400.0,5600.0,2200.0,700.0,1600.0,700.0,1500.0,1100.0,6800.0,10500.0,5800.0,3500.0,1100.0,100.0
all_households,all_quintiles,2010,96100.0,85700.0,53200.0,1900.0,3600.0,3600.0,100.0,500.0,6100.0,3300.0,700.0,1300.0,800.0,1700.0,1500.0,7400.0,10500.0,5700.0,3500.0,1100.0,100.0
all_households,all_quintiles,2011,95300.0,85100.0,52900.0,1900.0,3600.0,3500.0,100.0,500.0,6300.0,3300.0,600.0,1000.0,800.0,1700.0,1500.0,7400.0,10200.0,5700.0,3500.0,800.0,100.0
all_households,all_quintiles,2012,99800.0,89500.0,53400.0,2000.0,3600.0,3500.0,,600.0,7300.0,5200.0,600.0,900.0,900.0,2200.0,1700.0,7500.0,10300.0,6000.0,3600.0,600.0,100.0
all_households,all_quintiles,2013,98500.0,88200.0,53900.0,2000.0,3500.0,3600.0,,600.0,7000.0,4000.0,600.0,800.0,900.0,1800.0,1900.0,7500.0,10300.0,6100.0,3600.0,400.0,100.0
all_households,all_quintiles,2014,102000.0,91700.0,54900.0,2100.0,3500.0,3700.0,,700.0,7400.0,5600.0,500.0,800.0,900.0,2100.0,2000.0,7600.0,10300.0,6200.0,3600.0,300.0,100.0
all_households,all_quintiles,2015,105100.0,94500.0,56800.0,2200.0,3600.0,3800.0,,600.0,7800.0,5600.0,500.0,800.0,800.0,2100.0,1900.0,8000.0,10500.0,6400.0,3800.0,200.0,100.0
all_households,lowest_quintile,1979,17200.0,7600.0,4400.0,0.0,200.0,300.0,,100.0,300.0,,,600.0,100.0,100.0,200.0,1300.0,9700.0,7200.0,2100.0,100.0,200.0
all_households,lowest_quintile,1980,16700.0,6800.0,4100.0,0.0,200.0,200.0,,,200.0,,,600.0,100.0,100.0,100.0,1100.0,9900.0,7200.0,2200.0,300.0,200.0
all_households,lowest_quintile,1981,16800.0,6600.0,4100.0,0.0,200.0,300.0,,,100.0,100.0,,600.0,100.0,100.0,100.0,1000.0,10100.0,7400.0,2300.0,200.0,200.0
all_households,lowest_quintile,1982,16600.0,6200.0,3800.0,0.0,200.0,200.0,,,100.0,100.0,,700.0,100.0,100.0,100.0,900.0,10400.0,7200.0,2500.0,500.0,200.0
all_households,lowest_quintile,1983,16300.0,5900.0,3600.0,0.0,200.0,200.0,,,100.0,100.0,,600.0,100.0,100.0,100.0,800.0,10400.0,7100.0,2600.0,400.0,300.0
all_households,lowest_quintile,1984,16900.0,7100.0,4200.0,,200.0,300.0,,,100.0,100.0,,800.0,100.0,100.0,100.0,1000.0,9800.0,6800.0,2600.0,200.0,300.0
all_households,lowest_quintile,1985,17000.0,6800.0,4100.0,,200.0,300.0,,,200.0,,,700.0,100.0,100.0,100.0,1000.0,10200.0,7000.0,2800.0,200.0,200.0
all_households,lowest_quintile,1986,17000.0,6700.0,4000.0,,200.0,300.0,,,200.0,100.0,,700.0,100.0,100.0,100.0,1000.0,10200.0,6900.0,2800.0,200.0,300.0
all_households,lowest_quintile,1987,16500.0,6000.0,3400.0,,200.0,200.0,,,300.0,,,600.0,100.0,100.0,100.0,900.0,10500.0,7100.0,2900.0,200.0,200.0
all_households,lowest_quintile,1988,17000.0,6300.0,3600.0,,200.0,300.0,,,300.0,,,600.0,100.0,100.0,100.0,1000.0,10700.0,7300.0,3000.0,200.0,300.0
all_households,lowest_quintile,1989,17700.0,6900.0,4000.0,,200.0,300.0,,,300.0,,,600.0,100.0,100.0,100.0,1100.0,10800.0,7200.0,3000.0,100.0,400.0
all_households,lowest_quintile,1990,18300.0,7200.0,4200.0,,200.0,300.0,,,300.0,,,700.0,100.0,100.0,100.0,1100.0,11000.0,7300.0,3300.0,200.0,300.0
all_households,lowest_quintile,1991,18600.0,7100.0,4200.0,,200.0,300.0,,,300.0,,,600.0,100.0,100.0,100.0,1100.0,11500.0,7500.0,3400.0,300.0,300.0
all_households,lowest_quintile,1992,19000.0,6800.0,4200.0,,200.0,300.0,,,300.0,,,500.0,100.0,100.0,100.0,1000.0,12100.0,7800.0,3600.0,500.0,300.0
all_households,lowest_quintile,1993,19300.0,6700.0,4000.0,,200.0,300.0,,,300.0,,,400.0,100.0,100.0,100.0,1000.0,12600.0,8000.0,4000.0,400.0,300.0
all_households,lowest_quintile,1994,19300.0,6400.0,3800.0,,200.0,300.0,,,300.0,,,400.0,100.0,100.0,100.0,1000.0,12800.0,8200.0,4100.0,200.0,300.0
all_households,lowest_quintile,1995,20400.0,7400.0,4400.0,,200.0,300.0,,100.0,400.0,,,400.0,100.0,100.0,100.0,1100.0,13000.0,8300.0,4300.0,200.0,200.0
all_households,lowest_quintile,1996,20300.0,7600.0,4600.0,,300.0,400.0,,100.0,400.0,,,300.0,100.0,100.0,100.0,1000.0,12700.0,8000.0,4400.0,200.0,200.0
all_households,lowest_quintile,1997,21400.0,8300.0,5100.0,,300.0,400.0,,100.0,500.0,100.0,,300.0,100.0,100.0,100.0,1200.0,13100.0,8200.0,4500.0,200.0,200.0
all_households,lowest_quintile,1998,22500.0,9400.0,5800.0,,300.0,400.0,,100.0,600.0,100.0,,400.0,100.0,100.0,100.0,1300.0,13100.0,8300.0,4400.0,200.0,200.0
all_households,lowest_quintile,1999,22900.0,10200.0,6100.0,,300.0,500.0,,100.0,800.0,100.0,,400.0,100.0,100.0,100.0,1500.0,12700.0,8000.0,4300.0,200.0,200.0
all_households,lowest_quintile,2000,22700.0,10200.0,5900.0,,400.0,400.0,,100.0,700.0,100.0,,400.0,100.0,100.0,100.0,1700.0,12600.0,8000.0,4100.0,200.0,200.0
all_households,lowest_quintile,2001,22700.0,9200.0,5600.0,,400.0,400.0,,,700.0,,,400.0,100.0,100.0,100.0,1300.0,13400.0,8500.0,4500.0,200.0,200.0
all_households,lowest_quintile,2002,23000.0,8800.0,5200.0,,400.0,400.0,,,600.0,-100.0,,400.0,100.0,200.0,100.0,1400.0,14200.0,8800.0,4800.0,400.0,200.0
all_households,lowest_quintile,2003,22700.0,8300.0,4900.0,,400.0,400.0,,,600.0,-100.0,,300.0,100.0,100.0,100.0,1300.0,14400.0,8800.0,4900.0,400.0,200.0
all_households,lowest_quintile,2004,23000.0,8600.0,5200.0,,400.0,400.0,,100.0,700.0,,,200.0,100.0,100.0,100.0,1300.0,14500.0,8900.0,5100.0,300.0,200.0
all_households,lowest_quintile,2005,23500.0,9000.0,5400.0,,400.0,400.0,,100.0,700.0,,,200.0,100.0,100.0,100.0,1400.0,14500.0,8900.0,5200.0,200.0,200.0
all_households,lowest_quintile,2006,25100.0,9700.0,5800.0,,400.0,400.0,,100.0,800.0,,,300.0,100.0,100.0,100.0,1400.0,15400.0,9100.0,5900.0,200.0,200.0
all_households,lowest_quintile,2007,26100.0,11100.0,6600.0,,400.0,500.0,,100.0,1000.0,100.0,,300.0,100.0,100.0,100.0,1800.0,15100.0,9000.0,5700.0,200.0,200.0
all_households,lowest_quintile,2008,26300.0,10100.0,6100.0,,300.0,500.0,,,800.0,,,300.0,100.0,200.0,100.0,1700.0,16200.0,9500.0,6200.0,400.0,200.0
all_households,lowest_quintile,2009,26700.0,8600.0,5100.0,,300.0,400.0,,,800.0,-100.0,,300.0,100.0,200.0,100.0,1500.0,18100.0,10200.0,6500.0,1200.0,200.0
all_households,lowest_quintile,2010,26500.0,9000.0,5400.0,,300.0,400.0,,,1000.0,-100.0,,200.0,100.0,100.0,100.0,1500.0,17400.0,9700.0,6200.0,1400.0,100.0
all_households,lowest_quintile,2011,26000.0,8600.0,5000.0,,300.0,400.0,,,900.0,,,100.0,100.0,100.0,100.0,1500.0,17400.0,10000.0,6400.0,900.0,100.0
all_households,lowest_quintile,2012,25400.0,8000.0,4600.0,,200.0,300.0,,,1000.0,,,100.0,100.0,100.0,100.0,1400.0,17400.0,10100.0,6500.0,600.0,200.0
all_households,lowest_quintile,2013,26000.0,8800.0,5000.0,,300.0,400.0,,100.0,1000.0,0.0,,100.0,100.0,100.0,100.0,1600.0,17200.0,10400.0,6200.0,400.0,200.0
all_households,lowest_quintile,2014,25200.0,8400.0,4900.0,,200.0,400.0,,100.0,1000.0,,,100.0,100.0,100.0,100.0,1500.0,16800.0,10100.0,6300.0,200.0,200.0
all_households,lowest_quintile,2015,26500.0,8900.0,5100.0,,200.0,400.0,,100.0,1100.0,,,100.0,100.0,100.0,100.0,1700.0,17500.0,10700.0,6500.0,100.0,200.0
all_households,second_quintile,1979,37700.0,33100.0,23400.0,0.0,1300.0,1400.0,100.0,300.0,1200.0,200.0,,1600.0,200.0,200.0,600.0,2600.0,4700.0,3300.0,800.0,400.0,100.0
all_households,second_quintile,1980,36400.0,31000.0,21800.0,0.0,1000.0,1300.0,100.0,200.0,1000.0,200.0,,1900.0,200.0,300.0,500.0,2500.0,5400.0,3600.0,900.0,600.0,200.0
all_households,second_quintile,1981,36200.0,30500.0,21000.0,0.0,1000.0,1300.0,100.0,200.0,1000.0,200.0,,2300.0,200.0,300.0,400.0,2600.0,5700.0,3900.0,1100.0,500.0,100.0
all_households,second_quintile,1982,35700.0,29200.0,19900.0,0.0,1100.0,1300.0,100.0,100.0,800.0,200.0,,2600.0,200.0,400.0,200.0,2300.0,6500.0,4300.0,1300.0,800.0,200.0
all_households,second_quintile,1983,34900.0,28100.0,18700.0,0.0,1100.0,1200.0,100.0,100.0,900.0,200.0,,2500.0,200.0,300.0,300.0,2400.0,6800.0,4500.0,1400.0,700.0,200.0
all_households,second_quintile,1984,37000.0,30700.0,20300.0,,1200.0,1300.0,100.0,200.0,1000.0,200.0,,2600.0,200.0,300.0,400.0,2800.0,6300.0,4200.0,1400.0,500.0,200.0
all_households,second_quintile,1985,37100.0,30600.0,20200.0,100.0,1100.0,1400.0,100.0,200.0,1000.0,200.0,,2600.0,300.0,300.0,300.0,2800.0,6500.0,4300.0,1500.0,400.0,200.0
all_households,second_quintile,1986,37600.0,30500.0,19700.0,100.0,1200.0,1400.0,100.0,200.0,1100.0,200.0,,2500.0,200.0,300.0,400.0,3200.0,7100.0,4700.0,1700.0,400.0,200.0
all_households,second_quintile,1987,36800.0,29800.0,18800.0,100.0,1200.0,1300.0,100.0,200.0,1200.0,200.0,,2300.0,200.0,400.0,500.0,3200.0,7000.0,4800.0,1700.0,300.0,200.0
all_households,second_quintile,1988,37400.0,30400.0,18900.0,100.0,1200.0,1400.0,100.0,200.0,1400.0,100.0,,2200.0,200.0,400.0,500.0,3700.0,7000.0,4800.0,1700.0,300.0,200.0
all_households,second_quintile,1989,37900.0,30700.0,19100.0,100.0,1200.0,1400.0,100.0,200.0,1400.0,200.0,,2300.0,200.0,400.0,400.0,3700.0,7200.0,4900.0,1800.0,300.0,300.0
all_households,second_quintile,1990,39100.0,31600.0,20100.0,100.0,1200.0,1500.0,100.0,200.0,1300.0,100.0,,2300.0,200.0,400.0,400.0,3600.0,7500.0,4900.0,1900.0,400.0,300.0
all_households,second_quintile,1991,38400.0,30300.0,19000.0,100.0,1200.0,1400.0,100.0,200.0,1200.0,100.0,,2100.0,200.0,400.0,400.0,3800.0,8000.0,5200.0,2000.0,500.0,300.0
all_households,second_quintile,1992,38000.0,29500.0,18500.0,100.0,1200.0,1400.0,100.0,200.0,1200.0,100.0,,1700.0,200.0,400.0,400.0,4000.0,8500.0,5400.0,2200.0,700.0,300.0
all_households,second_quintile,1993,38500.0,29600.0,18400.0,100.0,1300.0,1400.0,100.0,200.0,1300.0,200.0,,1400.0,300.0,400.0,400.0,4100.0,8900.0,5600.0,2500.0,500.0,200.0
all_households,second_quintile,1994,38600.0,30100.0,18500.0,100.0,1500.0,1400.0,100.0,200.0,1200.0,100.0,100.0,1300.0,300.0,400.0,500.0,4300.0,8500.0,5400.0,2500.0,400.0,200.0
all_households,second_quintile,1995,40700.0,32100.0,20000.0,200.0,1600.0,1500.0,100.0,200.0,1200.0,200.0,100.0,1300.0,300.0,400.0,500.0,4400.0,8600.0,5500.0,2600.0,300.0,200.0
all_households,second_quintile,1996,40900.0,32100.0,19900.0,200.0,1600.0,1500.0,100.0,300.0,1300.0,200.0,100.0,1300.0,200.0,400.0,500.0,4500.0,8800.0,5500.0,2800.0,300.0,200.0
all_households,second_quintile,1997,41900.0,33300.0,21000.0,200.0,1500.0,1600.0,100.0,300.0,1400.0,300.0,,1300.0,200.0,400.0,500.0,4500.0,8600.0,5400.0,2700.0,300.0,200.0
all_households,second_quintile,1998,43500.0,35000.0,22300.0,300.0,1600.0,1700.0,100.0,300.0,1300.0,400.0,,1300.0,200.0,400.0,400.0,4900.0,8400.0,5300.0,2600.0,300.0,200.0
all_households,second_quintile,1999,44600.0,36400.0,23000.0,300.0,1600.0,1700.0,100.0,300.0,1500.0,400.0,,1200.0,300.0,400.0,400.0,5100.0,8200.0,5200.0,2500.0,300.0,200.0
all_households,second_quintile,2000,45000.0,36600.0,23000.0,400.0,1700.0,1700.0,100.0,300.0,1400.0,400.0,,1200.0,200.0,400.0,400.0,5500.0,8500.0,5500.0,2600.0,200.0,200.0
all_households,second_quintile,2001,44600.0,35600.0,22600.0,300.0,1700.0,1700.0,100.0,200.0,1300.0,100.0,100.0,1300.0,300.0,400.0,300.0,5300.0,9000.0,5600.0,2800.0,400.0,200.0
all_households,second_quintile,2002,43800.0,34400.0,21800.0,200.0,1700.0,1600.0,100.0,200.0,1400.0,,100.0,1000.0,300.0,400.0,200.0,5500.0,9500.0,5800.0,2900.0,600.0,200.0
all_households,second_quintile,2003,43400.0,33900.0,21500.0,200.0,1800.0,1600.0,100.0,200.0,1400.0,,,700.0,200.0,400.0,300.0,5400.0,9600.0,5800.0,3000.0,600.0,200.0
all_households,second_quintile,2004,44600.0,35100.0,22100.0,200.0,2100.0,1600.0,100.0,300.0,1500.0,100.0,100.0,600.0,300.0,400.0,300.0,5600.0,9400.0,5800.0,3100.0,400.0,200.0
all_households,second_quintile,2005,45200.0,36000.0,22800.0,200.0,2200.0,1700.0,100.0,400.0,1400.0,200.0,,600.0,200.0,400.0,400.0,5400.0,9200.0,5600.0,3100.0,400.0,200.0
all_households,second_quintile,2006,46000.0,36600.0,23300.0,200.0,2200.0,1700.0,100.0,400.0,1500.0,200.0,,700.0,200.0,300.0,400.0,5300.0,9400.0,5500.0,3400.0,300.0,100.0
all_households,second_quintile,2007,48400.0,38600.0,24700.0,300.0,2100.0,1900.0,100.0,300.0,1400.0,300.0,,800.0,300.0,300.0,300.0,5800.0,9700.0,5800.0,3500.0,400.0,100.0
all_households,second_quintile,2008,46700.0,36500.0,23600.0,200.0,2000.0,1800.0,100.0,200.0,1300.0,100.0,100.0,800.0,300.0,400.0,200.0,5700.0,10200.0,5900.0,3600.0,500.0,100.0
all_households,second_quintile,2009,45500.0,33300.0,21000.0,200.0,1700.0,1600.0,100.0,100.0,1400.0,-100.0,100.0,700.0,300.0,400.0,200.0,5600.0,12200.0,6700.0,4100.0,1300.0,100.0
all_households,second_quintile,2010,45700.0,33500.0,21100.0,200.0,1600.0,1600.0,100.0,200.0,1500.0,,100.0,500.0,200.0,300.0,200.0,6000.0,12200.0,6700.0,4000.0,1300.0,100.0
all_households,second_quintile,2011,44400.0,33100.0,21000.0,200.0,1600.0,1600.0,100.0,200.0,1500.0,,100.0,300.0,200.0,400.0,200.0,5800.0,11300.0,6400.0,3800.0,1000.0,100.0
all_households,second_quintile,2012,44300.0,32600.0,20400.0,200.0,1700.0,1500.0,,200.0,1600.0,,,300.0,200.0,400.0,200.0,5700.0,11700.0,6800.0,4100.0,800.0,100.0
all_households,second_quintile,2013,45100.0,33600.0,21000.0,200.0,1700.0,1600.0,,200.0,1600.0,100.0,,200.0,300.0,300.0,200.0,6100.0,11500.0,7000.0,3900.0,500.0,200.0
all_households,second_quintile,2014,45300.0,34000.0,21600.0,200.0,1600.0,1600.0,,300.0,1600.0,200.0,,200.0,200.0,300.0,200.0,5800.0,11200.0,6900.0,3900.0,300.0,100.0
all_households,second_quintile,2015,47200.0,35800.0,22500.0,200.0,1800.0,1700.0,,300.0,1700.0,200.0,,200.0,300.0,300.0,200.0,6300.0,11400.0,7000.0,4000.0,300.0,100.0
all_households,middle_quintile,1979,57000.0,54200.0,41400.0,0.0,2200.0,2400.0,100.0,600.0,1600.0,400.0,,1700.0,300.0,300.0,700.0,2600.0,2800.0,1900.0,500.0,300.0,100.0
all_households,middle_quintile,1980,54800.0,51600.0,39400.0,0.0,1800.0,2200.0,100.0,400.0,1500.0,300.0,,2100.0,300.0,400.0,600.0,2500.0,3200.0,2100.0,500.0,500.0,100.0
all_households,middle_quintile,1981,54700.0,51300.0,38700.0,0.0,1800.0,2400.0,100.0,300.0,1300.0,300.0,,2700.0,200.0,400.0,500.0,2500.0,3400.0,2300.0,600.0,400.0,100.0
all_households,middle_quintile,1982,54200.0,49900.0,37100.0,0.0,2000.0,2300.0,100.0,200.0,1100.0,300.0,,3100.0,200.0,500.0,300.0,2700.0,4300.0,2700.0,800.0,600.0,200.0
all_households,middle_quintile,1983,53400.0,49000.0,35900.0,0.0,2000.0,2200.0,100.0,300.0,1200.0,400.0,,2800.0,300.0,400.0,400.0,2900.0,4400.0,2800.0,900.0,600.0,100.0
all_households,middle_quintile,1984,56400.0,52100.0,37400.0,100.0,2000.0,2400.0,100.0,300.0,1700.0,400.0,100.0,3200.0,300.0,500.0,500.0,3000.0,4300.0,2800.0,900.0,400.0,100.0
all_households,middle_quintile,1985,56800.0,52400.0,37500.0,200.0,2100.0,2500.0,100.0,300.0,1400.0,300.0,100.0,3100.0,300.0,500.0,400.0,3400.0,4400.0,2900.0,1000.0,400.0,100.0
all_households,middle_quintile,1986,58000.0,53300.0,38000.0,300.0,2100.0,2600.0,100.0,300.0,1700.0,600.0,100.0,2800.0,300.0,600.0,400.0,3500.0,4700.0,3000.0,1100.0,400.0,200.0
all_households,middle_quintile,1987,57400.0,53000.0,37800.0,300.0,2300.0,2600.0,100.0,400.0,1600.0,400.0,100.0,2500.0,300.0,600.0,600.0,3500.0,4400.0,2900.0,1000.0,300.0,200.0
all_households,middle_quintile,1988,58300.0,54000.0,38000.0,300.0,2400.0,2700.0,100.0,400.0,1700.0,300.0,100.0,2500.0,300.0,600.0,600.0,4000.0,4300.0,2800.0,1000.0,300.0,200.0
all_households,middle_quintile,1989,58800.0,54400.0,38000.0,400.0,2400.0,2800.0,100.0,400.0,1800.0,300.0,100.0,2700.0,300.0,600.0,500.0,4000.0,4400.0,2900.0,1000.0,300.0,200.0
all_households,middle_quintile,1990,59400.0,54600.0,38200.0,400.0,2500.0,2800.0,100.0,400.0,1700.0,100.0,100.0,2600.0,300.0,600.0,500.0,4400.0,4800.0,3100.0,1200.0,400.0,200.0
all_households,middle_quintile,1991,58200.0,52900.0,36600.0,400.0,2400.0,2700.0,100.0,300.0,1500.0,200.0,100.0,2500.0,300.0,600.0,500.0,4700.0,5300.0,3300.0,1300.0,500.0,200.0
all_households,middle_quintile,1992,58600.0,53200.0,36600.0,500.0,2600.0,2700.0,100.0,300.0,1800.0,300.0,100.0,1900.0,300.0,600.0,500.0,4800.0,5500.0,3300.0,1300.0,600.0,200.0
all_households,middle_quintile,1993,58700.0,53300.0,36900.0,500.0,3000.0,2700.0,100.0,400.0,1600.0,400.0,100.0,1300.0,300.0,500.0,500.0,4900.0,5400.0,3200.0,1400.0,500.0,200.0
all_households,middle_quintile,1994,59100.0,53900.0,37100.0,500.0,3000.0,2800.0,100.0,400.0,1700.0,300.0,100.0,1200.0,300.0,600.0,600.0,5100.0,5200.0,3200.0,1400.0,400.0,200.0
all_households,middle_quintile,1995,61100.0,55900.0,38200.0,600.0,3200.0,2900.0,100.0,500.0,1700.0,400.0,100.0,1500.0,300.0,600.0,600.0,5300.0,5300.0,3200.0,1500.0,400.0,200.0
all_households,middle_quintile,1996,62200.0,56400.0,38400.0,700.0,3100.0,2900.0,100.0,500.0,1600.0,500.0,100.0,1600.0,300.0,600.0,700.0,5300.0,5800.0,3600.0,1700.0,400.0,100.0
all_households,middle_quintile,1997,63500.0,57700.0,39300.0,800.0,2900.0,3000.0,100.0,500.0,1600.0,600.0,100.0,1500.0,300.0,600.0,600.0,5700.0,5800.0,3600.0,1800.0,300.0,100.0
all_households,middle_quintile,1998,65600.0,59900.0,40900.0,900.0,2800.0,3100.0,100.0,500.0,1800.0,700.0,100.0,1500.0,300.0,600.0,600.0,6000.0,5700.0,3600.0,1700.0,300.0,100.0
all_households,middle_quintile,1999,67500.0,62000.0,42600.0,1000.0,2800.0,3200.0,100.0,500.0,1700.0,800.0,100.0,1400.0,300.0,700.0,600.0,6300.0,5500.0,3400.0,1600.0,300.0,100.0
all_households,middle_quintile,2000,68000.0,62400.0,42300.0,1000.0,2900.0,3200.0,100.0,500.0,1600.0,800.0,100.0,1500.0,300.0,700.0,500.0,6800.0,5600.0,3600.0,1700.0,300.0,100.0
all_households,middle_quintile,2001,67800.0,61600.0,42200.0,1100.0,3000.0,3200.0,100.0,300.0,1700.0,300.0,100.0,1500.0,300.0,600.0,400.0,6800.0,6200.0,3800.0,1800.0,400.0,100.0
all_households,middle_quintile,2002,66100.0,59600.0,41200.0,600.0,3200.0,3100.0,100.0,300.0,1700.0,100.0,100.0,1100.0,300.0,500.0,300.0,6800.0,6500.0,3800.0,1900.0,600.0,100.0
all_households,middle_quintile,2003,66200.0,59700.0,40700.0,700.0,3600.0,3100.0,100.0,400.0,1700.0,100.0,100.0,900.0,300.0,500.0,400.0,7100.0,6500.0,3800.0,1900.0,600.0,100.0
all_households,middle_quintile,2004,68100.0,61600.0,41500.0,700.0,4000.0,3100.0,100.0,500.0,1900.0,300.0,100.0,800.0,300.0,500.0,400.0,7300.0,6500.0,3900.0,2000.0,400.0,200.0
all_households,middle_quintile,2005,69100.0,62600.0,41900.0,800.0,4200.0,3100.0,100.0,700.0,1900.0,400.0,100.0,800.0,300.0,500.0,500.0,7200.0,6500.0,3900.0,2100.0,400.0,100.0
all_households,middle_quintile,2006,69900.0,63000.0,42100.0,800.0,4200.0,3200.0,100.0,700.0,1900.0,500.0,100.0,1000.0,300.0,500.0,600.0,7100.0,6900.0,4000.0,2400.0,300.0,200.0
all_households,middle_quintile,2007,72400.0,65400.0,44000.0,900.0,3900.0,3300.0,100.0,600.0,1900.0,600.0,100.0,1200.0,300.0,600.0,500.0,7500.0,7000.0,4100.0,2400.0,400.0,100.0
all_households,middle_quintile,2008,70000.0,62600.0,42500.0,800.0,3800.0,3200.0,100.0,400.0,1700.0,200.0,100.0,1000.0,300.0,600.0,300.0,7600.0,7400.0,4200.0,2600.0,500.0,100.0
all_households,middle_quintile,2009,68600.0,59600.0,40100.0,700.0,3700.0,3000.0,100.0,300.0,1600.0,,200.0,800.0,400.0,500.0,300.0,8000.0,9000.0,4800.0,2900.0,1200.0,100.0
all_households,middle_quintile,2010,68600.0,59300.0,39600.0,700.0,3600.0,3000.0,100.0,400.0,1700.0,100.0,100.0,600.0,400.0,500.0,300.0,8400.0,9300.0,5000.0,3000.0,1200.0,100.0
all_households,middle_quintile,2011,67300.0,58500.0,38800.0,600.0,3600.0,2900.0,100.0,400.0,1900.0,200.0,100.0,500.0,400.0,600.0,300.0,8300.0,8800.0,4900.0,2900.0,900.0,100.0
all_households,middle_quintile,2012,67400.0,58500.0,38600.0,700.0,3600.0,2900.0,100.0,400.0,1900.0,200.0,100.0,400.0,400.0,500.0,300.0,8500.0,8900.0,5100.0,3000.0,700.0,100.0
all_households,middle_quintile,2013,68700.0,60000.0,39700.0,700.0,3500.0,3000.0,100.0,500.0,1800.0,300.0,100.0,300.0,400.0,500.0,400.0,8700.0,8700.0,5100.0,2900.0,500.0,100.0
all_households,middle_quintile,2014,70100.0,61300.0,40700.0,800.0,3500.0,3100.0,100.0,500.0,1900.0,500.0,100.0,300.0,300.0,500.0,400.0,8700.0,8800.0,5400.0,3000.0,300.0,100.0
all_households,middle_quintile,2015,72300.0,63200.0,41800.0,800.0,3600.0,3100.0,100.0,500.0,2000.0,400.0,100.0,300.0,400.0,500.0,400.0,9300.0,9100.0,5500.0,3100.0,300.0,100.0
all_households,fourth_quintile,1979,77200.0,75100.0,58700.0,0.0,2700.0,3200.0,200.0,800.0,2300.0,600.0,,2300.0,300.0,500.0,900.0,2500.0,2100.0,1400.0,400.0,300.0,100.0
all_households,fourth_quintile,1980,75200.0,72800.0,57100.0,0.0,2300.0,3100.0,200.0,600.0,2000.0,600.0,,2700.0,300.0,500.0,800.0,2500.0,2400.0,1500.0,400.0,400.0,100.0
all_households,fourth_quintile,1981,76200.0,73500.0,57300.0,0.0,2400.0,3400.0,100.0,500.0,1600.0,500.0,,3300.0,400.0,600.0,600.0,2700.0,2700.0,1700.0,500.0,400.0,100.0
all_households,fourth_quintile,1982,75400.0,72400.0,55900.0,0.0,2600.0,3400.0,200.0,300.0,1600.0,500.0,,3800.0,300.0,700.0,400.0,2800.0,3000.0,1800.0,600.0,500.0,100.0
all_households,fourth_quintile,1983,75100.0,71900.0,54500.0,0.0,2700.0,3400.0,200.0,400.0,1700.0,700.0,100.0,3600.0,300.0,700.0,500.0,3100.0,3200.0,2000.0,600.0,400.0,100.0
all_households,fourth_quintile,1984,79300.0,76200.0,56900.0,300.0,2700.0,3600.0,200.0,500.0,2300.0,600.0,100.0,3900.0,400.0,700.0,600.0,3300.0,3100.0,2000.0,700.0,300.0,100.0
all_households,fourth_quintile,1985,79400.0,76300.0,57300.0,500.0,2800.0,3800.0,200.0,400.0,1800.0,700.0,100.0,3700.0,300.0,800.0,600.0,3400.0,3100.0,2000.0,700.0,300.0,100.0
all_households,fourth_quintile,1986,82000.0,78900.0,59200.0,600.0,2900.0,4000.0,200.0,500.0,1900.0,1100.0,100.0,3300.0,300.0,800.0,600.0,3600.0,3100.0,2000.0,700.0,300.0,100.0
all_households,fourth_quintile,1987,82700.0,79700.0,59000.0,600.0,3200.0,4000.0,200.0,600.0,2300.0,700.0,200.0,3000.0,400.0,900.0,800.0,3800.0,3000.0,1900.0,700.0,300.0,100.0
all_households,fourth_quintile,1988,83400.0,80400.0,58900.0,800.0,3300.0,4200.0,200.0,600.0,2400.0,500.0,200.0,3100.0,400.0,900.0,700.0,4400.0,3000.0,1900.0,700.0,200.0,100.0
all_households,fourth_quintile,1989,84300.0,81100.0,58900.0,900.0,3400.0,4200.0,100.0,600.0,2500.0,600.0,200.0,3300.0,300.0,900.0,700.0,4500.0,3200.0,2000.0,700.0,200.0,200.0
all_households,fourth_quintile,1990,83700.0,80400.0,58500.0,900.0,3500.0,4300.0,100.0,500.0,2300.0,400.0,200.0,3200.0,300.0,800.0,700.0,4700.0,3300.0,2100.0,800.0,300.0,200.0
all_households,fourth_quintile,1991,82900.0,79500.0,58200.0,900.0,3400.0,4300.0,100.0,500.0,2100.0,400.0,200.0,2800.0,400.0,800.0,600.0,4800.0,3400.0,2000.0,800.0,400.0,200.0
all_households,fourth_quintile,1992,83600.0,80000.0,58200.0,1100.0,3800.0,4300.0,100.0,500.0,2300.0,500.0,200.0,2000.0,400.0,800.0,600.0,5200.0,3600.0,2100.0,900.0,500.0,100.0
all_households,fourth_quintile,1993,84300.0,80600.0,58200.0,1100.0,4300.0,4300.0,100.0,600.0,2200.0,700.0,300.0,1600.0,400.0,800.0,700.0,5300.0,3800.0,2200.0,900.0,500.0,200.0
all_households,fourth_quintile,1994,85400.0,81900.0,59400.0,1200.0,4500.0,4400.0,100.0,700.0,2200.0,600.0,300.0,1400.0,400.0,700.0,800.0,5300.0,3500.0,2100.0,900.0,300.0,100.0
all_households,fourth_quintile,1995,87400.0,83500.0,59600.0,1500.0,4500.0,4400.0,100.0,700.0,2300.0,600.0,300.0,1800.0,400.0,800.0,900.0,5700.0,3800.0,2300.0,1100.0,300.0,100.0
all_households,fourth_quintile,1996,88900.0,85100.0,60500.0,1800.0,4400.0,4500.0,100.0,800.0,2200.0,800.0,200.0,1700.0,400.0,800.0,800.0,6000.0,3800.0,2300.0,1100.0,300.0,100.0
all_households,fourth_quintile,1997,91100.0,87100.0,61700.0,1800.0,4000.0,4600.0,100.0,800.0,2400.0,1100.0,200.0,1800.0,400.0,900.0,900.0,6400.0,4000.0,2400.0,1200.0,200.0,200.0
all_households,fourth_quintile,1998,94600.0,90800.0,64400.0,2000.0,4000.0,4900.0,100.0,700.0,2600.0,1300.0,200.0,1800.0,400.0,900.0,800.0,6700.0,3900.0,2400.0,1100.0,200.0,100.0
all_households,fourth_quintile,1999,97500.0,93500.0,66000.0,2200.0,3800.0,5000.0,100.0,800.0,2600.0,1500.0,200.0,1700.0,500.0,1000.0,800.0,7300.0,4000.0,2500.0,1100.0,200.0,100.0
all_households,fourth_quintile,2000,98800.0,94800.0,66600.0,2400.0,4000.0,5000.0,100.0,700.0,2500.0,1500.0,200.0,1800.0,500.0,1000.0,800.0,7800.0,4000.0,2500.0,1100.0,200.0,100.0
all_households,fourth_quintile,2001,97700.0,93500.0,66500.0,2400.0,4200.0,5100.0,100.0,500.0,2500.0,500.0,200.0,1700.0,500.0,900.0,500.0,7900.0,4200.0,2500.0,1200.0,400.0,100.0
all_households,fourth_quintile,2002,95900.0,91700.0,66200.0,1700.0,4600.0,4900.0,100.0,500.0,2400.0,300.0,200.0,1200.0,500.0,700.0,400.0,7900.0,4300.0,2400.0,1200.0,600.0,100.0
all_households,fourth_quintile,2003,97000.0,92700.0,65800.0,2000.0,5100.0,4900.0,100.0,600.0,2500.0,300.0,200.0,1000.0,500.0,700.0,500.0,8200.0,4400.0,2500.0,1300.0,500.0,100.0
all_households,fourth_quintile,2004,100000.0,95600.0,67100.0,2100.0,5900.0,5000.0,100.0,800.0,2800.0,600.0,200.0,900.0,400.0,800.0,600.0,8300.0,4400.0,2600.0,1400.0,400.0,100.0
all_households,fourth_quintile,2005,101900.0,97400.0,67400.0,2200.0,6100.0,5000.0,100.0,1100.0,2800.0,900.0,200.0,1000.0,400.0,800.0,800.0,8500.0,4600.0,2700.0,1400.0,300.0,100.0
all_households,fourth_quintile,2006,103700.0,98800.0,67900.0,2200.0,6000.0,5100.0,100.0,1100.0,2800.0,1100.0,200.0,1300.0,500.0,900.0,900.0,8600.0,4900.0,2800.0,1700.0,300.0,100.0
all_households,fourth_quintile,2007,106200.0,101100.0,69500.0,2300.0,5600.0,5200.0,100.0,1000.0,2800.0,1300.0,200.0,1600.0,500.0,1000.0,800.0,9200.0,5200.0,3000.0,1700.0,300.0,100.0
all_households,fourth_quintile,2008,103800.0,98400.0,68600.0,2300.0,5700.0,5100.0,100.0,600.0,2500.0,400.0,200.0,1300.0,500.0,900.0,500.0,9700.0,5400.0,3000.0,1800.0,400.0,100.0
all_households,fourth_quintile,2009,101300.0,94900.0,66500.0,2000.0,5700.0,5000.0,100.0,400.0,2500.0,200.0,300.0,1100.0,500.0,800.0,400.0,9500.0,6400.0,3300.0,2000.0,1000.0,100.0
all_households,fourth_quintile,2010,101100.0,94700.0,65500.0,2000.0,5600.0,4900.0,100.0,600.0,2700.0,300.0,300.0,800.0,500.0,800.0,500.0,10200.0,6400.0,3400.0,2000.0,1000.0,100.0
all_households,fourth_quintile,2011,100600.0,94400.0,65000.0,1900.0,5600.0,4800.0,100.0,600.0,2700.0,400.0,200.0,600.0,500.0,900.0,500.0,10600.0,6200.0,3400.0,2000.0,700.0,100.0
all_households,fourth_quintile,2012,100900.0,94600.0,65000.0,2000.0,5500.0,4900.0,100.0,700.0,2900.0,500.0,200.0,500.0,500.0,900.0,500.0,10600.0,6300.0,3500.0,2000.0,600.0,100.0
all_households,fourth_quintile,2013,103400.0,96900.0,66200.0,2100.0,5400.0,5000.0,100.0,800.0,2900.0,700.0,200.0,400.0,600.0,900.0,700.0,11100.0,6500.0,3700.0,2200.0,500.0,100.0
all_households,fourth_quintile,2014,105600.0,98800.0,67400.0,2100.0,5300.0,5100.0,100.0,900.0,3100.0,1000.0,200.0,300.0,600.0,900.0,700.0,11200.0,6800.0,4100.0,2300.0,300.0,100.0
all_households,fourth_quintile,2015,108900.0,102200.0,69800.0,2300.0,5600.0,5300.0,100.0,800.0,3200.0,900.0,200.0,400.0,600.0,900.0,600.0,11600.0,6800.0,4100.0,2400.0,300.0,100.0
all_households,highest_quintile,1979,146000.0,143800.0,90000.0,0.0,3200.0,3800.0,200.0,1200.0,10500.0,10600.0,800.0,7000.0,1700.0,4800.0,6000.0,3900.0,2200.0,1500.0,400.0,200.0,100.0
all_households,highest_quintile,1980,142100.0,139600.0,88900.0,0.0,2800.0,3800.0,200.0,900.0,8600.0,9500.0,700.0,8700.0,1800.0,4900.0,4700.0,4100.0,2500.0,1700.0,500.0,300.0,100.0
all_households,highest_quintile,1981,141800.0,139100.0,88500.0,0.0,2900.0,4200.0,200.0,800.0,7000.0,9000.0,800.0,10800.0,1900.0,5100.0,3700.0,4200.0,2700.0,1800.0,600.0,200.0,100.0
all_households,highest_quintile,1982,142800.0,139800.0,89900.0,0.0,3200.0,4400.0,200.0,500.0,6500.0,9500.0,1100.0,10500.0,2000.0,5200.0,2200.0,4600.0,3000.0,2000.0,600.0,300.0,100.0
all_households,highest_quintile,1983,148300.0,145300.0,91300.0,0.0,3400.0,4600.0,200.0,600.0,7400.0,12600.0,1400.0,9400.0,1900.0,4600.0,2900.0,4900.0,3000.0,2000.0,700.0,200.0,100.0
all_households,highest_quintile,1984,160700.0,157400.0,96400.0,600.0,3300.0,5000.0,200.0,800.0,9900.0,13800.0,1700.0,10500.0,1900.0,4300.0,3500.0,5500.0,3300.0,2300.0,700.0,200.0,100.0
all_households,highest_quintile,1985,162400.0,159200.0,96500.0,1000.0,3500.0,5100.0,200.0,700.0,8800.0,16300.0,1900.0,10100.0,1800.0,4500.0,3300.0,5600.0,3200.0,2200.0,700.0,200.0,100.0
all_households,highest_quintile,1986,182300.0,179100.0,99800.0,1100.0,3500.0,5400.0,200.0,800.0,9800.0,31300.0,2400.0,8800.0,1700.0,5000.0,3800.0,5500.0,3200.0,2100.0,800.0,200.0,100.0
all_households,highest_quintile,1987,171900.0,169100.0,104400.0,1300.0,4100.0,5600.0,200.0,1000.0,11700.0,12200.0,2800.0,9000.0,1700.0,4800.0,4500.0,6000.0,2800.0,1800.0,700.0,200.0,100.0
all_households,highest_quintile,1988,183900.0,181000.0,107900.0,1500.0,4400.0,5900.0,200.0,1100.0,15100.0,13300.0,2800.0,9600.0,1700.0,5400.0,4700.0,7600.0,2900.0,1900.0,700.0,200.0,100.0
all_households,highest_quintile,1989,183500.0,180600.0,106700.0,1700.0,4500.0,5900.0,200.0,1000.0,15000.0,11800.0,3100.0,11200.0,1800.0,5400.0,4600.0,7800.0,3000.0,2000.0,700.0,200.0,100.0
all_households,highest_quintile,1990,179200.0,176000.0,106300.0,1700.0,4500.0,6000.0,100.0,900.0,14900.0,8700.0,3100.0,10800.0,1900.0,5000.0,4300.0,7900.0,3100.0,2000.0,800.0,200.0,100.0
all_households,highest_quintile,1991,173200.0,170100.0,105000.0,1700.0,4500.0,6100.0,100.0,900.0,14100.0,7300.0,3100.0,9200.0,1800.0,4500.0,3700.0,8100.0,3100.0,2000.0,800.0,300.0,100.0
all_households,highest_quintile,1992,180200.0,177000.0,109400.0,2100.0,5100.0,6300.0,100.0,1000.0,15600.0,8100.0,3200.0,6800.0,1900.0,4400.0,4300.0,8600.0,3200.0,2000.0,800.0,300.0,100.0
all_households,highest_quintile,1993,180600.0,177200.0,108500.0,2200.0,5700.0,6300.0,100.0,1100.0,15400.0,9500.0,3100.0,5500.0,2100.0,4300.0,5100.0,8300.0,3300.0,2100.0,900.0,300.0,100.0
all_households,highest_quintile,1994,184500.0,181000.0,109600.0,2500.0,6200.0,6600.0,100.0,1200.0,16700.0,9200.0,3100.0,5200.0,2100.0,4300.0,5500.0,8900.0,3500.0,2200.0,900.0,200.0,100.0
all_households,highest_quintile,1995,193900.0,190400.0,113300.0,2900.0,6100.0,6800.0,100.0,1400.0,17000.0,10800.0,3000.0,6300.0,2200.0,4900.0,6200.0,9300.0,3500.0,2200.0,1100.0,200.0,100.0
all_households,highest_quintile,1996,205100.0,201200.0,115800.0,3400.0,5900.0,6900.0,100.0,1400.0,18100.0,15600.0,2900.0,6600.0,2200.0,5300.0,6600.0,10300.0,3900.0,2500.0,1200.0,200.0,100.0
all_households,highest_quintile,1997,218200.0,214200.0,120600.0,3400.0,5300.0,7100.0,100.0,1500.0,19100.0,21300.0,2900.0,6600.0,2300.0,6000.0,7000.0,11000.0,4000.0,2500.0,1300.0,200.0,100.0
all_households,highest_quintile,1998,232900.0,228900.0,127000.0,3700.0,5200.0,7400.0,100.0,1400.0,20800.0,26400.0,2900.0,6800.0,2200.0,5800.0,6800.0,12300.0,4000.0,2600.0,1200.0,200.0,100.0
all_households,highest_quintile,1999,247500.0,243600.0,133200.0,4100.0,5200.0,7700.0,100.0,1500.0,22000.0,31400.0,3000.0,6600.0,2300.0,6300.0,7000.0,13200.0,3900.0,2500.0,1100.0,200.0,100.0
all_households,highest_quintile,2000,259900.0,255700.0,139500.0,4300.0,5300.0,8000.0,100.0,1500.0,21800.0,34600.0,3000.0,7400.0,2500.0,6800.0,7000.0,14100.0,4200.0,2700.0,1200.0,200.0,100.0
all_households,highest_quintile,2001,236600.0,232800.0,138600.0,4400.0,5700.0,8200.0,100.0,1000.0,21900.0,18000.0,2900.0,6800.0,2400.0,5000.0,4700.0,12900.0,3900.0,2400.0,1100.0,200.0,100.0
all_households,highest_quintile,2002,225100.0,221200.0,134500.0,4900.0,6400.0,8000.0,100.0,900.0,22500.0,12900.0,2700.0,4900.0,2300.0,4100.0,4200.0,12800.0,3900.0,2300.0,1100.0,400.0,100.0
all_households,highest_quintile,2003,232900.0,228900.0,134600.0,6200.0,7200.0,8100.0,100.0,1300.0,23100.0,15900.0,2600.0,4200.0,2300.0,4700.0,6000.0,12500.0,4000.0,2400.0,1200.0,400.0,100.0
all_households,highest_quintile,2004,253400.0,249300.0,137900.0,6500.0,7900.0,8200.0,100.0,1600.0,25900.0,24500.0,2400.0,4300.0,2500.0,6200.0,7900.0,13300.0,4100.0,2500.0,1300.0,300.0,100.0
all_households,highest_quintile,2005,274900.0,270300.0,138500.0,6800.0,8100.0,8100.0,100.0,2100.0,30400.0,33100.0,2700.0,5800.0,2700.0,6900.0,10600.0,14400.0,4600.0,2900.0,1400.0,200.0,100.0
all_households,highest_quintile,2006,287300.0,282400.0,140900.0,7000.0,7900.0,8200.0,100.0,2300.0,30600.0,36800.0,3300.0,7700.0,2700.0,8100.0,11600.0,15000.0,4900.0,3000.0,1700.0,200.0,100.0
all_households,highest_quintile,2007,298600.0,293300.0,145700.0,7200.0,7500.0,8400.0,100.0,2000.0,30000.0,41500.0,3500.0,9000.0,2700.0,9500.0,10100.0,16100.0,5300.0,3200.0,1800.0,200.0,100.0
all_households,highest_quintile,2008,270400.0,265700.0,146900.0,7500.0,7800.0,8700.0,100.0,1200.0,29000.0,21300.0,3300.0,6800.0,3100.0,8200.0,6000.0,16000.0,4700.0,2800.0,1600.0,300.0,100.0
all_households,highest_quintile,2009,244600.0,239300.0,141500.0,7200.0,8000.0,8700.0,100.0,900.0,26700.0,10500.0,2900.0,4800.0,2500.0,5800.0,4400.0,15300.0,5200.0,2900.0,1600.0,700.0,
all_households,highest_quintile,2010,257700.0,252200.0,142600.0,7100.0,7800.0,8500.0,100.0,1300.0,27300.0,16300.0,3000.0,4200.0,2700.0,6700.0,6400.0,18200.0,5500.0,3000.0,1700.0,600.0,100.0
all_households,highest_quintile,2011,258700.0,253300.0,143900.0,7200.0,7800.0,8500.0,100.0,1300.0,27900.0,15900.0,2800.0,3600.0,2800.0,6600.0,6300.0,18600.0,5500.0,3200.0,1700.0,500.0,100.0
all_households,highest_quintile,2012,280400.0,274700.0,146600.0,7200.0,7500.0,8600.0,100.0,1600.0,31800.0,25800.0,2600.0,3500.0,3100.0,9200.0,7700.0,19300.0,5800.0,3400.0,1900.0,400.0,100.0
all_households,highest_quintile,2013,269800.0,263900.0,146300.0,7400.0,7400.0,8800.0,100.0,1700.0,30800.0,19200.0,2500.0,3100.0,3100.0,7200.0,8000.0,18300.0,5900.0,3500.0,2000.0,300.0,100.0
all_households,highest_quintile,2014,285100.0,279000.0,149500.0,7600.0,7300.0,8900.0,100.0,1800.0,32000.0,26600.0,2300.0,2900.0,3400.0,8600.0,8900.0,19200.0,6100.0,3800.0,2100.0,200.0,100.0
all_households,highest_quintile,2015,295300.0,289200.0,156300.0,8000.0,7400.0,9200.0,100.0,1800.0,34200.0,27100.0,2200.0,2900.0,3000.0,8700.0,8600.0,19700.0,6100.0,3700.0,2200.0,200.0,
all_households,percentiles_81_90,1979,100000.0,98100.0,75300.0,0.0,3200.0,3800.0,200.0,1000.0,3900.0,1400.0,100.0,3300.0,500.0,1000.0,1500.0,2900.0,1900.0,1200.0,300.0,200.0,100.0
all_households,percentiles_81_90,1980,97700.0,95500.0,73100.0,0.0,2700.0,3800.0,200.0,800.0,3300.0,1300.0,100.0,4300.0,600.0,1000.0,1300.0,3100.0,2200.0,1400.0,400.0,400.0,100.0
all_households,percentiles_81_90,1981,97900.0,95500.0,72900.0,0.0,2800.0,4100.0,200.0,600.0,2700.0,900.0,100.0,5100.0,600.0,1200.0,1000.0,3200.0,2400.0,1500.0,400.0,300.0,100.0
all_households,percentiles_81_90,1982,97600.0,94900.0,72500.0,0.0,3100.0,4200.0,200.0,400.0,2300.0,900.0,100.0,5400.0,700.0,1300.0,600.0,3200.0,2700.0,1700.0,500.0,400.0,100.0
all_households,percentiles_81_90,1983,98900.0,96200.0,73100.0,0.0,3200.0,4300.0,200.0,500.0,2500.0,1200.0,200.0,5000.0,600.0,1100.0,800.0,3500.0,2600.0,1700.0,600.0,300.0,100.0
all_households,percentiles_81_90,1984,105500.0,102600.0,76600.0,500.0,3200.0,4700.0,200.0,600.0,3500.0,1200.0,200.0,5400.0,500.0,1100.0,900.0,3900.0,3000.0,2000.0,600.0,200.0,100.0
all_households,percentiles_81_90,1985,104500.0,101700.0,76100.0,800.0,3300.0,4800.0,200.0,600.0,2800.0,1400.0,200.0,4900.0,600.0,1200.0,800.0,4000.0,2800.0,1800.0,600.0,200.0,100.0
all_households,percentiles_81_90,1986,109700.0,107000.0,79800.0,1000.0,3400.0,5200.0,200.0,600.0,3500.0,2400.0,200.0,4300.0,400.0,1200.0,800.0,4000.0,2700.0,1700.0,600.0,300.0,100.0
all_households,percentiles_81_90,1987,110400.0,108000.0,80200.0,1100.0,3800.0,5200.0,200.0,800.0,3600.0,1400.0,400.0,3900.0,400.0,1400.0,1100.0,4500.0,2400.0,1500.0,500.0,200.0,100.0
all_households,percentiles_81_90,1988,111800.0,109300.0,80300.0,1300.0,4000.0,5400.0,200.0,800.0,3700.0,1100.0,500.0,3900.0,400.0,1400.0,1100.0,5100.0,2600.0,1700.0,600.0,200.0,100.0
all_households,percentiles_81_90,1989,113500.0,110900.0,80000.0,1400.0,4100.0,5400.0,200.0,800.0,4000.0,1300.0,500.0,4700.0,600.0,1400.0,1200.0,5500.0,2600.0,1600.0,600.0,200.0,100.0
all_households,percentiles_81_90,1990,112000.0,109300.0,79500.0,1400.0,4200.0,5600.0,100.0,700.0,3500.0,900.0,500.0,4500.0,600.0,1300.0,1100.0,5500.0,2800.0,1700.0,700.0,300.0,100.0
all_households,percentiles_81_90,1991,110600.0,107700.0,78300.0,1400.0,4100.0,5500.0,100.0,700.0,3700.0,900.0,500.0,3700.0,600.0,1200.0,1000.0,5900.0,2900.0,1700.0,700.0,300.0,100.0
all_households,percentiles_81_90,1992,111500.0,108600.0,79000.0,1800.0,4600.0,5600.0,100.0,700.0,3600.0,1100.0,600.0,2700.0,500.0,1200.0,1000.0,6200.0,2900.0,1700.0,700.0,400.0,200.0
all_households,percentiles_81_90,1993,113100.0,110100.0,79700.0,1900.0,5300.0,5600.0,100.0,900.0,3600.0,1100.0,600.0,2100.0,600.0,1300.0,1200.0,6100.0,3000.0,1800.0,800.0,300.0,100.0
all_households,percentiles_81_90,1994,115400.0,112400.0,81300.0,2100.0,5600.0,5800.0,100.0,900.0,3700.0,1100.0,500.0,1900.0,600.0,1200.0,1200.0,6300.0,3100.0,1900.0,800.0,300.0,100.0
all_households,percentiles_81_90,1995,118800.0,115700.0,82200.0,2500.0,5600.0,6000.0,100.0,1000.0,3700.0,1300.0,600.0,2400.0,700.0,1400.0,1400.0,6800.0,3100.0,1900.0,900.0,200.0,100.0
all_households,percentiles_81_90,1996,121400.0,117800.0,82700.0,3000.0,5300.0,6000.0,100.0,1100.0,3900.0,1600.0,500.0,2600.0,700.0,1500.0,1500.0,7200.0,3600.0,2200.0,1000.0,200.0,100.0
all_households,percentiles_81_90,1997,124400.0,121100.0,85200.0,3000.0,4800.0,6200.0,100.0,1100.0,4200.0,2400.0,500.0,2400.0,600.0,1600.0,1400.0,7400.0,3200.0,1900.0,1000.0,200.0,100.0
all_households,percentiles_81_90,1998,129400.0,126000.0,88500.0,3300.0,4700.0,6500.0,100.0,1000.0,4400.0,2600.0,400.0,2600.0,600.0,1500.0,1300.0,8500.0,3400.0,2100.0,1000.0,200.0,100.0
all_households,percentiles_81_90,1999,134300.0,130900.0,91400.0,3700.0,4700.0,6700.0,100.0,1000.0,4600.0,3300.0,400.0,2400.0,600.0,1700.0,1400.0,8900.0,3400.0,2200.0,1000.0,200.0,100.0
all_households,percentiles_81_90,2000,137400.0,133900.0,92700.0,3900.0,4800.0,6800.0,100.0,1000.0,4600.0,3400.0,400.0,2600.0,800.0,1800.0,1400.0,9700.0,3500.0,2200.0,1000.0,200.0,100.0
all_households,percentiles_81_90,2001,135500.0,132100.0,94300.0,4000.0,5200.0,7000.0,100.0,700.0,4500.0,1200.0,400.0,2600.0,700.0,1300.0,900.0,9200.0,3400.0,2100.0,1000.0,300.0,100.0
all_households,percentiles_81_90,2002,133500.0,129900.0,93300.0,3600.0,5700.0,6800.0,100.0,600.0,4200.0,800.0,500.0,1800.0,700.0,1200.0,800.0,9700.0,3600.0,2100.0,1000.0,500.0,100.0
all_households,percentiles_81_90,2003,135600.0,132000.0,93600.0,4200.0,6400.0,6900.0,100.0,900.0,4600.0,1000.0,500.0,1400.0,700.0,1200.0,900.0,9600.0,3600.0,2100.0,1000.0,500.0,100.0
all_households,percentiles_81_90,2004,140200.0,136400.0,94800.0,4400.0,7300.0,6900.0,100.0,1100.0,4600.0,1600.0,400.0,1300.0,800.0,1400.0,1200.0,10400.0,3800.0,2200.0,1100.0,300.0,100.0
all_households,percentiles_81_90,2005,143000.0,138900.0,94100.0,4600.0,7500.0,6900.0,100.0,1500.0,5300.0,2200.0,400.0,1600.0,800.0,1500.0,1500.0,10800.0,4100.0,2400.0,1200.0,300.0,100.0
all_households,percentiles_81_90,2006,146900.0,142500.0,95900.0,4800.0,7400.0,7000.0,100.0,1600.0,5200.0,2600.0,500.0,2200.0,800.0,1700.0,1700.0,11100.0,4400.0,2600.0,1400.0,200.0,100.0
all_households,percentiles_81_90,2007,149800.0,145200.0,97700.0,4900.0,7000.0,7200.0,100.0,1400.0,5100.0,3100.0,400.0,2400.0,800.0,1900.0,1500.0,11700.0,4600.0,2800.0,1600.0,200.0,100.0
all_households,percentiles_81_90,2008,146700.0,142400.0,98500.0,5000.0,7200.0,7300.0,100.0,800.0,4600.0,1000.0,600.0,1900.0,800.0,1800.0,800.0,12000.0,4300.0,2500.0,1400.0,300.0,100.0
all_households,percentiles_81_90,2009,143000.0,138000.0,96800.0,4500.0,7300.0,7200.0,100.0,700.0,4200.0,500.0,500.0,1500.0,800.0,1300.0,700.0,11900.0,5000.0,2700.0,1500.0,700.0,
all_households,percentiles_81_90,2010,143900.0,138500.0,95400.0,4400.0,7100.0,7000.0,100.0,900.0,4600.0,700.0,600.0,1100.0,900.0,1500.0,900.0,13300.0,5300.0,2900.0,1700.0,700.0,100.0
all_households,percentiles_81_90,2011,144800.0,139500.0,95600.0,4500.0,7100.0,7000.0,100.0,900.0,5000.0,800.0,500.0,900.0,900.0,1600.0,900.0,13600.0,5300.0,3000.0,1700.0,500.0,100.0
all_households,percentiles_81_90,2012,146400.0,140800.0,96100.0,4800.0,7000.0,7100.0,100.0,1100.0,5100.0,1100.0,400.0,700.0,1000.0,1600.0,900.0,14000.0,5600.0,3200.0,1800.0,400.0,100.0
all_households,percentiles_81_90,2013,148600.0,142900.0,97000.0,4700.0,6900.0,7200.0,100.0,1100.0,5400.0,1700.0,400.0,700.0,900.0,1600.0,1200.0,13900.0,5700.0,3300.0,1900.0,400.0,100.0
all_households,percentiles_81_90,2014,152000.0,146400.0,98900.0,4900.0,6800.0,7400.0,100.0,1300.0,5600.0,2100.0,400.0,600.0,900.0,1800.0,1300.0,14300.0,5700.0,3400.0,1900.0,200.0,100.0
all_households,percentiles_81_90,2015,157800.0,152200.0,103300.0,5200.0,7000.0,7700.0,100.0,1200.0,5900.0,2100.0,400.0,600.0,1000.0,1600.0,1200.0,15000.0,5700.0,3300.0,2000.0,200.0,
all_households,percentiles_91_95,1979,123200.0,121300.0,89100.0,0.0,3400.0,4200.0,200.0,1200.0,6600.0,2800.0,200.0,5000.0,800.0,1900.0,2600.0,3300.0,1900.0,1300.0,300.0,200.0,100.0
all_households,percentiles_91_95,1980,121400.0,119200.0,87400.0,0.0,2900.0,4200.0,200.0,900.0,5400.0,2800.0,100.0,6400.0,900.0,1900.0,2200.0,3700.0,2200.0,1400.0,400.0,200.0,100.0
all_households,percentiles_91_95,1981,121100.0,118700.0,86700.0,0.0,3100.0,4600.0,200.0,700.0,4600.0,2000.0,200.0,7900.0,900.0,2400.0,1700.0,3900.0,2300.0,1600.0,500.0,200.0,100.0
all_households,percentiles_91_95,1982,120400.0,117900.0,88200.0,0.0,3300.0,4800.0,200.0,500.0,3700.0,1500.0,300.0,7200.0,900.0,2300.0,900.0,4100.0,2600.0,1700.0,500.0,200.0,100.0
all_households,percentiles_91_95,1983,123600.0,121000.0,89000.0,0.0,3500.0,4900.0,200.0,600.0,4300.0,2600.0,400.0,7000.0,1000.0,2000.0,1300.0,4400.0,2600.0,1700.0,600.0,200.0,100.0
all_households,percentiles_91_95,1984,133400.0,130400.0,93400.0,800.0,3400.0,5400.0,200.0,800.0,6100.0,2700.0,400.0,7900.0,900.0,2000.0,1500.0,5000.0,3000.0,2000.0,700.0,200.0,100.0
all_households,percentiles_91_95,1985,132700.0,130000.0,93900.0,1100.0,3600.0,5600.0,200.0,700.0,4800.0,3200.0,500.0,7200.0,800.0,2000.0,1300.0,5200.0,2700.0,1900.0,600.0,200.0,
all_households,percentiles_91_95,1986,138500.0,135600.0,96100.0,1300.0,3500.0,5800.0,200.0,800.0,5900.0,5400.0,500.0,6200.0,900.0,2200.0,1400.0,5300.0,2900.0,1900.0,700.0,200.0,100.0
all_households,percentiles_91_95,1987,142000.0,139400.0,100000.0,1400.0,4200.0,6000.0,200.0,1000.0,5600.0,3000.0,800.0,6100.0,800.0,2400.0,2000.0,5900.0,2500.0,1700.0,600.0,200.0,100.0
all_households,percentiles_91_95,1988,143500.0,141100.0,100500.0,1700.0,4600.0,6400.0,200.0,1000.0,6500.0,2200.0,800.0,5700.0,800.0,2400.0,1800.0,6600.0,2400.0,1600.0,600.0,200.0,100.0
all_households,percentiles_91_95,1989,146900.0,144100.0,100500.0,1900.0,4600.0,6400.0,200.0,1000.0,7100.0,2800.0,1100.0,6700.0,800.0,2500.0,1900.0,6700.0,2700.0,1800.0,700.0,100.0,100.0
all_households,percentiles_91_95,1990,143700.0,140700.0,97900.0,1800.0,4600.0,6400.0,100.0,900.0,7000.0,1800.0,1100.0,6700.0,1000.0,2500.0,1800.0,7000.0,2900.0,1800.0,700.0,200.0,200.0
all_households,percentiles_91_95,1991,142300.0,139400.0,98300.0,1900.0,4700.0,6600.0,100.0,800.0,6700.0,1700.0,1100.0,5800.0,900.0,2300.0,1600.0,6900.0,2800.0,1800.0,700.0,200.0,100.0
all_households,percentiles_91_95,1992,144000.0,141200.0,99000.0,2400.0,5300.0,6600.0,100.0,900.0,6600.0,1900.0,1300.0,4400.0,900.0,2200.0,1800.0,7700.0,2800.0,1700.0,700.0,300.0,100.0
all_households,percentiles_91_95,1993,145800.0,142700.0,99400.0,2500.0,5800.0,6700.0,100.0,1100.0,7200.0,2600.0,1100.0,3200.0,1200.0,2300.0,2100.0,7400.0,3100.0,1800.0,800.0,300.0,100.0
all_households,percentiles_91_95,1994,148100.0,144700.0,100600.0,2700.0,6300.0,6800.0,100.0,1100.0,7300.0,2100.0,1200.0,3100.0,1000.0,2200.0,2100.0,8100.0,3400.0,2200.0,900.0,200.0,100.0
all_households,percentiles_91_95,1995,153100.0,149700.0,102500.0,3300.0,6000.0,7100.0,100.0,1200.0,7300.0,2400.0,1200.0,3700.0,1300.0,2500.0,2500.0,8500.0,3400.0,2100.0,1000.0,200.0,100.0
all_households,percentiles_91_95,1996,159200.0,155500.0,105400.0,3800.0,5900.0,7200.0,100.0,1300.0,7500.0,3400.0,1000.0,4100.0,1200.0,2600.0,2600.0,9400.0,3700.0,2200.0,1100.0,200.0,100.0
all_households,percentiles_91_95,1997,164900.0,160900.0,107500.0,3800.0,5300.0,7300.0,100.0,1400.0,7700.0,4900.0,1100.0,4200.0,1300.0,3300.0,2800.0,10300.0,4000.0,2500.0,1300.0,100.0,100.0
all_households,percentiles_91_95,1998,172000.0,168100.0,112100.0,4200.0,5200.0,7600.0,100.0,1300.0,8700.0,5800.0,1000.0,4000.0,1300.0,3000.0,2500.0,11200.0,3900.0,2500.0,1200.0,100.0,100.0
all_households,percentiles_91_95,1999,178700.0,175000.0,116100.0,4700.0,5200.0,7900.0,100.0,1300.0,8800.0,7400.0,1100.0,3600.0,1100.0,3200.0,2500.0,12000.0,3700.0,2400.0,1100.0,200.0,100.0
all_households,percentiles_91_95,2000,184300.0,180100.0,118400.0,4700.0,5300.0,8000.0,100.0,1300.0,9300.0,7500.0,1000.0,4300.0,1400.0,3500.0,2500.0,12800.0,4200.0,2800.0,1200.0,200.0,100.0
all_households,percentiles_91_95,2001,179200.0,175700.0,122200.0,5000.0,5700.0,8500.0,100.0,900.0,8500.0,2900.0,1100.0,3800.0,1300.0,2500.0,1600.0,11800.0,3500.0,2200.0,1000.0,200.0,100.0
all_households,percentiles_91_95,2002,175700.0,172200.0,120500.0,5500.0,6500.0,8300.0,100.0,800.0,8700.0,2300.0,1000.0,2800.0,1300.0,2000.0,1400.0,11100.0,3500.0,2000.0,900.0,400.0,100.0
all_households,percentiles_91_95,2003,179000.0,175200.0,120900.0,6800.0,7200.0,8500.0,100.0,1200.0,9000.0,2400.0,800.0,2000.0,1100.0,1900.0,1700.0,11600.0,3800.0,2400.0,1100.0,300.0,
all_households,percentiles_91_95,2004,186200.0,182700.0,123100.0,7400.0,8100.0,8600.0,100.0,1500.0,9800.0,4000.0,700.0,2000.0,1300.0,2300.0,2100.0,11800.0,3600.0,2200.0,1100.0,200.0,
all_households,percentiles_91_95,2005,193600.0,189200.0,123200.0,7800.0,8400.0,8600.0,100.0,1900.0,10200.0,5600.0,800.0,2600.0,1300.0,2600.0,2900.0,13200.0,4400.0,2700.0,1300.0,200.0,100.0
all_households,percentiles_91_95,2006,198300.0,193600.0,123600.0,7800.0,8200.0,8600.0,100.0,2100.0,10600.0,6200.0,1100.0,3500.0,1300.0,3200.0,3300.0,14000.0,4700.0,2800.0,1500.0,200.0,100.0
all_households,percentiles_91_95,2007,203700.0,198600.0,125900.0,8200.0,7700.0,8800.0,100.0,1800.0,10900.0,6800.0,1000.0,4300.0,1400.0,3700.0,2900.0,15300.0,5000.0,3000.0,1700.0,200.0,100.0
all_households,percentiles_91_95,2008,196900.0,192300.0,128900.0,8200.0,8000.0,9000.0,100.0,1100.0,9500.0,2300.0,1100.0,3300.0,1600.0,3000.0,1500.0,14700.0,4600.0,2700.0,1600.0,300.0,100.0
all_households,percentiles_91_95,2009,191100.0,185900.0,126500.0,7700.0,8300.0,9000.0,100.0,900.0,8900.0,1400.0,1000.0,2300.0,1400.0,2200.0,1200.0,15100.0,5200.0,2800.0,1600.0,700.0,100.0
all_households,percentiles_91_95,2010,194200.0,189000.0,126200.0,7700.0,8100.0,8900.0,100.0,1200.0,9600.0,1800.0,1000.0,1800.0,1500.0,2300.0,1500.0,17400.0,5200.0,2900.0,1700.0,600.0,100.0
all_households,percentiles_91_95,2011,195600.0,190400.0,126900.0,7800.0,8100.0,8900.0,100.0,1200.0,10000.0,1900.0,1000.0,1300.0,1600.0,2500.0,1500.0,17500.0,5200.0,3000.0,1600.0,500.0,100.0
all_households,percentiles_91_95,2012,198600.0,193100.0,127900.0,7800.0,7700.0,9000.0,100.0,1400.0,10400.0,2800.0,1000.0,1300.0,1700.0,3100.0,1700.0,17200.0,5500.0,3200.0,1800.0,400.0,100.0
all_households,percentiles_91_95,2013,204400.0,199200.0,131200.0,8300.0,7800.0,9300.0,100.0,1500.0,10900.0,3700.0,900.0,1000.0,1700.0,2900.0,2300.0,17600.0,5200.0,3100.0,1800.0,300.0,100.0
all_households,percentiles_91_95,2014,208500.0,202500.0,131500.0,8300.0,7600.0,9300.0,100.0,1700.0,11100.0,5000.0,800.0,1000.0,1700.0,3300.0,2600.0,18400.0,6000.0,3700.0,2000.0,200.0,100.0
all_households,percentiles_91_95,2015,215200.0,209400.0,136100.0,8900.0,7700.0,9600.0,100.0,1600.0,11800.0,4900.0,900.0,1100.0,1800.0,3600.0,2500.0,18800.0,5900.0,3600.0,2100.0,200.0,
all_households,percentiles_96_99,1979,178700.0,175900.0,103800.0,0.0,3300.0,3700.0,200.0,1300.0,18700.0,11100.0,800.0,11000.0,2700.0,6000.0,7600.0,5700.0,2800.0,2000.0,600.0,100.0,100.0
all_households,percentiles_96_99,1980,172200.0,169100.0,103300.0,0.0,2900.0,3800.0,200.0,1100.0,14400.0,9000.0,800.0,13400.0,2500.0,6300.0,5900.0,5600.0,3100.0,2200.0,700.0,200.0,100.0
all_households,percentiles_96_99,1981,171000.0,167700.0,102500.0,0.0,2900.0,4200.0,100.0,900.0,12200.0,8000.0,800.0,16800.0,2500.0,6900.0,4600.0,5300.0,3300.0,2300.0,800.0,100.0,100.0
all_households,percentiles_96_99,1982,171300.0,167600.0,106800.0,0.0,3300.0,4700.0,100.0,600.0,10800.0,6400.0,900.0,15800.0,2500.0,6900.0,2500.0,6400.0,3700.0,2600.0,900.0,200.0,100.0
all_households,percentiles_96_99,1983,177600.0,173900.0,108700.0,0.0,3600.0,4900.0,200.0,800.0,11800.0,10500.0,1200.0,13800.0,2400.0,5800.0,3300.0,6800.0,3700.0,2600.0,900.0,200.0,100.0
all_households,percentiles_96_99,1984,192400.0,188700.0,115800.0,800.0,3400.0,5300.0,200.0,900.0,16200.0,10500.0,1300.0,14400.0,2700.0,5700.0,3800.0,7500.0,3700.0,2600.0,800.0,200.0,100.0
all_households,percentiles_96_99,1985,194000.0,190200.0,117500.0,1200.0,3700.0,5600.0,200.0,900.0,13400.0,13500.0,1600.0,14100.0,2500.0,5500.0,3600.0,6900.0,3800.0,2600.0,1000.0,100.0,100.0
all_households,percentiles_96_99,1986,212800.0,208900.0,122600.0,1300.0,3900.0,5800.0,200.0,1000.0,15800.0,23200.0,2400.0,12200.0,2500.0,6100.0,3900.0,8100.0,3900.0,2700.0,1000.0,100.0,100.0
all_households,percentiles_96_99,1987,209000.0,205400.0,124600.0,1600.0,4500.0,6000.0,200.0,1200.0,17500.0,12100.0,3500.0,12000.0,2600.0,6700.0,5400.0,7600.0,3600.0,2400.0,1000.0,100.0,100.0
all_households,percentiles_96_99,1988,216100.0,212600.0,126800.0,1700.0,4800.0,6300.0,200.0,1200.0,20400.0,10300.0,3800.0,13100.0,2600.0,6700.0,5300.0,9300.0,3500.0,2400.0,900.0,100.0,100.0
all_households,percentiles_96_99,1989,220100.0,216500.0,128700.0,2000.0,5000.0,6400.0,100.0,1200.0,19500.0,9600.0,4100.0,14500.0,2700.0,7100.0,5200.0,10400.0,3700.0,2500.0,900.0,100.0,100.0
all_households,percentiles_96_99,1990,214600.0,211000.0,128100.0,2100.0,5000.0,6600.0,100.0,1100.0,20000.0,6900.0,4000.0,14000.0,2400.0,6100.0,4700.0,9800.0,3600.0,2400.0,1000.0,100.0,100.0
all_households,percentiles_96_99,1991,210100.0,206700.0,127300.0,2100.0,5100.0,6900.0,100.0,1000.0,19900.0,6400.0,3800.0,11700.0,2600.0,5500.0,4200.0,10100.0,3400.0,2200.0,900.0,200.0,100.0
all_households,percentiles_96_99,1992,218500.0,214900.0,132600.0,2600.0,5800.0,7400.0,100.0,1200.0,21600.0,7100.0,4400.0,8300.0,2900.0,5400.0,4800.0,10700.0,3700.0,2400.0,1000.0,200.0,100.0
all_households,percentiles_96_99,1993,219700.0,215900.0,132800.0,2900.0,6300.0,7300.0,100.0,1400.0,21700.0,8100.0,4000.0,6800.0,3000.0,5400.0,5500.0,10600.0,3800.0,2400.0,1100.0,200.0,100.0
all_households,percentiles_96_99,1994,224900.0,220900.0,135600.0,3000.0,7100.0,7500.0,100.0,1500.0,23000.0,7300.0,3900.0,6000.0,2900.0,5100.0,5700.0,11900.0,4100.0,2600.0,1100.0,200.0,200.0
all_households,percentiles_96_99,1995,236800.0,232600.0,141200.0,3600.0,6700.0,7800.0,100.0,1700.0,23300.0,9100.0,3600.0,7600.0,3500.0,6000.0,6700.0,11800.0,4200.0,2700.0,1300.0,100.0,100.0
all_households,percentiles_96_99,1996,245900.0,241500.0,142500.0,4000.0,6500.0,7800.0,100.0,1700.0,25200.0,11900.0,3600.0,8000.0,3200.0,6700.0,6900.0,13400.0,4400.0,2800.0,1400.0,100.0,
all_households,percentiles_96_99,1997,262500.0,257400.0,149600.0,3900.0,5900.0,8000.0,100.0,1800.0,25900.0,17100.0,3600.0,8100.0,3300.0,8100.0,7400.0,14600.0,5200.0,3300.0,1600.0,100.0,100.0
all_households,percentiles_96_99,1998,278600.0,273600.0,157900.0,4200.0,5800.0,8300.0,100.0,1700.0,29700.0,20100.0,3600.0,8200.0,3300.0,7700.0,6900.0,16100.0,5100.0,3300.0,1500.0,100.0,
all_households,percentiles_96_99,1999,291500.0,286700.0,161600.0,4500.0,5900.0,8700.0,100.0,1800.0,30900.0,24900.0,3700.0,8000.0,3600.0,8000.0,7200.0,17900.0,4700.0,3200.0,1400.0,100.0,100.0
all_households,percentiles_96_99,2000,299900.0,294700.0,169500.0,4700.0,6000.0,9100.0,100.0,1800.0,29200.0,24300.0,3500.0,8700.0,3700.0,8600.0,6800.0,18700.0,5300.0,3500.0,1500.0,100.0,200.0
all_households,percentiles_96_99,2001,282400.0,277700.0,172400.0,4800.0,6600.0,9400.0,100.0,1300.0,29200.0,12000.0,3300.0,7800.0,3500.0,6000.0,4400.0,16900.0,4700.0,3100.0,1400.0,200.0,100.0
all_households,percentiles_96_99,2002,271800.0,267400.0,169500.0,7000.0,7200.0,9500.0,100.0,1100.0,28800.0,8200.0,2900.0,5200.0,3100.0,4800.0,3700.0,16300.0,4400.0,2800.0,1200.0,300.0,
all_households,percentiles_96_99,2003,281100.0,276500.0,171200.0,9400.0,8300.0,9700.0,100.0,1600.0,29200.0,11000.0,2700.0,4500.0,3400.0,5100.0,5300.0,15000.0,4600.0,2900.0,1400.0,300.0,100.0
all_households,percentiles_96_99,2004,297600.0,292800.0,173300.0,9900.0,8800.0,9600.0,100.0,2000.0,32800.0,16300.0,2700.0,4400.0,3500.0,6500.0,6700.0,16300.0,4800.0,3000.0,1500.0,200.0,100.0
all_households,percentiles_96_99,2005,322100.0,316700.0,174900.0,10300.0,9100.0,9400.0,100.0,2700.0,38700.0,24100.0,2900.0,5900.0,3900.0,7500.0,9500.0,17800.0,5400.0,3500.0,1700.0,200.0,100.0
all_households,percentiles_96_99,2006,332700.0,326800.0,178600.0,10900.0,8500.0,9500.0,100.0,2900.0,38000.0,25200.0,3600.0,7800.0,3900.0,8900.0,10200.0,18500.0,5900.0,3700.0,2000.0,100.0,
all_households,percentiles_96_99,2007,343900.0,337400.0,184100.0,11200.0,8200.0,9700.0,100.0,2500.0,38200.0,26600.0,3900.0,9200.0,4000.0,10600.0,8800.0,20000.0,6400.0,4000.0,2200.0,100.0,100.0
all_households,percentiles_96_99,2008,317900.0,312900.0,187600.0,11800.0,8500.0,10200.0,100.0,1600.0,35300.0,10100.0,3500.0,7300.0,4400.0,8400.0,4600.0,19500.0,5000.0,2900.0,1800.0,200.0,
all_households,percentiles_96_99,2009,297800.0,292400.0,185200.0,11900.0,9000.0,10700.0,100.0,1200.0,30700.0,5400.0,3200.0,5100.0,3300.0,5700.0,3300.0,17800.0,5400.0,3000.0,1800.0,600.0,
all_households,percentiles_96_99,2010,308000.0,302500.0,187800.0,11700.0,8800.0,10500.0,100.0,1700.0,31500.0,7100.0,3300.0,4000.0,3800.0,6000.0,4400.0,21800.0,5500.0,3100.0,1800.0,500.0,
all_households,percentiles_96_99,2011,313200.0,307500.0,190900.0,11800.0,8700.0,10500.0,100.0,1700.0,32400.0,7400.0,3000.0,3400.0,4100.0,6600.0,4500.0,22300.0,5700.0,3400.0,1900.0,400.0,
all_households,percentiles_96_99,2012,329200.0,323400.0,194400.0,11600.0,8300.0,10500.0,100.0,2100.0,38400.0,11400.0,3100.0,3100.0,4400.0,7800.0,5200.0,22900.0,5700.0,3400.0,2100.0,300.0,
all_households,percentiles_96_99,2013,332600.0,326100.0,194300.0,11900.0,8300.0,10700.0,100.0,2200.0,38700.0,12800.0,3000.0,2800.0,4500.0,7900.0,7000.0,21900.0,6500.0,4000.0,2200.0,200.0,100.0
all_households,percentiles_96_99,2014,345400.0,338400.0,197000.0,12200.0,7900.0,10800.0,100.0,2400.0,39300.0,17400.0,2800.0,2600.0,4800.0,9500.0,7900.0,23700.0,6900.0,4400.0,2400.0,100.0,
all_households,percentiles_96_99,2015,358500.0,351800.0,208200.0,12900.0,8200.0,11100.0,100.0,2300.0,42300.0,16500.0,2700.0,2600.0,4300.0,9300.0,7200.0,24100.0,6700.0,4100.0,2500.0,100.0,
all_households,top_1_percent,1979,562200.0,557300.0,177000.0,0.0,2800.0,2300.0,100.0,2200.0,59600.0,134600.0,10000.0,35100.0,13900.0,50700.0,59000.0,9800.0,4900.0,3700.0,1100.0,100.0,
all_households,top_1_percent,1980,538900.0,533900.0,185800.0,0.0,2500.0,2600.0,100.0,1900.0,50200.0,120300.0,9500.0,41900.0,14700.0,50300.0,44100.0,9900.0,5000.0,3600.0,1200.0,100.0,100.0
all_households,top_1_percent,1981,536500.0,531300.0,186800.0,0.0,2900.0,3100.0,100.0,1500.0,38000.0,123600.0,11100.0,54200.0,17600.0,47000.0,35100.0,10300.0,5200.0,3700.0,1300.0,100.0,
all_households,top_1_percent,1982,565700.0,559800.0,194900.0,0.0,3100.0,4000.0,100.0,1000.0,43500.0,142000.0,14700.0,54400.0,17300.0,49900.0,22900.0,11900.0,5900.0,4300.0,1500.0,100.0,
all_households,top_1_percent,1983,619200.0,613100.0,205000.0,0.0,3300.0,4300.0,100.0,1400.0,51600.0,177800.0,19400.0,45900.0,16000.0,44700.0,30200.0,13400.0,6100.0,4300.0,1500.0,100.0,100.0
all_households,top_1_percent,1984,688700.0,682000.0,221800.0,600.0,3000.0,4400.0,100.0,1700.0,64500.0,199600.0,23900.0,55300.0,16200.0,39400.0,36900.0,14500.0,6700.0,4900.0,1700.0,100.0,100.0
all_households,top_1_percent,1985,733000.0,726300.0,218600.0,800.0,3300.0,4400.0,100.0,1500.0,67000.0,232700.0,27000.0,57700.0,16400.0,43500.0,35700.0,17600.0,6700.0,4700.0,1800.0,100.0,200.0
all_households,top_1_percent,1986,959900.0,953000.0,215700.0,900.0,3400.0,4500.0,100.0,1600.0,65000.0,462600.0,31100.0,50600.0,15100.0,49300.0,42400.0,10600.0,6900.0,4800.0,1800.0,100.0,200.0
all_households,top_1_percent,1987,769700.0,764200.0,279700.0,1100.0,4300.0,5400.0,100.0,2500.0,98900.0,162600.0,33800.0,59800.0,14100.0,41400.0,45200.0,15100.0,5500.0,3800.0,1500.0,100.0,100.0
all_households,top_1_percent,1988,961600.0,955800.0,338700.0,1300.0,5200.0,5700.0,100.0,3100.0,147300.0,200400.0,31100.0,71000.0,14400.0,54400.0,52800.0,30100.0,5800.0,4100.0,1500.0,,200.0
all_households,top_1_percent,1989,896800.0,891400.0,306100.0,1500.0,5400.0,5900.0,100.0,2700.0,142900.0,167200.0,33700.0,83500.0,15100.0,52500.0,48600.0,26200.0,5500.0,3900.0,1400.0,100.0,100.0
all_households,top_1_percent,1990,868300.0,862300.0,321800.0,1500.0,5300.0,6100.0,100.0,2700.0,145800.0,125900.0,33600.0,80800.0,16800.0,48900.0,45600.0,27500.0,6000.0,4300.0,1500.0,100.0,100.0
all_households,top_1_percent,1991,778200.0,772100.0,303700.0,1700.0,5300.0,5900.0,100.0,2300.0,127300.0,98900.0,35300.0,68100.0,15500.0,42500.0,39100.0,26400.0,6100.0,4300.0,1500.0,100.0,300.0
all_households,top_1_percent,1992,882300.0,876400.0,366000.0,2200.0,5600.0,7800.0,100.0,3000.0,155600.0,113700.0,33500.0,53700.0,17300.0,42400.0,47000.0,28400.0,5900.0,4100.0,1600.0,100.0,
all_households,top_1_percent,1993,845700.0,839800.0,332100.0,2200.0,6200.0,6300.0,100.0,3200.0,145100.0,129700.0,33500.0,44000.0,18300.0,38700.0,55500.0,24900.0,5900.0,4100.0,1700.0,100.0,100.0
all_households,top_1_percent,1994,873500.0,867400.0,323700.0,2500.0,7700.0,9000.0,100.0,3300.0,164000.0,132000.0,33400.0,43700.0,18000.0,40900.0,63300.0,25700.0,6200.0,4300.0,1700.0,100.0,100.0
all_households,top_1_percent,1995,970400.0,964300.0,360800.0,2700.0,8900.0,10200.0,100.0,4000.0,173100.0,155700.0,33700.0,52500.0,17500.0,47000.0,70300.0,27800.0,6100.0,3800.0,1800.0,100.0,400.0
all_households,top_1_percent,1996,1071000.0,1064700.0,377000.0,2900.0,8300.0,10400.0,100.0,4300.0,178900.0,224200.0,33300.0,52700.0,17900.0,48800.0,75000.0,30900.0,6400.0,4300.0,2000.0,100.0,
all_households,top_1_percent,1997,1240800.0,1233900.0,419400.0,2800.0,7300.0,11200.0,100.0,4800.0,198000.0,310500.0,32700.0,55400.0,19500.0,55100.0,82000.0,35000.0,6900.0,4700.0,2200.0,,100.0
all_households,top_1_percent,1998,1402000.0,1395500.0,464500.0,3000.0,7500.0,12000.0,100.0,4800.0,212500.0,399100.0,35000.0,58300.0,18700.0,55700.0,83500.0,40900.0,6500.0,4300.0,2100.0,100.0,
all_households,top_1_percent,1999,1534200.0,1527900.0,515700.0,3400.0,7300.0,13300.0,100.0,5300.0,224200.0,457800.0,35300.0,58000.0,19200.0,59600.0,84800.0,43800.0,6400.0,4200.0,1900.0,100.0,200.0
all_households,top_1_percent,2000,1687100.0,1680100.0,584000.0,3700.0,7900.0,14500.0,100.0,5700.0,225100.0,523300.0,35900.0,65300.0,19300.0,65100.0,85200.0,45200.0,7000.0,5000.0,1900.0,100.0,
all_households,top_1_percent,2001,1348300.0,1342000.0,523100.0,3600.0,8400.0,13900.0,100.0,3600.0,234800.0,286600.0,34200.0,61300.0,21000.0,51500.0,60900.0,39100.0,6300.0,4200.0,1800.0,100.0,100.0
all_households,top_1_percent,2002,1195200.0,1188600.0,469000.0,6500.0,8700.0,12900.0,100.0,2900.0,248300.0,207600.0,32700.0,45400.0,19400.0,42400.0,55400.0,37000.0,6600.0,4400.0,2000.0,200.0,
all_households,top_1_percent,2003,1270800.0,1264100.0,460500.0,10000.0,9200.0,12800.0,100.0,4000.0,252200.0,252400.0,31400.0,41800.0,20600.0,52600.0,81200.0,35500.0,6600.0,4300.0,2100.0,200.0,100.0
all_households,top_1_percent,2004,1517400.0,1510300.0,490100.0,9500.0,9100.0,12900.0,100.0,5200.0,287200.0,384000.0,29700.0,45000.0,20900.0,70900.0,107900.0,37900.0,7100.0,4700.0,2200.0,100.0,
all_households,top_1_percent,2005,1832600.0,1824500.0,516000.0,9200.0,9300.0,13200.0,100.0,7200.0,353000.0,524600.0,34300.0,63500.0,24400.0,80400.0,146900.0,42400.0,8100.0,5400.0,2500.0,100.0,100.0
all_households,top_1_percent,2006,1985000.0,1976600.0,530000.0,9500.0,8900.0,13400.0,100.0,7900.0,362500.0,591500.0,41900.0,85400.0,23600.0,95500.0,161200.0,45300.0,8300.0,5300.0,2900.0,100.0,
all_households,top_1_percent,2007,2090600.0,2082400.0,569700.0,9800.0,8700.0,14100.0,100.0,7200.0,344600.0,664600.0,45600.0,98000.0,22700.0,110600.0,138000.0,48600.0,8200.0,5200.0,2900.0,100.0,
all_households,top_1_percent,2008,1706100.0,1698500.0,560300.0,10400.0,9000.0,14300.0,100.0,4300.0,350500.0,371600.0,41900.0,73300.0,28600.0,99600.0,86700.0,47900.0,7600.0,4700.0,2600.0,200.0,100.0
all_households,top_1_percent,2009,1332800.0,1324900.0,492800.0,11600.0,9400.0,14000.0,100.0,3000.0,331200.0,181300.0,35900.0,50700.0,21400.0,70000.0,62900.0,40800.0,7800.0,4700.0,2800.0,300.0,
all_households,top_1_percent,2010,1543100.0,1535300.0,522700.0,11600.0,8600.0,14100.0,100.0,4400.0,334900.0,289100.0,36500.0,49700.0,23000.0,85800.0,97300.0,57600.0,7800.0,4800.0,2700.0,300.0,
all_households,top_1_percent,2011,1525600.0,1517800.0,529700.0,11600.0,8600.0,14200.0,100.0,4400.0,336400.0,278700.0,34000.0,42900.0,24400.0,79200.0,93700.0,59900.0,7800.0,4900.0,2600.0,200.0,
all_households,top_1_percent,2012,1887700.0,1879000.0,564200.0,11100.0,7800.0,14500.0,100.0,5500.0,391800.0,463000.0,32400.0,44800.0,27000.0,126500.0,120600.0,69800.0,8700.0,5300.0,3100.0,200.0,100.0
all_households,top_1_percent,2013,1592500.0,1584100.0,532500.0,11900.0,7800.0,14400.0,100.0,5500.0,362100.0,306300.0,30000.0,39300.0,27500.0,84800.0,109800.0,52100.0,8400.0,5300.0,2900.0,100.0,
all_households,top_1_percent,2014,1788900.0,1780600.0,560700.0,11600.0,7400.0,14200.0,100.0,6300.0,380600.0,425700.0,26400.0,37200.0,30900.0,101500.0,124300.0,53600.0,8300.0,5300.0,2900.0,100.0,
all_households,top_1_percent,2015,1863700.0,1854500.0,591300.0,12600.0,7400.0,15500.0,100.0,6100.0,407600.0,443200.0,25900.0,37800.0,24800.0,105200.0,121700.0,55300.0,9300.0,6000.0,3200.0,100.0,
hh_with_children,all_quintiles,1979,73400.0,71800.0,54800.0,0.0,2500.0,2700.0,200.0,700.0,3600.0,2100.0,100.0,1300.0,300.0,600.0,1100.0,1600.0,1700.0,1000.0,200.0,300.0,100.0
hh_with_children,all_quintiles,1980,70300.0,68400.0,52900.0,0.0,2100.0,2600.0,100.0,600.0,3000.0,1900.0,100.0,1600.0,300.0,600.0,900.0,1600.0,1900.0,1000.0,200.0,600.0,100.0
hh_with_children,all_quintiles,1981,70000.0,68200.0,53000.0,0.0,2200.0,2900.0,100.0,500.0,2300.0,1900.0,100.0,1900.0,400.0,700.0,700.0,1600.0,1900.0,1100.0,200.0,500.0,100.0
hh_with_children,all_quintiles,1982,68600.0,66400.0,52100.0,0.0,2400.0,2900.0,100.0,300.0,2000.0,1800.0,100.0,1900.0,400.0,700.0,400.0,1300.0,2200.0,1100.0,200.0,700.0,200.0
hh_with_children,all_quintiles,1983,69200.0,67100.0,51600.0,0.0,2500.0,2900.0,100.0,400.0,2400.0,2600.0,200.0,1700.0,400.0,600.0,600.0,1200.0,2100.0,1000.0,200.0,700.0,200.0
hh_with_children,all_quintiles,1984,74500.0,72700.0,55000.0,300.0,2500.0,3200.0,200.0,400.0,3200.0,2700.0,200.0,1900.0,400.0,600.0,600.0,1400.0,1800.0,1000.0,200.0,400.0,200.0
hh_with_children,all_quintiles,1985,73900.0,72100.0,54700.0,500.0,2600.0,3300.0,100.0,400.0,2800.0,3000.0,300.0,1800.0,300.0,500.0,600.0,1300.0,1800.0,1000.0,200.0,400.0,200.0
hh_with_children,all_quintiles,1986,79300.0,77500.0,55600.0,500.0,2600.0,3400.0,100.0,500.0,3500.0,6200.0,400.0,1600.0,300.0,800.0,700.0,1500.0,1800.0,900.0,200.0,400.0,200.0
hh_with_children,all_quintiles,1987,76900.0,75200.0,56000.0,600.0,2900.0,3400.0,100.0,600.0,4100.0,2400.0,200.0,1800.0,400.0,700.0,800.0,1300.0,1700.0,900.0,300.0,300.0,200.0
hh_with_children,all_quintiles,1988,79100.0,77300.0,56600.0,700.0,3000.0,3600.0,100.0,600.0,4800.0,2400.0,200.0,1800.0,300.0,700.0,800.0,1700.0,1800.0,900.0,300.0,300.0,300.0
hh_with_children,all_quintiles,1989,81300.0,79400.0,57600.0,800.0,3100.0,3700.0,100.0,600.0,5100.0,2300.0,200.0,2100.0,400.0,800.0,800.0,1800.0,1900.0,1000.0,300.0,300.0,300.0
hh_with_children,all_quintiles,1990,79600.0,77800.0,57400.0,800.0,3100.0,3800.0,100.0,500.0,4800.0,1600.0,200.0,1900.0,400.0,600.0,700.0,1900.0,1800.0,900.0,300.0,300.0,300.0
hh_with_children,all_quintiles,1991,78600.0,76600.0,56700.0,800.0,3000.0,3800.0,100.0,500.0,4600.0,1500.0,300.0,1800.0,400.0,600.0,700.0,1900.0,2100.0,1000.0,300.0,500.0,300.0
hh_with_children,all_quintiles,1992,79600.0,77300.0,56800.0,1000.0,3400.0,3800.0,100.0,500.0,5000.0,1600.0,200.0,1200.0,400.0,600.0,700.0,1900.0,2300.0,1100.0,400.0,600.0,200.0
hh_with_children,all_quintiles,1993,80700.0,78400.0,57300.0,1000.0,3700.0,3800.0,100.0,600.0,5000.0,1900.0,200.0,1000.0,400.0,600.0,900.0,1800.0,2300.0,1100.0,400.0,500.0,200.0
hh_with_children,all_quintiles,1994,82400.0,80300.0,58000.0,1100.0,4100.0,3900.0,100.0,700.0,5400.0,1800.0,200.0,900.0,400.0,600.0,1000.0,2100.0,2100.0,1100.0,400.0,400.0,200.0
hh_with_children,all_quintiles,1995,87600.0,85400.0,60700.0,1400.0,4200.0,4100.0,100.0,700.0,5900.0,2300.0,300.0,1200.0,400.0,700.0,1100.0,2200.0,2200.0,1200.0,500.0,400.0,200.0
hh_with_children,all_quintiles,1996,88700.0,86500.0,60800.0,1600.0,4100.0,4100.0,100.0,800.0,6000.0,2900.0,200.0,1100.0,400.0,700.0,1100.0,2500.0,2200.0,1100.0,500.0,300.0,200.0
hh_with_children,all_quintiles,1997,93300.0,91100.0,63600.0,1600.0,3800.0,4300.0,100.0,800.0,6300.0,4100.0,300.0,1200.0,500.0,900.0,1200.0,2600.0,2200.0,1200.0,500.0,300.0,200.0
hh_with_children,all_quintiles,1998,99700.0,97700.0,67700.0,1800.0,3800.0,4500.0,100.0,800.0,6900.0,5100.0,300.0,1200.0,400.0,800.0,1200.0,2900.0,2000.0,1100.0,500.0,300.0,200.0
hh_with_children,all_quintiles,1999,106300.0,104300.0,71100.0,2000.0,3800.0,4700.0,100.0,800.0,7600.0,6600.0,300.0,1200.0,500.0,1000.0,1300.0,3300.0,2000.0,1100.0,500.0,300.0,200.0
hh_with_children,all_quintiles,2000,111000.0,108900.0,73400.0,2100.0,4000.0,4800.0,100.0,800.0,7400.0,8000.0,300.0,1400.0,600.0,1200.0,1400.0,3400.0,2100.0,1100.0,500.0,300.0,200.0
hh_with_children,all_quintiles,2001,104600.0,102300.0,72200.0,2100.0,4100.0,4800.0,100.0,500.0,7200.0,4000.0,300.0,1400.0,500.0,900.0,1000.0,3100.0,2400.0,1200.0,600.0,400.0,200.0
hh_with_children,all_quintiles,2002,101900.0,99300.0,71000.0,1800.0,4500.0,4700.0,100.0,500.0,7400.0,2800.0,300.0,1000.0,500.0,700.0,900.0,3100.0,2600.0,1200.0,600.0,700.0,200.0
hh_with_children,all_quintiles,2003,103500.0,100900.0,70200.0,2200.0,4900.0,4600.0,100.0,700.0,7800.0,3400.0,300.0,900.0,500.0,800.0,1300.0,3200.0,2600.0,1200.0,600.0,600.0,200.0
hh_with_children,all_quintiles,2004,109900.0,107400.0,72300.0,2300.0,5600.0,4800.0,100.0,800.0,8600.0,5100.0,300.0,900.0,500.0,1100.0,1600.0,3300.0,2600.0,1300.0,700.0,500.0,200.0
hh_with_children,all_quintiles,2005,114400.0,111900.0,73000.0,2500.0,5700.0,4800.0,100.0,1100.0,9500.0,6700.0,300.0,1200.0,500.0,1200.0,2100.0,3200.0,2400.0,1200.0,700.0,400.0,200.0
hh_with_children,all_quintiles,2006,120000.0,117500.0,74500.0,2500.0,5700.0,4800.0,100.0,1200.0,10200.0,8300.0,500.0,1700.0,500.0,1500.0,2500.0,3300.0,2500.0,1300.0,800.0,400.0,100.0
hh_with_children,all_quintiles,2007,125400.0,122700.0,78100.0,2700.0,5300.0,5000.0,100.0,1100.0,10000.0,9800.0,500.0,2100.0,600.0,1800.0,2200.0,3500.0,2700.0,1400.0,800.0,400.0,100.0
hh_with_children,all_quintiles,2008,117900.0,114900.0,77600.0,2700.0,5300.0,5000.0,100.0,700.0,8900.0,5300.0,500.0,1600.0,600.0,1600.0,1400.0,3500.0,3000.0,1400.0,900.0,500.0,100.0
hh_with_children,all_quintiles,2009,109700.0,105800.0,73800.0,2500.0,5300.0,4900.0,100.0,500.0,8600.0,2500.0,400.0,1100.0,500.0,1100.0,1000.0,3500.0,4000.0,1500.0,1000.0,1300.0,100.0
hh_with_children,all_quintiles,2010,115400.0,111400.0,75000.0,2500.0,5100.0,4900.0,100.0,700.0,9700.0,4600.0,400.0,1100.0,600.0,1400.0,1600.0,3700.0,4000.0,1500.0,1000.0,1300.0,100.0
hh_with_children,all_quintiles,2011,113300.0,109700.0,75000.0,2500.0,5100.0,4800.0,100.0,700.0,9500.0,4000.0,400.0,800.0,600.0,1300.0,1500.0,3400.0,3600.0,1500.0,1000.0,1000.0,100.0
hh_with_children,all_quintiles,2012,118100.0,114700.0,75300.0,2600.0,5100.0,4800.0,100.0,800.0,11200.0,6100.0,300.0,800.0,600.0,1800.0,1700.0,3500.0,3400.0,1500.0,1100.0,800.0,100.0
hh_with_children,all_quintiles,2013,118000.0,114800.0,76900.0,2700.0,5200.0,5000.0,100.0,900.0,10800.0,5000.0,300.0,800.0,600.0,1400.0,1900.0,3200.0,3200.0,1600.0,900.0,600.0,100.0
hh_with_children,all_quintiles,2014,122000.0,118900.0,78300.0,2800.0,5000.0,5100.0,100.0,1000.0,11100.0,6800.0,300.0,700.0,700.0,1700.0,2100.0,3300.0,3100.0,1700.0,1000.0,400.0,100.0
hh_with_children,all_quintiles,2015,128600.0,125400.0,82400.0,3000.0,5200.0,5300.0,100.0,900.0,12400.0,7100.0,300.0,800.0,600.0,1800.0,2100.0,3400.0,3200.0,1700.0,1000.0,300.0,100.0
hh_with_children,lowest_quintile,1979,16600.0,13000.0,9700.0,0.0,500.0,600.0,100.0,100.0,600.0,100.0,,200.0,100.0,,100.0,900.0,3600.0,2700.0,400.0,300.0,200.0
hh_with_children,lowest_quintile,1980,15800.0,12000.0,9100.0,0.0,400.0,500.0,100.0,100.0,400.0,100.0,0.0,300.0,100.0,,100.0,900.0,3800.0,2400.0,500.0,600.0,300.0
hh_with_children,lowest_quintile,1981,15200.0,11600.0,8800.0,0.0,400.0,600.0,100.0,100.0,200.0,100.0,,300.0,100.0,,100.0,900.0,3600.0,2400.0,500.0,500.0,200.0
hh_with_children,lowest_quintile,1982,14300.0,10400.0,7800.0,0.0,400.0,500.0,,,200.0,100.0,,400.0,100.0,100.0,100.0,600.0,3900.0,2200.0,500.0,1000.0,200.0
hh_with_children,lowest_quintile,1983,13400.0,9600.0,7300.0,0.0,400.0,500.0,100.0,100.0,200.0,100.0,0.0,300.0,100.0,,100.0,500.0,3700.0,2100.0,500.0,900.0,300.0
hh_with_children,lowest_quintile,1984,14600.0,11500.0,8900.0,,400.0,600.0,100.0,100.0,300.0,100.0,,300.0,100.0,,100.0,600.0,3100.0,1900.0,500.0,400.0,300.0
hh_with_children,lowest_quintile,1985,14300.0,10800.0,8200.0,,400.0,600.0,100.0,100.0,400.0,100.0,,300.0,100.0,,,700.0,3400.0,2200.0,500.0,400.0,300.0
hh_with_children,lowest_quintile,1986,13900.0,10600.0,7900.0,,400.0,600.0,100.0,100.0,400.0,100.0,,300.0,100.0,,,600.0,3300.0,2000.0,600.0,500.0,300.0
hh_with_children,lowest_quintile,1987,11900.0,8900.0,6100.0,,400.0,400.0,,100.0,600.0,100.0,,200.0,100.0,,100.0,600.0,3000.0,1900.0,500.0,300.0,300.0
hh_with_children,lowest_quintile,1988,13100.0,9400.0,6500.0,,400.0,500.0,,100.0,600.0,100.0,0.0,200.0,,,100.0,800.0,3700.0,2200.0,600.0,300.0,600.0
hh_with_children,lowest_quintile,1989,14100.0,10500.0,7400.0,,400.0,500.0,100.0,100.0,700.0,100.0,,300.0,100.0,,100.0,800.0,3500.0,2000.0,700.0,300.0,600.0
hh_with_children,lowest_quintile,1990,14300.0,11100.0,8100.0,,400.0,600.0,100.0,100.0,700.0,,,300.0,100.0,100.0,100.0,800.0,3200.0,1700.0,700.0,300.0,500.0
hh_with_children,lowest_quintile,1991,14700.0,11100.0,8200.0,,400.0,600.0,100.0,100.0,600.0,100.0,,300.0,100.0,100.0,100.0,700.0,3600.0,1900.0,700.0,600.0,500.0
hh_with_children,lowest_quintile,1992,15000.0,10900.0,8100.0,,400.0,600.0,100.0,100.0,600.0,,,200.0,100.0,,100.0,700.0,4100.0,2100.0,800.0,800.0,400.0
hh_with_children,lowest_quintile,1993,15200.0,11100.0,8000.0,,400.0,600.0,100.0,100.0,800.0,,,100.0,100.0,,100.0,800.0,4200.0,2200.0,900.0,600.0,400.0
hh_with_children,lowest_quintile,1994,14700.0,10900.0,7700.0,,500.0,600.0,,100.0,900.0,,,100.0,100.0,100.0,100.0,700.0,3800.0,2200.0,900.0,400.0,400.0
hh_with_children,lowest_quintile,1995,16500.0,12600.0,9100.0,100.0,500.0,700.0,100.0,100.0,1000.0,,,100.0,100.0,,100.0,800.0,3900.0,2300.0,1000.0,400.0,300.0
hh_with_children,lowest_quintile,1996,17300.0,13300.0,9600.0,100.0,600.0,700.0,100.0,100.0,1100.0,,,100.0,100.0,,100.0,700.0,4000.0,2200.0,1100.0,400.0,300.0
hh_with_children,lowest_quintile,1997,19600.0,14900.0,10800.0,100.0,600.0,800.0,100.0,100.0,1200.0,100.0,,100.0,100.0,100.0,100.0,600.0,4800.0,2800.0,1300.0,400.0,200.0
hh_with_children,lowest_quintile,1998,21000.0,16900.0,12400.0,100.0,700.0,900.0,100.0,100.0,1500.0,100.0,,200.0,100.0,,100.0,700.0,4000.0,2400.0,1100.0,400.0,200.0
hh_with_children,lowest_quintile,1999,22000.0,18000.0,12900.0,100.0,700.0,1000.0,100.0,100.0,1900.0,100.0,,100.0,100.0,100.0,100.0,700.0,4000.0,2200.0,1100.0,300.0,300.0
hh_with_children,lowest_quintile,2000,21400.0,17500.0,12300.0,100.0,900.0,900.0,100.0,100.0,1800.0,100.0,,100.0,100.0,100.0,100.0,900.0,3900.0,2200.0,1100.0,300.0,300.0
hh_with_children,lowest_quintile,2001,20800.0,16300.0,11800.0,100.0,800.0,900.0,100.0,100.0,1700.0,,,100.0,100.0,100.0,,500.0,4500.0,2500.0,1300.0,500.0,300.0
hh_with_children,lowest_quintile,2002,21500.0,16400.0,12000.0,,800.0,900.0,100.0,100.0,1700.0,,,100.0,100.0,100.0,,600.0,5100.0,2500.0,1400.0,900.0,300.0
hh_with_children,lowest_quintile,2003,20500.0,15600.0,11300.0,,800.0,800.0,100.0,100.0,1700.0,,,100.0,100.0,100.0,,600.0,4900.0,2400.0,1400.0,800.0,300.0
hh_with_children,lowest_quintile,2004,21200.0,16200.0,12000.0,,800.0,900.0,100.0,100.0,1700.0,,,100.0,100.0,,100.0,300.0,5000.0,2600.0,1500.0,600.0,300.0
hh_with_children,lowest_quintile,2005,21600.0,16700.0,12000.0,100.0,800.0,900.0,100.0,200.0,1900.0,,,100.0,,,100.0,500.0,4900.0,2600.0,1600.0,400.0,300.0
hh_with_children,lowest_quintile,2006,22200.0,17500.0,12500.0,,900.0,900.0,100.0,200.0,2100.0,,,100.0,,,100.0,500.0,4800.0,2500.0,1600.0,400.0,200.0
hh_with_children,lowest_quintile,2007,24600.0,19500.0,13900.0,100.0,700.0,1000.0,100.0,200.0,2300.0,100.0,,100.0,100.0,100.0,100.0,900.0,5100.0,2700.0,1800.0,400.0,200.0
hh_with_children,lowest_quintile,2008,24200.0,18400.0,13200.0,100.0,600.0,1000.0,100.0,100.0,2200.0,,,100.0,100.0,100.0,,900.0,5800.0,3000.0,2000.0,700.0,200.0
hh_with_children,lowest_quintile,2009,23100.0,15700.0,10800.0,,600.0,800.0,,100.0,2200.0,,,100.0,,100.0,,800.0,7500.0,3200.0,2100.0,1900.0,200.0
hh_with_children,lowest_quintile,2010,23900.0,16700.0,11400.0,,500.0,900.0,,100.0,2600.0,,,100.0,100.0,,,900.0,7200.0,2900.0,2000.0,2100.0,100.0
hh_with_children,lowest_quintile,2011,23200.0,16300.0,11200.0,100.0,500.0,800.0,,100.0,2700.0,,,,,,,700.0,6800.0,3000.0,2100.0,1500.0,200.0
hh_with_children,lowest_quintile,2012,22100.0,15400.0,10200.0,,500.0,800.0,,100.0,2800.0,0.0,,,100.0,,,900.0,6700.0,3000.0,2400.0,1000.0,200.0
hh_with_children,lowest_quintile,2013,22700.0,16500.0,10900.0,100.0,500.0,800.0,,100.0,2800.0,,,,100.0,,,1000.0,6200.0,3400.0,2000.0,700.0,200.0
hh_with_children,lowest_quintile,2014,22700.0,16700.0,11200.0,100.0,500.0,800.0,,100.0,2900.0,,,,100.0,,,800.0,6000.0,3300.0,2000.0,400.0,300.0
hh_with_children,lowest_quintile,2015,23700.0,18000.0,12100.0,100.0,500.0,900.0,,100.0,3100.0,,,,100.0,,,900.0,5700.0,3200.0,2000.0,300.0,300.0
hh_with_children,second_quintile,1979,42900.0,41000.0,32300.0,0.0,1900.0,1900.0,100.0,400.0,1700.0,200.0,,500.0,100.0,100.0,200.0,1600.0,1800.0,1100.0,200.0,400.0,200.0
hh_with_children,second_quintile,1980,40900.0,38500.0,30400.0,0.0,1600.0,1800.0,100.0,300.0,1500.0,200.0,,700.0,100.0,100.0,200.0,1500.0,2400.0,1200.0,200.0,900.0,200.0
hh_with_children,second_quintile,1981,40300.0,38100.0,29900.0,0.0,1500.0,1900.0,100.0,300.0,1400.0,200.0,,700.0,100.0,100.0,200.0,1600.0,2200.0,1200.0,200.0,700.0,100.0
hh_with_children,second_quintile,1982,39300.0,36600.0,28700.0,0.0,1700.0,1800.0,100.0,200.0,1200.0,200.0,,800.0,100.0,100.0,100.0,1500.0,2700.0,1200.0,200.0,1100.0,200.0
hh_with_children,second_quintile,1983,38100.0,35500.0,27700.0,0.0,1700.0,1800.0,100.0,200.0,1400.0,300.0,,800.0,100.0,100.0,100.0,1200.0,2500.0,1100.0,200.0,1100.0,200.0
hh_with_children,second_quintile,1984,40800.0,38700.0,30300.0,100.0,1700.0,2000.0,100.0,300.0,1500.0,200.0,,700.0,100.0,100.0,100.0,1500.0,2000.0,1000.0,200.0,600.0,200.0
hh_with_children,second_quintile,1985,40800.0,38700.0,29900.0,100.0,1800.0,2000.0,100.0,200.0,1700.0,200.0,,700.0,200.0,100.0,100.0,1500.0,2100.0,1000.0,300.0,600.0,200.0
hh_with_children,second_quintile,1986,41200.0,38800.0,29600.0,100.0,1800.0,2100.0,100.0,200.0,1800.0,200.0,,600.0,100.0,100.0,100.0,1700.0,2300.0,1100.0,300.0,600.0,300.0
hh_with_children,second_quintile,1987,40100.0,38200.0,28900.0,100.0,2000.0,2000.0,100.0,300.0,2000.0,200.0,,600.0,100.0,100.0,200.0,1500.0,1900.0,900.0,200.0,500.0,200.0
hh_with_children,second_quintile,1988,40300.0,38400.0,28400.0,100.0,2000.0,2100.0,100.0,300.0,2200.0,100.0,,600.0,100.0,200.0,200.0,1900.0,1800.0,900.0,300.0,400.0,300.0
hh_with_children,second_quintile,1989,41000.0,38900.0,28600.0,200.0,2000.0,2100.0,100.0,300.0,2400.0,200.0,,700.0,100.0,100.0,200.0,1900.0,2100.0,1100.0,300.0,400.0,300.0
hh_with_children,second_quintile,1990,42100.0,39900.0,30000.0,200.0,2000.0,2200.0,100.0,300.0,2100.0,100.0,,600.0,100.0,100.0,100.0,1800.0,2200.0,1100.0,300.0,500.0,300.0
hh_with_children,second_quintile,1991,40800.0,38300.0,28800.0,200.0,1900.0,2200.0,100.0,200.0,1900.0,200.0,,500.0,100.0,100.0,100.0,1900.0,2500.0,1100.0,300.0,700.0,400.0
hh_with_children,second_quintile,1992,39700.0,36900.0,27600.0,200.0,2000.0,2100.0,100.0,300.0,1900.0,100.0,,400.0,100.0,100.0,100.0,1900.0,2900.0,1200.0,400.0,900.0,300.0
hh_with_children,second_quintile,1993,39600.0,36800.0,27400.0,200.0,2100.0,2000.0,100.0,300.0,1800.0,100.0,,300.0,200.0,100.0,200.0,2000.0,2800.0,1300.0,400.0,700.0,300.0
hh_with_children,second_quintile,1994,40100.0,37700.0,27800.0,200.0,2400.0,2100.0,100.0,300.0,1900.0,100.0,,300.0,100.0,100.0,200.0,2000.0,2400.0,1200.0,400.0,500.0,300.0
hh_with_children,second_quintile,1995,42300.0,39900.0,29400.0,300.0,2600.0,2200.0,100.0,400.0,1900.0,200.0,,300.0,100.0,100.0,200.0,1900.0,2500.0,1300.0,400.0,400.0,300.0
hh_with_children,second_quintile,1996,42500.0,40100.0,29200.0,400.0,2600.0,2200.0,100.0,400.0,2000.0,200.0,,300.0,100.0,100.0,200.0,2300.0,2400.0,1300.0,600.0,400.0,200.0
hh_with_children,second_quintile,1997,43800.0,41400.0,30700.0,400.0,2400.0,2300.0,100.0,400.0,2100.0,200.0,,300.0,100.0,100.0,200.0,2200.0,2300.0,1200.0,500.0,400.0,200.0
hh_with_children,second_quintile,1998,45900.0,43600.0,32300.0,500.0,2400.0,2500.0,100.0,400.0,2100.0,300.0,,300.0,100.0,100.0,100.0,2400.0,2300.0,1200.0,500.0,300.0,200.0
hh_with_children,second_quintile,1999,48100.0,45700.0,33500.0,500.0,2500.0,2600.0,100.0,400.0,2500.0,300.0,,300.0,100.0,100.0,200.0,2500.0,2400.0,1300.0,600.0,400.0,100.0
hh_with_children,second_quintile,2000,48200.0,45800.0,33600.0,600.0,2700.0,2600.0,100.0,400.0,2200.0,300.0,,300.0,100.0,100.0,100.0,2700.0,2400.0,1200.0,600.0,300.0,200.0
hh_with_children,second_quintile,2001,47200.0,44700.0,33400.0,600.0,2700.0,2500.0,100.0,300.0,2000.0,100.0,,300.0,100.0,100.0,100.0,2400.0,2500.0,1200.0,600.0,500.0,200.0
hh_with_children,second_quintile,2002,45900.0,43000.0,32000.0,300.0,2700.0,2400.0,100.0,200.0,2200.0,,,200.0,100.0,100.0,100.0,2500.0,2900.0,1300.0,700.0,800.0,200.0
hh_with_children,second_quintile,2003,45500.0,42500.0,31600.0,300.0,2900.0,2400.0,100.0,300.0,2200.0,,,200.0,100.0,100.0,100.0,2200.0,3000.0,1300.0,700.0,800.0,200.0
hh_with_children,second_quintile,2004,47200.0,44200.0,32200.0,300.0,3200.0,2400.0,100.0,400.0,2300.0,100.0,,200.0,100.0,100.0,100.0,2600.0,3000.0,1400.0,900.0,500.0,200.0
hh_with_children,second_quintile,2005,47900.0,45300.0,33100.0,300.0,3400.0,2500.0,100.0,500.0,2200.0,100.0,,200.0,100.0,100.0,100.0,2500.0,2600.0,1200.0,700.0,400.0,200.0
hh_with_children,second_quintile,2006,48600.0,45900.0,33600.0,400.0,3500.0,2500.0,100.0,600.0,2200.0,200.0,,200.0,100.0,100.0,100.0,2400.0,2700.0,1300.0,800.0,400.0,100.0
hh_with_children,second_quintile,2007,51700.0,48900.0,36200.0,400.0,3300.0,2700.0,100.0,500.0,2200.0,200.0,,300.0,200.0,100.0,100.0,2500.0,2800.0,1300.0,900.0,400.0,100.0
hh_with_children,second_quintile,2008,49400.0,46200.0,34500.0,400.0,3000.0,2600.0,100.0,300.0,1900.0,100.0,,200.0,100.0,100.0,100.0,2700.0,3300.0,1500.0,1100.0,600.0,100.0
hh_with_children,second_quintile,2009,46700.0,42200.0,31200.0,300.0,2700.0,2300.0,100.0,200.0,2200.0,,,200.0,200.0,100.0,100.0,2700.0,4500.0,1600.0,1100.0,1600.0,200.0
hh_with_children,second_quintile,2010,47000.0,42500.0,31200.0,300.0,2500.0,2300.0,100.0,300.0,2400.0,,,100.0,100.0,100.0,100.0,2800.0,4500.0,1700.0,1100.0,1600.0,100.0
hh_with_children,second_quintile,2011,45900.0,41900.0,30800.0,300.0,2400.0,2300.0,100.0,300.0,2400.0,100.0,,100.0,100.0,100.0,100.0,2700.0,4000.0,1500.0,1100.0,1200.0,100.0
hh_with_children,second_quintile,2012,45200.0,41400.0,30300.0,300.0,2600.0,2300.0,100.0,300.0,2600.0,,,100.0,100.0,100.0,100.0,2500.0,3800.0,1600.0,1200.0,900.0,100.0
hh_with_children,second_quintile,2013,46300.0,43000.0,31400.0,400.0,2700.0,2400.0,100.0,400.0,2600.0,100.0,,100.0,100.0,100.0,100.0,2700.0,3300.0,1500.0,900.0,700.0,100.0
hh_with_children,second_quintile,2014,46800.0,43400.0,31800.0,400.0,2600.0,2400.0,100.0,400.0,2600.0,200.0,,100.0,100.0,100.0,100.0,2600.0,3500.0,1900.0,1100.0,400.0,100.0
hh_with_children,second_quintile,2015,48900.0,45400.0,33400.0,400.0,2800.0,2500.0,100.0,400.0,2600.0,100.0,,100.0,200.0,100.0,100.0,2700.0,3500.0,1900.0,1100.0,300.0,200.0
hh_with_children,middle_quintile,1979,65900.0,64800.0,52800.0,0.0,2700.0,3000.0,200.0,700.0,2000.0,300.0,,800.0,100.0,100.0,300.0,1700.0,1200.0,600.0,100.0,300.0,100.0
hh_with_children,middle_quintile,1980,63500.0,62100.0,50900.0,0.0,2400.0,2900.0,200.0,600.0,2000.0,300.0,,900.0,200.0,100.0,300.0,1500.0,1400.0,600.0,100.0,500.0,100.0
hh_with_children,middle_quintile,1981,63300.0,61900.0,50500.0,0.0,2400.0,3100.0,100.0,400.0,1700.0,300.0,,1100.0,100.0,200.0,200.0,1700.0,1300.0,600.0,100.0,500.0,100.0
hh_with_children,middle_quintile,1982,62200.0,60400.0,49100.0,0.0,2700.0,3100.0,100.0,300.0,1500.0,300.0,,1200.0,100.0,200.0,100.0,1600.0,1800.0,800.0,200.0,700.0,200.0
hh_with_children,middle_quintile,1983,61300.0,59600.0,48100.0,0.0,2800.0,3000.0,200.0,400.0,1600.0,300.0,,1000.0,200.0,200.0,200.0,1700.0,1700.0,700.0,200.0,700.0,200.0
hh_with_children,middle_quintile,1984,64800.0,63400.0,50600.0,200.0,2800.0,3300.0,200.0,400.0,2100.0,400.0,,1100.0,200.0,200.0,200.0,1700.0,1400.0,700.0,200.0,500.0,100.0
hh_with_children,middle_quintile,1985,65400.0,64000.0,51200.0,300.0,2900.0,3400.0,200.0,400.0,1700.0,300.0,,1100.0,200.0,200.0,200.0,1800.0,1500.0,700.0,200.0,400.0,200.0
hh_with_children,middle_quintile,1986,66700.0,65200.0,51800.0,400.0,2900.0,3500.0,200.0,400.0,2300.0,400.0,,900.0,100.0,200.0,200.0,1800.0,1600.0,700.0,200.0,500.0,200.0
hh_with_children,middle_quintile,1987,66400.0,65100.0,51300.0,400.0,3200.0,3500.0,200.0,500.0,2200.0,400.0,,900.0,200.0,200.0,300.0,1800.0,1400.0,600.0,200.0,400.0,200.0
hh_with_children,middle_quintile,1988,67800.0,66400.0,51900.0,500.0,3300.0,3800.0,200.0,500.0,2200.0,300.0,,1000.0,200.0,200.0,300.0,2100.0,1400.0,700.0,200.0,400.0,200.0
hh_with_children,middle_quintile,1989,68700.0,67300.0,52400.0,600.0,3400.0,3800.0,200.0,500.0,2400.0,300.0,,1000.0,200.0,300.0,200.0,2100.0,1500.0,800.0,200.0,300.0,200.0
hh_with_children,middle_quintile,1990,68900.0,67300.0,52400.0,600.0,3400.0,3900.0,100.0,500.0,2300.0,100.0,,1000.0,200.0,200.0,200.0,2300.0,1500.0,700.0,200.0,400.0,200.0
hh_with_children,middle_quintile,1991,67300.0,65500.0,50900.0,600.0,3400.0,3800.0,100.0,400.0,2000.0,200.0,,900.0,200.0,200.0,200.0,2500.0,1800.0,800.0,200.0,600.0,200.0
hh_with_children,middle_quintile,1992,66900.0,65000.0,49700.0,700.0,3700.0,3700.0,100.0,500.0,2400.0,300.0,,700.0,200.0,200.0,200.0,2600.0,1900.0,800.0,200.0,600.0,200.0
hh_with_children,middle_quintile,1993,67000.0,65100.0,50000.0,700.0,4100.0,3700.0,100.0,500.0,1900.0,200.0,,500.0,200.0,200.0,200.0,2500.0,1900.0,800.0,200.0,600.0,200.0
hh_with_children,middle_quintile,1994,68100.0,66300.0,50200.0,800.0,4300.0,3800.0,100.0,600.0,2300.0,300.0,,500.0,200.0,200.0,300.0,2700.0,1700.0,800.0,300.0,500.0,200.0
hh_with_children,middle_quintile,1995,70500.0,68600.0,51700.0,1000.0,4500.0,3900.0,100.0,600.0,2200.0,300.0,,500.0,200.0,200.0,300.0,2900.0,1900.0,900.0,300.0,400.0,200.0
hh_with_children,middle_quintile,1996,71200.0,69400.0,52300.0,1200.0,4600.0,4000.0,100.0,700.0,2200.0,300.0,,500.0,200.0,200.0,300.0,2800.0,1800.0,900.0,400.0,400.0,100.0
hh_with_children,middle_quintile,1997,72800.0,71100.0,53700.0,1200.0,4200.0,4100.0,100.0,700.0,2300.0,400.0,,500.0,200.0,300.0,300.0,3100.0,1700.0,900.0,300.0,300.0,200.0
hh_with_children,middle_quintile,1998,76100.0,74400.0,56500.0,1400.0,4200.0,4300.0,100.0,700.0,2400.0,500.0,,500.0,200.0,200.0,300.0,3100.0,1700.0,900.0,300.0,300.0,200.0
hh_with_children,middle_quintile,1999,78900.0,77200.0,58400.0,1500.0,4100.0,4500.0,100.0,700.0,2600.0,600.0,,500.0,200.0,300.0,300.0,3500.0,1700.0,800.0,400.0,300.0,100.0
hh_with_children,middle_quintile,2000,79400.0,77700.0,58700.0,1600.0,4200.0,4500.0,100.0,700.0,2400.0,700.0,,500.0,200.0,300.0,300.0,3600.0,1700.0,900.0,400.0,300.0,100.0
hh_with_children,middle_quintile,2001,78800.0,76800.0,58400.0,1700.0,4400.0,4500.0,100.0,400.0,2400.0,200.0,,500.0,200.0,300.0,200.0,3600.0,2000.0,1000.0,400.0,500.0,200.0
hh_with_children,middle_quintile,2002,76400.0,74200.0,56600.0,1000.0,4800.0,4200.0,100.0,400.0,2500.0,100.0,,400.0,200.0,200.0,200.0,3500.0,2200.0,900.0,500.0,700.0,200.0
hh_with_children,middle_quintile,2003,76200.0,73900.0,55600.0,1100.0,5200.0,4200.0,100.0,500.0,2500.0,100.0,,300.0,200.0,200.0,200.0,3800.0,2200.0,1000.0,400.0,700.0,100.0
hh_with_children,middle_quintile,2004,79100.0,76800.0,56800.0,1100.0,6000.0,4300.0,100.0,700.0,2700.0,200.0,,300.0,200.0,200.0,200.0,4000.0,2200.0,1100.0,500.0,500.0,100.0
hh_with_children,middle_quintile,2005,80300.0,78300.0,57800.0,1100.0,6100.0,4300.0,100.0,900.0,2800.0,300.0,,300.0,200.0,200.0,300.0,3700.0,2000.0,900.0,500.0,400.0,100.0
hh_with_children,middle_quintile,2006,81700.0,79500.0,58400.0,1200.0,6200.0,4400.0,100.0,1000.0,3000.0,400.0,,400.0,200.0,200.0,300.0,3800.0,2100.0,1000.0,600.0,400.0,200.0
hh_with_children,middle_quintile,2007,84900.0,82500.0,61000.0,1300.0,5800.0,4600.0,100.0,900.0,2900.0,500.0,,500.0,300.0,300.0,300.0,4100.0,2300.0,1100.0,700.0,400.0,100.0
hh_with_children,middle_quintile,2008,81700.0,79100.0,59300.0,1200.0,5700.0,4400.0,100.0,500.0,2600.0,200.0,,400.0,200.0,300.0,200.0,3800.0,2600.0,1200.0,700.0,600.0,100.0
hh_with_children,middle_quintile,2009,78600.0,75000.0,56100.0,1000.0,5500.0,4200.0,100.0,400.0,2500.0,,,300.0,300.0,200.0,100.0,4200.0,3500.0,1300.0,800.0,1400.0,100.0
hh_with_children,middle_quintile,2010,79000.0,75300.0,56100.0,1000.0,5400.0,4200.0,100.0,500.0,2700.0,100.0,,200.0,300.0,200.0,200.0,4300.0,3600.0,1300.0,800.0,1400.0,100.0
hh_with_children,middle_quintile,2011,77500.0,74200.0,55400.0,1000.0,5400.0,4100.0,100.0,500.0,2800.0,100.0,,200.0,200.0,200.0,200.0,3900.0,3200.0,1300.0,800.0,1100.0,100.0
hh_with_children,middle_quintile,2012,77400.0,74300.0,55100.0,1000.0,5400.0,4100.0,100.0,600.0,2900.0,100.0,,100.0,300.0,200.0,100.0,4200.0,3100.0,1300.0,800.0,800.0,100.0
hh_with_children,middle_quintile,2013,79000.0,76100.0,56400.0,1100.0,5600.0,4200.0,100.0,700.0,2700.0,200.0,,100.0,300.0,200.0,200.0,4200.0,2800.0,1300.0,800.0,600.0,100.0
hh_with_children,middle_quintile,2014,80600.0,78000.0,57800.0,1200.0,5400.0,4300.0,100.0,700.0,3100.0,300.0,,100.0,300.0,200.0,200.0,4200.0,2600.0,1300.0,800.0,400.0,100.0
hh_with_children,middle_quintile,2015,83800.0,80900.0,60000.0,1300.0,5600.0,4500.0,100.0,700.0,3100.0,300.0,,100.0,200.0,200.0,200.0,4600.0,2800.0,1500.0,900.0,400.0,100.0
hh_with_children,fourth_quintile,1979,90700.0,89800.0,73400.0,0.0,3400.0,3900.0,200.0,1000.0,3000.0,600.0,,1300.0,200.0,300.0,600.0,1900.0,1000.0,500.0,100.0,300.0,100.0
hh_with_children,fourth_quintile,1980,88000.0,87000.0,71600.0,0.0,2900.0,3800.0,200.0,800.0,2600.0,600.0,,1500.0,200.0,300.0,500.0,1900.0,1000.0,500.0,100.0,400.0,100.0
hh_with_children,fourth_quintile,1981,89300.0,88200.0,72700.0,0.0,3100.0,4300.0,200.0,600.0,2200.0,600.0,,1700.0,300.0,400.0,400.0,1900.0,1100.0,500.0,100.0,400.0,100.0
hh_with_children,fourth_quintile,1982,88100.0,86900.0,71600.0,0.0,3300.0,4300.0,200.0,400.0,2000.0,500.0,,1900.0,200.0,400.0,200.0,1800.0,1300.0,600.0,100.0,500.0,100.0
hh_with_children,fourth_quintile,1983,87900.0,86700.0,71100.0,0.0,3600.0,4300.0,200.0,500.0,2000.0,700.0,,1600.0,200.0,300.0,300.0,1800.0,1200.0,500.0,100.0,400.0,100.0
hh_with_children,fourth_quintile,1984,93200.0,92100.0,74400.0,500.0,3600.0,4700.0,200.0,600.0,2700.0,600.0,100.0,1800.0,300.0,400.0,300.0,2000.0,1100.0,600.0,100.0,300.0,100.0
hh_with_children,fourth_quintile,1985,93100.0,92000.0,74200.0,700.0,3700.0,4800.0,200.0,600.0,2500.0,700.0,100.0,1800.0,200.0,300.0,300.0,2100.0,1100.0,500.0,100.0,300.0,100.0
hh_with_children,fourth_quintile,1986,95900.0,95000.0,76100.0,900.0,3700.0,5100.0,200.0,600.0,2400.0,1000.0,100.0,1500.0,100.0,400.0,300.0,2500.0,900.0,400.0,100.0,300.0,100.0
hh_with_children,fourth_quintile,1987,97500.0,96400.0,76300.0,900.0,4100.0,5100.0,200.0,800.0,3100.0,600.0,100.0,1500.0,300.0,500.0,500.0,2400.0,1100.0,600.0,100.0,300.0,100.0
hh_with_children,fourth_quintile,1988,98300.0,97300.0,76300.0,1100.0,4300.0,5400.0,200.0,800.0,3300.0,500.0,100.0,1500.0,300.0,400.0,400.0,2800.0,1000.0,500.0,100.0,200.0,200.0
hh_with_children,fourth_quintile,1989,99800.0,98700.0,77200.0,1300.0,4400.0,5400.0,200.0,800.0,3400.0,500.0,,1600.0,300.0,400.0,400.0,2700.0,1100.0,600.0,100.0,300.0,200.0
hh_with_children,fourth_quintile,1990,99600.0,98500.0,76700.0,1200.0,4600.0,5500.0,200.0,700.0,3300.0,500.0,100.0,1600.0,200.0,400.0,400.0,3000.0,1200.0,500.0,200.0,300.0,100.0
hh_with_children,fourth_quintile,1991,98100.0,96900.0,76500.0,1200.0,4400.0,5600.0,200.0,600.0,2600.0,400.0,100.0,1400.0,300.0,400.0,400.0,2800.0,1300.0,600.0,200.0,400.0,200.0
hh_with_children,fourth_quintile,1992,98900.0,97400.0,75800.0,1500.0,5000.0,5600.0,200.0,700.0,3100.0,400.0,100.0,1000.0,300.0,300.0,400.0,3000.0,1500.0,700.0,200.0,500.0,100.0
hh_with_children,fourth_quintile,1993,99700.0,98200.0,76100.0,1600.0,5600.0,5600.0,100.0,800.0,3000.0,600.0,,800.0,300.0,300.0,400.0,3000.0,1500.0,600.0,200.0,400.0,200.0
hh_with_children,fourth_quintile,1994,101500.0,100200.0,77400.0,1800.0,5900.0,5700.0,100.0,900.0,3100.0,500.0,100.0,700.0,300.0,400.0,400.0,3000.0,1300.0,600.0,200.0,300.0,100.0
hh_with_children,fourth_quintile,1995,104000.0,102500.0,78300.0,2100.0,6100.0,5800.0,100.0,1000.0,3000.0,600.0,100.0,800.0,300.0,400.0,500.0,3300.0,1500.0,700.0,200.0,300.0,200.0
hh_with_children,fourth_quintile,1996,105700.0,104400.0,79300.0,2500.0,5900.0,6000.0,100.0,1000.0,3200.0,700.0,,700.0,300.0,400.0,500.0,3700.0,1300.0,600.0,300.0,300.0,100.0
hh_with_children,fourth_quintile,1997,108500.0,107400.0,81700.0,2600.0,5500.0,6100.0,100.0,1000.0,3300.0,900.0,100.0,800.0,300.0,500.0,500.0,3800.0,1200.0,600.0,200.0,200.0,100.0
hh_with_children,fourth_quintile,1998,113400.0,112200.0,85000.0,2900.0,5400.0,6400.0,100.0,1000.0,3700.0,1200.0,,900.0,300.0,400.0,500.0,4300.0,1200.0,600.0,200.0,200.0,100.0
hh_with_children,fourth_quintile,1999,116600.0,115400.0,87200.0,3200.0,5200.0,6600.0,100.0,1000.0,3800.0,1300.0,,800.0,400.0,500.0,500.0,4600.0,1200.0,700.0,200.0,200.0,100.0
hh_with_children,fourth_quintile,2000,119300.0,118000.0,88900.0,3400.0,5500.0,6800.0,100.0,1000.0,3700.0,1500.0,,900.0,500.0,600.0,500.0,4500.0,1300.0,700.0,300.0,200.0,100.0
hh_with_children,fourth_quintile,2001,118600.0,117000.0,89100.0,3400.0,5800.0,6800.0,100.0,700.0,3800.0,400.0,100.0,900.0,400.0,500.0,300.0,4700.0,1600.0,800.0,300.0,400.0,100.0
hh_with_children,fourth_quintile,2002,115200.0,113500.0,87500.0,2400.0,6200.0,6500.0,100.0,600.0,3400.0,300.0,100.0,600.0,400.0,400.0,300.0,4700.0,1700.0,700.0,300.0,600.0,100.0
hh_with_children,fourth_quintile,2003,117000.0,115300.0,87600.0,2800.0,7000.0,6500.0,100.0,800.0,3600.0,200.0,100.0,500.0,400.0,300.0,300.0,4900.0,1700.0,700.0,400.0,500.0,100.0
hh_with_children,fourth_quintile,2004,119600.0,118000.0,88300.0,2900.0,8000.0,6600.0,100.0,1100.0,4000.0,500.0,,400.0,300.0,400.0,400.0,4800.0,1600.0,700.0,400.0,400.0,100.0
hh_with_children,fourth_quintile,2005,122200.0,120600.0,89300.0,3100.0,8300.0,6600.0,100.0,1400.0,4100.0,900.0,100.0,500.0,300.0,500.0,600.0,4800.0,1600.0,700.0,400.0,400.0,100.0
hh_with_children,fourth_quintile,2006,125000.0,123400.0,91000.0,3200.0,8300.0,6800.0,100.0,1500.0,4200.0,1000.0,100.0,700.0,400.0,500.0,600.0,5100.0,1600.0,800.0,400.0,300.0,100.0
hh_with_children,fourth_quintile,2007,129000.0,127200.0,94200.0,3400.0,7800.0,7000.0,100.0,1300.0,4200.0,1200.0,100.0,900.0,500.0,600.0,600.0,5400.0,1800.0,900.0,500.0,300.0,100.0
hh_with_children,fourth_quintile,2008,124900.0,123000.0,92600.0,3300.0,7700.0,6900.0,100.0,800.0,3800.0,300.0,100.0,700.0,400.0,500.0,300.0,5400.0,1900.0,900.0,500.0,400.0,100.0
hh_with_children,fourth_quintile,2009,121700.0,119000.0,89700.0,2900.0,7900.0,6600.0,100.0,600.0,3600.0,300.0,100.0,500.0,300.0,400.0,300.0,5600.0,2700.0,900.0,600.0,1100.0,100.0
hh_with_children,fourth_quintile,2010,122700.0,120000.0,89700.0,2800.0,7800.0,6600.0,100.0,900.0,4200.0,300.0,100.0,400.0,500.0,400.0,300.0,5900.0,2700.0,1000.0,600.0,1000.0,100.0
hh_with_children,fourth_quintile,2011,121700.0,119300.0,89400.0,2800.0,7800.0,6600.0,100.0,800.0,4200.0,300.0,100.0,300.0,400.0,500.0,300.0,5700.0,2400.0,1000.0,600.0,800.0,100.0
hh_with_children,fourth_quintile,2012,122000.0,119900.0,90100.0,2900.0,7800.0,6700.0,100.0,1000.0,4200.0,400.0,100.0,300.0,400.0,400.0,300.0,5400.0,2100.0,800.0,500.0,600.0,100.0
hh_with_children,fourth_quintile,2013,125100.0,122900.0,91800.0,3000.0,7700.0,6800.0,100.0,1100.0,4400.0,600.0,100.0,200.0,400.0,400.0,400.0,5800.0,2200.0,1000.0,700.0,500.0,100.0
hh_with_children,fourth_quintile,2014,127100.0,125000.0,93300.0,3100.0,7600.0,7000.0,100.0,1200.0,4700.0,800.0,100.0,200.0,500.0,400.0,400.0,5600.0,2100.0,1100.0,600.0,300.0,100.0
hh_with_children,fourth_quintile,2015,131600.0,129300.0,96600.0,3300.0,8000.0,7200.0,100.0,1100.0,4900.0,700.0,100.0,200.0,500.0,500.0,400.0,5700.0,2300.0,1200.0,700.0,300.0,100.0
hh_with_children,highest_quintile,1979,170800.0,169900.0,114500.0,0.0,3900.0,4300.0,200.0,1500.0,15400.0,11800.0,700.0,4700.0,1400.0,3200.0,5300.0,3100.0,900.0,600.0,100.0,200.0,100.0
hh_with_children,highest_quintile,1980,167400.0,166300.0,115000.0,0.0,3500.0,4500.0,200.0,1200.0,12700.0,11000.0,600.0,5500.0,1400.0,3400.0,4100.0,3300.0,1000.0,600.0,100.0,300.0,100.0
hh_with_children,highest_quintile,1981,167400.0,166300.0,116000.0,0.0,3700.0,4900.0,200.0,1000.0,10600.0,10800.0,800.0,6800.0,1400.0,3600.0,3300.0,3200.0,1000.0,600.0,100.0,200.0,100.0
hh_with_children,highest_quintile,1982,166000.0,165000.0,118200.0,0.0,4100.0,5300.0,200.0,600.0,9500.0,10400.0,900.0,6200.0,1500.0,3300.0,1800.0,3100.0,1100.0,600.0,100.0,300.0,100.0
hh_with_children,highest_quintile,1983,175000.0,174000.0,119700.0,0.0,4400.0,5500.0,200.0,800.0,11000.0,14600.0,1300.0,6000.0,1500.0,3100.0,2700.0,3200.0,1000.0,500.0,100.0,300.0,100.0
hh_with_children,highest_quintile,1984,189500.0,188400.0,126800.0,800.0,4200.0,6000.0,200.0,1000.0,14700.0,15200.0,1500.0,6800.0,1500.0,2700.0,3100.0,3900.0,1100.0,700.0,100.0,200.0,100.0
hh_with_children,highest_quintile,1985,187000.0,186200.0,126300.0,1300.0,4500.0,6200.0,200.0,900.0,12500.0,17100.0,1500.0,5900.0,1300.0,2500.0,2700.0,3300.0,900.0,500.0,100.0,200.0,100.0
hh_with_children,highest_quintile,1986,217400.0,216500.0,130500.0,1400.0,4500.0,6500.0,200.0,1000.0,14700.0,37100.0,2200.0,5500.0,1300.0,4200.0,3600.0,3800.0,900.0,500.0,100.0,200.0,100.0
hh_with_children,highest_quintile,1987,206000.0,205000.0,137900.0,1600.0,5000.0,6700.0,200.0,1300.0,18200.0,13500.0,1300.0,6800.0,1400.0,3000.0,3800.0,4200.0,1000.0,500.0,200.0,200.0,100.0
hh_with_children,highest_quintile,1988,215900.0,215100.0,141800.0,1900.0,5400.0,7000.0,200.0,1400.0,22200.0,13900.0,1100.0,6800.0,1300.0,3200.0,3800.0,5300.0,800.0,400.0,100.0,100.0,100.0
hh_with_children,highest_quintile,1989,220500.0,219600.0,142300.0,2100.0,5400.0,7100.0,200.0,1300.0,23200.0,13200.0,1500.0,8500.0,1600.0,3700.0,4000.0,5500.0,900.0,500.0,100.0,200.0,200.0
hh_with_children,highest_quintile,1990,209000.0,208000.0,139600.0,2200.0,5700.0,7300.0,200.0,1200.0,21900.0,9100.0,1100.0,7000.0,1400.0,2900.0,3300.0,5300.0,900.0,400.0,200.0,200.0,200.0
hh_with_children,highest_quintile,1991,205800.0,204800.0,137100.0,2200.0,5600.0,7400.0,200.0,1100.0,22200.0,8000.0,1500.0,6700.0,1400.0,3000.0,3200.0,5300.0,1000.0,500.0,200.0,200.0,100.0
hh_with_children,highest_quintile,1992,211400.0,210300.0,141500.0,2800.0,6300.0,7800.0,200.0,1300.0,23000.0,8700.0,1300.0,4600.0,1500.0,2600.0,3500.0,5300.0,1100.0,500.0,200.0,300.0,100.0
hh_with_children,highest_quintile,1993,214100.0,213100.0,141600.0,2900.0,7100.0,7600.0,200.0,1500.0,23200.0,10300.0,1400.0,3900.0,1600.0,2700.0,4300.0,5000.0,1000.0,500.0,200.0,200.0,100.0
hh_with_children,highest_quintile,1994,217700.0,216500.0,142800.0,3200.0,7700.0,8000.0,200.0,1600.0,24400.0,9400.0,1300.0,3600.0,1600.0,2600.0,4500.0,5600.0,1200.0,700.0,200.0,200.0,100.0
hh_with_children,highest_quintile,1995,233700.0,232500.0,149800.0,3700.0,8000.0,8400.0,100.0,1800.0,26700.0,11800.0,1500.0,4800.0,1700.0,3300.0,5400.0,5400.0,1300.0,600.0,300.0,200.0,100.0
hh_with_children,highest_quintile,1996,247600.0,246500.0,155400.0,4400.0,7700.0,8600.0,100.0,1900.0,28500.0,16700.0,1300.0,4600.0,1800.0,3500.0,5600.0,6400.0,1100.0,600.0,300.0,200.0,100.0
hh_with_children,highest_quintile,1997,261800.0,260700.0,161800.0,4300.0,6900.0,8900.0,100.0,2000.0,28800.0,22900.0,1400.0,4600.0,1900.0,4100.0,6100.0,6700.0,1100.0,600.0,300.0,100.0,100.0
hh_with_children,highest_quintile,1998,284500.0,283600.0,174800.0,4800.0,7000.0,9400.0,100.0,1900.0,31800.0,28600.0,1500.0,5000.0,1800.0,4000.0,6000.0,6900.0,900.0,400.0,200.0,200.0,100.0
hh_with_children,highest_quintile,1999,307200.0,306200.0,184100.0,5200.0,6800.0,9900.0,100.0,2000.0,33900.0,36700.0,1600.0,5000.0,1700.0,4500.0,6600.0,8200.0,900.0,500.0,200.0,200.0,100.0
hh_with_children,highest_quintile,2000,326700.0,325500.0,193700.0,5400.0,7000.0,10200.0,100.0,2000.0,33400.0,43300.0,1700.0,5700.0,2200.0,5400.0,7000.0,8400.0,1200.0,600.0,200.0,100.0,100.0
hh_with_children,highest_quintile,2001,297600.0,296500.0,189200.0,5400.0,7500.0,10300.0,100.0,1400.0,34100.0,22300.0,1800.0,5700.0,1900.0,4100.0,4900.0,7800.0,1200.0,600.0,300.0,200.0,100.0
hh_with_children,highest_quintile,2002,279700.0,278500.0,180900.0,6000.0,8300.0,10000.0,100.0,1200.0,35000.0,14700.0,1700.0,3900.0,1800.0,3200.0,4200.0,7500.0,1300.0,600.0,200.0,400.0,100.0
hh_with_children,highest_quintile,2003,292600.0,291200.0,181400.0,7700.0,9100.0,10000.0,100.0,1700.0,36200.0,19500.0,1600.0,3800.0,1900.0,4100.0,6400.0,7700.0,1300.0,600.0,300.0,400.0,100.0
hh_with_children,highest_quintile,2004,313900.0,312700.0,186200.0,8200.0,10000.0,10200.0,100.0,2100.0,39200.0,28000.0,1500.0,3800.0,1900.0,5600.0,8100.0,7800.0,1200.0,700.0,300.0,300.0,
hh_with_children,highest_quintile,2005,338400.0,337100.0,189700.0,8700.0,10200.0,10200.0,100.0,2900.0,44600.0,37200.0,1700.0,5300.0,2000.0,5800.0,10600.0,8000.0,1300.0,700.0,300.0,200.0,100.0
hh_with_children,highest_quintile,2006,370500.0,369300.0,198600.0,9100.0,10300.0,10500.0,100.0,3200.0,48600.0,46400.0,2600.0,8200.0,2100.0,7900.0,13100.0,8500.0,1200.0,600.0,400.0,200.0,100.0
hh_with_children,highest_quintile,2007,393000.0,391700.0,209800.0,9400.0,9600.0,10900.0,100.0,2900.0,49300.0,55100.0,2900.0,9800.0,2200.0,9300.0,11700.0,8700.0,1300.0,700.0,400.0,200.0,100.0
hh_with_children,highest_quintile,2008,343300.0,342000.0,201700.0,9500.0,9800.0,10800.0,100.0,1700.0,45000.0,28200.0,2500.0,6800.0,2300.0,7700.0,6800.0,9100.0,1300.0,600.0,400.0,300.0,100.0
hh_with_children,highest_quintile,2009,306100.0,304200.0,191900.0,9200.0,10000.0,10900.0,100.0,1300.0,40900.0,13000.0,1900.0,4600.0,1800.0,4800.0,4700.0,9200.0,1900.0,700.0,500.0,600.0,
hh_with_children,highest_quintile,2010,333900.0,332100.0,197900.0,9100.0,9600.0,10900.0,100.0,1800.0,43900.0,24000.0,2100.0,4700.0,2100.0,6900.0,8100.0,10900.0,1800.0,700.0,400.0,600.0,100.0
hh_with_children,highest_quintile,2011,327300.0,325400.0,199100.0,9300.0,9600.0,10800.0,100.0,1800.0,42200.0,21300.0,1800.0,3600.0,2100.0,5800.0,7200.0,10700.0,1900.0,900.0,400.0,500.0,100.0
hh_with_children,highest_quintile,2012,359400.0,357800.0,205600.0,9400.0,9600.0,11000.0,100.0,2200.0,50500.0,33000.0,1800.0,3900.0,2400.0,8800.0,8700.0,10900.0,1600.0,800.0,400.0,300.0,100.0
hh_with_children,highest_quintile,2013,348700.0,347000.0,206300.0,9800.0,9400.0,11300.0,100.0,2300.0,48300.0,26100.0,1600.0,3500.0,2500.0,6900.0,9200.0,9600.0,1700.0,800.0,500.0,300.0,100.0
hh_with_children,highest_quintile,2014,369500.0,367900.0,212400.0,10000.0,9200.0,11400.0,100.0,2600.0,49700.0,36200.0,1500.0,3400.0,2600.0,8200.0,10400.0,10200.0,1600.0,800.0,500.0,200.0,100.0
hh_with_children,highest_quintile,2015,390100.0,388300.0,224100.0,10500.0,9200.0,11900.0,100.0,2500.0,55500.0,37600.0,1600.0,3600.0,2400.0,8800.0,10400.0,10200.0,1800.0,1000.0,600.0,200.0,100.0
hh_with_children,percentiles_81_90,1979,122100.0,121200.0,95700.0,0.0,3900.0,4500.0,200.0,1300.0,6100.0,2000.0,100.0,2500.0,500.0,700.0,1400.0,2500.0,900.0,500.0,100.0,200.0,100.0
hh_with_children,percentiles_81_90,1980,119600.0,118600.0,94500.0,0.0,3400.0,4600.0,200.0,1000.0,5400.0,1700.0,100.0,2800.0,500.0,800.0,1100.0,2600.0,1000.0,500.0,100.0,300.0,100.0
hh_with_children,percentiles_81_90,1981,119200.0,118200.0,94500.0,0.0,3600.0,5000.0,200.0,800.0,4300.0,1200.0,100.0,3400.0,500.0,1000.0,800.0,2800.0,1000.0,600.0,100.0,300.0,100.0
hh_with_children,percentiles_81_90,1982,118600.0,117400.0,94900.0,0.0,4000.0,5200.0,200.0,500.0,3400.0,1300.0,100.0,3400.0,600.0,900.0,500.0,2400.0,1200.0,600.0,100.0,300.0,100.0
hh_with_children,percentiles_81_90,1983,119200.0,118200.0,95000.0,0.0,4200.0,5300.0,200.0,700.0,3800.0,1600.0,100.0,3200.0,500.0,800.0,600.0,2300.0,1000.0,400.0,100.0,300.0,100.0
hh_with_children,percentiles_81_90,1984,127000.0,125800.0,99300.0,700.0,4100.0,5800.0,200.0,800.0,5200.0,1500.0,200.0,3300.0,600.0,700.0,700.0,2600.0,1100.0,700.0,100.0,200.0,100.0
hh_with_children,percentiles_81_90,1985,126700.0,125800.0,100000.0,1200.0,4300.0,6000.0,200.0,800.0,4300.0,1700.0,200.0,2800.0,500.0,700.0,600.0,2600.0,800.0,400.0,100.0,200.0,100.0
hh_with_children,percentiles_81_90,1986,132400.0,131400.0,102900.0,1300.0,4400.0,6400.0,200.0,800.0,5200.0,2500.0,200.0,2500.0,400.0,800.0,600.0,3300.0,1000.0,500.0,100.0,300.0,200.0
hh_with_children,percentiles_81_90,1987,134300.0,133400.0,104000.0,1500.0,4700.0,6400.0,200.0,1000.0,5700.0,1500.0,200.0,2600.0,400.0,900.0,900.0,3300.0,900.0,400.0,100.0,200.0,100.0
hh_with_children,percentiles_81_90,1988,136300.0,135500.0,105300.0,1800.0,5100.0,6700.0,200.0,1100.0,5600.0,1400.0,200.0,2600.0,400.0,900.0,800.0,3600.0,800.0,400.0,100.0,200.0,100.0
hh_with_children,percentiles_81_90,1989,138400.0,137500.0,105700.0,1900.0,5100.0,6800.0,200.0,1000.0,6000.0,1500.0,200.0,3000.0,500.0,1000.0,900.0,3700.0,1000.0,500.0,100.0,200.0,100.0
hh_with_children,percentiles_81_90,1990,137400.0,136400.0,105200.0,2000.0,5200.0,7000.0,200.0,1000.0,5400.0,1200.0,200.0,2900.0,400.0,900.0,800.0,4000.0,900.0,400.0,200.0,200.0,200.0
hh_with_children,percentiles_81_90,1991,135500.0,134400.0,103500.0,2000.0,5200.0,7100.0,200.0,900.0,5900.0,1200.0,200.0,2400.0,400.0,800.0,800.0,3800.0,1100.0,500.0,200.0,300.0,100.0
hh_with_children,percentiles_81_90,1992,136500.0,135300.0,104000.0,2500.0,5900.0,7200.0,200.0,900.0,5600.0,1100.0,200.0,1700.0,500.0,700.0,700.0,4100.0,1200.0,500.0,200.0,300.0,100.0
hh_with_children,percentiles_81_90,1993,137400.0,136400.0,104000.0,2500.0,6700.0,7100.0,200.0,1100.0,6000.0,1100.0,200.0,1300.0,500.0,700.0,800.0,4100.0,1000.0,500.0,200.0,200.0,100.0
hh_with_children,percentiles_81_90,1994,140100.0,138900.0,105700.0,2800.0,7100.0,7400.0,200.0,1200.0,5700.0,1200.0,200.0,1300.0,500.0,700.0,900.0,4200.0,1200.0,700.0,200.0,300.0,100.0
hh_with_children,percentiles_81_90,1995,145000.0,143600.0,107700.0,3400.0,7400.0,7600.0,200.0,1300.0,6200.0,1300.0,200.0,1500.0,500.0,800.0,1000.0,4300.0,1400.0,700.0,300.0,200.0,100.0
hh_with_children,percentiles_81_90,1996,148600.0,147700.0,109700.0,4100.0,7100.0,7700.0,100.0,1400.0,6900.0,1700.0,200.0,1600.0,600.0,800.0,1000.0,4800.0,1000.0,500.0,200.0,200.0,100.0
hh_with_children,percentiles_81_90,1997,152400.0,151400.0,112700.0,4100.0,6400.0,7900.0,100.0,1400.0,6900.0,2500.0,200.0,1400.0,600.0,1000.0,1100.0,4900.0,1000.0,500.0,200.0,200.0,100.0
hh_with_children,percentiles_81_90,1998,159600.0,158700.0,119000.0,4600.0,6400.0,8400.0,100.0,1400.0,7100.0,2600.0,100.0,1400.0,500.0,900.0,900.0,5200.0,900.0,400.0,200.0,200.0,100.0
hh_with_children,percentiles_81_90,1999,165600.0,164600.0,122300.0,5000.0,6200.0,8700.0,100.0,1400.0,7400.0,3200.0,100.0,1400.0,500.0,1100.0,1000.0,6200.0,1100.0,500.0,200.0,200.0,100.0
hh_with_children,percentiles_81_90,2000,169300.0,168200.0,124100.0,5200.0,6300.0,8800.0,100.0,1400.0,7400.0,3600.0,200.0,1500.0,1100.0,1200.0,1100.0,6200.0,1100.0,600.0,200.0,200.0,100.0
hh_with_children,percentiles_81_90,2001,168400.0,167200.0,126600.0,5300.0,6900.0,9200.0,100.0,1000.0,6900.0,1200.0,200.0,1500.0,600.0,900.0,600.0,6200.0,1200.0,600.0,300.0,300.0,100.0
hh_with_children,percentiles_81_90,2002,164200.0,162800.0,123200.0,5000.0,7600.0,8800.0,100.0,900.0,7100.0,700.0,200.0,1000.0,600.0,800.0,600.0,6200.0,1400.0,600.0,300.0,400.0,100.0
hh_with_children,percentiles_81_90,2003,167400.0,165900.0,122800.0,5900.0,8500.0,8800.0,100.0,1200.0,7300.0,1200.0,200.0,1100.0,600.0,900.0,900.0,6500.0,1500.0,700.0,300.0,400.0,100.0
hh_with_children,percentiles_81_90,2004,171600.0,170200.0,124600.0,6000.0,9500.0,8900.0,100.0,1500.0,7300.0,1800.0,200.0,800.0,800.0,1000.0,1000.0,6800.0,1400.0,700.0,300.0,300.0,100.0
hh_with_children,percentiles_81_90,2005,175900.0,174600.0,125800.0,6500.0,9700.0,8900.0,100.0,2000.0,8800.0,2400.0,100.0,1000.0,700.0,900.0,1200.0,6500.0,1200.0,600.0,300.0,200.0,100.0
hh_with_children,percentiles_81_90,2006,181400.0,180100.0,129100.0,6800.0,9900.0,9200.0,100.0,2200.0,8400.0,2800.0,200.0,1400.0,700.0,1100.0,1400.0,6900.0,1300.0,600.0,400.0,300.0,100.0
hh_with_children,percentiles_81_90,2007,185200.0,183700.0,132800.0,7000.0,9300.0,9400.0,100.0,1900.0,8300.0,3300.0,200.0,1600.0,700.0,1400.0,1200.0,6600.0,1400.0,700.0,400.0,200.0,100.0
hh_with_children,percentiles_81_90,2008,179300.0,177800.0,130900.0,7000.0,9400.0,9400.0,100.0,1100.0,7500.0,1100.0,200.0,1300.0,700.0,1200.0,700.0,7200.0,1400.0,600.0,400.0,300.0,100.0
hh_with_children,percentiles_81_90,2009,175400.0,173400.0,128800.0,6400.0,9500.0,9300.0,100.0,900.0,6900.0,500.0,300.0,1100.0,800.0,900.0,600.0,7400.0,1900.0,800.0,500.0,700.0,
hh_with_children,percentiles_81_90,2010,177000.0,174900.0,129100.0,6300.0,9200.0,9200.0,100.0,1200.0,7200.0,800.0,200.0,800.0,800.0,900.0,700.0,8300.0,2000.0,800.0,400.0,700.0,200.0
hh_with_children,percentiles_81_90,2011,178100.0,176100.0,129900.0,6400.0,9300.0,9200.0,100.0,1200.0,7600.0,1000.0,200.0,600.0,800.0,1000.0,700.0,8200.0,2000.0,900.0,500.0,500.0,100.0
hh_with_children,percentiles_81_90,2012,179000.0,177300.0,130500.0,6800.0,9300.0,9400.0,100.0,1400.0,8300.0,1000.0,200.0,500.0,800.0,1000.0,600.0,7600.0,1700.0,700.0,400.0,400.0,100.0
hh_with_children,percentiles_81_90,2013,182700.0,180900.0,132300.0,6700.0,9200.0,9500.0,100.0,1500.0,8500.0,1700.0,200.0,400.0,900.0,1100.0,1000.0,7700.0,1700.0,800.0,500.0,400.0,100.0
hh_with_children,percentiles_81_90,2014,186200.0,184700.0,135100.0,6800.0,9100.0,9700.0,100.0,1700.0,9100.0,1800.0,100.0,300.0,800.0,1100.0,900.0,7900.0,1600.0,800.0,400.0,300.0,100.0
hh_with_children,percentiles_81_90,2015,193800.0,192000.0,140800.0,7200.0,9000.0,10100.0,100.0,1600.0,9600.0,2000.0,200.0,400.0,900.0,1100.0,1000.0,8000.0,1800.0,1000.0,500.0,200.0,100.0
hh_with_children,percentiles_91_95,1979,154600.0,153500.0,112600.0,0.0,4100.0,4500.0,200.0,1500.0,12900.0,5000.0,200.0,4000.0,900.0,1800.0,2900.0,3000.0,1000.0,700.0,100.0,200.0,
hh_with_children,percentiles_91_95,1980,151300.0,150000.0,112300.0,0.0,3500.0,4600.0,200.0,1200.0,9800.0,5000.0,200.0,4900.0,700.0,1800.0,2400.0,3500.0,1300.0,800.0,100.0,300.0,
hh_with_children,percentiles_91_95,1981,150800.0,149700.0,113100.0,0.0,3800.0,5200.0,200.0,1000.0,8500.0,3800.0,200.0,5700.0,900.0,2100.0,1700.0,3400.0,1100.0,700.0,100.0,200.0,100.0
hh_with_children,percentiles_91_95,1982,150100.0,149100.0,116300.0,0.0,4100.0,5500.0,200.0,600.0,6900.0,3000.0,300.0,5300.0,800.0,2000.0,900.0,3200.0,1000.0,600.0,100.0,200.0,100.0
hh_with_children,percentiles_91_95,1983,153300.0,152600.0,117200.0,0.0,4400.0,5900.0,200.0,800.0,7600.0,4100.0,400.0,4600.0,1100.0,1600.0,1200.0,3500.0,800.0,400.0,100.0,200.0,100.0
hh_with_children,percentiles_91_95,1984,163100.0,162300.0,119800.0,900.0,4400.0,6300.0,200.0,1000.0,11200.0,4000.0,500.0,5100.0,800.0,1900.0,1400.0,4600.0,900.0,600.0,100.0,200.0,
hh_with_children,percentiles_91_95,1985,164300.0,163500.0,123500.0,1400.0,4700.0,6400.0,200.0,900.0,9200.0,4900.0,700.0,4500.0,700.0,1500.0,1200.0,3700.0,700.0,400.0,100.0,100.0,
hh_with_children,percentiles_91_95,1986,171300.0,170500.0,124900.0,1600.0,4600.0,6700.0,200.0,1000.0,12100.0,6900.0,700.0,4200.0,600.0,1800.0,1200.0,4000.0,800.0,400.0,100.0,200.0,100.0
hh_with_children,percentiles_91_95,1987,175400.0,174400.0,130700.0,1800.0,5000.0,7200.0,200.0,1300.0,10500.0,4000.0,400.0,4400.0,800.0,1900.0,1700.0,4600.0,1000.0,600.0,200.0,100.0,100.0
hh_with_children,percentiles_91_95,1988,177900.0,177200.0,130600.0,2200.0,5500.0,7400.0,200.0,1300.0,13000.0,3100.0,400.0,4300.0,800.0,1900.0,1600.0,5100.0,800.0,400.0,100.0,100.0,100.0
hh_with_children,percentiles_91_95,1989,181700.0,180700.0,130700.0,2400.0,5500.0,7400.0,200.0,1300.0,13400.0,3900.0,600.0,5200.0,1000.0,1800.0,1700.0,5700.0,1000.0,400.0,100.0,100.0,300.0
hh_with_children,percentiles_91_95,1990,180000.0,179200.0,130500.0,2400.0,6000.0,7700.0,200.0,1200.0,14500.0,2200.0,400.0,4700.0,800.0,1600.0,1400.0,5500.0,800.0,400.0,200.0,200.0,100.0
hh_with_children,percentiles_91_95,1991,177500.0,176600.0,129200.0,2500.0,5800.0,7900.0,200.0,1100.0,13500.0,2300.0,500.0,4400.0,1000.0,1900.0,1500.0,4900.0,1000.0,500.0,200.0,200.0,100.0
hh_with_children,percentiles_91_95,1992,179000.0,178200.0,130700.0,3200.0,6700.0,8100.0,200.0,1200.0,13900.0,2300.0,400.0,2800.0,900.0,1300.0,1400.0,5100.0,700.0,400.0,100.0,200.0,
hh_with_children,percentiles_91_95,1993,180200.0,179400.0,130800.0,3100.0,7300.0,8100.0,200.0,1400.0,13400.0,3300.0,700.0,2200.0,1100.0,1500.0,1800.0,4500.0,800.0,400.0,200.0,200.0,100.0
hh_with_children,percentiles_91_95,1994,183700.0,182700.0,132300.0,3500.0,8200.0,8200.0,100.0,1500.0,13200.0,2300.0,500.0,2300.0,1000.0,1600.0,1800.0,6000.0,1000.0,600.0,200.0,100.0,100.0
hh_with_children,percentiles_91_95,1995,191700.0,190700.0,137800.0,4400.0,8000.0,8800.0,100.0,1700.0,14800.0,2400.0,300.0,2600.0,1200.0,1500.0,1900.0,5300.0,1000.0,500.0,200.0,200.0,100.0
hh_with_children,percentiles_91_95,1996,197000.0,195800.0,140800.0,4900.0,7600.0,8900.0,100.0,1800.0,14600.0,3300.0,400.0,2600.0,1100.0,1800.0,1900.0,5900.0,1200.0,700.0,300.0,200.0,100.0
hh_with_children,percentiles_91_95,1997,205200.0,203900.0,144700.0,4900.0,6800.0,9100.0,100.0,1800.0,14900.0,5600.0,500.0,2900.0,1100.0,2400.0,2300.0,6900.0,1300.0,700.0,400.0,100.0,
hh_with_children,percentiles_91_95,1998,215800.0,215000.0,154400.0,5400.0,7100.0,9500.0,100.0,1800.0,15900.0,6400.0,400.0,2600.0,1300.0,1800.0,2000.0,6300.0,700.0,300.0,100.0,100.0,100.0
hh_with_children,percentiles_91_95,1999,224700.0,223700.0,158200.0,5700.0,7000.0,9900.0,100.0,1800.0,16000.0,8300.0,400.0,2300.0,1300.0,2400.0,2200.0,8200.0,1000.0,500.0,200.0,200.0,100.0
hh_with_children,percentiles_91_95,2000,231900.0,230800.0,161700.0,5800.0,7100.0,10200.0,100.0,1700.0,17100.0,8500.0,400.0,2700.0,1700.0,2700.0,2200.0,8600.0,1100.0,600.0,200.0,200.0,100.0
hh_with_children,percentiles_91_95,2001,225000.0,223900.0,164700.0,6100.0,7500.0,10500.0,100.0,1200.0,15500.0,3600.0,500.0,2500.0,1100.0,2100.0,1400.0,7200.0,1100.0,500.0,200.0,300.0,100.0
hh_with_children,percentiles_91_95,2002,219700.0,218600.0,160500.0,6500.0,8600.0,10200.0,100.0,1100.0,15600.0,2700.0,500.0,1900.0,1300.0,1500.0,1300.0,6700.0,1100.0,500.0,200.0,400.0,100.0
hh_with_children,percentiles_91_95,2003,224200.0,222800.0,159700.0,8800.0,9500.0,10300.0,100.0,1500.0,15800.0,3300.0,400.0,1500.0,1100.0,1400.0,1700.0,7600.0,1300.0,600.0,300.0,400.0,
hh_with_children,percentiles_91_95,2004,232100.0,231100.0,162700.0,9500.0,10400.0,10600.0,100.0,1900.0,17200.0,4800.0,300.0,1600.0,1200.0,2000.0,2100.0,6700.0,1100.0,600.0,200.0,200.0,
hh_with_children,percentiles_91_95,2005,239500.0,238200.0,164200.0,10000.0,10500.0,10500.0,100.0,2500.0,18700.0,6600.0,300.0,1900.0,1100.0,2100.0,2600.0,7100.0,1300.0,600.0,300.0,200.0,100.0
hh_with_children,percentiles_91_95,2006,248700.0,247600.0,169100.0,10400.0,10700.0,10700.0,100.0,2800.0,18400.0,7500.0,400.0,2800.0,1200.0,2500.0,3000.0,7900.0,1100.0,500.0,300.0,200.0,100.0
hh_with_children,percentiles_91_95,2007,257300.0,256100.0,173200.0,11000.0,9700.0,10900.0,100.0,2400.0,21200.0,8200.0,600.0,3200.0,1200.0,2900.0,2600.0,8800.0,1200.0,600.0,300.0,200.0,100.0
hh_with_children,percentiles_91_95,2008,246200.0,245000.0,174100.0,10900.0,10100.0,11100.0,100.0,1500.0,17200.0,3200.0,600.0,2500.0,1300.0,2300.0,1400.0,8700.0,1200.0,500.0,400.0,200.0,100.0
hh_with_children,percentiles_91_95,2009,238300.0,236300.0,170300.0,10400.0,10500.0,11300.0,100.0,1100.0,15400.0,1700.0,600.0,1800.0,1200.0,1600.0,1100.0,9200.0,2000.0,800.0,500.0,700.0,100.0
hh_with_children,percentiles_91_95,2010,240900.0,239100.0,171500.0,10300.0,10100.0,11200.0,100.0,1600.0,16000.0,2100.0,500.0,1300.0,1200.0,1700.0,1300.0,10200.0,1800.0,800.0,400.0,500.0,
hh_with_children,percentiles_91_95,2011,242400.0,240600.0,171300.0,10300.0,10000.0,11000.0,100.0,1600.0,16500.0,2700.0,500.0,1100.0,1500.0,2100.0,1500.0,10400.0,1700.0,700.0,400.0,500.0,100.0
hh_with_children,percentiles_91_95,2012,247800.0,246200.0,175000.0,10500.0,9900.0,11200.0,100.0,1900.0,17700.0,2900.0,500.0,1100.0,1400.0,2500.0,1500.0,9800.0,1600.0,800.0,400.0,400.0,100.0
hh_with_children,percentiles_91_95,2013,255000.0,253200.0,180300.0,11300.0,9700.0,11800.0,100.0,2100.0,17500.0,3700.0,400.0,900.0,1400.0,2200.0,2000.0,9800.0,1800.0,800.0,500.0,300.0,200.0
hh_with_children,percentiles_91_95,2014,260400.0,258800.0,181800.0,11700.0,9500.0,11900.0,100.0,2300.0,19400.0,5100.0,400.0,900.0,1500.0,2400.0,2200.0,9800.0,1600.0,800.0,500.0,200.0,100.0
hh_with_children,percentiles_91_95,2015,270100.0,268300.0,188100.0,12200.0,9400.0,12100.0,100.0,2200.0,21500.0,5100.0,500.0,1100.0,1700.0,2900.0,2300.0,9100.0,1800.0,1100.0,600.0,200.0,
hh_with_children,percentiles_96_99,1979,230600.0,229800.0,139600.0,0.0,4000.0,3800.0,200.0,1800.0,34300.0,16600.0,1000.0,7800.0,2700.0,5200.0,8200.0,4700.0,800.0,600.0,100.0,100.0,100.0
hh_with_children,percentiles_96_99,1980,224200.0,223400.0,142100.0,0.0,3600.0,4200.0,200.0,1500.0,28200.0,13900.0,900.0,9400.0,2800.0,6100.0,6200.0,4300.0,800.0,500.0,100.0,100.0,100.0
hh_with_children,percentiles_96_99,1981,223100.0,221900.0,145600.0,0.0,3800.0,4600.0,200.0,1200.0,24500.0,12900.0,1100.0,11200.0,2400.0,5700.0,4600.0,4100.0,1100.0,800.0,100.0,100.0,100.0
hh_with_children,percentiles_96_99,1982,221900.0,221000.0,153000.0,0.0,4200.0,5200.0,200.0,800.0,21800.0,10200.0,1400.0,9600.0,2600.0,5500.0,2400.0,4200.0,900.0,600.0,100.0,100.0,
hh_with_children,percentiles_96_99,1983,227800.0,226800.0,150700.0,0.0,4700.0,5600.0,200.0,1000.0,22800.0,15100.0,2000.0,8900.0,2500.0,4700.0,3300.0,5300.0,1000.0,600.0,100.0,200.0,100.0
hh_with_children,percentiles_96_99,1984,243200.0,242000.0,159200.0,1000.0,4300.0,6000.0,200.0,1300.0,28900.0,15000.0,1800.0,8900.0,2400.0,4200.0,3600.0,5200.0,1100.0,700.0,200.0,200.0,100.0
hh_with_children,percentiles_96_99,1985,246300.0,245200.0,161400.0,1500.0,4900.0,6400.0,200.0,1200.0,25700.0,17900.0,2500.0,9100.0,2200.0,4000.0,3400.0,4800.0,1100.0,600.0,100.0,200.0,200.0
hh_with_children,percentiles_96_99,1986,270700.0,269900.0,170300.0,1600.0,5100.0,6500.0,200.0,1300.0,29800.0,28200.0,2900.0,7700.0,3100.0,4000.0,3600.0,5700.0,800.0,500.0,100.0,100.0,
hh_with_children,percentiles_96_99,1987,265300.0,264200.0,170100.0,1800.0,5600.0,6700.0,200.0,1600.0,33300.0,15600.0,2100.0,9700.0,2700.0,4700.0,5100.0,5000.0,1100.0,700.0,200.0,100.0,100.0
hh_with_children,percentiles_96_99,1988,277000.0,276200.0,177000.0,2000.0,6000.0,7100.0,200.0,1700.0,39000.0,13900.0,1600.0,9500.0,2400.0,4500.0,4600.0,6800.0,800.0,400.0,200.0,100.0,200.0
hh_with_children,percentiles_96_99,1989,277300.0,276600.0,178200.0,2400.0,6000.0,7400.0,200.0,1700.0,37000.0,11900.0,2100.0,10900.0,2500.0,4700.0,4500.0,7400.0,700.0,400.0,100.0,100.0,100.0
hh_with_children,percentiles_96_99,1990,276300.0,275300.0,177400.0,2300.0,6200.0,7400.0,100.0,1500.0,40700.0,10000.0,1900.0,10000.0,2500.0,4600.0,4300.0,6300.0,1000.0,500.0,200.0,100.0,200.0
hh_with_children,percentiles_96_99,1991,271800.0,271100.0,174600.0,2500.0,6300.0,7800.0,100.0,1400.0,41500.0,8200.0,2100.0,9300.0,2500.0,4300.0,3900.0,6400.0,700.0,400.0,100.0,100.0,100.0
hh_with_children,percentiles_96_99,1992,278600.0,277600.0,181700.0,3200.0,7000.0,8800.0,100.0,1600.0,41900.0,8400.0,2000.0,6300.0,2700.0,3700.0,4200.0,6000.0,1100.0,500.0,200.0,200.0,200.0
hh_with_children,percentiles_96_99,1993,278200.0,277100.0,179900.0,3700.0,7800.0,8600.0,100.0,1800.0,41500.0,9100.0,2000.0,5200.0,2500.0,3800.0,4700.0,6300.0,1100.0,600.0,200.0,200.0,100.0
hh_with_children,percentiles_96_99,1994,283300.0,282000.0,182100.0,3600.0,8800.0,8900.0,100.0,2000.0,43800.0,8500.0,1700.0,4600.0,2600.0,3500.0,5000.0,6700.0,1200.0,800.0,200.0,200.0,100.0
hh_with_children,percentiles_96_99,1995,298500.0,297400.0,192700.0,4000.0,8700.0,9100.0,100.0,2200.0,44900.0,9900.0,2000.0,5700.0,2800.0,4300.0,5700.0,5300.0,1100.0,600.0,200.0,200.0,100.0
hh_with_children,percentiles_96_99,1996,317300.0,316100.0,200800.0,4700.0,8600.0,9400.0,100.0,2400.0,47600.0,13800.0,1600.0,5600.0,3000.0,5200.0,6000.0,7300.0,1200.0,700.0,400.0,100.0,
hh_with_children,percentiles_96_99,1997,335000.0,333900.0,212700.0,4400.0,8300.0,9800.0,100.0,2600.0,47900.0,18200.0,1600.0,5600.0,3000.0,5900.0,6200.0,7500.0,1000.0,700.0,300.0,100.0,
hh_with_children,percentiles_96_99,1998,358300.0,357300.0,226600.0,4900.0,8000.0,10300.0,100.0,2500.0,53500.0,20900.0,1900.0,6100.0,3200.0,5700.0,5900.0,7700.0,1000.0,500.0,300.0,100.0,
hh_with_children,percentiles_96_99,1999,376700.0,376100.0,232700.0,5200.0,7700.0,10900.0,100.0,2500.0,56700.0,28200.0,1800.0,6000.0,3000.0,6100.0,6400.0,8800.0,600.0,300.0,200.0,100.0,
hh_with_children,percentiles_96_99,2000,383700.0,382300.0,239800.0,5500.0,8100.0,11200.0,100.0,2500.0,53100.0,27400.0,1800.0,6700.0,3200.0,7100.0,6100.0,9500.0,1400.0,800.0,300.0,100.0,200.0
hh_with_children,percentiles_96_99,2001,364500.0,363200.0,240600.0,5100.0,8800.0,11100.0,100.0,1700.0,53700.0,13600.0,1900.0,6400.0,3100.0,4700.0,4100.0,8400.0,1300.0,800.0,300.0,200.0,100.0
hh_with_children,percentiles_96_99,2002,351300.0,350200.0,233700.0,7600.0,9500.0,11200.0,100.0,1600.0,52700.0,9300.0,1900.0,4300.0,2700.0,3900.0,3500.0,8300.0,1200.0,700.0,200.0,200.0,
hh_with_children,percentiles_96_99,2003,359600.0,358600.0,234200.0,10800.0,10000.0,11400.0,100.0,2100.0,52100.0,13200.0,1600.0,3400.0,3000.0,4400.0,5300.0,7000.0,1000.0,400.0,200.0,300.0,100.0
hh_with_children,percentiles_96_99,2004,380800.0,379700.0,241100.0,11700.0,10600.0,11500.0,100.0,2700.0,56900.0,17900.0,1600.0,3500.0,2700.0,5300.0,6300.0,7900.0,1100.0,600.0,300.0,200.0,
hh_with_children,percentiles_96_99,2005,412500.0,411200.0,248600.0,12400.0,10900.0,11500.0,100.0,3700.0,65100.0,25700.0,1800.0,4700.0,3200.0,6100.0,8800.0,8800.0,1300.0,700.0,300.0,100.0,100.0
hh_with_children,percentiles_96_99,2006,428000.0,426800.0,256400.0,13000.0,10700.0,11900.0,100.0,4100.0,65100.0,28300.0,2300.0,6100.0,3200.0,6900.0,9400.0,9200.0,1200.0,600.0,400.0,200.0,
hh_with_children,percentiles_96_99,2007,442700.0,441500.0,268800.0,13500.0,10200.0,12200.0,100.0,3600.0,65100.0,28900.0,2400.0,7700.0,3300.0,8300.0,7900.0,9400.0,1200.0,700.0,300.0,100.0,100.0
hh_with_children,percentiles_96_99,2008,405200.0,404000.0,261300.0,13900.0,10200.0,12300.0,100.0,2100.0,60300.0,12200.0,2300.0,6000.0,3200.0,6600.0,4200.0,9400.0,1200.0,600.0,400.0,200.0,
hh_with_children,percentiles_96_99,2009,380400.0,378700.0,253600.0,14200.0,10400.0,12800.0,100.0,1700.0,53200.0,6400.0,2100.0,3900.0,2600.0,4300.0,3200.0,10300.0,1700.0,700.0,500.0,500.0,
hh_with_children,percentiles_96_99,2010,391500.0,390100.0,259000.0,14100.0,10200.0,12700.0,100.0,2400.0,54200.0,8500.0,2200.0,3100.0,3100.0,5000.0,4200.0,11400.0,1400.0,500.0,400.0,500.0,
hh_with_children,percentiles_96_99,2011,399800.0,398000.0,266800.0,14600.0,10000.0,12600.0,100.0,2400.0,53600.0,8300.0,2100.0,3000.0,3300.0,5400.0,4200.0,11600.0,1800.0,900.0,500.0,400.0,
hh_with_children,percentiles_96_99,2012,419800.0,418500.0,272000.0,14100.0,10000.0,12700.0,100.0,2900.0,63500.0,12400.0,1800.0,2500.0,3500.0,6200.0,4700.0,12200.0,1300.0,600.0,400.0,300.0,
hh_with_children,percentiles_96_99,2013,423200.0,421700.0,272800.0,14800.0,9600.0,13100.0,100.0,3000.0,64900.0,13800.0,1700.0,2300.0,3500.0,6400.0,6300.0,9300.0,1500.0,800.0,500.0,200.0,100.0
hh_with_children,percentiles_96_99,2014,442200.0,440400.0,283300.0,15100.0,9300.0,13400.0,100.0,3400.0,65200.0,18500.0,1600.0,2200.0,3900.0,7200.0,7000.0,10300.0,1700.0,900.0,600.0,200.0,
hh_with_children,percentiles_96_99,2015,456000.0,454000.0,295300.0,15700.0,9700.0,13700.0,100.0,3300.0,70000.0,16000.0,1500.0,2100.0,3200.0,6900.0,6000.0,10500.0,2000.0,1100.0,700.0,200.0,
hh_with_children,top_1_percent,1979,653300.0,652000.0,271300.0,0.0,3500.0,3000.0,200.0,3300.0,74100.0,155500.0,9600.0,24300.0,10000.0,34800.0,57000.0,5300.0,1300.0,1100.0,100.0,100.0,
hh_with_children,top_1_percent,1980,630800.0,629800.0,282700.0,0.0,3300.0,3600.0,200.0,2900.0,60700.0,146500.0,7700.0,28500.0,10000.0,33700.0,43000.0,7000.0,1000.0,800.0,100.0,100.0,
hh_with_children,top_1_percent,1981,652500.0,651600.0,293400.0,0.0,4100.0,3900.0,200.0,2400.0,50600.0,156000.0,10700.0,39800.0,11800.0,36900.0,36600.0,5100.0,1000.0,700.0,100.0,100.0,
hh_with_children,top_1_percent,1982,664000.0,662900.0,304500.0,0.0,4300.0,5100.0,200.0,1500.0,57200.0,167300.0,12600.0,34700.0,13300.0,32100.0,22400.0,7700.0,1100.0,800.0,100.0,100.0,200.0
hh_with_children,top_1_percent,1983,774800.0,773500.0,324600.0,0.0,4900.0,5600.0,200.0,2200.0,73400.0,223400.0,16900.0,36800.0,12800.0,33400.0,32500.0,6700.0,1400.0,800.0,200.0,100.0,200.0
hh_with_children,top_1_percent,1984,849100.0,848000.0,363300.0,800.0,4500.0,6100.0,200.0,2800.0,89600.0,228400.0,20200.0,47800.0,12000.0,24000.0,36900.0,11300.0,1100.0,700.0,200.0,100.0,100.0
hh_with_children,top_1_percent,1985,849800.0,849100.0,340600.0,1200.0,4800.0,6100.0,200.0,2400.0,85200.0,275100.0,19200.0,40100.0,10500.0,24600.0,34700.0,4400.0,700.0,500.0,100.0,100.0,100.0
hh_with_children,top_1_percent,1986,1333500.0,1332100.0,357600.0,1300.0,4500.0,6300.0,200.0,2700.0,89500.0,671200.0,32300.0,40400.0,8800.0,61200.0,53900.0,2400.0,1300.0,600.0,100.0,100.0,500.0
hh_with_children,top_1_percent,1987,947100.0,945800.0,440600.0,1600.0,6300.0,7300.0,200.0,4000.0,140000.0,184800.0,15900.0,55400.0,11300.0,26200.0,42400.0,9900.0,1300.0,800.0,300.0,100.0,200.0
hh_with_children,top_1_percent,1988,1153500.0,1152700.0,513200.0,1700.0,6800.0,7200.0,200.0,4700.0,207000.0,222700.0,14700.0,60900.0,10700.0,33800.0,48500.0,20700.0,800.0,400.0,200.0,,200.0
hh_with_children,top_1_percent,1989,1104100.0,1103400.0,471700.0,2000.0,6900.0,7600.0,200.0,4200.0,209200.0,191400.0,16900.0,76300.0,12900.0,39100.0,46900.0,18300.0,700.0,400.0,100.0,100.0,200.0
hh_with_children,top_1_percent,1990,927200.0,926000.0,441400.0,2000.0,7400.0,7700.0,100.0,3700.0,177700.0,129900.0,12000.0,55000.0,10500.0,26000.0,36700.0,15800.0,1300.0,700.0,200.0,100.0,300.0
hh_with_children,top_1_percent,1991,934600.0,933400.0,435500.0,2300.0,7000.0,6700.0,100.0,3300.0,186700.0,115700.0,18800.0,58600.0,10800.0,30400.0,37100.0,20400.0,1200.0,700.0,200.0,200.0,200.0
hh_with_children,top_1_percent,1992,1028600.0,1027300.0,498400.0,2700.0,6800.0,9000.0,100.0,4100.0,208300.0,135300.0,17200.0,42400.0,12300.0,28300.0,44800.0,17500.0,1300.0,800.0,400.0,100.0,
hh_with_children,top_1_percent,1993,1038200.0,1037500.0,487800.0,3000.0,7500.0,7500.0,100.0,4600.0,202800.0,159800.0,16800.0,37400.0,14000.0,27000.0,55300.0,13700.0,700.0,400.0,200.0,100.0,100.0
hh_with_children,top_1_percent,1994,1009000.0,1008200.0,464500.0,3200.0,9000.0,11500.0,100.0,4700.0,216800.0,138600.0,16500.0,33200.0,12900.0,25400.0,55500.0,16200.0,800.0,400.0,100.0,100.0,300.0
hh_with_children,top_1_percent,1995,1192700.0,1191400.0,522200.0,3300.0,11100.0,13300.0,100.0,5800.0,245800.0,182400.0,19500.0,49400.0,13400.0,35500.0,70200.0,19400.0,1400.0,700.0,600.0,100.0,
hh_with_children,top_1_percent,1996,1313600.0,1312900.0,554600.0,3700.0,10400.0,13900.0,100.0,6300.0,260700.0,257900.0,16800.0,44200.0,13600.0,35400.0,72300.0,23000.0,700.0,400.0,200.0,100.0,
hh_with_children,top_1_percent,1997,1432700.0,1430800.0,577800.0,3700.0,8400.0,14700.0,100.0,6600.0,258900.0,343800.0,18800.0,43700.0,14400.0,39200.0,77900.0,22800.0,1900.0,1600.0,300.0,,
hh_with_children,top_1_percent,1998,1664200.0,1663400.0,671400.0,3900.0,9300.0,16400.0,100.0,7000.0,288700.0,440400.0,19800.0,49500.0,12300.0,40000.0,80500.0,24100.0,900.0,500.0,300.0,100.0,
hh_with_children,top_1_percent,1999,2031300.0,2031000.0,815800.0,4300.0,8300.0,19000.0,100.0,8300.0,330600.0,586200.0,23200.0,54800.0,12400.0,46800.0,93300.0,27900.0,300.0,100.0,100.0,100.0,
hh_with_children,top_1_percent,2000,2281600.0,2280500.0,927900.0,4600.0,9000.0,20800.0,100.0,9100.0,318900.0,708100.0,24600.0,63000.0,12300.0,56600.0,98800.0,26800.0,1000.0,700.0,200.0,100.0,100.0
hh_with_children,top_1_percent,2001,1779700.0,1778900.0,783200.0,4300.0,9500.0,18600.0,100.0,5300.0,342100.0,370800.0,25100.0,63200.0,15300.0,45800.0,70200.0,25300.0,800.0,300.0,200.0,100.0,200.0
hh_with_children,top_1_percent,2002,1556100.0,1554900.0,706300.0,7700.0,9800.0,17400.0,100.0,4400.0,365500.0,246800.0,22200.0,43700.0,13100.0,36500.0,59600.0,21800.0,1100.0,500.0,400.0,200.0,
hh_with_children,top_1_percent,2003,1657400.0,1656400.0,691400.0,10500.0,10900.0,17100.0,100.0,5900.0,371700.0,308500.0,22000.0,43600.0,14300.0,47500.0,90900.0,22200.0,1000.0,500.0,300.0,200.0,
hh_with_children,top_1_percent,2004,1935900.0,1934700.0,731600.0,11200.0,10200.0,17400.0,100.0,7700.0,410200.0,451000.0,20800.0,47300.0,13600.0,71400.0,118500.0,23900.0,1200.0,900.0,200.0,100.0,
hh_with_children,top_1_percent,2005,2268300.0,2267100.0,760200.0,11000.0,11200.0,17800.0,100.0,10400.0,473700.0,608700.0,25200.0,71300.0,16400.0,75500.0,159300.0,26300.0,1200.0,800.0,300.0,100.0,100.0
hh_with_children,top_1_percent,2006,2605300.0,2604300.0,815200.0,11500.0,10700.0,18700.0,100.0,12100.0,528600.0,727100.0,37500.0,107900.0,16400.0,103600.0,189200.0,25700.0,1000.0,500.0,400.0,100.0,
hh_with_children,top_1_percent,2007,2826500.0,2825500.0,904400.0,11900.0,10200.0,19900.0,100.0,11300.0,513100.0,859500.0,40900.0,124900.0,16300.0,118700.0,167300.0,27200.0,1000.0,500.0,300.0,100.0,
hh_with_children,top_1_percent,2008,2235500.0,2234000.0,827000.0,12300.0,10500.0,19000.0,100.0,6300.0,498600.0,482400.0,34500.0,87000.0,18800.0,103600.0,103700.0,30200.0,1500.0,700.0,300.0,200.0,300.0
hh_with_children,top_1_percent,2009,1604500.0,1603400.0,678300.0,13600.0,10800.0,17700.0,100.0,4100.0,438300.0,207200.0,23400.0,52700.0,12600.0,57100.0,65700.0,22000.0,1000.0,400.0,300.0,300.0,
hh_with_children,top_1_percent,2010,2065000.0,2063600.0,762000.0,13400.0,9200.0,18400.0,100.0,6400.0,488300.0,403400.0,27600.0,63600.0,14200.0,94500.0,125000.0,37700.0,1400.0,600.0,400.0,300.0,
hh_with_children,top_1_percent,2011,1934200.0,1932400.0,764700.0,13600.0,9100.0,18400.0,100.0,6300.0,462500.0,358200.0,22400.0,46700.0,14700.0,72900.0,109300.0,33700.0,1800.0,1100.0,500.0,200.0,
hh_with_children,top_1_percent,2012,2351700.0,2348900.0,812000.0,12900.0,9000.0,19100.0,100.0,7900.0,550300.0,546800.0,22600.0,53900.0,17800.0,120700.0,132800.0,43000.0,2800.0,1800.0,800.0,200.0,
hh_with_children,top_1_percent,2013,2015800.0,2014600.0,764800.0,14100.0,9500.0,18800.0,100.0,7900.0,489400.0,389800.0,20200.0,47200.0,17300.0,82100.0,125800.0,27500.0,1200.0,700.0,300.0,100.0,
hh_with_children,top_1_percent,2014,2308300.0,2307000.0,818100.0,14000.0,8400.0,18800.0,100.0,9100.0,508600.0,558000.0,19700.0,46900.0,20200.0,104000.0,147400.0,33700.0,1300.0,900.0,400.0,100.0,
hh_with_children,top_1_percent,2015,2456800.0,2455600.0,878600.0,14900.0,7700.0,20800.0,100.0,9000.0,568700.0,580900.0,19300.0,48200.0,16000.0,112100.0,146700.0,32600.0,1300.0,800.0,400.0,100.0,
elderly_headed_hh,all_quintiles,1979,48000.0,32500.0,8100.0,0.0,300.0,400.0,,100.0,1700.0,3400.0,400.0,5900.0,1200.0,2900.0,3300.0,4700.0,15500.0,11700.0,3600.0,100.0,100.0
elderly_headed_hh,all_quintiles,1980,48100.0,31800.0,7800.0,0.0,200.0,400.0,,100.0,1300.0,2900.0,400.0,7200.0,1200.0,2900.0,2600.0,4700.0,16300.0,12100.0,4000.0,100.0,100.0
elderly_headed_hh,all_quintiles,1981,50400.0,33200.0,7800.0,0.0,300.0,400.0,,100.0,1000.0,2700.0,400.0,9100.0,1300.0,3000.0,2100.0,4800.0,17200.0,12700.0,4400.0,,100.0
elderly_headed_hh,all_quintiles,1982,52400.0,34000.0,8100.0,0.0,300.0,500.0,,,900.0,3000.0,500.0,9900.0,1200.0,3200.0,1300.0,5000.0,18500.0,13400.0,4900.0,100.0,100.0
elderly_headed_hh,all_quintiles,1983,54300.0,35000.0,7900.0,0.0,300.0,500.0,,100.0,1100.0,3800.0,700.0,9300.0,1200.0,3000.0,1700.0,5500.0,19300.0,13900.0,5300.0,100.0,100.0
elderly_headed_hh,all_quintiles,1984,57400.0,38000.0,8600.0,,300.0,500.0,,100.0,1300.0,4300.0,800.0,10100.0,1200.0,2900.0,2100.0,5800.0,19400.0,13800.0,5400.0,100.0,100.0
elderly_headed_hh,all_quintiles,1985,59100.0,39300.0,8500.0,,300.0,500.0,,100.0,1100.0,5100.0,900.0,9900.0,1200.0,3000.0,2000.0,6600.0,19800.0,13900.0,5700.0,100.0,100.0
elderly_headed_hh,all_quintiles,1986,63200.0,42900.0,8600.0,100.0,300.0,500.0,,100.0,1300.0,9200.0,1100.0,8900.0,1200.0,3000.0,2100.0,6600.0,20300.0,14200.0,5900.0,100.0,100.0
elderly_headed_hh,all_quintiles,1987,57500.0,37600.0,8200.0,100.0,400.0,500.0,,100.0,1400.0,3900.0,1700.0,7900.0,1000.0,3200.0,2600.0,6800.0,19900.0,13900.0,5800.0,,100.0
elderly_headed_hh,all_quintiles,1988,59700.0,39800.0,8300.0,100.0,400.0,500.0,,100.0,1700.0,4100.0,1700.0,8100.0,1000.0,3400.0,2700.0,7700.0,20000.0,14100.0,5800.0,,
elderly_headed_hh,all_quintiles,1989,60200.0,40100.0,7800.0,100.0,400.0,500.0,,100.0,1600.0,3600.0,1900.0,9200.0,1000.0,3400.0,2600.0,7900.0,20100.0,14100.0,5900.0,,100.0
elderly_headed_hh,all_quintiles,1990,59900.0,39100.0,8300.0,100.0,400.0,500.0,,100.0,1700.0,2400.0,1800.0,9000.0,1100.0,3100.0,2400.0,8300.0,20800.0,14300.0,6400.0,100.0,100.0
elderly_headed_hh,all_quintiles,1991,57700.0,36100.0,7600.0,100.0,400.0,500.0,,100.0,1100.0,2000.0,1900.0,7900.0,1000.0,2800.0,2100.0,8700.0,21600.0,14800.0,6700.0,100.0,100.0
elderly_headed_hh,all_quintiles,1992,60100.0,37600.0,8300.0,100.0,400.0,500.0,,100.0,1600.0,2500.0,2000.0,6200.0,1100.0,3000.0,2400.0,9300.0,22500.0,15200.0,7100.0,100.0,100.0
elderly_headed_hh,all_quintiles,1993,60700.0,37000.0,8000.0,100.0,500.0,500.0,,100.0,1500.0,3000.0,2000.0,4800.0,1200.0,3000.0,2800.0,9600.0,23600.0,15600.0,7800.0,100.0,100.0
elderly_headed_hh,all_quintiles,1994,60700.0,36900.0,7900.0,100.0,500.0,500.0,,100.0,1600.0,2800.0,2000.0,4400.0,1200.0,2900.0,2900.0,9900.0,23800.0,15700.0,7900.0,100.0,100.0
elderly_headed_hh,all_quintiles,1995,64100.0,39800.0,8600.0,200.0,500.0,600.0,,100.0,1600.0,3200.0,1900.0,5200.0,1200.0,3100.0,3200.0,10300.0,24400.0,15800.0,8400.0,100.0,100.0
elderly_headed_hh,all_quintiles,1996,70400.0,45100.0,9500.0,200.0,500.0,600.0,,100.0,2000.0,5000.0,2000.0,5700.0,1300.0,3500.0,3600.0,11100.0,25200.0,16200.0,8900.0,100.0,100.0
elderly_headed_hh,all_quintiles,1997,74200.0,48400.0,9600.0,200.0,400.0,600.0,,100.0,2200.0,6700.0,1900.0,5800.0,1300.0,3800.0,3700.0,11900.0,25800.0,16500.0,9200.0,100.0,100.0
elderly_headed_hh,all_quintiles,1998,78200.0,52200.0,10400.0,200.0,500.0,700.0,,100.0,2300.0,8400.0,1900.0,5800.0,1300.0,3800.0,3500.0,13200.0,26000.0,16900.0,8900.0,,100.0
elderly_headed_hh,all_quintiles,1999,80300.0,55100.0,11000.0,300.0,500.0,700.0,,100.0,2700.0,9200.0,2000.0,5600.0,1400.0,4100.0,3500.0,14200.0,25200.0,16400.0,8600.0,100.0,100.0
elderly_headed_hh,all_quintiles,2000,80400.0,55200.0,10900.0,300.0,500.0,700.0,,100.0,2400.0,9200.0,1700.0,5700.0,1400.0,3800.0,3200.0,15300.0,25200.0,16700.0,8400.0,100.0,100.0
elderly_headed_hh,all_quintiles,2001,75200.0,48900.0,10800.0,300.0,500.0,700.0,,100.0,2300.0,5100.0,1800.0,5700.0,1400.0,3300.0,2300.0,14500.0,26300.0,17200.0,9000.0,100.0,100.0
elderly_headed_hh,all_quintiles,2002,72700.0,45400.0,10400.0,300.0,600.0,700.0,,100.0,2400.0,4100.0,1800.0,4300.0,1400.0,2900.0,2100.0,14400.0,27300.0,17600.0,9500.0,100.0,100.0
elderly_headed_hh,all_quintiles,2003,73900.0,46500.0,10900.0,400.0,700.0,700.0,,100.0,2600.0,4700.0,1700.0,3400.0,1400.0,3000.0,2700.0,14200.0,27400.0,17600.0,9600.0,100.0,100.0
elderly_headed_hh,all_quintiles,2004,80300.0,52400.0,11500.0,400.0,800.0,700.0,,100.0,3100.0,7600.0,1600.0,3200.0,1500.0,3600.0,3500.0,14800.0,27900.0,17600.0,10100.0,100.0,
elderly_headed_hh,all_quintiles,2005,86800.0,58500.0,12200.0,500.0,900.0,800.0,,200.0,3800.0,9600.0,1600.0,3600.0,1600.0,3800.0,4400.0,15600.0,28400.0,17800.0,10400.0,100.0,100.0
elderly_headed_hh,all_quintiles,2006,91800.0,61900.0,12400.0,500.0,900.0,800.0,,200.0,3500.0,10600.0,1800.0,4600.0,1600.0,4200.0,4800.0,16100.0,29900.0,18100.0,11700.0,100.0,100.0
elderly_headed_hh,all_quintiles,2007,99300.0,69300.0,13900.0,500.0,900.0,900.0,,200.0,3800.0,13100.0,1900.0,5400.0,1600.0,5000.0,4400.0,17700.0,30000.0,18300.0,11500.0,100.0,100.0
elderly_headed_hh,all_quintiles,2008,87000.0,56800.0,13800.0,600.0,900.0,900.0,,100.0,3100.0,5700.0,1800.0,4400.0,1800.0,4300.0,2400.0,17000.0,30100.0,18200.0,11700.0,100.0,100.0
elderly_headed_hh,all_quintiles,2009,82400.0,49600.0,13700.0,500.0,900.0,900.0,,100.0,2600.0,3000.0,1800.0,3500.0,1600.0,3400.0,1900.0,15800.0,32900.0,19800.0,12600.0,400.0,100.0
elderly_headed_hh,all_quintiles,2010,86700.0,54400.0,14100.0,600.0,1000.0,900.0,,100.0,3400.0,4100.0,1800.0,2700.0,1700.0,3500.0,2500.0,18200.0,32300.0,19400.0,12400.0,400.0,100.0
elderly_headed_hh,all_quintiles,2011,86400.0,55200.0,14400.0,600.0,1000.0,900.0,,100.0,4000.0,4300.0,1600.0,2200.0,1700.0,3600.0,2500.0,18100.0,31200.0,18900.0,11900.0,300.0,100.0
elderly_headed_hh,all_quintiles,2012,92800.0,61200.0,15300.0,700.0,1000.0,1000.0,,200.0,4600.0,7500.0,1500.0,1900.0,1800.0,4400.0,3000.0,18400.0,31600.0,19400.0,11900.0,200.0,100.0
elderly_headed_hh,all_quintiles,2013,90500.0,58900.0,15600.0,700.0,1000.0,1000.0,,200.0,4600.0,5500.0,1400.0,1600.0,1800.0,3700.0,3200.0,18600.0,31600.0,19500.0,11800.0,200.0,100.0
elderly_headed_hh,all_quintiles,2014,93700.0,62500.0,16100.0,700.0,1000.0,1000.0,,200.0,5000.0,7600.0,1200.0,1400.0,1800.0,4200.0,3500.0,18800.0,31200.0,19300.0,11800.0,100.0,100.0
elderly_headed_hh,all_quintiles,2015,96200.0,64200.0,17100.0,800.0,1100.0,1100.0,,200.0,5400.0,7500.0,1200.0,1400.0,1700.0,4200.0,3200.0,19300.0,32000.0,19800.0,12100.0,100.0,100.0
elderly_headed_hh,lowest_quintile,1979,19600.0,4300.0,1100.0,0.0,,100.0,,,100.0,,0.0,900.0,200.0,100.0,300.0,1400.0,15300.0,11400.0,3700.0,,200.0
elderly_headed_hh,lowest_quintile,1980,19500.0,3600.0,900.0,0.0,,100.0,,,100.0,,0.0,900.0,100.0,100.0,200.0,1200.0,15900.0,11700.0,4100.0,,100.0
elderly_headed_hh,lowest_quintile,1981,20100.0,3400.0,800.0,0.0,,100.0,,,,,0.0,900.0,100.0,100.0,100.0,1100.0,16700.0,12200.0,4400.0,,100.0
elderly_headed_hh,lowest_quintile,1982,20800.0,3200.0,800.0,0.0,,100.0,,,,,,900.0,100.0,100.0,100.0,1000.0,17600.0,12500.0,4900.0,,200.0
elderly_headed_hh,lowest_quintile,1983,21400.0,3000.0,700.0,0.0,,,,,,,,1000.0,100.0,100.0,100.0,1000.0,18400.0,12900.0,5300.0,,200.0
elderly_headed_hh,lowest_quintile,1984,21900.0,3800.0,800.0,0.0,,100.0,,,,,,1200.0,200.0,100.0,200.0,1300.0,18200.0,12700.0,5300.0,,100.0
elderly_headed_hh,lowest_quintile,1985,22100.0,3700.0,800.0,0.0,,100.0,,,,,,1200.0,100.0,100.0,100.0,1200.0,18300.0,12700.0,5500.0,,100.0
elderly_headed_hh,lowest_quintile,1986,22600.0,3600.0,700.0,0.0,,100.0,,,,,,1100.0,100.0,100.0,200.0,1200.0,19000.0,13100.0,5800.0,,100.0
elderly_headed_hh,lowest_quintile,1987,22200.0,3400.0,600.0,0.0,,,,,,0.0,,1000.0,100.0,100.0,200.0,1200.0,18900.0,12900.0,5800.0,,100.0
elderly_headed_hh,lowest_quintile,1988,22300.0,3500.0,600.0,,,,,,,,,900.0,200.0,100.0,200.0,1400.0,18700.0,12900.0,5800.0,,
elderly_headed_hh,lowest_quintile,1989,22600.0,3800.0,700.0,,,100.0,,,,,,1000.0,200.0,100.0,200.0,1400.0,18800.0,12900.0,5800.0,,
elderly_headed_hh,lowest_quintile,1990,23400.0,4100.0,800.0,,,100.0,,,100.0,,,1100.0,200.0,200.0,200.0,1500.0,19300.0,13000.0,6200.0,,100.0
elderly_headed_hh,lowest_quintile,1991,23900.0,3900.0,800.0,,,100.0,,,100.0,,,1000.0,100.0,100.0,200.0,1500.0,20000.0,13400.0,6500.0,,100.0
elderly_headed_hh,lowest_quintile,1992,24300.0,3400.0,700.0,,,,,,,,,800.0,100.0,100.0,200.0,1400.0,20900.0,13900.0,6900.0,,100.0
elderly_headed_hh,lowest_quintile,1993,25300.0,3400.0,700.0,,,100.0,,,,,,700.0,100.0,200.0,200.0,1400.0,21900.0,14200.0,7600.0,100.0,100.0
elderly_headed_hh,lowest_quintile,1994,25400.0,3200.0,700.0,,,,,,,,,600.0,100.0,200.0,200.0,1300.0,22300.0,14400.0,7700.0,,200.0
elderly_headed_hh,lowest_quintile,1995,26800.0,3800.0,800.0,,,100.0,,,100.0,,,700.0,100.0,200.0,200.0,1600.0,23000.0,14700.0,8200.0,,100.0
elderly_headed_hh,lowest_quintile,1996,27100.0,3700.0,800.0,,,100.0,,,,,,600.0,100.0,200.0,200.0,1600.0,23400.0,14700.0,8600.0,,100.0
elderly_headed_hh,lowest_quintile,1997,28000.0,4000.0,900.0,,,100.0,,,100.0,100.0,,600.0,100.0,200.0,200.0,1800.0,24000.0,15000.0,8900.0,,100.0
elderly_headed_hh,lowest_quintile,1998,29400.0,4700.0,1000.0,,,100.0,,,100.0,100.0,,700.0,200.0,200.0,200.0,2100.0,24800.0,15800.0,8900.0,,
elderly_headed_hh,lowest_quintile,1999,29100.0,5300.0,1300.0,,,100.0,,,100.0,100.0,,700.0,100.0,200.0,200.0,2400.0,23800.0,15200.0,8500.0,,100.0
elderly_headed_hh,lowest_quintile,2000,29400.0,6000.0,1300.0,,,100.0,,,100.0,100.0,,700.0,200.0,200.0,200.0,3100.0,23400.0,15100.0,8200.0,,100.0
elderly_headed_hh,lowest_quintile,2001,29400.0,4700.0,1000.0,,,100.0,,,,,,700.0,100.0,300.0,200.0,2300.0,24700.0,15800.0,8800.0,,100.0
elderly_headed_hh,lowest_quintile,2002,30400.0,4700.0,1000.0,,,100.0,,,100.0,-100.0,,700.0,100.0,300.0,100.0,2400.0,25700.0,16300.0,9300.0,100.0,100.0
elderly_headed_hh,lowest_quintile,2003,29700.0,4200.0,800.0,,,100.0,,,,-100.0,,500.0,100.0,200.0,200.0,2200.0,25500.0,16000.0,9400.0,100.0,100.0
elderly_headed_hh,lowest_quintile,2004,30600.0,4400.0,900.0,,,100.0,,,,-100.0,,400.0,100.0,200.0,200.0,2500.0,26200.0,16200.0,9900.0,100.0,100.0
elderly_headed_hh,lowest_quintile,2005,30700.0,4400.0,900.0,,,100.0,,,100.0,,,400.0,100.0,200.0,200.0,2400.0,26400.0,16200.0,10100.0,,100.0
elderly_headed_hh,lowest_quintile,2006,33000.0,4800.0,1000.0,,,100.0,,,,,,500.0,100.0,200.0,200.0,2600.0,28200.0,16800.0,11400.0,,100.0
elderly_headed_hh,lowest_quintile,2007,33600.0,5700.0,1200.0,,100.0,100.0,,,,,,600.0,100.0,200.0,200.0,3200.0,27900.0,16700.0,11100.0,100.0,
elderly_headed_hh,lowest_quintile,2008,33700.0,5300.0,1100.0,,,100.0,,,,-100.0,,600.0,100.0,300.0,100.0,2900.0,28400.0,16900.0,11400.0,100.0,100.0
elderly_headed_hh,lowest_quintile,2009,35400.0,4500.0,1000.0,,,100.0,,,,-100.0,,500.0,100.0,300.0,100.0,2500.0,31000.0,18400.0,12200.0,300.0,100.0
elderly_headed_hh,lowest_quintile,2010,35400.0,4700.0,1000.0,,,100.0,,,100.0,-100.0,,400.0,100.0,200.0,100.0,2700.0,30700.0,18200.0,12200.0,400.0,
elderly_headed_hh,lowest_quintile,2011,34400.0,4300.0,900.0,,,100.0,,,100.0,-100.0,,300.0,100.0,200.0,100.0,2600.0,30100.0,18000.0,11800.0,300.0,
elderly_headed_hh,lowest_quintile,2012,34300.0,4100.0,900.0,,,100.0,,,100.0,-100.0,,200.0,100.0,200.0,100.0,2500.0,30200.0,18300.0,11700.0,200.0,100.0
elderly_headed_hh,lowest_quintile,2013,34500.0,4500.0,1000.0,,,100.0,,,100.0,,,200.0,100.0,200.0,100.0,2700.0,30100.0,18300.0,11600.0,100.0,100.0
elderly_headed_hh,lowest_quintile,2014,33200.0,4200.0,900.0,,,100.0,,,100.0,,,100.0,100.0,200.0,100.0,2600.0,28900.0,17400.0,11400.0,,
elderly_headed_hh,lowest_quintile,2015,35100.0,4800.0,1000.0,,,100.0,,,100.0,,,100.0,100.0,200.0,100.0,2900.0,30300.0,18300.0,11700.0,,100.0
elderly_headed_hh,second_quintile,1979,42100.0,25600.0,7500.0,0.0,300.0,400.0,,100.0,600.0,400.0,,6200.0,700.0,900.0,2000.0,6300.0,16500.0,12700.0,3700.0,100.0,100.0
elderly_headed_hh,second_quintile,1980,42100.0,24200.0,6500.0,0.0,200.0,400.0,,100.0,500.0,300.0,,6900.0,700.0,900.0,1600.0,6100.0,17900.0,13500.0,4200.0,100.0,100.0
elderly_headed_hh,second_quintile,1981,42500.0,23700.0,5800.0,0.0,200.0,400.0,,100.0,400.0,200.0,,7800.0,700.0,1100.0,1200.0,5900.0,18800.0,14100.0,4500.0,100.0,100.0
elderly_headed_hh,second_quintile,1982,42700.0,22600.0,5300.0,0.0,200.0,300.0,,,200.0,200.0,,8600.0,600.0,1200.0,700.0,5100.0,20100.0,14800.0,5100.0,100.0,100.0
elderly_headed_hh,second_quintile,1983,42800.0,21800.0,5200.0,0.0,200.0,300.0,,,300.0,300.0,,7800.0,500.0,900.0,900.0,5400.0,21000.0,15300.0,5400.0,100.0,100.0
elderly_headed_hh,second_quintile,1984,45000.0,24000.0,5700.0,,200.0,400.0,,,400.0,300.0,100.0,8300.0,500.0,1000.0,1100.0,6100.0,21000.0,15200.0,5600.0,100.0,100.0
elderly_headed_hh,second_quintile,1985,45500.0,23900.0,5100.0,,200.0,300.0,,,300.0,300.0,,8300.0,600.0,900.0,1000.0,6700.0,21600.0,15400.0,6000.0,100.0,100.0
elderly_headed_hh,second_quintile,1986,45700.0,24000.0,5400.0,,200.0,400.0,,,100.0,300.0,100.0,7800.0,500.0,900.0,1000.0,7100.0,21700.0,15500.0,6100.0,100.0,100.0
elderly_headed_hh,second_quintile,1987,45300.0,23600.0,4800.0,,200.0,300.0,,,500.0,400.0,100.0,6600.0,500.0,1100.0,1300.0,7700.0,21700.0,15500.0,6100.0,,100.0
elderly_headed_hh,second_quintile,1988,45900.0,24500.0,4900.0,,300.0,400.0,,,400.0,200.0,100.0,6700.0,500.0,1200.0,1300.0,8500.0,21400.0,15200.0,6100.0,100.0,
elderly_headed_hh,second_quintile,1989,46400.0,24400.0,4700.0,,300.0,300.0,,,400.0,300.0,100.0,6900.0,500.0,1100.0,1200.0,8600.0,22000.0,15500.0,6300.0,100.0,100.0
elderly_headed_hh,second_quintile,1990,47900.0,25100.0,4900.0,,300.0,400.0,,,400.0,100.0,100.0,7000.0,500.0,1300.0,1200.0,8900.0,22900.0,16000.0,6800.0,100.0,100.0
elderly_headed_hh,second_quintile,1991,47900.0,24200.0,4700.0,,200.0,400.0,,,300.0,200.0,100.0,6400.0,500.0,1200.0,1100.0,9200.0,23700.0,16500.0,7000.0,100.0,100.0
elderly_headed_hh,second_quintile,1992,48100.0,23500.0,4600.0,,200.0,300.0,,,500.0,200.0,100.0,5200.0,500.0,1100.0,1100.0,9500.0,24600.0,16900.0,7500.0,100.0,100.0
elderly_headed_hh,second_quintile,1993,49700.0,23700.0,4600.0,,300.0,300.0,,,400.0,300.0,100.0,4200.0,500.0,1300.0,1200.0,10200.0,26000.0,17400.0,8300.0,100.0,100.0
elderly_headed_hh,second_quintile,1994,49200.0,23700.0,4400.0,,300.0,300.0,,,400.0,200.0,200.0,3900.0,500.0,1300.0,1300.0,10800.0,25500.0,17000.0,8300.0,100.0,100.0
elderly_headed_hh,second_quintile,1995,52000.0,25500.0,5200.0,,300.0,400.0,,100.0,300.0,400.0,200.0,4100.0,600.0,1300.0,1400.0,11200.0,26500.0,17400.0,8900.0,100.0,100.0
elderly_headed_hh,second_quintile,1996,52600.0,25200.0,4900.0,,300.0,400.0,,100.0,300.0,400.0,200.0,4100.0,600.0,1300.0,1400.0,11200.0,27400.0,17900.0,9400.0,100.0,100.0
elderly_headed_hh,second_quintile,1997,54100.0,26300.0,5200.0,100.0,300.0,400.0,,100.0,400.0,600.0,100.0,4200.0,600.0,1300.0,1400.0,11700.0,27800.0,18000.0,9600.0,100.0,
elderly_headed_hh,second_quintile,1998,55600.0,28000.0,5700.0,100.0,300.0,400.0,,100.0,300.0,800.0,100.0,4300.0,600.0,1200.0,1300.0,12800.0,27600.0,18200.0,9300.0,,100.0
elderly_headed_hh,second_quintile,1999,55700.0,28800.0,5900.0,100.0,300.0,400.0,,100.0,400.0,800.0,200.0,4100.0,600.0,1300.0,1200.0,13300.0,26900.0,17800.0,9000.0,100.0,100.0
elderly_headed_hh,second_quintile,2000,56000.0,29100.0,6000.0,100.0,300.0,500.0,,100.0,300.0,800.0,100.0,3900.0,500.0,1300.0,1100.0,14200.0,26800.0,17900.0,8800.0,100.0,100.0
elderly_headed_hh,second_quintile,2001,56500.0,28300.0,6000.0,100.0,300.0,500.0,,,300.0,400.0,200.0,4100.0,600.0,1300.0,900.0,13600.0,28200.0,18500.0,9500.0,100.0,100.0
elderly_headed_hh,second_quintile,2002,56800.0,27300.0,5800.0,100.0,300.0,400.0,,,300.0,100.0,200.0,3200.0,600.0,1200.0,700.0,14400.0,29500.0,19100.0,10100.0,100.0,
elderly_headed_hh,second_quintile,2003,56800.0,27100.0,5700.0,100.0,400.0,400.0,,100.0,400.0,,200.0,2400.0,600.0,1200.0,800.0,14800.0,29700.0,19200.0,10300.0,100.0,100.0
elderly_headed_hh,second_quintile,2004,58200.0,27900.0,6200.0,100.0,400.0,500.0,,100.0,400.0,200.0,200.0,2100.0,600.0,1200.0,900.0,15200.0,30300.0,19400.0,10800.0,100.0,
elderly_headed_hh,second_quintile,2005,59600.0,28900.0,6300.0,100.0,400.0,500.0,,100.0,500.0,300.0,200.0,2200.0,600.0,1200.0,1100.0,15400.0,30800.0,19400.0,11200.0,100.0,100.0
elderly_headed_hh,second_quintile,2006,61500.0,29500.0,6700.0,100.0,400.0,500.0,,100.0,500.0,500.0,200.0,2600.0,600.0,1100.0,1200.0,15200.0,32000.0,19300.0,12400.0,100.0,100.0
elderly_headed_hh,second_quintile,2007,64400.0,31500.0,7100.0,100.0,500.0,500.0,,100.0,300.0,600.0,200.0,2900.0,600.0,1100.0,1000.0,16500.0,32900.0,20200.0,12600.0,100.0,100.0
elderly_headed_hh,second_quintile,2008,63400.0,29800.0,7000.0,100.0,400.0,500.0,,100.0,300.0,100.0,200.0,2600.0,700.0,1200.0,600.0,16100.0,33600.0,20500.0,12800.0,200.0,100.0
elderly_headed_hh,second_quintile,2009,62900.0,27200.0,6200.0,100.0,400.0,500.0,,,300.0,-200.0,200.0,2100.0,700.0,1200.0,500.0,15200.0,35800.0,21600.0,13600.0,400.0,100.0
elderly_headed_hh,second_quintile,2010,62700.0,27300.0,6000.0,100.0,300.0,400.0,,100.0,300.0,-100.0,200.0,1400.0,600.0,1000.0,600.0,16300.0,35400.0,21500.0,13400.0,400.0,100.0
elderly_headed_hh,second_quintile,2011,61100.0,27000.0,6100.0,100.0,300.0,400.0,,100.0,300.0,,200.0,1100.0,600.0,1100.0,500.0,16300.0,34100.0,21000.0,12700.0,400.0,
elderly_headed_hh,second_quintile,2012,61800.0,26800.0,5900.0,100.0,400.0,400.0,,100.0,400.0,100.0,100.0,800.0,600.0,1300.0,500.0,16000.0,35000.0,21700.0,12900.0,300.0,100.0
elderly_headed_hh,second_quintile,2013,62800.0,27700.0,6400.0,100.0,400.0,500.0,,100.0,500.0,300.0,100.0,700.0,600.0,900.0,600.0,16500.0,35100.0,22000.0,12800.0,200.0,200.0
elderly_headed_hh,second_quintile,2014,62300.0,28000.0,6800.0,100.0,400.0,500.0,,100.0,600.0,500.0,100.0,500.0,600.0,900.0,600.0,16200.0,34400.0,21600.0,12600.0,100.0,100.0
elderly_headed_hh,second_quintile,2015,64800.0,29500.0,7100.0,100.0,500.0,500.0,,100.0,500.0,400.0,100.0,600.0,600.0,1000.0,600.0,17400.0,35300.0,22100.0,12900.0,100.0,100.0
elderly_headed_hh,middle_quintile,1979,58000.0,42200.0,13300.0,0.0,600.0,800.0,100.0,200.0,1100.0,1400.0,100.0,9100.0,1300.0,2000.0,3300.0,9100.0,15700.0,11900.0,3500.0,200.0,100.0
elderly_headed_hh,middle_quintile,1980,56700.0,40200.0,12100.0,0.0,500.0,700.0,,100.0,700.0,900.0,100.0,10700.0,1200.0,1900.0,2600.0,8600.0,16500.0,12400.0,3900.0,200.0,100.0
elderly_headed_hh,middle_quintile,1981,58400.0,40400.0,11200.0,0.0,500.0,700.0,,100.0,600.0,800.0,100.0,13200.0,1000.0,2200.0,2100.0,7900.0,17900.0,13400.0,4400.0,100.0,100.0
elderly_headed_hh,middle_quintile,1982,59100.0,39400.0,11000.0,0.0,500.0,700.0,,100.0,300.0,500.0,100.0,13800.0,900.0,1800.0,1200.0,8400.0,19700.0,14600.0,4900.0,100.0,100.0
elderly_headed_hh,middle_quintile,1983,59600.0,38700.0,10300.0,0.0,500.0,700.0,,100.0,600.0,700.0,100.0,12300.0,1000.0,1800.0,1500.0,9100.0,20900.0,15400.0,5300.0,100.0,100.0
elderly_headed_hh,middle_quintile,1984,62000.0,41100.0,10100.0,,400.0,700.0,,100.0,700.0,1000.0,200.0,13900.0,1100.0,2000.0,1900.0,8900.0,20900.0,15200.0,5500.0,200.0,
elderly_headed_hh,middle_quintile,1985,62800.0,41500.0,10000.0,100.0,500.0,700.0,,100.0,500.0,900.0,100.0,13300.0,900.0,2300.0,1700.0,10500.0,21300.0,15100.0,6000.0,100.0,100.0
elderly_headed_hh,middle_quintile,1986,65100.0,43200.0,10400.0,100.0,500.0,700.0,,100.0,800.0,1800.0,100.0,11900.0,900.0,2500.0,1800.0,11500.0,22000.0,15400.0,6300.0,100.0,100.0
elderly_headed_hh,middle_quintile,1987,63300.0,42400.0,11200.0,100.0,600.0,800.0,,100.0,400.0,1100.0,300.0,10700.0,1000.0,2500.0,2300.0,11400.0,20900.0,14900.0,5900.0,100.0,100.0
elderly_headed_hh,middle_quintile,1988,64000.0,43100.0,11000.0,100.0,600.0,800.0,,100.0,700.0,700.0,300.0,10700.0,900.0,2300.0,2200.0,12700.0,20900.0,15000.0,5800.0,,
elderly_headed_hh,middle_quintile,1989,65200.0,43800.0,10200.0,100.0,700.0,700.0,,100.0,600.0,800.0,400.0,12000.0,900.0,2400.0,2200.0,12600.0,21400.0,15200.0,6000.0,100.0,100.0
elderly_headed_hh,middle_quintile,1990,65700.0,43800.0,10600.0,100.0,700.0,800.0,,100.0,900.0,400.0,400.0,11300.0,900.0,2300.0,2000.0,13300.0,22000.0,15400.0,6400.0,100.0,100.0
elderly_headed_hh,middle_quintile,1991,65700.0,42600.0,9600.0,100.0,600.0,700.0,,100.0,600.0,500.0,400.0,10200.0,1000.0,2300.0,1900.0,14700.0,23100.0,16000.0,6900.0,100.0,
elderly_headed_hh,middle_quintile,1992,66900.0,42900.0,9800.0,100.0,700.0,700.0,,100.0,700.0,700.0,600.0,8600.0,800.0,2500.0,2100.0,15400.0,24100.0,16500.0,7300.0,200.0,100.0
elderly_headed_hh,middle_quintile,1993,67300.0,42300.0,9800.0,100.0,800.0,700.0,,100.0,700.0,1200.0,600.0,6000.0,1000.0,2500.0,2200.0,16500.0,25000.0,16700.0,8100.0,100.0,100.0
elderly_headed_hh,middle_quintile,1994,68300.0,43500.0,10700.0,100.0,800.0,800.0,,100.0,700.0,900.0,700.0,5600.0,1100.0,2600.0,2300.0,16900.0,24900.0,16600.0,8000.0,100.0,100.0
elderly_headed_hh,middle_quintile,1995,70300.0,45200.0,11300.0,200.0,800.0,800.0,,100.0,600.0,1000.0,700.0,6700.0,1000.0,2300.0,2500.0,17200.0,25100.0,16400.0,8500.0,100.0,100.0
elderly_headed_hh,middle_quintile,1996,72600.0,45400.0,10500.0,200.0,600.0,800.0,,100.0,700.0,1300.0,500.0,6900.0,1000.0,2500.0,2600.0,17600.0,27300.0,17900.0,9200.0,100.0,100.0
elderly_headed_hh,middle_quintile,1997,74000.0,46700.0,10600.0,200.0,700.0,800.0,,100.0,500.0,1900.0,500.0,6700.0,1000.0,2600.0,2500.0,18400.0,27300.0,17600.0,9500.0,100.0,100.0
elderly_headed_hh,middle_quintile,1998,75300.0,48200.0,11200.0,200.0,600.0,900.0,,100.0,600.0,2200.0,600.0,6500.0,1000.0,2600.0,2200.0,19600.0,27100.0,17900.0,9000.0,100.0,100.0
elderly_headed_hh,middle_quintile,1999,75400.0,49700.0,11900.0,200.0,700.0,900.0,,100.0,600.0,2300.0,500.0,6000.0,800.0,2800.0,2100.0,20700.0,25700.0,17000.0,8600.0,100.0,
elderly_headed_hh,middle_quintile,2000,77000.0,50700.0,11800.0,300.0,700.0,900.0,,100.0,500.0,2200.0,400.0,6200.0,800.0,2600.0,2000.0,22100.0,26200.0,17500.0,8600.0,100.0,
elderly_headed_hh,middle_quintile,2001,76800.0,49300.0,11800.0,300.0,800.0,900.0,,100.0,600.0,1000.0,500.0,6300.0,1000.0,2300.0,1500.0,22200.0,27500.0,18100.0,9300.0,100.0,100.0
elderly_headed_hh,middle_quintile,2002,76600.0,48300.0,12600.0,200.0,800.0,900.0,,100.0,600.0,500.0,600.0,4800.0,1100.0,2200.0,1300.0,22700.0,28300.0,18200.0,9800.0,200.0,100.0
elderly_headed_hh,middle_quintile,2003,77500.0,48400.0,12400.0,300.0,1000.0,900.0,,100.0,800.0,300.0,700.0,3500.0,1000.0,2200.0,1400.0,23900.0,29000.0,18900.0,9900.0,200.0,100.0
elderly_headed_hh,middle_quintile,2004,79100.0,50200.0,13000.0,300.0,1200.0,1000.0,,200.0,1000.0,800.0,500.0,3100.0,1000.0,2300.0,1600.0,24200.0,28900.0,18400.0,10300.0,100.0,100.0
elderly_headed_hh,middle_quintile,2005,81200.0,51600.0,13500.0,400.0,1300.0,1000.0,,200.0,900.0,1200.0,400.0,3400.0,1000.0,2100.0,2000.0,24200.0,29600.0,18700.0,10700.0,100.0,100.0
elderly_headed_hh,middle_quintile,2006,83700.0,52300.0,13600.0,300.0,1200.0,1000.0,,200.0,800.0,1500.0,500.0,4200.0,900.0,2200.0,2200.0,23800.0,31300.0,19100.0,12100.0,100.0,100.0
elderly_headed_hh,middle_quintile,2007,85200.0,54200.0,14500.0,400.0,1200.0,1100.0,,200.0,800.0,1800.0,400.0,4500.0,1100.0,2100.0,1800.0,24200.0,31000.0,19100.0,11800.0,100.0,100.0
elderly_headed_hh,middle_quintile,2008,83400.0,52000.0,14100.0,400.0,1200.0,1000.0,,100.0,700.0,300.0,500.0,4000.0,1100.0,2300.0,1100.0,25100.0,31500.0,19100.0,12000.0,200.0,100.0
elderly_headed_hh,middle_quintile,2009,83600.0,49100.0,13200.0,300.0,1100.0,1000.0,,100.0,700.0,-100.0,700.0,3200.0,1100.0,1900.0,800.0,25200.0,34400.0,20800.0,13100.0,500.0,100.0
elderly_headed_hh,middle_quintile,2010,83000.0,49200.0,13500.0,300.0,1000.0,1000.0,,100.0,800.0,200.0,500.0,2200.0,1100.0,1700.0,1000.0,25900.0,33800.0,20500.0,12700.0,500.0,
elderly_headed_hh,middle_quintile,2011,82000.0,49100.0,12900.0,300.0,1100.0,900.0,,100.0,900.0,400.0,500.0,1700.0,1100.0,2000.0,1000.0,26200.0,32900.0,20000.0,12400.0,400.0,100.0
elderly_headed_hh,middle_quintile,2012,82700.0,49300.0,13400.0,300.0,1100.0,1000.0,,100.0,1000.0,400.0,400.0,1300.0,1000.0,1900.0,900.0,26200.0,33400.0,20700.0,12200.0,300.0,100.0
elderly_headed_hh,middle_quintile,2013,84200.0,50400.0,13500.0,300.0,1000.0,1000.0,,200.0,900.0,900.0,400.0,900.0,1000.0,1800.0,1200.0,27200.0,33800.0,21100.0,12400.0,300.0,100.0
elderly_headed_hh,middle_quintile,2014,85200.0,51300.0,14000.0,300.0,1100.0,1000.0,,200.0,800.0,1300.0,300.0,800.0,900.0,1800.0,1200.0,27400.0,33900.0,21400.0,12300.0,200.0,100.0
elderly_headed_hh,middle_quintile,2015,88200.0,53800.0,14900.0,400.0,1200.0,1100.0,,200.0,1000.0,1200.0,300.0,900.0,1000.0,1900.0,1200.0,28500.0,34400.0,21700.0,12600.0,100.0,100.0
elderly_headed_hh,fourth_quintile,1979,76600.0,61000.0,20000.0,0.0,900.0,1200.0,100.0,300.0,2400.0,2300.0,100.0,12900.0,1800.0,3700.0,5000.0,10400.0,15600.0,11900.0,3500.0,100.0,100.0
elderly_headed_hh,fourth_quintile,1980,75700.0,59600.0,19400.0,0.0,700.0,1100.0,100.0,200.0,1600.0,2200.0,100.0,15100.0,1900.0,3200.0,4000.0,10000.0,16200.0,12100.0,4000.0,100.0,
elderly_headed_hh,fourth_quintile,1981,76300.0,58900.0,17800.0,0.0,700.0,1100.0,100.0,200.0,1300.0,1300.0,100.0,17700.0,1900.0,3500.0,3000.0,10300.0,17400.0,13000.0,4300.0,100.0,
elderly_headed_hh,fourth_quintile,1982,76100.0,57900.0,17000.0,0.0,700.0,1100.0,100.0,100.0,900.0,1500.0,100.0,18800.0,1400.0,3800.0,1800.0,10700.0,18200.0,13400.0,4600.0,200.0,100.0
elderly_headed_hh,fourth_quintile,1983,77300.0,58100.0,15500.0,0.0,800.0,1000.0,100.0,100.0,1200.0,1700.0,200.0,18100.0,1600.0,3900.0,2400.0,11500.0,19300.0,14100.0,5000.0,100.0,100.0
elderly_headed_hh,fourth_quintile,1984,80900.0,61900.0,17400.0,100.0,800.0,1100.0,100.0,100.0,1300.0,1900.0,200.0,18800.0,1400.0,3600.0,2800.0,12300.0,19000.0,13700.0,5100.0,200.0,100.0
elderly_headed_hh,fourth_quintile,1985,82800.0,62300.0,17500.0,100.0,800.0,1200.0,100.0,100.0,700.0,2600.0,200.0,18100.0,1400.0,4000.0,2600.0,12900.0,20500.0,14700.0,5600.0,100.0,
elderly_headed_hh,fourth_quintile,1986,85800.0,64900.0,18500.0,200.0,900.0,1300.0,100.0,200.0,1300.0,3900.0,400.0,16300.0,1600.0,4000.0,2700.0,13800.0,20800.0,14700.0,6000.0,100.0,100.0
elderly_headed_hh,fourth_quintile,1987,85900.0,66000.0,19000.0,200.0,1000.0,1300.0,100.0,200.0,1300.0,2400.0,1000.0,14900.0,1300.0,4800.0,3600.0,14900.0,19800.0,13900.0,5800.0,100.0,100.0
elderly_headed_hh,fourth_quintile,1988,87600.0,67000.0,17500.0,200.0,1100.0,1300.0,100.0,200.0,1300.0,1800.0,1500.0,15700.0,1500.0,4600.0,3700.0,16700.0,20600.0,14700.0,5700.0,100.0,
elderly_headed_hh,fourth_quintile,1989,87500.0,66900.0,16600.0,200.0,1100.0,1200.0,,200.0,1700.0,2000.0,1200.0,16700.0,1200.0,4500.0,3500.0,16700.0,20600.0,14700.0,5800.0,100.0,100.0
elderly_headed_hh,fourth_quintile,1990,87500.0,66100.0,16400.0,200.0,1000.0,1200.0,,200.0,1600.0,1400.0,1400.0,16200.0,1000.0,4100.0,3200.0,18100.0,21400.0,15000.0,6300.0,100.0,100.0
elderly_headed_hh,fourth_quintile,1991,86600.0,65100.0,16000.0,200.0,1100.0,1200.0,,100.0,1300.0,1400.0,1700.0,14600.0,1400.0,3900.0,3000.0,19200.0,21500.0,14800.0,6500.0,100.0,
elderly_headed_hh,fourth_quintile,1992,88700.0,66100.0,17500.0,300.0,1200.0,1300.0,,200.0,1500.0,1700.0,1600.0,10200.0,1700.0,4200.0,3100.0,21600.0,22600.0,15300.0,7000.0,100.0,100.0
elderly_headed_hh,fourth_quintile,1993,90700.0,66600.0,17300.0,300.0,1400.0,1300.0,,200.0,1300.0,2600.0,2000.0,8100.0,1800.0,4500.0,3700.0,22100.0,24100.0,16000.0,7700.0,100.0,200.0
elderly_headed_hh,fourth_quintile,1994,93800.0,69100.0,19000.0,300.0,1400.0,1400.0,,200.0,1300.0,2400.0,2300.0,7600.0,1700.0,4400.0,4000.0,23000.0,24800.0,16400.0,8100.0,100.0,100.0
elderly_headed_hh,fourth_quintile,1995,95400.0,70000.0,17700.0,400.0,1400.0,1300.0,,200.0,1400.0,2600.0,1800.0,9300.0,1500.0,4500.0,4300.0,23500.0,25400.0,16700.0,8600.0,100.0,100.0
elderly_headed_hh,fourth_quintile,1996,96200.0,70700.0,18600.0,500.0,1300.0,1400.0,,200.0,1000.0,3100.0,1500.0,8900.0,1800.0,4200.0,4100.0,24100.0,25500.0,16600.0,8700.0,100.0,100.0
elderly_headed_hh,fourth_quintile,1997,98600.0,72000.0,17800.0,400.0,1000.0,1400.0,,200.0,1100.0,4000.0,1600.0,9100.0,1700.0,4500.0,4100.0,25300.0,26600.0,17000.0,9400.0,100.0,100.0
elderly_headed_hh,fourth_quintile,1998,101900.0,75700.0,18700.0,500.0,1100.0,1400.0,,200.0,1700.0,4500.0,1300.0,9400.0,1700.0,4700.0,3800.0,26700.0,26200.0,17200.0,8800.0,100.0,200.0
elderly_headed_hh,fourth_quintile,1999,104600.0,78700.0,20300.0,700.0,1100.0,1500.0,,200.0,1600.0,4700.0,1300.0,8700.0,1900.0,5100.0,3700.0,27600.0,26000.0,17300.0,8500.0,100.0,100.0
elderly_headed_hh,fourth_quintile,2000,104300.0,78700.0,20400.0,700.0,1200.0,1600.0,,200.0,1400.0,4500.0,1200.0,8800.0,1500.0,4600.0,3300.0,29200.0,25600.0,17100.0,8300.0,100.0,100.0
elderly_headed_hh,fourth_quintile,2001,104300.0,77900.0,21500.0,800.0,1400.0,1700.0,,200.0,1800.0,1900.0,1500.0,8700.0,1600.0,4300.0,2400.0,30200.0,26300.0,17300.0,8800.0,100.0,100.0
elderly_headed_hh,fourth_quintile,2002,103000.0,76000.0,20200.0,700.0,1500.0,1500.0,,100.0,1800.0,1500.0,1600.0,6800.0,1700.0,3900.0,2100.0,32700.0,26900.0,17500.0,9200.0,200.0,
elderly_headed_hh,fourth_quintile,2003,104600.0,77300.0,23200.0,900.0,1900.0,1700.0,,200.0,1500.0,1500.0,1700.0,4900.0,2000.0,3700.0,2500.0,31500.0,27300.0,17800.0,9300.0,200.0,100.0
elderly_headed_hh,fourth_quintile,2004,107700.0,79500.0,22600.0,1000.0,1900.0,1700.0,,300.0,1700.0,2400.0,1600.0,4500.0,1600.0,4000.0,2900.0,33200.0,28200.0,18100.0,9900.0,100.0,
elderly_headed_hh,fourth_quintile,2005,111200.0,82300.0,22800.0,1000.0,2300.0,1700.0,,400.0,2200.0,3200.0,1200.0,4700.0,1800.0,4200.0,3500.0,33400.0,28900.0,18400.0,10300.0,100.0,100.0
elderly_headed_hh,fourth_quintile,2006,113100.0,83100.0,21600.0,1000.0,2000.0,1600.0,,400.0,2000.0,3900.0,1400.0,6300.0,1600.0,4400.0,4000.0,32900.0,30000.0,18300.0,11500.0,100.0,100.0
elderly_headed_hh,fourth_quintile,2007,115000.0,85000.0,22700.0,1000.0,1900.0,1700.0,,300.0,1900.0,4000.0,1200.0,6900.0,1400.0,4400.0,3200.0,34400.0,29900.0,18500.0,11300.0,100.0,
elderly_headed_hh,fourth_quintile,2008,112600.0,83000.0,23700.0,1000.0,2300.0,1800.0,,200.0,1800.0,1300.0,1400.0,5700.0,1800.0,4100.0,1900.0,35900.0,29600.0,17900.0,11300.0,200.0,200.0
elderly_headed_hh,fourth_quintile,2009,113000.0,80100.0,23600.0,900.0,2400.0,1800.0,,200.0,2000.0,800.0,1600.0,4800.0,1800.0,3500.0,1600.0,35100.0,32900.0,20000.0,12300.0,500.0,100.0
elderly_headed_hh,fourth_quintile,2010,112000.0,80000.0,22900.0,900.0,2200.0,1700.0,,200.0,1700.0,800.0,1400.0,3400.0,1600.0,3500.0,1800.0,37700.0,32000.0,19400.0,11900.0,500.0,100.0
elderly_headed_hh,fourth_quintile,2011,109900.0,80300.0,23800.0,900.0,2300.0,1800.0,,200.0,2000.0,1000.0,1200.0,2600.0,1700.0,3300.0,1700.0,37700.0,29600.0,17700.0,11400.0,400.0,100.0
elderly_headed_hh,fourth_quintile,2012,111300.0,80700.0,23700.0,900.0,2200.0,1800.0,,300.0,2300.0,1600.0,1200.0,1900.0,1800.0,3800.0,1800.0,37500.0,30500.0,18900.0,11300.0,300.0,100.0
elderly_headed_hh,fourth_quintile,2013,113100.0,82500.0,24400.0,1000.0,2200.0,1800.0,,300.0,1900.0,2000.0,1000.0,1600.0,1900.0,3400.0,2300.0,38800.0,30600.0,18900.0,11400.0,200.0,100.0
elderly_headed_hh,fourth_quintile,2014,115900.0,84100.0,25100.0,1000.0,2200.0,1900.0,,300.0,2300.0,2900.0,700.0,1200.0,1700.0,3400.0,2200.0,39000.0,31800.0,19800.0,11700.0,200.0,100.0
elderly_headed_hh,fourth_quintile,2015,119900.0,87800.0,26400.0,1100.0,2300.0,2000.0,,300.0,2400.0,2800.0,800.0,1300.0,1600.0,3600.0,2200.0,41000.0,32100.0,19900.0,12000.0,100.0,100.0
elderly_headed_hh,highest_quintile,1979,191700.0,176800.0,36400.0,0.0,1000.0,1500.0,100.0,500.0,13300.0,30300.0,3300.0,26000.0,7100.0,22300.0,21300.0,13900.0,14800.0,11300.0,3400.0,100.0,
elderly_headed_hh,highest_quintile,1980,177900.0,162500.0,33600.0,0.0,900.0,1400.0,100.0,400.0,9900.0,24000.0,3500.0,31300.0,7200.0,21100.0,15800.0,13400.0,15300.0,11400.0,3800.0,100.0,
elderly_headed_hh,highest_quintile,1981,176000.0,159800.0,32400.0,0.0,1000.0,1500.0,100.0,300.0,7800.0,21900.0,3500.0,38700.0,7200.0,19900.0,11800.0,14000.0,16200.0,12000.0,4100.0,100.0,
elderly_headed_hh,highest_quintile,1982,181100.0,163200.0,34500.0,0.0,1000.0,1600.0,100.0,200.0,7600.0,23600.0,4500.0,39600.0,7200.0,20900.0,7200.0,15200.0,17900.0,13200.0,4700.0,100.0,
elderly_headed_hh,highest_quintile,1983,185600.0,167500.0,33300.0,0.0,1000.0,1600.0,100.0,200.0,8400.0,30800.0,5800.0,35000.0,6700.0,19100.0,9400.0,16000.0,18100.0,13100.0,4900.0,100.0,100.0
elderly_headed_hh,highest_quintile,1984,201900.0,181900.0,36300.0,200.0,1000.0,1800.0,100.0,300.0,9700.0,33900.0,6900.0,37800.0,6900.0,18200.0,11200.0,17800.0,20000.0,14600.0,5300.0,100.0,
elderly_headed_hh,highest_quintile,1985,216400.0,196300.0,37800.0,200.0,1000.0,1900.0,100.0,300.0,9700.0,41400.0,7900.0,38300.0,7000.0,18700.0,10900.0,21100.0,20000.0,14300.0,5600.0,100.0,100.0
elderly_headed_hh,highest_quintile,1986,246100.0,226100.0,36900.0,300.0,1200.0,1900.0,100.0,300.0,10200.0,76700.0,9400.0,33300.0,6800.0,19000.0,11900.0,18200.0,20100.0,14100.0,5700.0,100.0,200.0
elderly_headed_hh,highest_quintile,1987,219700.0,200400.0,37300.0,400.0,1400.0,1900.0,100.0,400.0,12200.0,35000.0,15800.0,32500.0,5700.0,21300.0,16100.0,20400.0,19300.0,13500.0,5600.0,100.0,100.0
elderly_headed_hh,highest_quintile,1988,238700.0,218500.0,40100.0,400.0,1600.0,2000.0,100.0,400.0,15400.0,38200.0,15300.0,34700.0,5700.0,23500.0,16900.0,24300.0,20200.0,14400.0,5700.0,100.0,
elderly_headed_hh,highest_quintile,1989,228000.0,208300.0,35200.0,400.0,1600.0,1900.0,100.0,300.0,13300.0,31400.0,16100.0,39400.0,6100.0,22400.0,15700.0,24600.0,19600.0,13900.0,5600.0,100.0,
elderly_headed_hh,highest_quintile,1990,219200.0,198700.0,38300.0,400.0,1500.0,2000.0,100.0,300.0,13900.0,21300.0,15600.0,38800.0,6200.0,20500.0,14200.0,25600.0,20500.0,14400.0,6000.0,100.0,
elderly_headed_hh,highest_quintile,1991,208300.0,186700.0,36400.0,400.0,1700.0,2000.0,100.0,300.0,10800.0,17800.0,16800.0,34100.0,6300.0,18800.0,12900.0,28300.0,21700.0,15100.0,6300.0,100.0,200.0
elderly_headed_hh,highest_quintile,1992,221100.0,199100.0,41300.0,600.0,1800.0,2200.0,100.0,400.0,14300.0,21500.0,18100.0,26100.0,6700.0,20000.0,15400.0,30700.0,22000.0,15100.0,6700.0,200.0,100.0
elderly_headed_hh,highest_quintile,1993,222800.0,199100.0,39700.0,600.0,2100.0,2200.0,100.0,400.0,13800.0,25600.0,17500.0,21000.0,7000.0,19500.0,18100.0,31500.0,23600.0,16000.0,7400.0,200.0,100.0
elderly_headed_hh,highest_quintile,1994,231500.0,206600.0,39700.0,700.0,2300.0,2200.0,100.0,400.0,15800.0,25400.0,17900.0,19800.0,7400.0,19400.0,20000.0,35500.0,24900.0,17000.0,7700.0,100.0,100.0
elderly_headed_hh,highest_quintile,1995,233500.0,209400.0,40600.0,900.0,2200.0,2300.0,100.0,500.0,14600.0,27100.0,15700.0,22800.0,7100.0,20400.0,20600.0,34400.0,24000.0,15900.0,8000.0,100.0,100.0
elderly_headed_hh,highest_quintile,1996,257100.0,232100.0,43300.0,1000.0,1900.0,2400.0,,500.0,17000.0,38600.0,15200.0,24300.0,7300.0,21600.0,22000.0,36900.0,25000.0,16300.0,8500.0,100.0,200.0
elderly_headed_hh,highest_quintile,1997,275500.0,249200.0,42800.0,1000.0,1600.0,2400.0,,500.0,18500.0,51500.0,14800.0,24000.0,7400.0,23400.0,22200.0,39000.0,26300.0,17100.0,9100.0,,100.0
elderly_headed_hh,highest_quintile,1998,284800.0,259100.0,44700.0,1000.0,1600.0,2500.0,,500.0,18600.0,61500.0,14100.0,22900.0,6900.0,21900.0,20200.0,42600.0,25800.0,17100.0,8500.0,100.0,100.0
elderly_headed_hh,highest_quintile,1999,304300.0,279000.0,46600.0,1200.0,1800.0,2600.0,,500.0,21400.0,69300.0,14800.0,22600.0,7500.0,23700.0,20700.0,46500.0,25200.0,16800.0,8100.0,,200.0
elderly_headed_hh,highest_quintile,2000,307500.0,280100.0,46400.0,1200.0,1700.0,2600.0,,500.0,20600.0,71000.0,13200.0,24300.0,7800.0,22800.0,19100.0,49000.0,27400.0,18700.0,8400.0,100.0,300.0
elderly_headed_hh,highest_quintile,2001,289900.0,262700.0,51500.0,1400.0,2100.0,2900.0,100.0,400.0,22500.0,45900.0,14900.0,25900.0,9000.0,20600.0,15300.0,50100.0,27300.0,18300.0,8800.0,100.0,100.0
elderly_headed_hh,highest_quintile,2002,284600.0,256600.0,52700.0,1500.0,2700.0,2800.0,,400.0,25700.0,40900.0,15500.0,20400.0,9200.0,19300.0,15600.0,50000.0,27900.0,18800.0,9000.0,100.0,
elderly_headed_hh,highest_quintile,2003,300800.0,271900.0,56600.0,2400.0,2900.0,3200.0,100.0,500.0,27600.0,47800.0,14200.0,17000.0,9500.0,21300.0,21100.0,47700.0,28900.0,19300.0,9500.0,100.0,
elderly_headed_hh,highest_quintile,2004,335300.0,306600.0,57800.0,2600.0,3100.0,3200.0,,700.0,30000.0,71100.0,12900.0,16000.0,9600.0,24800.0,26400.0,48700.0,28600.0,18600.0,9900.0,100.0,
elderly_headed_hh,highest_quintile,2005,347500.0,318100.0,55600.0,2600.0,3300.0,3100.0,,800.0,31700.0,79300.0,11700.0,17600.0,9300.0,23800.0,29900.0,49200.0,29500.0,19200.0,10100.0,100.0,200.0
elderly_headed_hh,highest_quintile,2006,351500.0,321100.0,53500.0,2600.0,3300.0,3000.0,,900.0,28200.0,80700.0,12800.0,21100.0,8900.0,25500.0,30300.0,50200.0,30400.0,19300.0,11000.0,100.0,
elderly_headed_hh,highest_quintile,2007,377000.0,346200.0,57100.0,2700.0,2800.0,3100.0,,800.0,29700.0,94200.0,12900.0,24600.0,8700.0,29800.0,26700.0,53000.0,30800.0,19300.0,11300.0,100.0,100.0
elderly_headed_hh,highest_quintile,2008,332800.0,303000.0,65800.0,3400.0,3500.0,3600.0,,500.0,32000.0,49000.0,13700.0,20700.0,11100.0,27700.0,16600.0,55300.0,29800.0,18600.0,11000.0,100.0,100.0
elderly_headed_hh,highest_quintile,2009,300500.0,268600.0,69700.0,3600.0,4000.0,4000.0,,500.0,33100.0,28200.0,13500.0,16300.0,9100.0,22000.0,13500.0,51000.0,31900.0,19900.0,11700.0,300.0,
elderly_headed_hh,highest_quintile,2010,304200.0,274000.0,66000.0,3400.0,4100.0,3700.0,,600.0,31100.0,33500.0,12400.0,12400.0,9400.0,20900.0,16300.0,60100.0,30200.0,18600.0,11200.0,300.0,
elderly_headed_hh,highest_quintile,2011,314800.0,285800.0,69500.0,3600.0,4200.0,3800.0,,600.0,35600.0,35400.0,11700.0,11000.0,9600.0,22000.0,16700.0,62000.0,29000.0,18000.0,10600.0,200.0,100.0
elderly_headed_hh,highest_quintile,2012,345800.0,316300.0,71100.0,3800.0,3800.0,4000.0,,800.0,36800.0,57400.0,10200.0,9200.0,9600.0,27000.0,19600.0,62900.0,29500.0,18200.0,11100.0,200.0,
elderly_headed_hh,highest_quintile,2013,309500.0,280500.0,69400.0,3800.0,3900.0,4000.0,,800.0,35500.0,38700.0,9200.0,7700.0,9500.0,20700.0,19300.0,57800.0,29000.0,18100.0,10800.0,200.0,
elderly_headed_hh,highest_quintile,2014,333700.0,303600.0,70600.0,3900.0,3400.0,4000.0,,900.0,37100.0,52700.0,8100.0,7100.0,9900.0,24600.0,21400.0,60100.0,30200.0,19000.0,11000.0,100.0,100.0
elderly_headed_hh,highest_quintile,2015,346500.0,316900.0,78200.0,4400.0,3800.0,4400.0,,900.0,40900.0,53800.0,7700.0,7200.0,8800.0,24800.0,20300.0,61700.0,29600.0,18200.0,11300.0,100.0,
elderly_headed_hh,percentiles_81_90,1979,97500.0,83000.0,29200.0,0.0,1100.0,1600.0,100.0,400.0,5000.0,3900.0,400.0,15100.0,2800.0,5500.0,6600.0,11200.0,14500.0,11000.0,3300.0,100.0,
elderly_headed_hh,percentiles_81_90,1980,95600.0,80300.0,24500.0,0.0,800.0,1300.0,100.0,300.0,2500.0,4700.0,400.0,20100.0,2800.0,5500.0,6000.0,11300.0,15300.0,11300.0,3800.0,200.0,
elderly_headed_hh,percentiles_81_90,1981,97800.0,81200.0,25600.0,0.0,800.0,1500.0,100.0,200.0,1800.0,3000.0,500.0,23100.0,2400.0,6200.0,4300.0,11600.0,16600.0,12400.0,4100.0,100.0,100.0
elderly_headed_hh,percentiles_81_90,1982,98400.0,80300.0,25700.0,0.0,1000.0,1600.0,100.0,100.0,2100.0,1900.0,800.0,24100.0,2200.0,6200.0,2500.0,12200.0,18000.0,13300.0,4500.0,100.0,
elderly_headed_hh,percentiles_81_90,1983,99400.0,81500.0,24200.0,0.0,900.0,1500.0,100.0,200.0,1500.0,3800.0,800.0,23300.0,2600.0,5700.0,3500.0,13400.0,17900.0,12900.0,4800.0,100.0,100.0
elderly_headed_hh,percentiles_81_90,1984,109300.0,88300.0,26300.0,200.0,900.0,1700.0,100.0,200.0,2700.0,4000.0,1000.0,24100.0,1800.0,5600.0,3900.0,15700.0,20900.0,15300.0,5500.0,100.0,100.0
elderly_headed_hh,percentiles_81_90,1985,108600.0,88100.0,25600.0,100.0,900.0,1700.0,100.0,200.0,1700.0,4200.0,1000.0,23500.0,2200.0,6600.0,3700.0,16600.0,20500.0,14800.0,5700.0,100.0,
elderly_headed_hh,percentiles_81_90,1986,110000.0,90100.0,28100.0,300.0,1000.0,1900.0,100.0,200.0,2800.0,8500.0,1200.0,19900.0,1500.0,6800.0,3700.0,14200.0,19900.0,13900.0,5500.0,100.0,300.0
elderly_headed_hh,percentiles_81_90,1987,110700.0,91400.0,24400.0,300.0,1200.0,1600.0,100.0,200.0,2900.0,5700.0,2900.0,19200.0,1800.0,7500.0,5500.0,18200.0,19300.0,13500.0,5600.0,100.0,100.0
elderly_headed_hh,percentiles_81_90,1988,115500.0,95000.0,28100.0,400.0,1500.0,2000.0,100.0,300.0,3100.0,4600.0,3600.0,18900.0,1500.0,7700.0,5300.0,18100.0,20500.0,14600.0,5800.0,100.0,
elderly_headed_hh,percentiles_81_90,1989,114200.0,95000.0,24100.0,400.0,1400.0,1700.0,100.0,200.0,2000.0,4300.0,3700.0,22200.0,2300.0,7200.0,5400.0,20000.0,19200.0,13600.0,5400.0,100.0,100.0
elderly_headed_hh,percentiles_81_90,1990,114300.0,93700.0,24400.0,300.0,1400.0,1700.0,100.0,200.0,2600.0,3200.0,4000.0,22300.0,2400.0,6800.0,5200.0,19000.0,20700.0,14500.0,6000.0,100.0,
elderly_headed_hh,percentiles_81_90,1991,116800.0,94300.0,24600.0,300.0,1300.0,1800.0,100.0,200.0,2600.0,3000.0,3800.0,18900.0,2600.0,6900.0,4600.0,23500.0,22500.0,15700.0,6600.0,100.0,100.0
elderly_headed_hh,percentiles_81_90,1992,117600.0,95300.0,24100.0,500.0,1400.0,1800.0,100.0,200.0,3000.0,4900.0,4700.0,14100.0,2000.0,7500.0,5400.0,25600.0,22200.0,15000.0,6900.0,200.0,200.0
elderly_headed_hh,percentiles_81_90,1993,120100.0,96300.0,26700.0,500.0,2000.0,1900.0,100.0,300.0,2000.0,5000.0,5000.0,10800.0,2500.0,8200.0,6200.0,25100.0,23800.0,16000.0,7500.0,200.0,100.0
elderly_headed_hh,percentiles_81_90,1994,121600.0,96900.0,24500.0,500.0,1900.0,1800.0,100.0,300.0,2700.0,4500.0,5000.0,10000.0,2800.0,7700.0,6500.0,28700.0,24600.0,16600.0,7800.0,100.0,200.0
elderly_headed_hh,percentiles_81_90,1995,120800.0,97700.0,24400.0,700.0,1800.0,1800.0,,300.0,2000.0,5000.0,4400.0,12100.0,2300.0,8200.0,7000.0,27700.0,23100.0,14900.0,7900.0,100.0,100.0
elderly_headed_hh,percentiles_81_90,1996,127600.0,101600.0,25400.0,800.0,1600.0,1900.0,,300.0,3400.0,6100.0,3800.0,13000.0,2800.0,8300.0,7200.0,26900.0,25900.0,17000.0,8800.0,100.0,100.0
elderly_headed_hh,percentiles_81_90,1997,130400.0,104300.0,23900.0,800.0,1300.0,1800.0,,300.0,3300.0,9300.0,4100.0,12600.0,2500.0,8900.0,7100.0,28300.0,26100.0,16800.0,9100.0,100.0,100.0
elderly_headed_hh,percentiles_81_90,1998,133100.0,108100.0,25400.0,900.0,1400.0,1900.0,,300.0,3100.0,9600.0,3100.0,12500.0,2300.0,8000.0,6100.0,33300.0,25000.0,16400.0,8400.0,100.0,100.0
elderly_headed_hh,percentiles_81_90,1999,136900.0,112300.0,27200.0,1000.0,1400.0,2000.0,,300.0,2800.0,11700.0,3000.0,11700.0,2500.0,8900.0,6200.0,33500.0,24600.0,16300.0,8100.0,100.0,100.0
elderly_headed_hh,percentiles_81_90,2000,139600.0,114100.0,26100.0,900.0,1400.0,2000.0,,300.0,3500.0,11600.0,3100.0,12500.0,2700.0,8100.0,5800.0,36200.0,25400.0,16700.0,8300.0,100.0,300.0
elderly_headed_hh,percentiles_81_90,2001,141900.0,115400.0,34500.0,1400.0,2000.0,2600.0,100.0,300.0,3400.0,4400.0,3400.0,14000.0,2900.0,6900.0,4100.0,35300.0,26500.0,17700.0,8600.0,200.0,
elderly_headed_hh,percentiles_81_90,2002,139600.0,112300.0,32400.0,1400.0,2300.0,2300.0,100.0,200.0,3300.0,3700.0,3700.0,9700.0,3200.0,6400.0,3700.0,39700.0,27300.0,18000.0,9000.0,200.0,
elderly_headed_hh,percentiles_81_90,2003,142900.0,115000.0,34200.0,1800.0,2300.0,2500.0,100.0,300.0,4000.0,4300.0,3700.0,7600.0,3100.0,6900.0,4600.0,39600.0,27900.0,18500.0,9200.0,100.0,100.0
elderly_headed_hh,percentiles_81_90,2004,146500.0,118300.0,34800.0,1800.0,2600.0,2500.0,100.0,400.0,3700.0,6800.0,3200.0,6600.0,3700.0,7400.0,5600.0,39000.0,28200.0,18300.0,9800.0,100.0,
elderly_headed_hh,percentiles_81_90,2005,148900.0,120200.0,31400.0,1900.0,2700.0,2300.0,,500.0,3900.0,8300.0,2900.0,7300.0,3200.0,7900.0,6800.0,41200.0,28700.0,18300.0,10000.0,100.0,300.0
elderly_headed_hh,percentiles_81_90,2006,152900.0,123100.0,31800.0,1900.0,2800.0,2400.0,,500.0,4100.0,7900.0,3200.0,9400.0,3000.0,7600.0,7000.0,41400.0,29700.0,18700.0,10900.0,100.0,
elderly_headed_hh,percentiles_81_90,2007,155700.0,125300.0,31300.0,1800.0,2500.0,2300.0,,500.0,3800.0,10000.0,2600.0,10000.0,2800.0,8300.0,5900.0,43400.0,30400.0,19000.0,11200.0,100.0,
elderly_headed_hh,percentiles_81_90,2008,150700.0,121100.0,34100.0,2200.0,3100.0,2600.0,,300.0,4000.0,3600.0,3700.0,8200.0,2800.0,8400.0,3500.0,44400.0,29600.0,18400.0,11000.0,100.0,200.0
elderly_headed_hh,percentiles_81_90,2009,151600.0,120000.0,38200.0,2300.0,3200.0,2900.0,,300.0,4100.0,1900.0,3500.0,7100.0,2700.0,6500.0,2800.0,44600.0,31600.0,19500.0,11600.0,400.0,
elderly_headed_hh,percentiles_81_90,2010,150600.0,120200.0,36800.0,2100.0,3300.0,2700.0,,400.0,4300.0,2400.0,3200.0,4800.0,3100.0,6400.0,3400.0,47300.0,30400.0,18600.0,11400.0,300.0,100.0
elderly_headed_hh,percentiles_81_90,2011,149300.0,120100.0,35200.0,2000.0,3100.0,2600.0,,300.0,5300.0,2500.0,3200.0,4100.0,2800.0,6800.0,3300.0,48900.0,29200.0,18000.0,10900.0,200.0,100.0
elderly_headed_hh,percentiles_81_90,2012,154000.0,123700.0,38800.0,2500.0,3300.0,3000.0,,400.0,4700.0,3400.0,2000.0,2800.0,3000.0,6300.0,3100.0,50400.0,30400.0,18900.0,11200.0,300.0,
elderly_headed_hh,percentiles_81_90,2013,154400.0,125400.0,40400.0,2600.0,3100.0,3100.0,,500.0,5500.0,5000.0,2100.0,2500.0,2800.0,6100.0,4200.0,47700.0,29000.0,17900.0,10800.0,200.0,
elderly_headed_hh,percentiles_81_90,2014,157500.0,127100.0,39100.0,2600.0,3000.0,3000.0,,500.0,4800.0,6400.0,2200.0,2300.0,2700.0,6900.0,4600.0,48900.0,30400.0,19000.0,11100.0,200.0,100.0
elderly_headed_hh,percentiles_81_90,2015,162300.0,132500.0,43600.0,3000.0,3300.0,3400.0,,500.0,5600.0,5700.0,1800.0,2100.0,2900.0,5900.0,3900.0,50700.0,29800.0,18100.0,11600.0,100.0,
elderly_headed_hh,percentiles_91_95,1979,122200.0,107100.0,34400.0,0.0,1100.0,1800.0,100.0,500.0,6000.0,6800.0,1000.0,19200.0,3200.0,10400.0,9700.0,12900.0,15100.0,11600.0,3400.0,200.0,
elderly_headed_hh,percentiles_91_95,1980,121000.0,105800.0,33300.0,0.0,1000.0,1700.0,100.0,400.0,5100.0,6900.0,600.0,23600.0,4500.0,8500.0,7900.0,12300.0,15200.0,11300.0,3800.0,100.0,100.0
elderly_headed_hh,percentiles_91_95,1981,121000.0,104200.0,27600.0,0.0,1000.0,1600.0,100.0,200.0,3700.0,5300.0,800.0,29600.0,4000.0,10100.0,6200.0,14000.0,16800.0,12400.0,4200.0,100.0,
elderly_headed_hh,percentiles_91_95,1982,123600.0,105100.0,31400.0,0.0,800.0,1800.0,100.0,200.0,3100.0,3900.0,2000.0,28500.0,4700.0,8900.0,3400.0,16300.0,18500.0,13600.0,4900.0,,
elderly_headed_hh,percentiles_91_95,1983,121700.0,104500.0,29000.0,0.0,1000.0,1700.0,100.0,200.0,3600.0,7000.0,1600.0,28400.0,3600.0,8800.0,4700.0,14800.0,17200.0,12300.0,4800.0,,
elderly_headed_hh,percentiles_91_95,1984,133200.0,114100.0,33700.0,200.0,1100.0,2000.0,100.0,300.0,5600.0,6900.0,1700.0,31300.0,3700.0,8000.0,5500.0,14000.0,19100.0,13900.0,5100.0,100.0,100.0
elderly_headed_hh,percentiles_91_95,1985,135000.0,114800.0,31800.0,300.0,1000.0,2000.0,100.0,200.0,3500.0,7800.0,1800.0,30100.0,2800.0,9000.0,5000.0,19400.0,20200.0,14600.0,5500.0,100.0,
elderly_headed_hh,percentiles_91_95,1986,137800.0,116900.0,27600.0,300.0,900.0,1800.0,100.0,200.0,2900.0,17100.0,1700.0,25900.0,3400.0,10900.0,5600.0,18500.0,20900.0,14700.0,6000.0,100.0,100.0
elderly_headed_hh,percentiles_91_95,1987,142800.0,123300.0,32700.0,500.0,1500.0,2000.0,100.0,300.0,4300.0,9300.0,5300.0,26200.0,2900.0,11400.0,8100.0,18700.0,19500.0,13800.0,5600.0,100.0,100.0
elderly_headed_hh,percentiles_91_95,1988,142400.0,123100.0,31300.0,500.0,1700.0,2000.0,100.0,300.0,6100.0,6800.0,5700.0,24300.0,2900.0,11400.0,7500.0,22600.0,19300.0,13700.0,5600.0,100.0,
elderly_headed_hh,percentiles_91_95,1989,146800.0,126600.0,29100.0,400.0,1400.0,2000.0,100.0,300.0,5500.0,9200.0,6900.0,27900.0,2300.0,11200.0,7800.0,22500.0,20300.0,14300.0,5900.0,100.0,
elderly_headed_hh,percentiles_91_95,1990,143900.0,123800.0,30800.0,500.0,1400.0,2100.0,100.0,300.0,4500.0,6100.0,7400.0,25500.0,3700.0,11800.0,7300.0,22200.0,20200.0,14000.0,6000.0,100.0,100.0
elderly_headed_hh,percentiles_91_95,1991,142700.0,122400.0,31000.0,500.0,1800.0,2100.0,100.0,300.0,4400.0,5000.0,6700.0,24100.0,2600.0,10600.0,6500.0,26900.0,20300.0,14000.0,6000.0,100.0,200.0
elderly_headed_hh,percentiles_91_95,1992,145600.0,124000.0,29400.0,500.0,1800.0,2000.0,100.0,300.0,3400.0,6000.0,9400.0,18800.0,3300.0,12000.0,7900.0,29300.0,21600.0,14800.0,6600.0,100.0,100.0
elderly_headed_hh,percentiles_91_95,1993,147200.0,123900.0,30300.0,600.0,1900.0,2200.0,100.0,300.0,4400.0,8400.0,7000.0,14000.0,4100.0,11600.0,8900.0,30300.0,23300.0,15500.0,7300.0,200.0,300.0
elderly_headed_hh,percentiles_91_95,1994,152100.0,126000.0,27900.0,500.0,2000.0,2000.0,,300.0,4500.0,7800.0,8500.0,14400.0,3400.0,10800.0,9700.0,34100.0,26100.0,18000.0,8000.0,100.0,100.0
elderly_headed_hh,percentiles_91_95,1995,156200.0,131800.0,33100.0,900.0,2100.0,2300.0,100.0,400.0,4100.0,8500.0,8100.0,16000.0,4100.0,11900.0,10600.0,29600.0,24400.0,16200.0,8100.0,100.0,
elderly_headed_hh,percentiles_91_95,1996,160600.0,136300.0,33600.0,1000.0,1800.0,2400.0,100.0,400.0,4000.0,10800.0,5400.0,15800.0,3200.0,11400.0,9800.0,36500.0,24300.0,15700.0,8200.0,100.0,400.0
elderly_headed_hh,percentiles_91_95,1997,165900.0,140600.0,31100.0,1100.0,1700.0,2200.0,,400.0,3900.0,14100.0,6400.0,15700.0,3600.0,13100.0,10100.0,37300.0,25300.0,16400.0,8800.0,,100.0
elderly_headed_hh,percentiles_91_95,1998,172100.0,146200.0,35100.0,1200.0,1500.0,2500.0,100.0,400.0,5400.0,15800.0,6100.0,15600.0,3600.0,12600.0,9100.0,37400.0,25900.0,17300.0,8500.0,,100.0
elderly_headed_hh,percentiles_91_95,1999,175300.0,150500.0,32500.0,1300.0,1700.0,2300.0,,400.0,6100.0,20000.0,6700.0,14300.0,3000.0,12700.0,9100.0,40600.0,24800.0,16300.0,8200.0,100.0,100.0
elderly_headed_hh,percentiles_91_95,2000,184900.0,156800.0,31900.0,1200.0,1600.0,2300.0,,300.0,6200.0,21900.0,5500.0,16900.0,3600.0,12600.0,9000.0,43800.0,28100.0,19500.0,8400.0,,200.0
elderly_headed_hh,percentiles_91_95,2001,179400.0,152800.0,33100.0,1400.0,2000.0,2400.0,,300.0,6200.0,10800.0,7500.0,17400.0,4900.0,11900.0,6900.0,48000.0,26600.0,17900.0,8600.0,100.0,100.0
elderly_headed_hh,percentiles_91_95,2002,178200.0,150500.0,35700.0,1400.0,2600.0,2400.0,,300.0,8400.0,10300.0,7900.0,13900.0,5100.0,11000.0,6800.0,44500.0,27800.0,18600.0,9000.0,100.0,
elderly_headed_hh,percentiles_91_95,2003,181600.0,153000.0,47100.0,3000.0,2800.0,3400.0,100.0,500.0,9400.0,9200.0,5500.0,9500.0,4600.0,10000.0,7100.0,40900.0,28700.0,19300.0,9100.0,200.0,
elderly_headed_hh,percentiles_91_95,2004,189300.0,160800.0,46500.0,3100.0,2800.0,3200.0,100.0,600.0,8600.0,13200.0,4600.0,9000.0,5300.0,10900.0,8500.0,44500.0,28500.0,18400.0,10000.0,100.0,0.0
elderly_headed_hh,percentiles_91_95,2005,195800.0,166600.0,46200.0,3300.0,3400.0,3300.0,,700.0,7700.0,15300.0,4800.0,10000.0,4500.0,10500.0,10100.0,46800.0,29300.0,18900.0,10100.0,100.0,100.0
elderly_headed_hh,percentiles_91_95,2006,199900.0,169700.0,41000.0,2900.0,3200.0,3000.0,,700.0,8400.0,16900.0,5900.0,12400.0,4400.0,12800.0,11500.0,46600.0,30200.0,19200.0,10900.0,100.0,
elderly_headed_hh,percentiles_91_95,2007,202000.0,171600.0,41500.0,3200.0,2900.0,3000.0,,600.0,6900.0,18600.0,4900.0,13900.0,4400.0,13300.0,9500.0,48800.0,30400.0,19100.0,11100.0,100.0,100.0
elderly_headed_hh,percentiles_91_95,2008,198600.0,167800.0,51100.0,3700.0,3600.0,3700.0,,400.0,8100.0,5200.0,5800.0,11900.0,5500.0,11700.0,5200.0,51900.0,30700.0,19300.0,11200.0,200.0,100.0
elderly_headed_hh,percentiles_91_95,2009,193900.0,162500.0,55300.0,3600.0,3900.0,4000.0,100.0,400.0,8500.0,4900.0,5400.0,8600.0,4700.0,9200.0,4400.0,49700.0,31400.0,19700.0,11400.0,300.0,
elderly_headed_hh,percentiles_91_95,2010,195900.0,166400.0,51700.0,3200.0,4200.0,3700.0,,500.0,9800.0,4900.0,5400.0,6700.0,5300.0,8600.0,5300.0,57100.0,29500.0,18100.0,10900.0,400.0,
elderly_headed_hh,percentiles_91_95,2011,195800.0,167300.0,53700.0,4000.0,4500.0,3800.0,,500.0,9300.0,4700.0,4900.0,4500.0,5200.0,9400.0,4900.0,57700.0,28500.0,17900.0,10200.0,200.0,100.0
elderly_headed_hh,percentiles_91_95,2012,200700.0,171100.0,54600.0,4000.0,3600.0,3900.0,,600.0,9800.0,8000.0,4800.0,4100.0,5100.0,10600.0,5700.0,56400.0,29600.0,18300.0,11000.0,200.0,
elderly_headed_hh,percentiles_91_95,2013,201800.0,173600.0,52300.0,4100.0,3700.0,3800.0,,600.0,11300.0,9500.0,4300.0,3200.0,5900.0,10500.0,7500.0,56900.0,28100.0,17300.0,10600.0,100.0,
elderly_headed_hh,percentiles_91_95,2014,206700.0,176600.0,53600.0,3800.0,3300.0,3900.0,,700.0,9500.0,12900.0,3400.0,3100.0,5000.0,11000.0,7700.0,58800.0,30100.0,18900.0,11000.0,100.0,100.0
elderly_headed_hh,percentiles_91_95,2015,213200.0,184000.0,56300.0,4100.0,3800.0,4100.0,,700.0,11800.0,12700.0,3400.0,3200.0,4600.0,12200.0,7500.0,59500.0,29200.0,18300.0,10800.0,100.0,
elderly_headed_hh,percentiles_96_99,1979,168700.0,153900.0,31200.0,0.0,900.0,1300.0,100.0,400.0,12800.0,17400.0,1800.0,29200.0,7600.0,18200.0,17700.0,15200.0,14800.0,11300.0,3500.0,,
elderly_headed_hh,percentiles_96_99,1980,164300.0,148900.0,31500.0,0.0,800.0,1300.0,100.0,300.0,10200.0,15100.0,2400.0,34000.0,6500.0,18600.0,13800.0,14200.0,15400.0,11500.0,3700.0,100.0,
elderly_headed_hh,percentiles_96_99,1981,164500.0,149300.0,29600.0,0.0,1000.0,1400.0,100.0,300.0,8600.0,12800.0,1900.0,44100.0,6200.0,18700.0,10600.0,14200.0,15200.0,11200.0,4000.0,,
elderly_headed_hh,percentiles_96_99,1982,165300.0,147700.0,31200.0,0.0,1000.0,1600.0,100.0,200.0,7200.0,10800.0,1700.0,46100.0,6100.0,19900.0,6100.0,15900.0,17600.0,12900.0,4700.0,,
elderly_headed_hh,percentiles_96_99,1983,172600.0,153800.0,31300.0,0.0,1000.0,1500.0,100.0,200.0,8300.0,18300.0,2600.0,40300.0,6500.0,18000.0,8200.0,17400.0,18800.0,13600.0,5100.0,100.0,100.0
elderly_headed_hh,percentiles_96_99,1984,182900.0,163800.0,32100.0,200.0,1000.0,1700.0,100.0,300.0,7700.0,18000.0,2700.0,44100.0,7600.0,18900.0,9800.0,19800.0,19000.0,13900.0,5000.0,,
elderly_headed_hh,percentiles_96_99,1985,189700.0,170600.0,36300.0,300.0,1100.0,1900.0,100.0,300.0,7300.0,26100.0,3300.0,41000.0,6300.0,17500.0,9100.0,20000.0,19200.0,13600.0,5500.0,100.0,
elderly_headed_hh,percentiles_96_99,1986,207400.0,187900.0,36600.0,400.0,1400.0,2000.0,100.0,300.0,9100.0,40500.0,6500.0,35000.0,5200.0,19700.0,9600.0,21500.0,19400.0,13600.0,5500.0,,300.0
elderly_headed_hh,percentiles_96_99,1987,204000.0,184700.0,36300.0,300.0,1500.0,2000.0,100.0,400.0,10400.0,26200.0,12800.0,32000.0,6100.0,22000.0,14500.0,20300.0,19300.0,13500.0,5800.0,,
elderly_headed_hh,percentiles_96_99,1988,205900.0,186300.0,33800.0,400.0,1500.0,1800.0,100.0,300.0,10400.0,19200.0,16100.0,35300.0,6500.0,22700.0,14500.0,23600.0,19600.0,13800.0,5500.0,100.0,100.0
elderly_headed_hh,percentiles_96_99,1989,211200.0,191800.0,34700.0,500.0,1700.0,1900.0,100.0,300.0,9700.0,19200.0,15300.0,39800.0,7200.0,22300.0,14100.0,24900.0,19500.0,13800.0,5500.0,,
elderly_headed_hh,percentiles_96_99,1990,204300.0,184900.0,37900.0,500.0,1800.0,2200.0,100.0,300.0,11600.0,13000.0,14500.0,39500.0,5500.0,18900.0,12400.0,26800.0,19300.0,13400.0,5800.0,,
elderly_headed_hh,percentiles_96_99,1991,201300.0,181200.0,36700.0,500.0,1800.0,2100.0,,300.0,9200.0,14300.0,16700.0,35300.0,7000.0,17900.0,12300.0,27000.0,20100.0,14000.0,6100.0,,
elderly_headed_hh,percentiles_96_99,1992,214600.0,193500.0,45600.0,700.0,2200.0,2700.0,100.0,400.0,11800.0,16300.0,19300.0,25100.0,7800.0,18400.0,14200.0,29000.0,21100.0,14500.0,6300.0,200.0,
elderly_headed_hh,percentiles_96_99,1993,213800.0,190900.0,39800.0,700.0,2100.0,2300.0,,400.0,11500.0,20100.0,18600.0,20700.0,6800.0,18400.0,16700.0,32700.0,22900.0,15600.0,7200.0,100.0,
elderly_headed_hh,percentiles_96_99,1994,219500.0,195400.0,42400.0,1000.0,2600.0,2600.0,100.0,500.0,12500.0,17900.0,18500.0,17500.0,7900.0,17500.0,17300.0,37200.0,24100.0,16500.0,7500.0,,100.0
elderly_headed_hh,percentiles_96_99,1995,233400.0,208200.0,41800.0,1100.0,2400.0,2500.0,100.0,500.0,13600.0,21700.0,15300.0,23300.0,8100.0,18500.0,19100.0,40300.0,25300.0,16900.0,8400.0,,
elderly_headed_hh,percentiles_96_99,1996,237100.0,212700.0,42100.0,1200.0,1900.0,2500.0,,500.0,12100.0,26100.0,14300.0,23400.0,8600.0,19400.0,19100.0,41400.0,24300.0,15800.0,8400.0,100.0,100.0
elderly_headed_hh,percentiles_96_99,1997,257100.0,229800.0,42400.0,1100.0,1800.0,2500.0,,500.0,14200.0,36500.0,14900.0,23100.0,8100.0,23100.0,19700.0,41800.0,27300.0,17800.0,9200.0,100.0,200.0
elderly_headed_hh,percentiles_96_99,1998,269000.0,241800.0,43500.0,1100.0,1500.0,2600.0,,500.0,14000.0,45100.0,15300.0,21600.0,8100.0,22800.0,18400.0,47500.0,27200.0,18300.0,8900.0,100.0,
elderly_headed_hh,percentiles_96_99,1999,279500.0,253400.0,42900.0,1200.0,1700.0,2600.0,,500.0,13000.0,50800.0,15700.0,20600.0,9100.0,22900.0,18500.0,54000.0,26100.0,17700.0,8200.0,,200.0
elderly_headed_hh,percentiles_96_99,2000,292600.0,264200.0,46200.0,1400.0,1800.0,2900.0,,500.0,14800.0,51900.0,14400.0,22600.0,9600.0,23700.0,17500.0,56800.0,28400.0,19500.0,8500.0,,400.0
elderly_headed_hh,percentiles_96_99,2001,276400.0,248100.0,50600.0,1500.0,2000.0,3100.0,,400.0,17100.0,31600.0,16100.0,23700.0,10300.0,19600.0,13300.0,58800.0,28300.0,19000.0,9200.0,100.0,
elderly_headed_hh,percentiles_96_99,2002,265800.0,237300.0,54400.0,1500.0,2600.0,3100.0,,400.0,19400.0,25500.0,14500.0,17400.0,10400.0,17800.0,12300.0,57900.0,28500.0,19300.0,9000.0,100.0,100.0
elderly_headed_hh,percentiles_96_99,2003,278200.0,248000.0,57500.0,2700.0,3500.0,3400.0,,500.0,21300.0,30300.0,13400.0,16000.0,10900.0,17800.0,16500.0,54000.0,30200.0,20200.0,9900.0,100.0,
elderly_headed_hh,percentiles_96_99,2004,288100.0,259200.0,55700.0,3000.0,3400.0,3300.0,,700.0,21500.0,40400.0,12700.0,14000.0,9500.0,22200.0,19400.0,53500.0,28900.0,18900.0,9900.0,100.0,
elderly_headed_hh,percentiles_96_99,2005,310300.0,280400.0,57300.0,3300.0,3800.0,3400.0,,900.0,25800.0,51500.0,11400.0,16000.0,10600.0,21800.0,24100.0,50400.0,30000.0,19900.0,9900.0,100.0,100.0
elderly_headed_hh,percentiles_96_99,2006,322300.0,291500.0,58700.0,3300.0,3700.0,3400.0,,1000.0,21400.0,52700.0,13000.0,19700.0,9900.0,25600.0,25500.0,53700.0,30900.0,19600.0,11200.0,100.0,
elderly_headed_hh,percentiles_96_99,2007,332300.0,300400.0,60200.0,3600.0,2900.0,3500.0,,800.0,23800.0,53300.0,13200.0,21900.0,10400.0,28600.0,21200.0,57000.0,31800.0,20000.0,11700.0,100.0,100.0
elderly_headed_hh,percentiles_96_99,2008,307000.0,278400.0,73000.0,4700.0,3600.0,4200.0,,600.0,25700.0,21100.0,13200.0,20100.0,13100.0,26200.0,12300.0,60400.0,28600.0,17600.0,10900.0,100.0,
elderly_headed_hh,percentiles_96_99,2009,290500.0,258200.0,81300.0,5800.0,4800.0,4900.0,100.0,600.0,26800.0,14500.0,13100.0,16200.0,11000.0,19600.0,10100.0,49500.0,32300.0,20400.0,11700.0,200.0,
elderly_headed_hh,percentiles_96_99,2010,298600.0,268700.0,79100.0,5500.0,5000.0,4700.0,,800.0,26400.0,16600.0,12800.0,11500.0,11400.0,17900.0,12100.0,65000.0,29900.0,18600.0,11100.0,200.0,
elderly_headed_hh,percentiles_96_99,2011,300500.0,271700.0,81900.0,5300.0,5200.0,4700.0,,800.0,27900.0,17300.0,11000.0,9600.0,11800.0,19000.0,12000.0,65300.0,28800.0,17900.0,10600.0,300.0,
elderly_headed_hh,percentiles_96_99,2012,313200.0,285600.0,84000.0,5700.0,4700.0,4900.0,,900.0,31300.0,24400.0,11000.0,8300.0,11800.0,20800.0,13200.0,64600.0,27500.0,16500.0,10800.0,100.0,100.0
elderly_headed_hh,percentiles_96_99,2013,318900.0,289400.0,84700.0,5600.0,5000.0,4900.0,,1000.0,32200.0,26900.0,10200.0,7000.0,11600.0,20600.0,17100.0,62400.0,29500.0,18800.0,10500.0,200.0,
elderly_headed_hh,percentiles_96_99,2014,326100.0,296000.0,80000.0,5600.0,3800.0,4700.0,,1000.0,31200.0,34100.0,9100.0,6100.0,11800.0,24200.0,18300.0,66100.0,30100.0,19200.0,10900.0,100.0,
elderly_headed_hh,percentiles_96_99,2015,338700.0,309500.0,91700.0,6400.0,4300.0,5300.0,,1100.0,31900.0,34000.0,8300.0,5900.0,10700.0,24200.0,17000.0,68600.0,29300.0,18000.0,11200.0,100.0,
elderly_headed_hh,top_1_percent,1979,566200.0,551100.0,67900.0,0.0,900.0,900.0,100.0,800.0,44700.0,154300.0,16800.0,55100.0,22000.0,88000.0,80700.0,18900.0,15200.0,11400.0,3700.0,,
elderly_headed_hh,top_1_percent,1980,521300.0,505900.0,63600.0,0.0,900.0,900.0,100.0,600.0,37300.0,123400.0,18400.0,68000.0,25200.0,88800.0,59300.0,19200.0,15400.0,11400.0,3900.0,,100.0
elderly_headed_hh,top_1_percent,1981,527800.0,511300.0,67500.0,0.0,1100.0,1300.0,100.0,600.0,30400.0,127800.0,20600.0,86500.0,29600.0,79300.0,46000.0,20500.0,16500.0,12000.0,4500.0,,
elderly_headed_hh,top_1_percent,1982,536500.0,519100.0,71100.0,0.0,1000.0,1700.0,,400.0,31300.0,142900.0,25100.0,86100.0,27200.0,82800.0,28800.0,20500.0,17400.0,12700.0,4700.0,,
elderly_headed_hh,top_1_percent,1983,610000.0,591000.0,75100.0,0.0,1100.0,1900.0,100.0,500.0,39900.0,189300.0,37100.0,73000.0,26000.0,83300.0,40100.0,23400.0,19100.0,13700.0,5200.0,100.0,
elderly_headed_hh,top_1_percent,1984,649900.0,629600.0,80400.0,200.0,1200.0,1900.0,100.0,600.0,42400.0,205700.0,42700.0,79800.0,26800.0,74000.0,46900.0,27000.0,20300.0,14900.0,5400.0,,0.0
elderly_headed_hh,top_1_percent,1985,725400.0,705300.0,86800.0,200.0,1100.0,2000.0,100.0,600.0,49100.0,239100.0,47600.0,90300.0,29900.0,72900.0,45700.0,39900.0,20200.0,14100.0,5800.0,,300.0
elderly_headed_hh,top_1_percent,1986,874500.0,853900.0,76600.0,300.0,1500.0,1900.0,100.0,600.0,44600.0,435400.0,50300.0,78000.0,30300.0,63700.0,49100.0,21500.0,20600.0,14600.0,5900.0,,200.0
elderly_headed_hh,top_1_percent,1987,739300.0,720400.0,88100.0,300.0,1800.0,2000.0,,800.0,59900.0,195400.0,83000.0,86600.0,22500.0,81300.0,68000.0,30800.0,18900.0,13300.0,5500.0,,
elderly_headed_hh,top_1_percent,1988,944800.0,922200.0,115400.0,300.0,1900.0,2200.0,100.0,1100.0,89800.0,266800.0,72900.0,109000.0,24100.0,104700.0,82400.0,51500.0,22500.0,16400.0,6100.0,,
elderly_headed_hh,top_1_percent,1989,846200.0,825600.0,88600.0,400.0,2000.0,2100.0,100.0,800.0,79700.0,206700.0,81500.0,123100.0,24000.0,99300.0,73300.0,44200.0,20500.0,14600.0,5800.0,,
elderly_headed_hh,top_1_percent,1990,832400.0,808800.0,109900.0,400.0,1700.0,2300.0,,900.0,84400.0,147500.0,82100.0,130000.0,28500.0,96600.0,69300.0,55000.0,23700.0,17300.0,6300.0,,
elderly_headed_hh,top_1_percent,1991,716400.0,691000.0,91500.0,400.0,2100.0,2200.0,,700.0,60400.0,110900.0,88200.0,110200.0,27000.0,84600.0,59600.0,53100.0,25400.0,18000.0,6500.0,,900.0
elderly_headed_hh,top_1_percent,1992,855100.0,829900.0,129500.0,600.0,2200.0,3400.0,100.0,1100.0,94900.0,143800.0,91000.0,96700.0,31100.0,96400.0,78600.0,60500.0,25200.0,17800.0,7300.0,100.0,
elderly_headed_hh,top_1_percent,1993,808900.0,783400.0,110100.0,700.0,2900.0,2600.0,100.0,1100.0,86400.0,157600.0,86700.0,76400.0,30800.0,83800.0,88300.0,56000.0,25500.0,18000.0,7500.0,,
elderly_headed_hh,top_1_percent,1994,834100.0,809100.0,113600.0,800.0,3500.0,3500.0,100.0,1200.0,96000.0,158900.0,83800.0,73200.0,31900.0,85800.0,98400.0,58400.0,25100.0,17400.0,7600.0,,100.0
elderly_headed_hh,top_1_percent,1995,908900.0,884800.0,125000.0,1100.0,3800.0,4100.0,,1400.0,97900.0,182900.0,84500.0,84400.0,32200.0,99300.0,108100.0,60000.0,24100.0,16700.0,7400.0,,
elderly_headed_hh,top_1_percent,1996,1032100.0,1007400.0,138200.0,1000.0,3400.0,4200.0,,1600.0,111800.0,260100.0,84400.0,89900.0,31100.0,101600.0,114800.0,65100.0,24800.0,16600.0,8100.0,,0.0
elderly_headed_hh,top_1_percent,1997,1206900.0,1179700.0,151600.0,1000.0,2500.0,4500.0,,1700.0,131700.0,366000.0,80200.0,94900.0,35200.0,110100.0,122300.0,78000.0,27200.0,18000.0,9100.0,,
elderly_headed_hh,top_1_percent,1998,1285700.0,1261000.0,157300.0,1100.0,3200.0,4600.0,,1600.0,133700.0,452700.0,79700.0,90400.0,32500.0,104100.0,115900.0,84100.0,24700.0,16500.0,8200.0,,
elderly_headed_hh,top_1_percent,1999,1416200.0,1389600.0,175500.0,1500.0,3900.0,5300.0,100.0,1800.0,163100.0,491700.0,83400.0,95600.0,35300.0,117600.0,118100.0,96600.0,26600.0,17700.0,7900.0,,1000.0
elderly_headed_hh,top_1_percent,2000,1514800.0,1483300.0,186400.0,1600.0,2800.0,5400.0,,1800.0,162400.0,557000.0,79900.0,108100.0,39100.0,120500.0,116900.0,101300.0,31500.0,22600.0,8800.0,,100.0
elderly_headed_hh,top_1_percent,2001,1317500.0,1288200.0,182000.0,1300.0,3600.0,5300.0,,1200.0,170900.0,374700.0,85700.0,110800.0,44800.0,110400.0,96100.0,101400.0,29300.0,19900.0,8900.0,100.0,300.0
elderly_headed_hh,top_1_percent,2002,1239500.0,1209600.0,179700.0,1900.0,4700.0,5200.0,,1100.0,184500.0,320800.0,88800.0,92000.0,42800.0,100800.0,98700.0,88500.0,29800.0,20800.0,9000.0,100.0,
elderly_headed_hh,top_1_percent,2003,1320100.0,1289200.0,172900.0,2500.0,4200.0,5100.0,,1500.0,188700.0,370900.0,82600.0,78200.0,44900.0,118300.0,136700.0,82700.0,30900.0,20700.0,10200.0,,
elderly_headed_hh,top_1_percent,2004,1553500.0,1523400.0,183300.0,4600.0,4800.0,5200.0,,2000.0,206200.0,539700.0,71100.0,75000.0,43600.0,133200.0,168700.0,86000.0,30000.0,20100.0,9900.0,,
elderly_headed_hh,top_1_percent,2005,1791800.0,1759500.0,191500.0,2800.0,5100.0,5300.0,,2700.0,243300.0,660300.0,71900.0,90700.0,47800.0,140000.0,207600.0,90400.0,32400.0,21800.0,10500.0,,
elderly_headed_hh,top_1_percent,2006,1794100.0,1761400.0,176000.0,3300.0,4900.0,5300.0,,2700.0,216100.0,681800.0,76700.0,104100.0,46100.0,145100.0,206800.0,92300.0,32800.0,21100.0,11600.0,,
elderly_headed_hh,top_1_percent,2007,2103600.0,2072400.0,220700.0,3200.0,3700.0,5900.0,,2800.0,240300.0,847800.0,86400.0,135100.0,44800.0,186500.0,195300.0,99800.0,31200.0,19700.0,11500.0,,
elderly_headed_hh,top_1_percent,2008,1683300.0,1652000.0,243900.0,4000.0,4900.0,6700.0,,1900.0,254900.0,474100.0,86600.0,109500.0,62900.0,172900.0,125500.0,104100.0,31300.0,20000.0,11200.0,,
elderly_headed_hh,top_1_percent,2009,1402300.0,1368000.0,243600.0,4800.0,6600.0,7200.0,,1500.0,269700.0,267200.0,89000.0,86600.0,49500.0,146000.0,103900.0,92500.0,34300.0,21700.0,12500.0,100.0,0.0
elderly_headed_hh,top_1_percent,2010,1488600.0,1456300.0,233400.0,5000.0,5600.0,6800.0,,2000.0,255400.0,337200.0,82700.0,74300.0,50500.0,145400.0,131900.0,126000.0,32300.0,20400.0,11600.0,300.0,100.0
elderly_headed_hh,top_1_percent,2011,1626200.0,1596100.0,270900.0,6000.0,6400.0,7600.0,,2300.0,303800.0,360500.0,81000.0,72900.0,54200.0,152600.0,139900.0,137900.0,30100.0,19100.0,10800.0,100.0,
elderly_headed_hh,top_1_percent,2012,1986200.0,1956300.0,269900.0,5300.0,4800.0,7400.0,,2700.0,320600.0,615400.0,70800.0,64500.0,54700.0,214000.0,176500.0,149600.0,29900.0,18400.0,11300.0,100.0,200.0
elderly_headed_hh,top_1_percent,2013,1550200.0,1519500.0,251800.0,5800.0,5400.0,7400.0,,2600.0,300900.0,367800.0,64700.0,55500.0,54900.0,141200.0,153100.0,108200.0,30700.0,19300.0,11300.0,100.0,
elderly_headed_hh,top_1_percent,2014,1747600.0,1718600.0,272400.0,5800.0,4800.0,7300.0,,3100.0,323300.0,494200.0,53100.0,50100.0,59500.0,168000.0,168300.0,108600.0,29000.0,18600.0,10400.0,,
elderly_headed_hh,top_1_percent,2015,1789500.0,1758800.0,297300.0,6400.0,5500.0,8400.0,,3100.0,350500.0,500600.0,51400.0,50200.0,48400.0,169000.0,159500.0,108400.0,30800.0,19600.0,11000.0,,100.0
nonelderly_childless_hh,all_quintiles,1979,65700.0,63900.0,46600.0,0.0,2000.0,2400.0,100.0,600.0,2900.0,2200.0,100.0,2200.0,400.0,900.0,1400.0,2000.0,1900.0,1200.0,200.0,300.0,100.0
nonelderly_childless_hh,all_quintiles,1980,64100.0,62000.0,45700.0,0.0,1700.0,2300.0,100.0,500.0,2300.0,2000.0,100.0,2700.0,400.0,1000.0,1100.0,2000.0,2100.0,1300.0,200.0,500.0,100.0
nonelderly_childless_hh,all_quintiles,1981,64100.0,62000.0,45700.0,0.0,1700.0,2500.0,100.0,400.0,1800.0,1900.0,100.0,3300.0,500.0,1100.0,900.0,2000.0,2100.0,1400.0,300.0,400.0,100.0
nonelderly_childless_hh,all_quintiles,1982,64800.0,62500.0,46000.0,0.0,1900.0,2600.0,100.0,200.0,1700.0,2100.0,200.0,3300.0,500.0,1200.0,600.0,2000.0,2300.0,1300.0,300.0,500.0,100.0
nonelderly_childless_hh,all_quintiles,1983,64900.0,62700.0,45600.0,0.0,2000.0,2600.0,100.0,300.0,2000.0,2700.0,200.0,2900.0,400.0,900.0,700.0,2100.0,2200.0,1300.0,300.0,500.0,200.0
nonelderly_childless_hh,all_quintiles,1984,67300.0,65300.0,46300.0,300.0,2000.0,2700.0,100.0,400.0,2800.0,2800.0,300.0,3200.0,500.0,800.0,800.0,2300.0,2100.0,1300.0,300.0,300.0,200.0
nonelderly_childless_hh,all_quintiles,1985,69600.0,67600.0,47900.0,400.0,2100.0,2900.0,100.0,400.0,2500.0,3500.0,300.0,3100.0,400.0,1000.0,800.0,2200.0,2000.0,1200.0,300.0,300.0,200.0
nonelderly_childless_hh,all_quintiles,1986,74000.0,71900.0,49400.0,500.0,2100.0,3100.0,100.0,400.0,2700.0,6200.0,400.0,2700.0,400.0,1000.0,800.0,2100.0,2000.0,1200.0,300.0,300.0,200.0
nonelderly_childless_hh,all_quintiles,1987,73400.0,71400.0,51000.0,500.0,2400.0,3200.0,100.0,500.0,3200.0,2500.0,400.0,2700.0,500.0,1100.0,1100.0,2400.0,2000.0,1200.0,300.0,300.0,200.0
nonelderly_childless_hh,all_quintiles,1988,77600.0,75600.0,52400.0,600.0,2500.0,3300.0,100.0,500.0,4100.0,2800.0,500.0,2900.0,500.0,1200.0,1200.0,2900.0,2000.0,1200.0,300.0,200.0,200.0
nonelderly_childless_hh,all_quintiles,1989,76800.0,74800.0,51900.0,700.0,2600.0,3300.0,100.0,500.0,3900.0,2400.0,500.0,3100.0,500.0,1100.0,1100.0,3000.0,2000.0,1200.0,300.0,200.0,300.0
nonelderly_childless_hh,all_quintiles,1990,77600.0,75400.0,52600.0,700.0,2600.0,3400.0,100.0,500.0,4100.0,2000.0,500.0,3200.0,500.0,1100.0,1100.0,2900.0,2200.0,1300.0,300.0,300.0,200.0
nonelderly_childless_hh,all_quintiles,1991,75400.0,73000.0,51600.0,700.0,2600.0,3400.0,100.0,400.0,3800.0,1700.0,500.0,2700.0,500.0,1000.0,900.0,3000.0,2300.0,1300.0,400.0,400.0,300.0
nonelderly_childless_hh,all_quintiles,1992,77700.0,75100.0,52800.0,900.0,2900.0,3500.0,100.0,500.0,4300.0,1800.0,500.0,2000.0,500.0,1000.0,1000.0,3300.0,2600.0,1400.0,400.0,600.0,300.0
nonelderly_childless_hh,all_quintiles,1993,77000.0,74500.0,51800.0,900.0,3200.0,3400.0,100.0,500.0,4200.0,2100.0,500.0,1600.0,600.0,900.0,1200.0,3300.0,2600.0,1400.0,400.0,500.0,200.0
nonelderly_childless_hh,all_quintiles,1994,77700.0,75300.0,52200.0,1000.0,3400.0,3500.0,100.0,600.0,4400.0,2100.0,500.0,1500.0,600.0,900.0,1300.0,3200.0,2400.0,1400.0,400.0,300.0,200.0
nonelderly_childless_hh,all_quintiles,1995,79000.0,76500.0,52700.0,1200.0,3300.0,3600.0,100.0,600.0,4200.0,2200.0,500.0,1700.0,600.0,1000.0,1400.0,3400.0,2400.0,1400.0,500.0,300.0,200.0
nonelderly_childless_hh,all_quintiles,1996,82000.0,79600.0,54100.0,1400.0,3200.0,3700.0,100.0,700.0,4500.0,3300.0,400.0,1700.0,500.0,1000.0,1400.0,3500.0,2500.0,1500.0,500.0,300.0,100.0
nonelderly_childless_hh,all_quintiles,1997,85100.0,82600.0,55400.0,1400.0,2900.0,3700.0,100.0,700.0,4800.0,4400.0,400.0,1700.0,500.0,1200.0,1500.0,3800.0,2500.0,1400.0,600.0,300.0,200.0
nonelderly_childless_hh,all_quintiles,1998,88600.0,86100.0,57300.0,1600.0,2900.0,3900.0,100.0,700.0,5100.0,5300.0,400.0,1700.0,500.0,1100.0,1400.0,4200.0,2500.0,1500.0,600.0,300.0,200.0
nonelderly_childless_hh,all_quintiles,1999,92300.0,89800.0,59400.0,1700.0,2900.0,4000.0,100.0,700.0,5200.0,6300.0,400.0,1600.0,600.0,1200.0,1400.0,4400.0,2500.0,1500.0,500.0,300.0,200.0
nonelderly_childless_hh,all_quintiles,2000,94500.0,91900.0,60200.0,1800.0,2900.0,4000.0,100.0,600.0,5100.0,6500.0,400.0,1800.0,500.0,1400.0,1400.0,5000.0,2600.0,1600.0,600.0,200.0,200.0
nonelderly_childless_hh,all_quintiles,2001,89900.0,87100.0,60300.0,1900.0,3100.0,4100.0,100.0,500.0,5000.0,3200.0,400.0,1600.0,600.0,1000.0,900.0,4700.0,2800.0,1600.0,600.0,400.0,200.0
nonelderly_childless_hh,all_quintiles,2002,85100.0,81900.0,57400.0,1800.0,3300.0,3900.0,100.0,400.0,4800.0,2100.0,300.0,1100.0,500.0,700.0,800.0,4800.0,3200.0,1700.0,700.0,600.0,200.0
nonelderly_childless_hh,all_quintiles,2003,86700.0,83500.0,57300.0,2100.0,3700.0,3900.0,100.0,500.0,4800.0,2500.0,300.0,900.0,500.0,800.0,1100.0,4800.0,3200.0,1700.0,700.0,600.0,200.0
nonelderly_childless_hh,all_quintiles,2004,90000.0,86800.0,57600.0,2200.0,4100.0,3900.0,100.0,700.0,5500.0,3900.0,300.0,900.0,500.0,1000.0,1400.0,4800.0,3200.0,1800.0,800.0,400.0,200.0
nonelderly_childless_hh,all_quintiles,2005,95200.0,92000.0,58000.0,2200.0,4300.0,3900.0,100.0,900.0,6500.0,5800.0,400.0,1200.0,600.0,1200.0,1900.0,4900.0,3200.0,1900.0,800.0,300.0,200.0
nonelderly_childless_hh,all_quintiles,2006,97400.0,93900.0,59200.0,2300.0,4200.0,4000.0,100.0,1000.0,6300.0,6000.0,400.0,1500.0,500.0,1300.0,2000.0,4900.0,3400.0,2000.0,900.0,300.0,200.0
nonelderly_childless_hh,all_quintiles,2007,97600.0,94200.0,60300.0,2400.0,4000.0,4100.0,100.0,800.0,5800.0,6000.0,400.0,1700.0,500.0,1400.0,1600.0,5100.0,3400.0,2000.0,1000.0,300.0,100.0
nonelderly_childless_hh,all_quintiles,2008,92100.0,88500.0,59600.0,2400.0,4000.0,4100.0,100.0,500.0,5200.0,3100.0,400.0,1400.0,600.0,1300.0,1000.0,5000.0,3600.0,1900.0,1000.0,500.0,100.0
nonelderly_childless_hh,all_quintiles,2009,87300.0,82800.0,57400.0,2200.0,4000.0,4000.0,100.0,400.0,4800.0,1500.0,400.0,1000.0,500.0,1000.0,700.0,4900.0,4500.0,2100.0,1000.0,1300.0,100.0
nonelderly_childless_hh,all_quintiles,2010,86700.0,81900.0,56100.0,2100.0,3900.0,3900.0,100.0,500.0,4800.0,2100.0,400.0,700.0,500.0,1000.0,900.0,5100.0,4800.0,2300.0,1100.0,1300.0,100.0
nonelderly_childless_hh,all_quintiles,2011,86800.0,82400.0,56200.0,2200.0,3900.0,3900.0,100.0,500.0,5100.0,2200.0,300.0,600.0,500.0,1100.0,900.0,4900.0,4400.0,2200.0,1100.0,900.0,100.0
nonelderly_childless_hh,all_quintiles,2012,90300.0,86100.0,57400.0,2200.0,3800.0,3900.0,100.0,600.0,5900.0,3500.0,300.0,600.0,600.0,1400.0,1100.0,4700.0,4200.0,2200.0,1200.0,700.0,100.0
nonelderly_childless_hh,all_quintiles,2013,88900.0,84900.0,57800.0,2200.0,3700.0,4000.0,100.0,700.0,5600.0,2600.0,300.0,500.0,600.0,1000.0,1100.0,4700.0,4000.0,2300.0,1100.0,500.0,100.0
nonelderly_childless_hh,all_quintiles,2014,92200.0,88400.0,59500.0,2300.0,3700.0,4100.0,100.0,700.0,6000.0,3700.0,200.0,400.0,600.0,1200.0,1300.0,4600.0,3800.0,2300.0,1100.0,300.0,100.0
nonelderly_childless_hh,all_quintiles,2015,93700.0,90100.0,61200.0,2500.0,3900.0,4300.0,100.0,700.0,5800.0,3400.0,200.0,400.0,500.0,1100.0,1100.0,4800.0,3600.0,2200.0,1000.0,300.0,100.0
nonelderly_childless_hh,lowest_quintile,1979,12900.0,7800.0,4800.0,0.0,300.0,300.0,,100.0,300.0,,0.0,400.0,100.0,,100.0,1300.0,5100.0,3900.0,700.0,200.0,300.0
nonelderly_childless_hh,lowest_quintile,1980,12300.0,6800.0,4400.0,0.0,200.0,300.0,,,100.0,,0.0,400.0,100.0,100.0,100.0,1200.0,5400.0,4000.0,700.0,400.0,200.0
nonelderly_childless_hh,lowest_quintile,1981,12400.0,6800.0,4500.0,0.0,200.0,300.0,,,-100.0,,,400.0,100.0,100.0,100.0,1100.0,5600.0,4300.0,800.0,300.0,200.0
nonelderly_childless_hh,lowest_quintile,1982,12000.0,6300.0,4000.0,0.0,300.0,300.0,,,100.0,100.0,,400.0,100.0,100.0,,1000.0,5700.0,3900.0,900.0,600.0,300.0
nonelderly_childless_hh,lowest_quintile,1983,11200.0,5900.0,3900.0,0.0,200.0,200.0,,,100.0,,,500.0,100.0,100.0,100.0,700.0,5200.0,3500.0,800.0,500.0,400.0
nonelderly_childless_hh,lowest_quintile,1984,11900.0,7100.0,4000.0,,300.0,300.0,,,100.0,100.0,,700.0,100.0,100.0,100.0,1200.0,4800.0,3400.0,800.0,300.0,400.0
nonelderly_childless_hh,lowest_quintile,1985,11800.0,6800.0,4300.0,,200.0,300.0,,,200.0,,,500.0,100.0,100.0,100.0,800.0,5000.0,3500.0,1000.0,300.0,300.0
nonelderly_childless_hh,lowest_quintile,1986,11800.0,7000.0,4300.0,,300.0,300.0,,,200.0,100.0,,500.0,100.0,100.0,100.0,1000.0,4800.0,3400.0,800.0,200.0,300.0
nonelderly_childless_hh,lowest_quintile,1987,12300.0,6900.0,4500.0,,200.0,300.0,,,300.0,,,400.0,100.0,100.0,100.0,700.0,5500.0,3900.0,1000.0,200.0,400.0
nonelderly_childless_hh,lowest_quintile,1988,12700.0,7000.0,4800.0,,200.0,400.0,,,200.0,,,400.0,100.0,100.0,100.0,600.0,5700.0,4000.0,1100.0,200.0,400.0
nonelderly_childless_hh,lowest_quintile,1989,13400.0,7700.0,5300.0,,200.0,400.0,,100.0,200.0,100.0,,400.0,100.0,100.0,100.0,800.0,5700.0,3900.0,1000.0,200.0,600.0
nonelderly_childless_hh,lowest_quintile,1990,13700.0,8000.0,5400.0,,200.0,400.0,,,400.0,,,400.0,100.0,100.0,100.0,800.0,5700.0,3800.0,1100.0,200.0,600.0
nonelderly_childless_hh,lowest_quintile,1991,14000.0,7800.0,5300.0,,200.0,400.0,,,300.0,,,400.0,100.0,100.0,100.0,700.0,6300.0,4000.0,1200.0,400.0,600.0
nonelderly_childless_hh,lowest_quintile,1992,14700.0,7600.0,5300.0,,300.0,400.0,,,300.0,,,300.0,100.0,100.0,100.0,600.0,7100.0,4300.0,1400.0,800.0,600.0
nonelderly_childless_hh,lowest_quintile,1993,13700.0,6800.0,4600.0,,200.0,300.0,,,300.0,,,300.0,100.0,100.0,100.0,700.0,6900.0,4500.0,1400.0,600.0,400.0
nonelderly_childless_hh,lowest_quintile,1994,13300.0,6700.0,4500.0,,300.0,300.0,,,300.0,,,200.0,100.0,100.0,100.0,700.0,6600.0,4300.0,1600.0,300.0,500.0
nonelderly_childless_hh,lowest_quintile,1995,14100.0,7500.0,5100.0,,300.0,400.0,,100.0,300.0,,,200.0,100.0,100.0,100.0,700.0,6700.0,4300.0,1700.0,300.0,400.0
nonelderly_childless_hh,lowest_quintile,1996,13500.0,6700.0,4600.0,,300.0,300.0,,100.0,300.0,100.0,,200.0,100.0,100.0,100.0,600.0,6800.0,4500.0,1800.0,300.0,300.0
nonelderly_childless_hh,lowest_quintile,1997,13900.0,7000.0,4700.0,,300.0,400.0,,100.0,300.0,100.0,,200.0,100.0,,100.0,800.0,6900.0,4400.0,1900.0,200.0,400.0
nonelderly_childless_hh,lowest_quintile,1998,14800.0,7900.0,5200.0,,300.0,400.0,,100.0,400.0,100.0,,200.0,100.0,100.0,100.0,900.0,7000.0,4600.0,1900.0,200.0,300.0
nonelderly_childless_hh,lowest_quintile,1999,15500.0,8700.0,5700.0,,400.0,400.0,,100.0,600.0,100.0,,200.0,100.0,100.0,100.0,1000.0,6800.0,4400.0,1800.0,200.0,400.0
nonelderly_childless_hh,lowest_quintile,2000,15300.0,8100.0,5500.0,,300.0,400.0,,100.0,400.0,100.0,,200.0,100.0,100.0,100.0,900.0,7100.0,4700.0,1900.0,200.0,300.0
nonelderly_childless_hh,lowest_quintile,2001,15700.0,8100.0,5400.0,,300.0,400.0,,,600.0,,,200.0,100.0,100.0,100.0,800.0,7600.0,4900.0,2100.0,300.0,300.0
nonelderly_childless_hh,lowest_quintile,2002,14800.0,7100.0,4600.0,,400.0,300.0,,,400.0,,,200.0,100.0,100.0,,900.0,7700.0,4900.0,2000.0,500.0,300.0
nonelderly_childless_hh,lowest_quintile,2003,15400.0,7100.0,4700.0,,400.0,300.0,,,500.0,,,100.0,100.0,100.0,100.0,800.0,8300.0,5100.0,2200.0,600.0,400.0
nonelderly_childless_hh,lowest_quintile,2004,15200.0,7200.0,4600.0,,400.0,300.0,,100.0,600.0,,,100.0,,100.0,100.0,800.0,8000.0,5000.0,2300.0,300.0,300.0
nonelderly_childless_hh,lowest_quintile,2005,16400.0,8100.0,5300.0,,400.0,400.0,,100.0,400.0,,,100.0,100.0,100.0,100.0,1000.0,8400.0,5400.0,2400.0,200.0,400.0
nonelderly_childless_hh,lowest_quintile,2006,17900.0,8600.0,5600.0,,500.0,400.0,,100.0,700.0,,,200.0,100.0,100.0,100.0,800.0,9400.0,5700.0,3000.0,300.0,400.0
nonelderly_childless_hh,lowest_quintile,2007,19100.0,9900.0,6600.0,,500.0,500.0,,100.0,900.0,,,200.0,100.0,100.0,100.0,900.0,9200.0,5700.0,2900.0,300.0,300.0
nonelderly_childless_hh,lowest_quintile,2008,18900.0,9200.0,6400.0,,400.0,500.0,,100.0,600.0,,,200.0,100.0,100.0,100.0,800.0,9700.0,5700.0,3200.0,500.0,300.0
nonelderly_childless_hh,lowest_quintile,2009,19000.0,8000.0,5300.0,,400.0,400.0,,,600.0,,,200.0,100.0,100.0,,800.0,11100.0,5800.0,3200.0,1800.0,300.0
nonelderly_childless_hh,lowest_quintile,2010,19100.0,8000.0,5500.0,,400.0,400.0,,100.0,800.0,,,100.0,100.0,100.0,,600.0,11100.0,5800.0,3100.0,1900.0,200.0
nonelderly_childless_hh,lowest_quintile,2011,18400.0,7800.0,5200.0,,300.0,400.0,,,700.0,,,100.0,100.0,100.0,,800.0,10600.0,5800.0,3300.0,1300.0,200.0
nonelderly_childless_hh,lowest_quintile,2012,17500.0,7100.0,4700.0,,300.0,400.0,,100.0,700.0,,,100.0,100.0,100.0,,600.0,10400.0,5900.0,3400.0,900.0,200.0
nonelderly_childless_hh,lowest_quintile,2013,18300.0,8300.0,5500.0,,300.0,400.0,,100.0,800.0,,,100.0,100.0,100.0,100.0,800.0,10100.0,6100.0,3000.0,600.0,300.0
nonelderly_childless_hh,lowest_quintile,2014,17100.0,7600.0,5100.0,,300.0,400.0,,100.0,800.0,,,,100.0,100.0,100.0,600.0,9500.0,6000.0,3000.0,300.0,200.0
nonelderly_childless_hh,lowest_quintile,2015,17200.0,7800.0,5300.0,,300.0,400.0,,100.0,800.0,,,100.0,100.0,100.0,,600.0,9400.0,6100.0,2900.0,200.0,300.0
nonelderly_childless_hh,second_quintile,1979,28300.0,25900.0,19300.0,0.0,1100.0,1100.0,100.0,300.0,800.0,100.0,,700.0,100.0,100.0,200.0,2000.0,2300.0,1600.0,200.0,400.0,100.0
nonelderly_childless_hh,second_quintile,1980,27100.0,24500.0,18100.0,0.0,800.0,1100.0,100.0,200.0,700.0,100.0,,900.0,100.0,100.0,200.0,2000.0,2700.0,1700.0,200.0,600.0,100.0
nonelderly_childless_hh,second_quintile,1981,27100.0,24500.0,17900.0,0.0,800.0,1100.0,100.0,200.0,700.0,100.0,,1100.0,100.0,200.0,200.0,2000.0,2600.0,1700.0,300.0,500.0,200.0
nonelderly_childless_hh,second_quintile,1982,26300.0,23500.0,17500.0,0.0,900.0,1100.0,100.0,100.0,600.0,100.0,,1200.0,100.0,200.0,100.0,1600.0,2900.0,1700.0,300.0,700.0,100.0
nonelderly_childless_hh,second_quintile,1983,25700.0,22900.0,16200.0,0.0,1000.0,1000.0,100.0,100.0,800.0,100.0,,1200.0,100.0,200.0,200.0,1800.0,2900.0,1700.0,300.0,700.0,200.0
nonelderly_childless_hh,second_quintile,1984,27400.0,25000.0,17300.0,,1100.0,1100.0,100.0,100.0,900.0,100.0,,1400.0,200.0,200.0,200.0,2200.0,2400.0,1400.0,300.0,500.0,200.0
nonelderly_childless_hh,second_quintile,1985,27300.0,25000.0,18000.0,100.0,1000.0,1200.0,100.0,100.0,700.0,100.0,,1200.0,100.0,200.0,200.0,2000.0,2300.0,1300.0,300.0,400.0,200.0
nonelderly_childless_hh,second_quintile,1986,27200.0,24700.0,17600.0,100.0,1000.0,1200.0,100.0,100.0,700.0,200.0,,1000.0,100.0,200.0,200.0,2200.0,2500.0,1500.0,300.0,400.0,200.0
nonelderly_childless_hh,second_quintile,1987,26900.0,24500.0,17200.0,100.0,1000.0,1200.0,100.0,200.0,900.0,200.0,,1000.0,200.0,200.0,200.0,2000.0,2500.0,1600.0,300.0,400.0,200.0
nonelderly_childless_hh,second_quintile,1988,27900.0,25300.0,18000.0,100.0,900.0,1300.0,100.0,200.0,1000.0,100.0,,800.0,100.0,200.0,200.0,2200.0,2600.0,1600.0,300.0,300.0,300.0
nonelderly_childless_hh,second_quintile,1989,28300.0,25700.0,18300.0,100.0,1000.0,1300.0,100.0,200.0,900.0,100.0,,900.0,100.0,100.0,200.0,2300.0,2600.0,1500.0,300.0,300.0,400.0
nonelderly_childless_hh,second_quintile,1990,29200.0,26300.0,19000.0,100.0,1000.0,1400.0,100.0,200.0,900.0,,,900.0,100.0,200.0,200.0,2100.0,3000.0,1800.0,400.0,400.0,300.0
nonelderly_childless_hh,second_quintile,1991,28200.0,25200.0,17800.0,100.0,1000.0,1300.0,100.0,100.0,1100.0,100.0,,900.0,100.0,200.0,200.0,2200.0,3000.0,1700.0,400.0,600.0,300.0
nonelderly_childless_hh,second_quintile,1992,28100.0,24600.0,17500.0,100.0,1000.0,1300.0,100.0,200.0,1000.0,100.0,,600.0,100.0,100.0,200.0,2300.0,3500.0,1800.0,500.0,800.0,400.0
nonelderly_childless_hh,second_quintile,1993,28000.0,24600.0,17400.0,100.0,1100.0,1300.0,100.0,200.0,1200.0,100.0,,500.0,200.0,200.0,200.0,2100.0,3400.0,2000.0,600.0,600.0,200.0
nonelderly_childless_hh,second_quintile,1994,28100.0,25000.0,17500.0,100.0,1300.0,1300.0,100.0,200.0,1000.0,100.0,,500.0,200.0,200.0,200.0,2300.0,3000.0,1900.0,500.0,500.0,200.0
nonelderly_childless_hh,second_quintile,1995,29700.0,26600.0,18700.0,200.0,1300.0,1400.0,100.0,200.0,1000.0,100.0,,500.0,200.0,200.0,200.0,2400.0,3100.0,1900.0,600.0,400.0,200.0
nonelderly_childless_hh,second_quintile,1996,29600.0,26600.0,18700.0,200.0,1300.0,1400.0,100.0,200.0,1100.0,100.0,,400.0,100.0,200.0,200.0,2500.0,3000.0,1800.0,600.0,400.0,200.0
nonelderly_childless_hh,second_quintile,1997,30500.0,27600.0,19600.0,200.0,1300.0,1500.0,100.0,200.0,1100.0,200.0,,500.0,100.0,200.0,200.0,2300.0,2900.0,1600.0,600.0,300.0,300.0
nonelderly_childless_hh,second_quintile,1998,32100.0,29100.0,21000.0,200.0,1300.0,1600.0,100.0,200.0,1000.0,200.0,,400.0,100.0,200.0,200.0,2600.0,2900.0,1700.0,600.0,400.0,200.0
nonelderly_childless_hh,second_quintile,1999,33200.0,30300.0,21600.0,200.0,1400.0,1600.0,100.0,200.0,1100.0,300.0,,400.0,200.0,200.0,200.0,2800.0,2900.0,1700.0,600.0,400.0,200.0
nonelderly_childless_hh,second_quintile,2000,34100.0,30900.0,22000.0,300.0,1400.0,1700.0,100.0,200.0,1100.0,200.0,,500.0,100.0,200.0,200.0,3000.0,3200.0,2000.0,600.0,300.0,200.0
nonelderly_childless_hh,second_quintile,2001,33300.0,29800.0,21400.0,200.0,1500.0,1600.0,100.0,200.0,1100.0,,,400.0,100.0,200.0,100.0,2900.0,3500.0,2100.0,800.0,500.0,200.0
nonelderly_childless_hh,second_quintile,2002,33000.0,29100.0,20500.0,100.0,1500.0,1500.0,100.0,100.0,1200.0,,,300.0,100.0,200.0,100.0,3200.0,3900.0,2200.0,800.0,700.0,300.0
nonelderly_childless_hh,second_quintile,2003,32300.0,28200.0,20000.0,100.0,1600.0,1500.0,100.0,200.0,1000.0,,,300.0,200.0,200.0,100.0,3100.0,4000.0,2300.0,800.0,700.0,200.0
nonelderly_childless_hh,second_quintile,2004,33000.0,29200.0,20500.0,100.0,1800.0,1500.0,100.0,200.0,1200.0,100.0,,200.0,200.0,100.0,100.0,3000.0,3800.0,2200.0,800.0,500.0,200.0
nonelderly_childless_hh,second_quintile,2005,33900.0,30000.0,21300.0,100.0,1900.0,1600.0,100.0,300.0,1100.0,100.0,,300.0,100.0,200.0,200.0,2800.0,4000.0,2400.0,1000.0,400.0,200.0
nonelderly_childless_hh,second_quintile,2006,34500.0,30600.0,21600.0,200.0,1900.0,1600.0,100.0,400.0,1300.0,100.0,,300.0,100.0,100.0,200.0,2800.0,3800.0,2200.0,1000.0,400.0,200.0
nonelderly_childless_hh,second_quintile,2007,35900.0,32000.0,22600.0,200.0,1800.0,1700.0,100.0,300.0,1100.0,200.0,,300.0,200.0,200.0,200.0,3100.0,3900.0,2200.0,1100.0,400.0,200.0
nonelderly_childless_hh,second_quintile,2008,34700.0,30700.0,21900.0,200.0,1800.0,1600.0,100.0,200.0,1200.0,,,300.0,100.0,200.0,100.0,2900.0,4100.0,2200.0,1100.0,600.0,200.0
nonelderly_childless_hh,second_quintile,2009,33700.0,28200.0,20000.0,100.0,1600.0,1500.0,100.0,100.0,1300.0,,,300.0,100.0,200.0,100.0,2700.0,5500.0,2600.0,1200.0,1600.0,100.0
nonelderly_childless_hh,second_quintile,2010,34400.0,28400.0,20200.0,100.0,1500.0,1500.0,100.0,200.0,1200.0,,,200.0,100.0,100.0,100.0,3000.0,6000.0,2900.0,1300.0,1500.0,200.0
nonelderly_childless_hh,second_quintile,2011,33400.0,28300.0,20300.0,100.0,1600.0,1500.0,100.0,200.0,1300.0,100.0,,100.0,100.0,200.0,100.0,2500.0,5000.0,2500.0,1200.0,1200.0,100.0
nonelderly_childless_hh,second_quintile,2012,32700.0,27800.0,19900.0,100.0,1600.0,1500.0,,200.0,1400.0,,,100.0,100.0,200.0,100.0,2500.0,5000.0,2600.0,1400.0,900.0,100.0
nonelderly_childless_hh,second_quintile,2013,33000.0,28500.0,20400.0,100.0,1500.0,1500.0,,200.0,1300.0,100.0,,100.0,100.0,100.0,100.0,2700.0,4500.0,2600.0,1200.0,500.0,200.0
nonelderly_childless_hh,second_quintile,2014,33500.0,28900.0,21000.0,200.0,1500.0,1600.0,,300.0,1400.0,100.0,,100.0,100.0,100.0,100.0,2500.0,4500.0,2700.0,1300.0,300.0,200.0
nonelderly_childless_hh,second_quintile,2015,34800.0,30700.0,21900.0,200.0,1700.0,1700.0,,200.0,1500.0,100.0,,100.0,200.0,100.0,100.0,3000.0,4200.0,2600.0,1200.0,300.0,200.0
nonelderly_childless_hh,middle_quintile,1979,44100.0,42400.0,32800.0,0.0,1700.0,1900.0,100.0,400.0,1200.0,100.0,,1100.0,200.0,200.0,400.0,2200.0,1700.0,1100.0,200.0,300.0,100.0
nonelderly_childless_hh,middle_quintile,1980,42300.0,40500.0,31700.0,0.0,1400.0,1800.0,100.0,300.0,1000.0,100.0,,1300.0,100.0,200.0,300.0,2000.0,1800.0,1000.0,200.0,600.0,100.0
nonelderly_childless_hh,middle_quintile,1981,42400.0,40700.0,31600.0,0.0,1400.0,2000.0,100.0,300.0,900.0,200.0,,1600.0,100.0,200.0,300.0,2000.0,1800.0,1000.0,200.0,500.0,100.0
nonelderly_childless_hh,middle_quintile,1982,42000.0,40000.0,30800.0,0.0,1600.0,1900.0,100.0,200.0,800.0,100.0,,1800.0,100.0,300.0,200.0,1900.0,2000.0,1000.0,200.0,700.0,100.0
nonelderly_childless_hh,middle_quintile,1983,41700.0,39800.0,30100.0,0.0,1700.0,1900.0,100.0,200.0,1000.0,200.0,,1600.0,200.0,200.0,200.0,2300.0,1900.0,900.0,200.0,700.0,100.0
nonelderly_childless_hh,middle_quintile,1984,44200.0,42600.0,31400.0,100.0,1700.0,2100.0,100.0,300.0,1600.0,300.0,,1800.0,200.0,300.0,300.0,2400.0,1700.0,900.0,200.0,400.0,200.0
nonelderly_childless_hh,middle_quintile,1985,44200.0,42500.0,31600.0,100.0,1700.0,2100.0,100.0,200.0,1300.0,200.0,,1700.0,200.0,300.0,200.0,2600.0,1600.0,800.0,200.0,400.0,200.0
nonelderly_childless_hh,middle_quintile,1986,45200.0,43400.0,32300.0,200.0,1700.0,2200.0,100.0,300.0,1400.0,400.0,100.0,1400.0,200.0,300.0,200.0,2500.0,1800.0,1000.0,200.0,400.0,200.0
nonelderly_childless_hh,middle_quintile,1987,45200.0,43400.0,32500.0,200.0,1800.0,2200.0,100.0,300.0,1400.0,300.0,,1300.0,200.0,300.0,300.0,2500.0,1800.0,1000.0,200.0,300.0,200.0
nonelderly_childless_hh,middle_quintile,1988,45700.0,44000.0,32100.0,200.0,1900.0,2300.0,100.0,300.0,1500.0,200.0,,1300.0,200.0,300.0,300.0,3000.0,1700.0,1000.0,200.0,300.0,200.0
nonelderly_childless_hh,middle_quintile,1989,46000.0,44400.0,32600.0,300.0,2000.0,2400.0,100.0,300.0,1500.0,200.0,,1300.0,200.0,300.0,300.0,2900.0,1600.0,800.0,200.0,300.0,200.0
nonelderly_childless_hh,middle_quintile,1990,46500.0,44600.0,32700.0,300.0,2000.0,2400.0,100.0,300.0,1500.0,100.0,,1200.0,200.0,300.0,300.0,3200.0,2000.0,1100.0,300.0,400.0,200.0
nonelderly_childless_hh,middle_quintile,1991,45700.0,43600.0,31900.0,200.0,1900.0,2400.0,100.0,300.0,1400.0,200.0,,1200.0,200.0,300.0,300.0,3200.0,2100.0,1100.0,300.0,500.0,300.0
nonelderly_childless_hh,middle_quintile,1992,46700.0,44200.0,32300.0,300.0,2100.0,2400.0,100.0,300.0,1600.0,200.0,,900.0,200.0,300.0,300.0,3400.0,2500.0,1200.0,300.0,700.0,300.0
nonelderly_childless_hh,middle_quintile,1993,46000.0,43800.0,31600.0,300.0,2400.0,2300.0,100.0,300.0,1500.0,200.0,,700.0,200.0,300.0,300.0,3600.0,2200.0,1100.0,300.0,600.0,200.0
nonelderly_childless_hh,middle_quintile,1994,46100.0,44000.0,32000.0,400.0,2400.0,2400.0,100.0,400.0,1400.0,200.0,,600.0,200.0,300.0,300.0,3500.0,2100.0,1100.0,300.0,400.0,200.0
nonelderly_childless_hh,middle_quintile,1995,47900.0,45900.0,33200.0,500.0,2500.0,2500.0,100.0,400.0,1400.0,200.0,,700.0,200.0,300.0,300.0,3600.0,2000.0,1100.0,300.0,400.0,100.0
nonelderly_childless_hh,middle_quintile,1996,48700.0,46600.0,33900.0,500.0,2600.0,2500.0,100.0,400.0,1400.0,300.0,,700.0,200.0,300.0,300.0,3400.0,2100.0,1100.0,400.0,400.0,100.0
nonelderly_childless_hh,middle_quintile,1997,49600.0,47700.0,35000.0,600.0,2400.0,2600.0,100.0,400.0,1200.0,300.0,,600.0,200.0,300.0,300.0,3600.0,1900.0,1000.0,300.0,400.0,100.0
nonelderly_childless_hh,middle_quintile,1998,51400.0,49600.0,36300.0,700.0,2300.0,2700.0,100.0,400.0,1600.0,300.0,,600.0,200.0,200.0,200.0,3800.0,1900.0,1100.0,300.0,300.0,100.0
nonelderly_childless_hh,middle_quintile,1999,52900.0,51100.0,37800.0,800.0,2300.0,2800.0,100.0,400.0,1300.0,500.0,,600.0,200.0,300.0,300.0,3800.0,1800.0,1000.0,400.0,300.0,100.0
nonelderly_childless_hh,middle_quintile,2000,53600.0,51700.0,37700.0,800.0,2400.0,2800.0,100.0,400.0,1400.0,400.0,,700.0,200.0,300.0,300.0,4300.0,1900.0,1000.0,400.0,300.0,100.0
nonelderly_childless_hh,middle_quintile,2001,53400.0,51200.0,37800.0,800.0,2400.0,2900.0,100.0,300.0,1400.0,100.0,,700.0,200.0,300.0,200.0,4000.0,2200.0,1200.0,400.0,500.0,200.0
nonelderly_childless_hh,middle_quintile,2002,52500.0,49800.0,36900.0,500.0,2700.0,2800.0,100.0,300.0,1400.0,,,500.0,200.0,200.0,200.0,4200.0,2700.0,1300.0,500.0,700.0,100.0
nonelderly_childless_hh,middle_quintile,2003,52300.0,49700.0,36300.0,500.0,2900.0,2700.0,100.0,300.0,1300.0,,,400.0,200.0,200.0,200.0,4400.0,2600.0,1200.0,500.0,700.0,200.0
nonelderly_childless_hh,middle_quintile,2004,53700.0,51200.0,37200.0,500.0,3300.0,2800.0,100.0,400.0,1500.0,100.0,,400.0,200.0,200.0,200.0,4200.0,2500.0,1300.0,500.0,500.0,200.0
nonelderly_childless_hh,middle_quintile,2005,54600.0,52100.0,37500.0,600.0,3500.0,2800.0,100.0,600.0,1400.0,200.0,,400.0,200.0,200.0,200.0,4400.0,2500.0,1400.0,500.0,400.0,200.0
nonelderly_childless_hh,middle_quintile,2006,55000.0,52500.0,37900.0,600.0,3400.0,2900.0,100.0,600.0,1400.0,300.0,,400.0,200.0,200.0,300.0,4100.0,2500.0,1400.0,600.0,400.0,200.0
nonelderly_childless_hh,middle_quintile,2007,57400.0,55000.0,40200.0,700.0,3200.0,3000.0,100.0,600.0,1300.0,300.0,,500.0,200.0,300.0,200.0,4400.0,2400.0,1300.0,700.0,400.0,100.0
nonelderly_childless_hh,middle_quintile,2008,55200.0,52700.0,38800.0,600.0,3200.0,2900.0,100.0,300.0,1200.0,100.0,,500.0,200.0,300.0,100.0,4300.0,2500.0,1200.0,600.0,500.0,200.0
nonelderly_childless_hh,middle_quintile,2009,54200.0,50500.0,37000.0,500.0,3200.0,2800.0,100.0,200.0,1300.0,,,400.0,200.0,300.0,100.0,4400.0,3700.0,1400.0,700.0,1400.0,100.0
nonelderly_childless_hh,middle_quintile,2010,54400.0,50300.0,36800.0,500.0,3100.0,2800.0,100.0,300.0,1200.0,,,300.0,200.0,200.0,100.0,4600.0,4100.0,1800.0,800.0,1400.0,100.0
nonelderly_childless_hh,middle_quintile,2011,53300.0,49700.0,35800.0,500.0,3100.0,2700.0,100.0,300.0,1500.0,200.0,,200.0,200.0,300.0,200.0,4600.0,3600.0,1700.0,800.0,1000.0,100.0
nonelderly_childless_hh,middle_quintile,2012,53000.0,49800.0,36200.0,500.0,3200.0,2700.0,100.0,400.0,1500.0,100.0,,200.0,200.0,200.0,100.0,4300.0,3200.0,1500.0,800.0,800.0,100.0
nonelderly_childless_hh,middle_quintile,2013,54400.0,51300.0,37600.0,600.0,3000.0,2800.0,100.0,400.0,1500.0,200.0,,100.0,200.0,200.0,200.0,4500.0,3000.0,1500.0,700.0,600.0,100.0
nonelderly_childless_hh,middle_quintile,2014,54900.0,52100.0,38500.0,600.0,3000.0,2900.0,100.0,500.0,1400.0,200.0,,100.0,200.0,200.0,200.0,4200.0,2800.0,1600.0,700.0,400.0,100.0
nonelderly_childless_hh,middle_quintile,2015,56500.0,54000.0,39900.0,700.0,3200.0,3000.0,100.0,500.0,1600.0,200.0,,100.0,200.0,200.0,200.0,4200.0,2500.0,1400.0,600.0,300.0,100.0
nonelderly_childless_hh,fourth_quintile,1979,62900.0,61800.0,49700.0,0.0,2400.0,2800.0,200.0,700.0,1500.0,300.0,,1500.0,200.0,300.0,500.0,1800.0,1100.0,600.0,100.0,300.0,100.0
nonelderly_childless_hh,fourth_quintile,1980,62000.0,60700.0,48700.0,0.0,2000.0,2800.0,200.0,500.0,1500.0,300.0,,1800.0,200.0,300.0,500.0,1900.0,1400.0,700.0,100.0,500.0,100.0
nonelderly_childless_hh,fourth_quintile,1981,62700.0,61300.0,49000.0,0.0,2100.0,3000.0,100.0,400.0,1100.0,300.0,,2200.0,200.0,400.0,400.0,2000.0,1400.0,700.0,100.0,400.0,100.0
nonelderly_childless_hh,fourth_quintile,1982,62400.0,60700.0,48000.0,0.0,2300.0,3000.0,200.0,300.0,1200.0,300.0,,2600.0,200.0,400.0,300.0,2200.0,1600.0,700.0,200.0,600.0,100.0
nonelderly_childless_hh,fourth_quintile,1983,62600.0,61000.0,47700.0,0.0,2400.0,3000.0,200.0,300.0,1500.0,400.0,,2300.0,200.0,400.0,300.0,2400.0,1500.0,700.0,200.0,500.0,100.0
nonelderly_childless_hh,fourth_quintile,1984,65800.0,64400.0,49300.0,300.0,2400.0,3200.0,200.0,400.0,2100.0,400.0,100.0,2400.0,300.0,400.0,400.0,2500.0,1300.0,700.0,200.0,400.0,100.0
nonelderly_childless_hh,fourth_quintile,1985,65900.0,64700.0,50200.0,300.0,2500.0,3300.0,200.0,400.0,1500.0,400.0,100.0,2300.0,200.0,400.0,300.0,2500.0,1300.0,700.0,200.0,300.0,100.0
nonelderly_childless_hh,fourth_quintile,1986,68300.0,66900.0,52100.0,500.0,2500.0,3500.0,200.0,400.0,1600.0,700.0,100.0,2100.0,200.0,400.0,300.0,2400.0,1400.0,700.0,200.0,400.0,100.0
nonelderly_childless_hh,fourth_quintile,1987,69100.0,67800.0,52000.0,500.0,2800.0,3500.0,200.0,500.0,1800.0,400.0,100.0,1900.0,300.0,500.0,500.0,2800.0,1300.0,600.0,200.0,300.0,100.0
nonelderly_childless_hh,fourth_quintile,1988,69900.0,68700.0,52300.0,600.0,2900.0,3700.0,100.0,500.0,1900.0,300.0,100.0,1900.0,200.0,500.0,400.0,3200.0,1200.0,600.0,200.0,300.0,100.0
nonelderly_childless_hh,fourth_quintile,1989,70500.0,69200.0,52200.0,700.0,3000.0,3700.0,100.0,500.0,1900.0,300.0,100.0,2000.0,200.0,500.0,400.0,3500.0,1300.0,700.0,200.0,300.0,200.0
nonelderly_childless_hh,fourth_quintile,1990,69900.0,68500.0,52000.0,700.0,3100.0,3800.0,100.0,500.0,1700.0,200.0,100.0,1900.0,200.0,500.0,400.0,3400.0,1400.0,700.0,200.0,300.0,200.0
nonelderly_childless_hh,fourth_quintile,1991,69500.0,68000.0,51400.0,700.0,3000.0,3800.0,100.0,400.0,1800.0,300.0,100.0,1700.0,200.0,500.0,400.0,3600.0,1500.0,700.0,200.0,500.0,200.0
nonelderly_childless_hh,fourth_quintile,1992,69600.0,68000.0,51300.0,800.0,3300.0,3800.0,100.0,500.0,1800.0,300.0,100.0,1200.0,200.0,400.0,400.0,3700.0,1600.0,700.0,200.0,600.0,100.0
nonelderly_childless_hh,fourth_quintile,1993,69800.0,68100.0,51000.0,900.0,3700.0,3700.0,100.0,500.0,1700.0,400.0,100.0,900.0,300.0,400.0,400.0,3900.0,1700.0,700.0,200.0,500.0,200.0
nonelderly_childless_hh,fourth_quintile,1994,70500.0,69000.0,51600.0,1000.0,3900.0,3800.0,100.0,600.0,1600.0,300.0,100.0,900.0,300.0,400.0,400.0,4000.0,1500.0,700.0,200.0,400.0,200.0
nonelderly_childless_hh,fourth_quintile,1995,72300.0,70800.0,52600.0,1200.0,3900.0,3900.0,100.0,600.0,1800.0,300.0,100.0,1000.0,300.0,400.0,500.0,4100.0,1500.0,800.0,200.0,300.0,100.0
nonelderly_childless_hh,fourth_quintile,1996,73500.0,72200.0,53600.0,1400.0,3700.0,4000.0,100.0,700.0,1700.0,500.0,100.0,1000.0,200.0,400.0,500.0,4200.0,1400.0,700.0,200.0,300.0,100.0
nonelderly_childless_hh,fourth_quintile,1997,75300.0,73800.0,54800.0,1400.0,3400.0,4100.0,100.0,700.0,2000.0,600.0,100.0,1000.0,300.0,500.0,500.0,4400.0,1500.0,700.0,300.0,300.0,200.0
nonelderly_childless_hh,fourth_quintile,1998,78700.0,77300.0,57700.0,1700.0,3400.0,4300.0,100.0,700.0,1900.0,700.0,100.0,1000.0,300.0,400.0,400.0,4600.0,1400.0,700.0,300.0,300.0,100.0
nonelderly_childless_hh,fourth_quintile,1999,81100.0,79700.0,59200.0,1800.0,3300.0,4500.0,100.0,700.0,1900.0,900.0,100.0,1000.0,300.0,400.0,400.0,5000.0,1400.0,700.0,200.0,300.0,100.0
nonelderly_childless_hh,fourth_quintile,2000,82400.0,81100.0,59700.0,1900.0,3500.0,4500.0,100.0,700.0,1900.0,800.0,100.0,1000.0,300.0,500.0,400.0,5800.0,1300.0,700.0,300.0,300.0,100.0
nonelderly_childless_hh,fourth_quintile,2001,81400.0,79900.0,59500.0,2000.0,3600.0,4500.0,100.0,500.0,1800.0,300.0,100.0,900.0,300.0,400.0,300.0,5700.0,1500.0,700.0,300.0,400.0,100.0
nonelderly_childless_hh,fourth_quintile,2002,80200.0,78300.0,59000.0,1400.0,3900.0,4400.0,100.0,400.0,1700.0,100.0,100.0,600.0,300.0,300.0,200.0,5600.0,1900.0,800.0,300.0,600.0,100.0
nonelderly_childless_hh,fourth_quintile,2003,80600.0,78900.0,58400.0,1600.0,4400.0,4400.0,100.0,600.0,1900.0,100.0,100.0,600.0,300.0,300.0,300.0,5900.0,1700.0,700.0,300.0,600.0,100.0
nonelderly_childless_hh,fourth_quintile,2004,83600.0,81700.0,59900.0,1700.0,5000.0,4500.0,100.0,700.0,2000.0,300.0,100.0,500.0,200.0,400.0,300.0,6000.0,1800.0,900.0,400.0,500.0,100.0
nonelderly_childless_hh,fourth_quintile,2005,84700.0,83100.0,60300.0,1700.0,5400.0,4500.0,100.0,900.0,2000.0,400.0,100.0,500.0,200.0,400.0,400.0,6000.0,1600.0,800.0,300.0,400.0,200.0
nonelderly_childless_hh,fourth_quintile,2006,86800.0,84900.0,61700.0,1800.0,5300.0,4600.0,100.0,1000.0,2000.0,600.0,100.0,700.0,300.0,400.0,500.0,5800.0,1900.0,1000.0,400.0,300.0,200.0
nonelderly_childless_hh,fourth_quintile,2007,88600.0,86900.0,63500.0,1900.0,5000.0,4800.0,100.0,900.0,2000.0,700.0,100.0,900.0,200.0,500.0,400.0,6000.0,1700.0,800.0,400.0,400.0,100.0
nonelderly_childless_hh,fourth_quintile,2008,86700.0,84700.0,62500.0,1800.0,5000.0,4700.0,100.0,500.0,1600.0,200.0,100.0,700.0,200.0,400.0,200.0,6500.0,2000.0,1000.0,400.0,500.0,100.0
nonelderly_childless_hh,fourth_quintile,2009,84000.0,81300.0,60300.0,1600.0,5000.0,4500.0,100.0,400.0,1800.0,,100.0,500.0,300.0,400.0,200.0,6100.0,2700.0,1000.0,500.0,1100.0,100.0
nonelderly_childless_hh,fourth_quintile,2010,83900.0,81300.0,59800.0,1600.0,5000.0,4500.0,100.0,600.0,2000.0,100.0,100.0,400.0,200.0,400.0,200.0,6300.0,2600.0,1000.0,400.0,1100.0,100.0
nonelderly_childless_hh,fourth_quintile,2011,83900.0,81500.0,59800.0,1600.0,5000.0,4500.0,100.0,600.0,2000.0,200.0,100.0,300.0,300.0,500.0,300.0,6500.0,2400.0,1000.0,500.0,800.0,100.0
nonelderly_childless_hh,fourth_quintile,2012,84300.0,82000.0,59900.0,1700.0,4900.0,4500.0,100.0,700.0,2200.0,200.0,100.0,200.0,300.0,400.0,200.0,6600.0,2400.0,1100.0,500.0,600.0,100.0
nonelderly_childless_hh,fourth_quintile,2013,85800.0,83700.0,61600.0,1700.0,4900.0,4700.0,100.0,700.0,2100.0,400.0,100.0,200.0,300.0,400.0,300.0,6300.0,2100.0,1000.0,400.0,500.0,100.0
nonelderly_childless_hh,fourth_quintile,2014,87900.0,85800.0,63400.0,1800.0,4800.0,4800.0,100.0,800.0,2200.0,500.0,,200.0,300.0,400.0,300.0,6200.0,2100.0,1100.0,500.0,400.0,100.0
nonelderly_childless_hh,fourth_quintile,2015,91100.0,89200.0,65900.0,1900.0,5100.0,5000.0,100.0,800.0,2300.0,500.0,100.0,200.0,300.0,400.0,300.0,6500.0,1900.0,1100.0,500.0,300.0,100.0
nonelderly_childless_hh,highest_quintile,1979,125400.0,124600.0,86400.0,0.0,3200.0,4000.0,200.0,1100.0,7600.0,6700.0,400.0,4900.0,1000.0,2700.0,3800.0,2700.0,800.0,400.0,100.0,200.0,100.0
nonelderly_childless_hh,highest_quintile,1980,122900.0,122000.0,85800.0,0.0,2800.0,4000.0,200.0,900.0,6300.0,6000.0,300.0,6100.0,1000.0,2700.0,3000.0,2800.0,900.0,400.0,100.0,300.0,100.0
nonelderly_childless_hh,highest_quintile,1981,123000.0,122100.0,86100.0,0.0,2900.0,4400.0,200.0,700.0,5100.0,5700.0,400.0,7400.0,1200.0,2900.0,2400.0,2800.0,900.0,500.0,100.0,200.0,100.0
nonelderly_childless_hh,highest_quintile,1982,124700.0,123600.0,87300.0,0.0,3200.0,4600.0,200.0,500.0,4900.0,6400.0,500.0,7000.0,1200.0,3100.0,1500.0,3200.0,1100.0,600.0,100.0,300.0,100.0
nonelderly_childless_hh,highest_quintile,1983,128300.0,127200.0,88900.0,0.0,3300.0,4700.0,200.0,600.0,5500.0,8100.0,600.0,6100.0,1100.0,2400.0,1800.0,3600.0,1100.0,600.0,100.0,300.0,100.0
nonelderly_childless_hh,highest_quintile,1984,138000.0,136900.0,93200.0,600.0,3300.0,5100.0,200.0,800.0,7600.0,9100.0,800.0,6800.0,1100.0,2300.0,2200.0,3800.0,1100.0,600.0,100.0,200.0,100.0
nonelderly_childless_hh,highest_quintile,1985,140200.0,139100.0,93300.0,1000.0,3400.0,5300.0,200.0,700.0,6800.0,11100.0,1000.0,6700.0,1100.0,2800.0,2200.0,3800.0,1100.0,700.0,100.0,200.0,100.0
nonelderly_childless_hh,highest_quintile,1986,153100.0,152000.0,97000.0,1200.0,3500.0,5600.0,200.0,800.0,7400.0,19800.0,1100.0,5700.0,1000.0,2700.0,2300.0,3900.0,1100.0,600.0,100.0,200.0,100.0
nonelderly_childless_hh,highest_quintile,1987,147900.0,147000.0,100100.0,1300.0,4100.0,5700.0,200.0,1000.0,8700.0,7700.0,1300.0,6000.0,1100.0,2700.0,2800.0,4400.0,900.0,500.0,100.0,200.0,100.0
nonelderly_childless_hh,highest_quintile,1988,160000.0,159100.0,103900.0,1500.0,4400.0,6000.0,200.0,1000.0,11800.0,8800.0,1400.0,6700.0,1200.0,3400.0,3100.0,5800.0,900.0,500.0,100.0,200.0,100.0
nonelderly_childless_hh,highest_quintile,1989,158200.0,157300.0,102900.0,1700.0,4500.0,6000.0,200.0,1000.0,11500.0,7600.0,1500.0,7400.0,1200.0,3200.0,2900.0,5900.0,900.0,500.0,100.0,200.0,100.0
nonelderly_childless_hh,highest_quintile,1990,158300.0,157300.0,103300.0,1700.0,4500.0,6200.0,200.0,900.0,12000.0,6200.0,1700.0,7600.0,1300.0,3100.0,2900.0,5800.0,1000.0,500.0,100.0,200.0,100.0
nonelderly_childless_hh,highest_quintile,1991,152200.0,151200.0,101600.0,1700.0,4500.0,6200.0,100.0,800.0,10900.0,5200.0,1600.0,6200.0,1300.0,2800.0,2500.0,6000.0,1000.0,500.0,100.0,300.0,100.0
nonelderly_childless_hh,highest_quintile,1992,158500.0,157400.0,105500.0,2100.0,5100.0,6400.0,100.0,900.0,12400.0,5600.0,1600.0,4600.0,1300.0,2600.0,2800.0,6500.0,1000.0,400.0,100.0,400.0,100.0
nonelderly_childless_hh,highest_quintile,1993,156600.0,155500.0,103400.0,2200.0,5600.0,6300.0,100.0,1100.0,11800.0,6400.0,1500.0,3700.0,1600.0,2500.0,3300.0,6100.0,1100.0,500.0,200.0,300.0,100.0
nonelderly_childless_hh,highest_quintile,1994,159700.0,158600.0,104400.0,2400.0,6000.0,6600.0,100.0,1200.0,12900.0,6400.0,1500.0,3500.0,1400.0,2500.0,3600.0,6100.0,1100.0,500.0,200.0,300.0,200.0
nonelderly_childless_hh,highest_quintile,1995,165400.0,164400.0,107300.0,2900.0,5800.0,6800.0,100.0,1300.0,12300.0,7200.0,1500.0,4000.0,1600.0,2900.0,3900.0,6700.0,1000.0,500.0,200.0,200.0,100.0
nonelderly_childless_hh,highest_quintile,1996,173800.0,172600.0,110400.0,3400.0,5700.0,6900.0,100.0,1400.0,13200.0,10500.0,1300.0,4200.0,1400.0,2900.0,4100.0,6900.0,1200.0,600.0,200.0,200.0,100.0
nonelderly_childless_hh,highest_quintile,1997,185000.0,184000.0,115400.0,3400.0,5200.0,7200.0,100.0,1400.0,14400.0,14500.0,1300.0,4200.0,1500.0,3500.0,4400.0,7600.0,1000.0,500.0,200.0,200.0,100.0
nonelderly_childless_hh,highest_quintile,1998,196200.0,195200.0,120300.0,3700.0,5000.0,7400.0,100.0,1400.0,15800.0,18000.0,1300.0,4400.0,1400.0,3400.0,4300.0,8700.0,1000.0,600.0,200.0,200.0,100.0
nonelderly_childless_hh,highest_quintile,1999,206000.0,204900.0,125300.0,4100.0,5100.0,7700.0,100.0,1400.0,16100.0,21000.0,1300.0,4200.0,1500.0,3600.0,4400.0,9000.0,1000.0,600.0,200.0,200.0,100.0
nonelderly_childless_hh,highest_quintile,2000,215300.0,214300.0,130200.0,4300.0,5200.0,7900.0,100.0,1400.0,16000.0,22700.0,1500.0,4800.0,1500.0,4200.0,4400.0,9900.0,1000.0,600.0,200.0,200.0,100.0
nonelderly_childless_hh,highest_quintile,2001,196900.0,195700.0,128400.0,4400.0,5500.0,8100.0,100.0,1000.0,15700.0,11000.0,1300.0,4100.0,1600.0,2800.0,2800.0,9000.0,1100.0,600.0,200.0,300.0,100.0
nonelderly_childless_hh,highest_quintile,2002,187200.0,185900.0,123900.0,4900.0,6000.0,7900.0,100.0,800.0,15500.0,7400.0,1100.0,2800.0,1400.0,2100.0,2400.0,9400.0,1300.0,600.0,200.0,500.0,100.0
nonelderly_childless_hh,highest_quintile,2003,191900.0,190500.0,123800.0,6100.0,6800.0,8000.0,100.0,1200.0,15700.0,8900.0,1100.0,2400.0,1400.0,2400.0,3300.0,9200.0,1300.0,600.0,200.0,400.0,100.0
nonelderly_childless_hh,highest_quintile,2004,206200.0,204900.0,126400.0,6400.0,7600.0,8000.0,100.0,1500.0,18100.0,14300.0,1100.0,2400.0,1600.0,3200.0,4500.0,9900.0,1200.0,600.0,200.0,300.0,100.0
nonelderly_childless_hh,highest_quintile,2005,226700.0,225400.0,128600.0,6600.0,8000.0,8100.0,100.0,2000.0,22600.0,21600.0,1300.0,3500.0,1700.0,4000.0,6600.0,10500.0,1300.0,700.0,300.0,300.0,100.0
nonelderly_childless_hh,highest_quintile,2006,230500.0,229200.0,130200.0,7000.0,7700.0,8200.0,100.0,2200.0,21900.0,22300.0,1600.0,4600.0,1600.0,4400.0,6800.0,10700.0,1300.0,700.0,300.0,200.0,100.0
nonelderly_childless_hh,highest_quintile,2007,233300.0,232000.0,134500.0,7200.0,7600.0,8500.0,100.0,1900.0,20500.0,22400.0,1600.0,4900.0,1500.0,4800.0,5400.0,11200.0,1200.0,700.0,300.0,200.0,100.0
nonelderly_childless_hh,highest_quintile,2008,218100.0,216900.0,134600.0,7200.0,7600.0,8600.0,100.0,1100.0,19800.0,11700.0,1600.0,3900.0,1800.0,4400.0,3300.0,11300.0,1200.0,600.0,300.0,300.0,
nonelderly_childless_hh,highest_quintile,2009,201000.0,199300.0,129300.0,6800.0,7800.0,8400.0,100.0,900.0,18000.0,5700.0,1300.0,2700.0,1500.0,3100.0,2400.0,11400.0,1700.0,600.0,300.0,800.0,
nonelderly_childless_hh,highest_quintile,2010,206200.0,204400.0,130300.0,6800.0,7600.0,8400.0,100.0,1200.0,17600.0,8200.0,1300.0,2100.0,1500.0,3400.0,3300.0,12600.0,1800.0,700.0,300.0,700.0,100.0
nonelderly_childless_hh,highest_quintile,2011,209200.0,207400.0,132200.0,6900.0,7600.0,8500.0,100.0,1200.0,18500.0,8500.0,1200.0,1800.0,1600.0,3400.0,3300.0,12500.0,1800.0,900.0,300.0,500.0,
nonelderly_childless_hh,highest_quintile,2012,222300.0,220600.0,135600.0,7000.0,7400.0,8600.0,100.0,1500.0,20800.0,13900.0,1100.0,1700.0,1800.0,4800.0,4100.0,12300.0,1700.0,900.0,300.0,400.0,100.0
nonelderly_childless_hh,highest_quintile,2013,216500.0,215000.0,136000.0,7200.0,7400.0,8800.0,100.0,1600.0,20200.0,10100.0,1000.0,1500.0,1700.0,3600.0,4100.0,11700.0,1500.0,800.0,300.0,300.0,100.0
nonelderly_childless_hh,highest_quintile,2014,226400.0,224900.0,139500.0,7400.0,7400.0,9000.0,100.0,1700.0,21300.0,13900.0,900.0,1400.0,1900.0,4100.0,4500.0,11900.0,1400.0,800.0,300.0,200.0,100.0
nonelderly_childless_hh,highest_quintile,2015,229700.0,228400.0,143800.0,7800.0,7600.0,9300.0,100.0,1600.0,20800.0,13500.0,900.0,1300.0,1600.0,3800.0,4100.0,12300.0,1300.0,700.0,300.0,200.0,
nonelderly_childless_hh,percentiles_81_90,1979,86600.0,85800.0,68700.0,0.0,3000.0,3700.0,200.0,900.0,2400.0,700.0,,2400.0,300.0,500.0,900.0,2100.0,900.0,500.0,100.0,200.0,100.0
nonelderly_childless_hh,percentiles_81_90,1980,85000.0,83900.0,67200.0,0.0,2600.0,3700.0,200.0,700.0,2200.0,600.0,,2900.0,300.0,600.0,800.0,2200.0,1000.0,500.0,100.0,400.0,100.0
nonelderly_childless_hh,percentiles_81_90,1981,85500.0,84500.0,67400.0,0.0,2600.0,4000.0,200.0,600.0,1900.0,500.0,100.0,3500.0,300.0,600.0,600.0,2300.0,1000.0,500.0,100.0,300.0,100.0
nonelderly_childless_hh,percentiles_81_90,1982,85500.0,84300.0,66800.0,0.0,2900.0,4000.0,200.0,400.0,1600.0,500.0,100.0,3700.0,500.0,800.0,400.0,2400.0,1200.0,600.0,100.0,400.0,100.0
nonelderly_childless_hh,percentiles_81_90,1983,86900.0,85800.0,68300.0,0.0,3000.0,4200.0,200.0,500.0,1900.0,600.0,100.0,3100.0,300.0,600.0,500.0,2600.0,1200.0,600.0,100.0,300.0,100.0
nonelderly_childless_hh,percentiles_81_90,1984,92500.0,91500.0,71700.0,500.0,3000.0,4600.0,200.0,600.0,2600.0,600.0,100.0,3500.0,300.0,500.0,500.0,2800.0,1000.0,500.0,100.0,300.0,100.0
nonelderly_childless_hh,percentiles_81_90,1985,91400.0,90200.0,70600.0,700.0,3100.0,4600.0,200.0,500.0,2100.0,700.0,100.0,3200.0,300.0,700.0,500.0,2800.0,1100.0,700.0,100.0,200.0,100.0
nonelderly_childless_hh,percentiles_81_90,1986,96700.0,95600.0,74300.0,900.0,3200.0,5000.0,200.0,600.0,2700.0,1400.0,100.0,3000.0,300.0,700.0,500.0,2900.0,1100.0,600.0,100.0,300.0,100.0
nonelderly_childless_hh,percentiles_81_90,1987,97600.0,96600.0,74900.0,1000.0,3700.0,5000.0,200.0,700.0,2500.0,800.0,200.0,2600.0,300.0,800.0,700.0,3300.0,1000.0,500.0,100.0,200.0,100.0
nonelderly_childless_hh,percentiles_81_90,1988,98400.0,97400.0,74400.0,1100.0,3900.0,5200.0,200.0,800.0,2800.0,500.0,200.0,2500.0,300.0,900.0,700.0,4000.0,1000.0,500.0,100.0,200.0,100.0
nonelderly_childless_hh,percentiles_81_90,1989,100400.0,99400.0,74800.0,1300.0,3900.0,5300.0,200.0,700.0,3200.0,700.0,200.0,3000.0,400.0,800.0,700.0,4300.0,1000.0,500.0,100.0,200.0,100.0
nonelderly_childless_hh,percentiles_81_90,1990,98600.0,97600.0,74200.0,1300.0,4000.0,5300.0,200.0,700.0,2600.0,500.0,200.0,2700.0,400.0,700.0,600.0,4300.0,1100.0,500.0,100.0,300.0,100.0
nonelderly_childless_hh,percentiles_81_90,1991,96500.0,95400.0,72300.0,1200.0,3900.0,5200.0,100.0,600.0,2700.0,500.0,200.0,2400.0,400.0,700.0,600.0,4600.0,1100.0,500.0,100.0,400.0,100.0
nonelderly_childless_hh,percentiles_81_90,1992,97000.0,95800.0,72800.0,1500.0,4400.0,5300.0,100.0,700.0,2500.0,500.0,200.0,1700.0,300.0,600.0,600.0,4600.0,1200.0,500.0,100.0,400.0,100.0
nonelderly_childless_hh,percentiles_81_90,1993,98200.0,97000.0,73200.0,1600.0,5000.0,5300.0,100.0,800.0,2500.0,600.0,200.0,1300.0,400.0,600.0,600.0,4600.0,1200.0,500.0,200.0,400.0,100.0
nonelderly_childless_hh,percentiles_81_90,1994,100600.0,99300.0,75000.0,1900.0,5200.0,5500.0,100.0,900.0,2700.0,500.0,200.0,1200.0,400.0,600.0,700.0,4500.0,1200.0,600.0,200.0,300.0,200.0
nonelderly_childless_hh,percentiles_81_90,1995,102500.0,101400.0,75600.0,2200.0,5100.0,5600.0,100.0,900.0,2400.0,600.0,300.0,1500.0,500.0,800.0,800.0,5100.0,1000.0,600.0,200.0,200.0,100.0
nonelderly_childless_hh,percentiles_81_90,1996,105800.0,104400.0,77400.0,2700.0,5000.0,5700.0,100.0,1000.0,2400.0,900.0,200.0,1400.0,400.0,800.0,800.0,5400.0,1400.0,700.0,200.0,300.0,100.0
nonelderly_childless_hh,percentiles_81_90,1997,108700.0,107600.0,79700.0,2700.0,4500.0,6000.0,100.0,1000.0,2900.0,1300.0,100.0,1400.0,400.0,900.0,800.0,5700.0,1100.0,500.0,200.0,300.0,100.0
nonelderly_childless_hh,percentiles_81_90,1998,112700.0,111600.0,82900.0,3100.0,4300.0,6200.0,100.0,1000.0,3100.0,1400.0,100.0,1500.0,300.0,800.0,700.0,6100.0,1100.0,600.0,200.0,200.0,100.0
nonelderly_childless_hh,percentiles_81_90,1999,116800.0,115700.0,85400.0,3500.0,4400.0,6400.0,100.0,1000.0,3300.0,1900.0,100.0,1400.0,400.0,900.0,700.0,6100.0,1100.0,600.0,200.0,200.0,100.0
nonelderly_childless_hh,percentiles_81_90,2000,119000.0,117900.0,86100.0,3600.0,4500.0,6500.0,100.0,900.0,3200.0,1900.0,100.0,1600.0,400.0,1100.0,800.0,7100.0,1100.0,600.0,200.0,200.0,100.0
nonelderly_childless_hh,percentiles_81_90,2001,116700.0,115700.0,86000.0,3600.0,4700.0,6500.0,100.0,700.0,3300.0,700.0,100.0,1400.0,500.0,700.0,500.0,6800.0,1100.0,500.0,200.0,300.0,100.0
nonelderly_childless_hh,percentiles_81_90,2002,115400.0,114000.0,85400.0,3100.0,5200.0,6400.0,100.0,600.0,2800.0,500.0,200.0,1100.0,400.0,600.0,400.0,7300.0,1400.0,600.0,200.0,500.0,100.0
nonelderly_childless_hh,percentiles_81_90,2003,117700.0,116300.0,86200.0,3700.0,5900.0,6400.0,100.0,800.0,3200.0,400.0,200.0,800.0,400.0,600.0,500.0,7200.0,1400.0,600.0,200.0,500.0,100.0
nonelderly_childless_hh,percentiles_81_90,2004,121500.0,120100.0,87200.0,3900.0,6700.0,6500.0,100.0,1000.0,3200.0,700.0,100.0,700.0,400.0,700.0,600.0,8000.0,1400.0,700.0,300.0,400.0,100.0
nonelderly_childless_hh,percentiles_81_90,2005,124100.0,122800.0,88000.0,4100.0,7100.0,6600.0,100.0,1400.0,3700.0,1100.0,100.0,900.0,400.0,700.0,800.0,7700.0,1300.0,600.0,200.0,300.0,100.0
nonelderly_childless_hh,percentiles_81_90,2006,127400.0,126000.0,89800.0,4300.0,7000.0,6700.0,100.0,1500.0,3600.0,1500.0,200.0,1300.0,400.0,900.0,1000.0,7800.0,1400.0,700.0,300.0,300.0,100.0
nonelderly_childless_hh,percentiles_81_90,2007,130400.0,129100.0,92600.0,4400.0,6700.0,7000.0,100.0,1300.0,3600.0,1600.0,100.0,1300.0,400.0,900.0,800.0,8200.0,1200.0,600.0,300.0,200.0,100.0
nonelderly_childless_hh,percentiles_81_90,2008,127600.0,126200.0,92000.0,4300.0,6700.0,6900.0,100.0,800.0,3100.0,500.0,200.0,1100.0,400.0,900.0,400.0,8700.0,1300.0,600.0,300.0,400.0,100.0
nonelderly_childless_hh,percentiles_81_90,2009,123400.0,121600.0,89500.0,3900.0,6900.0,6700.0,100.0,600.0,2800.0,200.0,200.0,800.0,500.0,600.0,300.0,8500.0,1800.0,700.0,300.0,800.0,
nonelderly_childless_hh,percentiles_81_90,2010,124200.0,122200.0,88800.0,3900.0,6700.0,6700.0,100.0,800.0,3300.0,300.0,200.0,600.0,400.0,800.0,400.0,9100.0,2000.0,800.0,300.0,800.0,100.0
nonelderly_childless_hh,percentiles_81_90,2011,125400.0,123400.0,89500.0,4100.0,6700.0,6700.0,100.0,800.0,3500.0,400.0,200.0,500.0,500.0,900.0,500.0,9100.0,2000.0,1000.0,400.0,600.0,100.0
nonelderly_childless_hh,percentiles_81_90,2012,127300.0,125400.0,91200.0,4200.0,6700.0,6900.0,100.0,1000.0,3500.0,600.0,100.0,400.0,600.0,800.0,500.0,8800.0,1900.0,900.0,400.0,500.0,100.0
nonelderly_childless_hh,percentiles_81_90,2013,129000.0,127300.0,92900.0,4300.0,6600.0,7100.0,100.0,1100.0,3700.0,800.0,100.0,400.0,500.0,800.0,600.0,8500.0,1700.0,900.0,300.0,400.0,100.0
nonelderly_childless_hh,percentiles_81_90,2014,132300.0,130800.0,94800.0,4400.0,6600.0,7200.0,100.0,1200.0,3900.0,1200.0,100.0,300.0,600.0,800.0,700.0,8900.0,1500.0,800.0,300.0,300.0,100.0
nonelderly_childless_hh,percentiles_81_90,2015,137800.0,136400.0,99100.0,4700.0,6900.0,7500.0,100.0,1200.0,4100.0,1200.0,100.0,300.0,500.0,800.0,600.0,9400.0,1400.0,800.0,300.0,300.0,
nonelderly_childless_hh,percentiles_91_95,1979,110400.0,109800.0,86100.0,0.0,3400.0,4400.0,200.0,1100.0,4100.0,1500.0,100.0,3600.0,500.0,900.0,1600.0,2300.0,600.0,300.0,100.0,200.0,100.0
nonelderly_childless_hh,percentiles_91_95,1980,108800.0,108000.0,84300.0,0.0,2900.0,4300.0,200.0,900.0,3600.0,1400.0,,4800.0,500.0,1100.0,1400.0,2600.0,800.0,400.0,100.0,200.0,100.0
nonelderly_childless_hh,percentiles_91_95,1981,109300.0,108700.0,85000.0,0.0,3100.0,4800.0,200.0,700.0,3100.0,700.0,100.0,5600.0,400.0,1300.0,1000.0,2600.0,700.0,400.0,100.0,200.0,
nonelderly_childless_hh,percentiles_91_95,1982,109200.0,108300.0,85900.0,0.0,3400.0,5000.0,200.0,500.0,2600.0,700.0,100.0,4900.0,400.0,1400.0,600.0,2800.0,900.0,500.0,100.0,300.0,100.0
nonelderly_childless_hh,percentiles_91_95,1983,112600.0,111500.0,87400.0,0.0,3500.0,5100.0,200.0,600.0,3100.0,1300.0,200.0,4600.0,600.0,1100.0,800.0,3100.0,1100.0,600.0,100.0,200.0,100.0
nonelderly_childless_hh,percentiles_91_95,1984,120700.0,119600.0,92300.0,800.0,3400.0,5600.0,200.0,800.0,3900.0,1400.0,200.0,5100.0,400.0,1100.0,900.0,3600.0,1100.0,700.0,100.0,200.0,100.0
nonelderly_childless_hh,percentiles_91_95,1985,119100.0,118200.0,90800.0,1000.0,3600.0,5700.0,200.0,700.0,3200.0,1700.0,200.0,4800.0,500.0,1200.0,800.0,3700.0,900.0,600.0,100.0,200.0,100.0
nonelderly_childless_hh,percentiles_91_95,1986,125700.0,124700.0,95200.0,1300.0,3500.0,6100.0,200.0,800.0,4000.0,3000.0,300.0,4000.0,600.0,1100.0,800.0,3800.0,1000.0,600.0,100.0,200.0,100.0
nonelderly_childless_hh,percentiles_91_95,1987,129000.0,128200.0,97400.0,1400.0,4200.0,6200.0,200.0,1000.0,3800.0,1800.0,300.0,4100.0,500.0,1400.0,1200.0,4700.0,800.0,400.0,100.0,200.0,100.0
nonelderly_childless_hh,percentiles_91_95,1988,130800.0,129900.0,98100.0,1700.0,4600.0,6600.0,200.0,1000.0,4100.0,1300.0,400.0,3900.0,500.0,1400.0,1100.0,5100.0,800.0,400.0,100.0,200.0,100.0
nonelderly_childless_hh,percentiles_91_95,1989,132800.0,131900.0,98500.0,1900.0,4700.0,6600.0,200.0,1000.0,4800.0,1500.0,400.0,4300.0,500.0,1500.0,1200.0,4800.0,1000.0,600.0,100.0,200.0,100.0
nonelderly_childless_hh,percentiles_91_95,1990,129500.0,128400.0,95900.0,1800.0,4500.0,6600.0,200.0,900.0,4500.0,1000.0,400.0,4600.0,600.0,1300.0,1100.0,5200.0,1000.0,400.0,100.0,200.0,300.0
nonelderly_childless_hh,percentiles_91_95,1991,127800.0,126700.0,95400.0,1900.0,4600.0,6700.0,200.0,800.0,4300.0,1000.0,500.0,3800.0,500.0,1300.0,1000.0,4900.0,1100.0,500.0,100.0,300.0,100.0
nonelderly_childless_hh,percentiles_91_95,1992,129800.0,128800.0,96400.0,2300.0,5300.0,6700.0,100.0,900.0,4100.0,1100.0,500.0,2900.0,600.0,1200.0,1100.0,5700.0,900.0,400.0,100.0,400.0,100.0
nonelderly_childless_hh,percentiles_91_95,1993,131000.0,129900.0,96200.0,2500.0,5700.0,6700.0,100.0,1000.0,4900.0,1500.0,400.0,2100.0,800.0,1200.0,1300.0,5400.0,1100.0,500.0,200.0,300.0,100.0
nonelderly_childless_hh,percentiles_91_95,1994,131900.0,130800.0,97600.0,2700.0,6100.0,6900.0,100.0,1100.0,5100.0,1100.0,400.0,1800.0,700.0,1100.0,1200.0,5100.0,1100.0,500.0,100.0,300.0,100.0
nonelderly_childless_hh,percentiles_91_95,1995,135700.0,134800.0,98600.0,3300.0,5800.0,7100.0,100.0,1200.0,4500.0,1300.0,500.0,2200.0,900.0,1400.0,1400.0,6400.0,1000.0,500.0,100.0,200.0,100.0
nonelderly_childless_hh,percentiles_91_95,1996,142000.0,140900.0,102300.0,3800.0,5800.0,7400.0,100.0,1300.0,4900.0,2100.0,400.0,2700.0,800.0,1400.0,1600.0,6200.0,1100.0,600.0,200.0,200.0,100.0
nonelderly_childless_hh,percentiles_91_95,1997,146500.0,145500.0,106000.0,3900.0,5300.0,7500.0,100.0,1300.0,5200.0,2800.0,300.0,2500.0,900.0,1700.0,1500.0,6500.0,1000.0,500.0,200.0,200.0,100.0
nonelderly_childless_hh,percentiles_91_95,1998,152900.0,152000.0,109200.0,4300.0,5100.0,7800.0,100.0,1300.0,6300.0,3400.0,300.0,2300.0,800.0,1600.0,1400.0,8000.0,900.0,500.0,200.0,200.0,100.0
nonelderly_childless_hh,percentiles_91_95,1999,159100.0,158000.0,112900.0,4800.0,5000.0,8100.0,100.0,1300.0,6100.0,4700.0,400.0,2200.0,700.0,1900.0,1500.0,8400.0,1100.0,600.0,200.0,200.0,100.0
nonelderly_childless_hh,percentiles_91_95,2000,162200.0,161200.0,115200.0,4900.0,5100.0,8100.0,100.0,1300.0,6300.0,4200.0,300.0,2600.0,800.0,2000.0,1500.0,8800.0,1000.0,500.0,200.0,200.0,100.0
nonelderly_childless_hh,percentiles_91_95,2001,158500.0,157300.0,116200.0,5100.0,5400.0,8500.0,100.0,900.0,5700.0,1400.0,300.0,2300.0,800.0,1200.0,900.0,8500.0,1200.0,700.0,200.0,300.0,
nonelderly_childless_hh,percentiles_91_95,2002,154400.0,153100.0,113200.0,5500.0,6000.0,8200.0,100.0,800.0,5400.0,1000.0,300.0,1600.0,700.0,900.0,700.0,8700.0,1200.0,500.0,200.0,400.0,200.0
nonelderly_childless_hh,percentiles_91_95,2003,157800.0,156500.0,113900.0,6500.0,6800.0,8400.0,100.0,1100.0,5700.0,1000.0,300.0,1200.0,600.0,900.0,800.0,9100.0,1300.0,600.0,300.0,400.0,
nonelderly_childless_hh,percentiles_91_95,2004,163300.0,162300.0,115300.0,7000.0,7700.0,8400.0,100.0,1400.0,6400.0,2200.0,300.0,1100.0,700.0,1200.0,1200.0,9300.0,1000.0,500.0,200.0,300.0,100.0
nonelderly_childless_hh,percentiles_91_95,2005,171300.0,170000.0,117700.0,7600.0,8300.0,8600.0,100.0,1900.0,6700.0,3400.0,300.0,1500.0,800.0,1500.0,1700.0,10000.0,1300.0,700.0,200.0,200.0,100.0
nonelderly_childless_hh,percentiles_91_95,2006,174200.0,172900.0,118600.0,7600.0,8000.0,8700.0,100.0,2000.0,7400.0,3500.0,400.0,2000.0,700.0,1700.0,1800.0,10400.0,1300.0,700.0,300.0,200.0,100.0
nonelderly_childless_hh,percentiles_91_95,2007,180600.0,179500.0,123500.0,8000.0,7900.0,9100.0,100.0,1800.0,7200.0,3700.0,300.0,2600.0,800.0,2000.0,1600.0,10800.0,1200.0,600.0,300.0,200.0,100.0
nonelderly_childless_hh,percentiles_91_95,2008,173200.0,172000.0,122600.0,7800.0,7900.0,9100.0,100.0,1100.0,6100.0,1200.0,400.0,2000.0,900.0,1700.0,900.0,10300.0,1200.0,500.0,300.0,300.0,
nonelderly_childless_hh,percentiles_91_95,2009,168100.0,166200.0,118600.0,7100.0,8100.0,8800.0,100.0,800.0,5900.0,700.0,400.0,1300.0,800.0,1300.0,700.0,11500.0,1900.0,700.0,300.0,800.0,
nonelderly_childless_hh,percentiles_91_95,2010,170600.0,168800.0,119200.0,7300.0,7900.0,8800.0,100.0,1100.0,6300.0,1000.0,300.0,1000.0,900.0,1200.0,800.0,12600.0,1800.0,700.0,300.0,600.0,100.0
nonelderly_childless_hh,percentiles_91_95,2011,173200.0,171500.0,121900.0,7400.0,8000.0,9000.0,100.0,1100.0,7000.0,900.0,400.0,800.0,800.0,1300.0,800.0,12100.0,1700.0,800.0,300.0,500.0,
nonelderly_childless_hh,percentiles_91_95,2012,175400.0,173800.0,123800.0,7500.0,7700.0,9100.0,100.0,1400.0,7200.0,1400.0,300.0,600.0,1000.0,1500.0,900.0,11200.0,1600.0,800.0,300.0,500.0,100.0
nonelderly_childless_hh,percentiles_91_95,2013,179500.0,178300.0,126100.0,7900.0,7800.0,9400.0,100.0,1500.0,7500.0,2200.0,300.0,500.0,900.0,1300.0,1200.0,11700.0,1200.0,700.0,200.0,300.0,
nonelderly_childless_hh,percentiles_91_95,2014,184600.0,183100.0,129100.0,8000.0,7900.0,9600.0,100.0,1600.0,7700.0,2800.0,200.0,500.0,900.0,1700.0,1400.0,11600.0,1500.0,900.0,300.0,200.0,100.0
nonelderly_childless_hh,percentiles_91_95,2015,189600.0,188400.0,133600.0,8700.0,8100.0,9900.0,100.0,1600.0,7200.0,2500.0,300.0,500.0,1000.0,1600.0,1300.0,12100.0,1300.0,700.0,300.0,200.0,
nonelderly_childless_hh,percentiles_96_99,1979,159000.0,158300.0,106600.0,0.0,3600.0,4200.0,200.0,1400.0,13600.0,7200.0,400.0,7800.0,1500.0,3300.0,4900.0,3700.0,700.0,400.0,100.0,200.0,100.0
nonelderly_childless_hh,percentiles_96_99,1980,154100.0,153300.0,106500.0,0.0,3100.0,4300.0,200.0,1100.0,10100.0,5600.0,300.0,9800.0,1400.0,3300.0,3700.0,3900.0,800.0,500.0,100.0,200.0,100.0
nonelderly_childless_hh,percentiles_96_99,1981,154400.0,153600.0,106900.0,0.0,3100.0,4900.0,200.0,900.0,8800.0,5000.0,400.0,11500.0,1500.0,4100.0,2900.0,3400.0,800.0,500.0,100.0,200.0,100.0
nonelderly_childless_hh,percentiles_96_99,1982,154800.0,153700.0,109800.0,0.0,3600.0,5300.0,200.0,600.0,7800.0,4000.0,500.0,10200.0,1500.0,4000.0,1500.0,4700.0,1100.0,700.0,100.0,200.0,100.0
nonelderly_childless_hh,percentiles_96_99,1983,159800.0,158900.0,111900.0,0.0,3800.0,5400.0,200.0,800.0,8600.0,6800.0,600.0,9200.0,1400.0,3300.0,2100.0,4700.0,1000.0,600.0,100.0,200.0,100.0
nonelderly_childless_hh,percentiles_96_99,1984,174000.0,172800.0,117700.0,900.0,3600.0,5800.0,200.0,900.0,13100.0,6900.0,800.0,9700.0,1700.0,3300.0,2500.0,5600.0,1100.0,700.0,100.0,200.0,100.0
nonelderly_childless_hh,percentiles_96_99,1985,175000.0,174000.0,120500.0,1400.0,3900.0,6200.0,200.0,900.0,10200.0,8800.0,900.0,9400.0,1600.0,3200.0,2300.0,4600.0,1100.0,700.0,200.0,100.0,100.0
nonelderly_childless_hh,percentiles_96_99,1986,190900.0,189800.0,125800.0,1500.0,4000.0,6500.0,200.0,1000.0,11800.0,16600.0,1200.0,8100.0,1500.0,3400.0,2500.0,5500.0,1100.0,700.0,100.0,200.0,100.0
nonelderly_childless_hh,percentiles_96_99,1987,187200.0,186500.0,127500.0,1800.0,4700.0,6700.0,200.0,1200.0,12800.0,7300.0,1800.0,8100.0,1700.0,3700.0,3400.0,5700.0,700.0,400.0,100.0,100.0,
nonelderly_childless_hh,percentiles_96_99,1988,194500.0,193700.0,129000.0,1900.0,5100.0,7000.0,200.0,1300.0,15500.0,6800.0,1700.0,9300.0,1800.0,3800.0,3400.0,7000.0,800.0,500.0,100.0,100.0,100.0
nonelderly_childless_hh,percentiles_96_99,1989,198800.0,198100.0,133100.0,2300.0,5400.0,7100.0,200.0,1300.0,14800.0,6100.0,2000.0,9300.0,1700.0,4000.0,3200.0,7800.0,700.0,400.0,100.0,100.0,100.0
nonelderly_childless_hh,percentiles_96_99,1990,192500.0,191700.0,130200.0,2400.0,5400.0,7300.0,100.0,1200.0,13800.0,4300.0,2300.0,9400.0,1600.0,3600.0,3000.0,7100.0,800.0,500.0,100.0,200.0,
nonelderly_childless_hh,percentiles_96_99,1991,189100.0,188300.0,129500.0,2300.0,5300.0,7500.0,100.0,1100.0,14200.0,4000.0,1600.0,7400.0,1700.0,3200.0,2600.0,7800.0,800.0,400.0,100.0,200.0,100.0
nonelderly_childless_hh,percentiles_96_99,1992,194800.0,194100.0,132400.0,2900.0,6100.0,7800.0,100.0,1200.0,15600.0,4500.0,1900.0,5300.0,1900.0,3100.0,2900.0,8400.0,700.0,400.0,100.0,200.0,100.0
nonelderly_childless_hh,percentiles_96_99,1993,194900.0,194000.0,131500.0,3000.0,6500.0,7800.0,100.0,1400.0,15000.0,5200.0,1800.0,4500.0,2300.0,3300.0,3500.0,7900.0,900.0,500.0,100.0,200.0,100.0
nonelderly_childless_hh,percentiles_96_99,1994,200200.0,199300.0,135500.0,3200.0,7400.0,8000.0,100.0,1500.0,16100.0,4500.0,1700.0,4000.0,1900.0,3200.0,3500.0,8600.0,900.0,400.0,100.0,200.0,200.0
nonelderly_childless_hh,percentiles_96_99,1995,209000.0,208200.0,140000.0,4000.0,6700.0,8400.0,100.0,1700.0,15500.0,5900.0,1700.0,4900.0,2800.0,3900.0,4300.0,8400.0,800.0,400.0,100.0,200.0,100.0
nonelderly_childless_hh,percentiles_96_99,1996,216400.0,215600.0,141800.0,4500.0,6700.0,8400.0,100.0,1800.0,18400.0,7400.0,1700.0,5200.0,2000.0,4200.0,4300.0,9100.0,800.0,500.0,200.0,200.0,
nonelderly_childless_hh,percentiles_96_99,1997,229600.0,228500.0,148700.0,4400.0,5900.0,8700.0,100.0,1800.0,18500.0,11300.0,1600.0,5200.0,2100.0,5000.0,4600.0,10600.0,1100.0,600.0,200.0,200.0,100.0
nonelderly_childless_hh,percentiles_96_99,1998,243100.0,242000.0,155500.0,4700.0,5900.0,8900.0,100.0,1700.0,22500.0,13000.0,1400.0,5600.0,2200.0,4600.0,4300.0,11800.0,1100.0,700.0,200.0,100.0,100.0
nonelderly_childless_hh,percentiles_96_99,1999,255300.0,254300.0,160000.0,5000.0,6100.0,9300.0,100.0,1800.0,23700.0,16700.0,1400.0,5600.0,2400.0,4900.0,4600.0,12600.0,1000.0,600.0,200.0,100.0,
nonelderly_childless_hh,percentiles_96_99,2000,260900.0,259900.0,167600.0,5200.0,6100.0,9700.0,100.0,1800.0,21200.0,15600.0,1500.0,6100.0,2300.0,5300.0,4300.0,13100.0,1000.0,600.0,200.0,100.0,100.0
nonelderly_childless_hh,percentiles_96_99,2001,246600.0,245400.0,167900.0,5300.0,6600.0,10000.0,100.0,1200.0,20700.0,7100.0,1200.0,5000.0,2300.0,3600.0,2600.0,11800.0,1200.0,700.0,200.0,200.0,100.0
nonelderly_childless_hh,percentiles_96_99,2002,237200.0,236100.0,163000.0,7800.0,7100.0,10000.0,100.0,1100.0,19800.0,4400.0,1100.0,3200.0,1900.0,2600.0,2100.0,11900.0,1100.0,600.0,100.0,400.0,
nonelderly_childless_hh,percentiles_96_99,2003,245200.0,244000.0,164700.0,10200.0,8500.0,10200.0,100.0,1600.0,20200.0,6100.0,1000.0,2700.0,2000.0,2800.0,3000.0,10900.0,1200.0,500.0,200.0,400.0,100.0
nonelderly_childless_hh,percentiles_96_99,2004,257700.0,256500.0,165700.0,10600.0,9100.0,10100.0,100.0,1900.0,23100.0,10100.0,1100.0,2700.0,2500.0,3500.0,4000.0,12100.0,1200.0,600.0,200.0,300.0,100.0
nonelderly_childless_hh,percentiles_96_99,2005,277500.0,276200.0,166400.0,10900.0,9500.0,9800.0,100.0,2600.0,28100.0,16200.0,1300.0,3900.0,2600.0,4500.0,6100.0,14100.0,1300.0,700.0,300.0,200.0,100.0
nonelderly_childless_hh,percentiles_96_99,2006,288700.0,287400.0,173500.0,12000.0,8800.0,10100.0,100.0,2900.0,29300.0,16100.0,1600.0,5300.0,2600.0,5300.0,6400.0,13300.0,1300.0,800.0,300.0,100.0,
nonelderly_childless_hh,percentiles_96_99,2007,298200.0,297000.0,179700.0,12500.0,8900.0,10400.0,100.0,2500.0,29300.0,17300.0,1900.0,6200.0,2500.0,6300.0,5500.0,14000.0,1300.0,800.0,200.0,100.0,100.0
nonelderly_childless_hh,percentiles_96_99,2008,275800.0,274800.0,178300.0,12600.0,8900.0,10700.0,100.0,1500.0,25000.0,6300.0,1700.0,4700.0,2800.0,4900.0,2800.0,14500.0,1000.0,400.0,300.0,300.0,100.0
nonelderly_childless_hh,percentiles_96_99,2009,259000.0,257800.0,174600.0,12200.0,9200.0,11000.0,100.0,1200.0,20600.0,2800.0,1500.0,3200.0,2000.0,3300.0,1900.0,14400.0,1200.0,400.0,200.0,600.0,
nonelderly_childless_hh,percentiles_96_99,2010,268600.0,267100.0,179400.0,12000.0,9000.0,10900.0,100.0,1700.0,21500.0,4000.0,1500.0,2500.0,2200.0,3500.0,2600.0,16200.0,1500.0,600.0,200.0,700.0,100.0
nonelderly_childless_hh,percentiles_96_99,2011,272600.0,271200.0,181700.0,12200.0,9100.0,10900.0,100.0,1700.0,22900.0,4300.0,1400.0,2000.0,2500.0,3800.0,2600.0,16200.0,1400.0,700.0,300.0,400.0,
nonelderly_childless_hh,percentiles_96_99,2012,286500.0,285000.0,187300.0,12100.0,8500.0,11000.0,100.0,2000.0,27400.0,6900.0,1400.0,1800.0,2700.0,4800.0,3100.0,15900.0,1500.0,800.0,300.0,300.0,
nonelderly_childless_hh,percentiles_96_99,2013,289700.0,288200.0,189800.0,12500.0,8700.0,11400.0,100.0,2200.0,27100.0,7400.0,1300.0,1700.0,2600.0,4500.0,4000.0,15000.0,1500.0,800.0,300.0,300.0,100.0
nonelderly_childless_hh,percentiles_96_99,2014,301000.0,299600.0,193200.0,13100.0,8600.0,11500.0,100.0,2400.0,28500.0,10800.0,1300.0,1600.0,2800.0,5500.0,4700.0,15700.0,1400.0,900.0,300.0,200.0,100.0
nonelderly_childless_hh,percentiles_96_99,2015,310800.0,309600.0,201600.0,13600.0,8700.0,11800.0,100.0,2300.0,30600.0,10400.0,1200.0,1700.0,2500.0,5200.0,4300.0,15500.0,1200.0,700.0,300.0,200.0,
nonelderly_childless_hh,top_1_percent,1979,509600.0,508900.0,191600.0,0.0,3500.0,2800.0,200.0,2400.0,60800.0,111100.0,6100.0,28900.0,11100.0,36700.0,47000.0,6800.0,700.0,400.0,100.0,100.0,100.0
nonelderly_childless_hh,top_1_percent,1980,497600.0,496700.0,204900.0,0.0,3100.0,3100.0,100.0,2100.0,52100.0,103500.0,5100.0,33700.0,10900.0,36400.0,35600.0,6000.0,900.0,600.0,100.0,100.0,100.0
nonelderly_childless_hh,top_1_percent,1981,479300.0,478400.0,198900.0,0.0,3300.0,3700.0,100.0,1600.0,35800.0,103800.0,5700.0,43100.0,13700.0,33600.0,28000.0,7200.0,900.0,500.0,200.0,100.0,
nonelderly_childless_hh,top_1_percent,1982,534200.0,533200.0,217800.0,0.0,3800.0,5000.0,100.0,1100.0,44400.0,128400.0,9200.0,44200.0,13100.0,38000.0,19500.0,8600.0,1000.0,700.0,100.0,200.0,
nonelderly_childless_hh,top_1_percent,1983,540700.0,539400.0,214600.0,0.0,3700.0,5000.0,200.0,1400.0,46500.0,146700.0,10600.0,35400.0,12000.0,28700.0,23400.0,11300.0,1300.0,900.0,200.0,100.0,100.0
nonelderly_childless_hh,top_1_percent,1984,616400.0,615100.0,227700.0,600.0,3300.0,5000.0,100.0,1700.0,63700.0,178100.0,13900.0,43900.0,12000.0,26300.0,30400.0,8300.0,1300.0,900.0,100.0,200.0,100.0
nonelderly_childless_hh,top_1_percent,1985,676800.0,675200.0,235700.0,1000.0,3900.0,5100.0,100.0,1700.0,68500.0,206700.0,18500.0,46800.0,11200.0,35300.0,30100.0,10700.0,1500.0,1100.0,200.0,100.0,100.0
nonelderly_childless_hh,top_1_percent,1986,817900.0,816800.0,230500.0,1000.0,4100.0,5200.0,100.0,1700.0,65300.0,370200.0,18100.0,38400.0,8700.0,33700.0,32000.0,7900.0,1000.0,700.0,100.0,200.0,
nonelderly_childless_hh,top_1_percent,1987,685000.0,683800.0,285100.0,1300.0,4600.0,6100.0,100.0,2600.0,95200.0,133700.0,19200.0,48800.0,11600.0,30000.0,35200.0,10100.0,1200.0,700.0,200.0,100.0,100.0
nonelderly_childless_hh,top_1_percent,1988,877400.0,876400.0,352700.0,1600.0,5800.0,6600.0,100.0,3300.0,144000.0,160800.0,20700.0,59200.0,12000.0,42300.0,42000.0,25300.0,1000.0,600.0,100.0,100.0,200.0
nonelderly_childless_hh,top_1_percent,1989,805900.0,804800.0,316500.0,1700.0,6100.0,6700.0,100.0,2800.0,135900.0,135300.0,20500.0,68900.0,12200.0,37900.0,38100.0,22000.0,1100.0,700.0,100.0,100.0,100.0
nonelderly_childless_hh,top_1_percent,1990,854100.0,853300.0,353300.0,1600.0,5700.0,6900.0,100.0,2900.0,156400.0,114500.0,23400.0,72500.0,14800.0,39700.0,39800.0,21500.0,800.0,400.0,100.0,200.0,100.0
nonelderly_childless_hh,top_1_percent,1991,725800.0,724800.0,322400.0,2000.0,5700.0,7000.0,100.0,2500.0,124400.0,85900.0,22600.0,56300.0,13200.0,31800.0,32000.0,18800.0,1000.0,700.0,200.0,100.0,100.0
nonelderly_childless_hh,top_1_percent,1992,822400.0,821100.0,386900.0,2500.0,6300.0,8900.0,100.0,3200.0,152100.0,92700.0,20900.0,43900.0,14700.0,29900.0,36800.0,22200.0,1300.0,800.0,200.0,200.0,
nonelderly_childless_hh,top_1_percent,1993,761000.0,760100.0,339100.0,2300.0,6900.0,7200.0,100.0,3300.0,138400.0,103300.0,21100.0,34700.0,15700.0,27100.0,42700.0,18400.0,900.0,600.0,100.0,200.0,100.0
nonelderly_childless_hh,top_1_percent,1994,812000.0,810700.0,331300.0,2900.0,8700.0,9900.0,100.0,3400.0,162200.0,116800.0,21800.0,37200.0,15200.0,30900.0,53000.0,17300.0,1200.0,1000.0,100.0,100.0,100.0
nonelderly_childless_hh,top_1_percent,1995,859700.0,858400.0,361300.0,3000.0,9600.0,10800.0,100.0,4000.0,160300.0,127800.0,21000.0,40900.0,13800.0,31900.0,54400.0,19400.0,1400.0,300.0,100.0,100.0,900.0
nonelderly_childless_hh,top_1_percent,1996,952400.0,951600.0,391300.0,3300.0,9400.0,11300.0,100.0,4500.0,164800.0,187900.0,18100.0,39600.0,14000.0,30900.0,57500.0,18900.0,800.0,500.0,200.0,100.0,
nonelderly_childless_hh,top_1_percent,1997,1141800.0,1141100.0,446600.0,3100.0,8800.0,12200.0,100.0,5100.0,191700.0,265500.0,19500.0,44400.0,15500.0,39600.0,66100.0,22800.0,800.0,400.0,100.0,100.0,100.0
nonelderly_childless_hh,top_1_percent,1998,1296200.0,1295100.0,487000.0,3300.0,8500.0,12900.0,100.0,5100.0,203800.0,347000.0,22400.0,48100.0,15800.0,41700.0,69400.0,30100.0,1000.0,600.0,200.0,100.0,100.0
nonelderly_childless_hh,top_1_percent,1999,1306900.0,1306400.0,502200.0,3800.0,8300.0,13700.0,100.0,5200.0,192000.0,369500.0,20100.0,42500.0,15500.0,40200.0,64700.0,28600.0,500.0,300.0,100.0,100.0,
nonelderly_childless_hh,top_1_percent,2000,1410000.0,1409300.0,542200.0,4000.0,9200.0,14400.0,100.0,5400.0,195500.0,402500.0,24900.0,49600.0,15400.0,47900.0,64700.0,33500.0,700.0,400.0,200.0,100.0,
nonelderly_childless_hh,top_1_percent,2001,1110300.0,1109400.0,497300.0,4100.0,9400.0,14200.0,100.0,3400.0,196100.0,205800.0,20800.0,42200.0,15600.0,33300.0,42700.0,24400.0,1000.0,700.0,100.0,100.0,
nonelderly_childless_hh,top_1_percent,2002,964200.0,962900.0,434600.0,7500.0,9400.0,13200.0,100.0,2800.0,202200.0,142500.0,18200.0,29200.0,14600.0,24500.0,37000.0,27100.0,1300.0,700.0,300.0,300.0,
nonelderly_childless_hh,top_1_percent,2003,1017200.0,1016300.0,430200.0,12600.0,10000.0,13100.0,100.0,3700.0,203900.0,173000.0,17600.0,26800.0,15100.0,30600.0,54100.0,25500.0,800.0,300.0,100.0,200.0,100.0
nonelderly_childless_hh,top_1_percent,2004,1232000.0,1231300.0,470200.0,10500.0,10300.0,13500.0,100.0,5000.0,243900.0,272000.0,17200.0,30300.0,15600.0,43000.0,74200.0,25700.0,800.0,400.0,100.0,200.0,
nonelderly_childless_hh,top_1_percent,2005,1583700.0,1582300.0,511900.0,11100.0,10100.0,13900.0,100.0,7100.0,328200.0,412200.0,22900.0,46600.0,18900.0,56600.0,112100.0,30700.0,1400.0,900.0,400.0,100.0,100.0
nonelderly_childless_hh,top_1_percent,2006,1648300.0,1646900.0,506900.0,11300.0,9700.0,13700.0,100.0,7600.0,319400.0,452600.0,27600.0,60500.0,17300.0,65400.0,119200.0,35500.0,1400.0,800.0,400.0,100.0,
nonelderly_childless_hh,top_1_percent,2007,1584800.0,1583500.0,520300.0,11800.0,10300.0,14400.0,100.0,6600.0,283300.0,439300.0,27900.0,61000.0,15900.0,66400.0,88900.0,37200.0,1300.0,1000.0,300.0,100.0,
nonelderly_childless_hh,top_1_percent,2008,1352500.0,1351600.0,523200.0,12100.0,9800.0,14700.0,100.0,4000.0,292900.0,248000.0,26300.0,47000.0,19400.0,62900.0,57100.0,34100.0,900.0,500.0,300.0,200.0,
nonelderly_childless_hh,top_1_percent,2009,1103400.0,1102300.0,467100.0,13100.0,9600.0,14300.0,100.0,2900.0,280000.0,124500.0,21700.0,33400.0,15500.0,45900.0,42700.0,31600.0,1000.0,400.0,200.0,500.0,
nonelderly_childless_hh,top_1_percent,2010,1181500.0,1180600.0,484500.0,13400.0,9500.0,14400.0,100.0,4200.0,259200.0,180800.0,20900.0,27600.0,16200.0,50600.0,60000.0,39400.0,800.0,300.0,200.0,400.0,
nonelderly_childless_hh,top_1_percent,2011,1189000.0,1187900.0,491100.0,13000.0,9300.0,14400.0,100.0,4100.0,263800.0,182800.0,19200.0,25500.0,16600.0,47700.0,60200.0,40100.0,1100.0,700.0,100.0,300.0,
nonelderly_childless_hh,top_1_percent,2012,1488000.0,1486500.0,540600.0,12900.0,8500.0,15000.0,100.0,5300.0,312600.0,317000.0,18600.0,27300.0,18700.0,82900.0,80900.0,46100.0,1400.0,800.0,400.0,200.0,100.0
nonelderly_childless_hh,top_1_percent,2013,1281100.0,1279800.0,510400.0,13700.0,7700.0,14900.0,100.0,5300.0,296500.0,204500.0,17600.0,23700.0,19800.0,54300.0,72100.0,39300.0,1300.0,900.0,200.0,100.0,100.0
nonelderly_childless_hh,top_1_percent,2014,1412700.0,1411800.0,540100.0,13400.0,8400.0,15000.0,100.0,6100.0,317000.0,281100.0,15000.0,21700.0,21500.0,58400.0,79100.0,34900.0,800.0,500.0,200.0,100.0,
nonelderly_childless_hh,top_1_percent,2015,1420600.0,1419400.0,552900.0,14900.0,8600.0,15900.0,100.0,5800.0,312300.0,289400.0,13900.0,20700.0,16000.0,55800.0,75100.0,38000.0,1200.0,900.0,300.0,100.0,
