household_type,income_group,year,federal_taxes,individual_income_tax,payroll_taxes,corporate_income_tax,excise_taxes
all_households,all_quintiles,1979,14600.0,7300.0,4500.0,2200.0,600.0
all_households,all_quintiles,1980,14200.0,7500.0,4400.0,1800.0,500.0
all_households,all_quintiles,1981,14400.0,7700.0,4800.0,1400.0,500.0
all_households,all_quintiles,1982,13300.0,7100.0,4800.0,900.0,500.0
all_households,all_quintiles,1983,13200.0,6600.0,4900.0,1100.0,600.0
all_households,all_quintiles,1984,14200.0,6900.0,5300.0,1400.0,700.0
all_households,all_quintiles,1985,14500.0,7100.0,5500.0,1300.0,700.0
all_households,all_quintiles,1986,15500.0,7700.0,5700.0,1400.0,700.0
all_households,all_quintiles,1987,15500.0,7400.0,5800.0,1700.0,700.0
all_households,all_quintiles,1988,16300.0,7800.0,6100.0,1800.0,700.0
all_households,all_quintiles,1989,16200.0,7700.0,6100.0,1700.0,600.0
all_households,all_quintiles,1990,16100.0,7600.0,6300.0,1600.0,600.0
all_households,all_quintiles,1991,15700.0,7200.0,6300.0,1500.0,700.0
all_households,all_quintiles,1992,16200.0,7400.0,6300.0,1600.0,700.0
all_households,all_quintiles,1993,16600.0,7600.0,6400.0,1900.0,800.0
all_households,all_quintiles,1994,17000.0,7600.0,6500.0,2000.0,800.0
all_households,all_quintiles,1995,17900.0,8100.0,6700.0,2200.0,800.0
all_households,all_quintiles,1996,18800.0,8800.0,6800.0,2400.0,800.0
all_households,all_quintiles,1997,19800.0,9500.0,7000.0,2500.0,800.0
all_households,all_quintiles,1998,20500.0,10000.0,7400.0,2300.0,800.0
all_households,all_quintiles,1999,21900.0,10900.0,7700.0,2400.0,900.0
all_households,all_quintiles,2000,22500.0,11500.0,7800.0,2400.0,800.0
all_households,all_quintiles,2001,19900.0,9600.0,7800.0,1600.0,800.0
all_households,all_quintiles,2002,18400.0,8600.0,7600.0,1400.0,800.0
all_households,all_quintiles,2003,17900.0,7700.0,7600.0,2000.0,800.0
all_households,all_quintiles,2004,19300.0,8400.0,7700.0,2500.0,800.0
all_households,all_quintiles,2005,20900.0,9100.0,7700.0,3300.0,800.0
all_households,all_quintiles,2006,21800.0,9600.0,7800.0,3600.0,700.0
all_households,all_quintiles,2007,22000.0,10100.0,8100.0,3200.0,600.0
all_households,all_quintiles,2008,18500.0,8000.0,8000.0,1900.0,600.0
all_households,all_quintiles,2009,16800.0,7000.0,7700.0,1400.0,600.0
all_households,all_quintiles,2010,17900.0,7600.0,7600.0,2000.0,600.0
all_households,all_quintiles,2011,17500.0,8300.0,6600.0,1900.0,600.0
all_households,all_quintiles,2012,18900.0,9200.0,6600.0,2300.0,700.0
all_households,all_quintiles,2013,20400.0,9400.0,7800.0,2500.0,700.0
all_households,all_quintiles,2014,21600.0,10200.0,7900.0,2700.0,800.0
all_households,all_quintiles,2015,22200.0,10600.0,8200.0,2600.0,800.0
all_households,lowest_quintile,1979,1000.0,-100.0,600.0,300.0,300.0
all_households,lowest_quintile,1980,900.0,-100.0,500.0,200.0,200.0
all_households,lowest_quintile,1981,900.0,-100.0,600.0,100.0,200.0
all_households,lowest_quintile,1982,800.0,,500.0,100.0,200.0
all_households,lowest_quintile,1983,900.0,-100.0,500.0,100.0,300.0
all_households,lowest_quintile,1984,1100.0,,600.0,100.0,300.0
all_households,lowest_quintile,1985,1100.0,,600.0,100.0,300.0
all_households,lowest_quintile,1986,1100.0,,600.0,100.0,300.0
all_households,lowest_quintile,1987,900.0,-100.0,600.0,200.0,300.0
all_households,lowest_quintile,1988,900.0,-200.0,600.0,200.0,300.0
all_households,lowest_quintile,1989,1000.0,-200.0,700.0,200.0,300.0
all_households,lowest_quintile,1990,1000.0,-200.0,700.0,200.0,300.0
all_households,lowest_quintile,1991,1000.0,-300.0,700.0,100.0,400.0
all_households,lowest_quintile,1992,1000.0,-300.0,700.0,200.0,400.0
all_households,lowest_quintile,1993,1000.0,-300.0,700.0,200.0,400.0
all_households,lowest_quintile,1994,800.0,-500.0,700.0,200.0,500.0
all_households,lowest_quintile,1995,800.0,-700.0,800.0,200.0,400.0
all_households,lowest_quintile,1996,700.0,-700.0,800.0,200.0,400.0
all_households,lowest_quintile,1997,800.0,-800.0,900.0,200.0,400.0
all_households,lowest_quintile,1998,800.0,-800.0,1000.0,200.0,500.0
all_households,lowest_quintile,1999,1000.0,-800.0,1100.0,200.0,500.0
all_households,lowest_quintile,2000,800.0,-900.0,1100.0,200.0,500.0
all_households,lowest_quintile,2001,800.0,-800.0,1000.0,100.0,400.0
all_households,lowest_quintile,2002,700.0,-800.0,900.0,100.0,400.0
all_households,lowest_quintile,2003,700.0,-700.0,900.0,100.0,400.0
all_households,lowest_quintile,2004,600.0,-800.0,900.0,200.0,400.0
all_households,lowest_quintile,2005,700.0,-900.0,1000.0,200.0,400.0
all_households,lowest_quintile,2006,800.0,-900.0,1000.0,200.0,400.0
all_households,lowest_quintile,2007,700.0,-1100.0,1200.0,200.0,400.0
all_households,lowest_quintile,2008,-100.0,-1700.0,1100.0,100.0,400.0
all_households,lowest_quintile,2009,,-1400.0,900.0,100.0,400.0
all_households,lowest_quintile,2010,,-1500.0,1000.0,100.0,400.0
all_households,lowest_quintile,2011,100.0,-1300.0,800.0,100.0,400.0
all_households,lowest_quintile,2012,100.0,-1200.0,800.0,100.0,400.0
all_households,lowest_quintile,2013,300.0,-1200.0,900.0,100.0,400.0
all_households,lowest_quintile,2014,200.0,-1300.0,900.0,100.0,400.0
all_households,lowest_quintile,2015,100.0,-1400.0,1000.0,100.0,400.0
all_households,second_quintile,1979,5800.0,1500.0,3000.0,900.0,500.0
all_households,second_quintile,1980,5400.0,1500.0,2800.0,700.0,400.0
all_households,second_quintile,1981,5400.0,1600.0,2900.0,600.0,400.0
all_households,second_quintile,1982,4900.0,1400.0,2800.0,400.0,400.0
all_households,second_quintile,1983,4800.0,1200.0,2600.0,500.0,500.0
all_households,second_quintile,1984,5400.0,1400.0,3000.0,500.0,500.0
all_households,second_quintile,1985,5400.0,1400.0,3000.0,500.0,500.0
all_households,second_quintile,1986,5400.0,1300.0,3000.0,500.0,500.0
all_households,second_quintile,1987,5100.0,1000.0,2900.0,700.0,500.0
all_households,second_quintile,1988,5200.0,1000.0,3100.0,600.0,500.0
all_households,second_quintile,1989,5100.0,900.0,3100.0,600.0,500.0
all_households,second_quintile,1990,5500.0,1100.0,3300.0,600.0,500.0
all_households,second_quintile,1991,5200.0,900.0,3200.0,500.0,600.0
all_households,second_quintile,1992,4900.0,700.0,3100.0,600.0,600.0
all_households,second_quintile,1993,4900.0,600.0,3100.0,600.0,600.0
all_households,second_quintile,1994,4800.0,400.0,3100.0,700.0,700.0
all_households,second_quintile,1995,5200.0,500.0,3300.0,700.0,600.0
all_households,second_quintile,1996,5100.0,400.0,3300.0,700.0,600.0
all_households,second_quintile,1997,5400.0,500.0,3500.0,700.0,600.0
all_households,second_quintile,1998,5400.0,400.0,3700.0,700.0,600.0
all_households,second_quintile,1999,5700.0,500.0,3800.0,700.0,700.0
all_households,second_quintile,2000,5600.0,500.0,3800.0,600.0,600.0
all_households,second_quintile,2001,4800.0,-100.0,3800.0,500.0,600.0
all_households,second_quintile,2002,4200.0,-400.0,3600.0,400.0,600.0
all_households,second_quintile,2003,3900.0,-700.0,3600.0,500.0,600.0
all_households,second_quintile,2004,4100.0,-700.0,3600.0,600.0,600.0
all_households,second_quintile,2005,4400.0,-700.0,3800.0,700.0,600.0
all_households,second_quintile,2006,4500.0,-700.0,3800.0,800.0,600.0
all_households,second_quintile,2007,4800.0,-400.0,4100.0,700.0,500.0
all_households,second_quintile,2008,3100.0,-1700.0,3900.0,400.0,500.0
all_households,second_quintile,2009,2400.0,-1800.0,3500.0,300.0,500.0
all_households,second_quintile,2010,2700.0,-1700.0,3500.0,400.0,500.0
all_households,second_quintile,2011,2700.0,-1200.0,3000.0,400.0,500.0
all_households,second_quintile,2012,2700.0,-1200.0,3000.0,400.0,500.0
all_households,second_quintile,2013,3300.0,-1200.0,3500.0,500.0,600.0
all_households,second_quintile,2014,3400.0,-1300.0,3600.0,500.0,600.0
all_households,second_quintile,2015,3600.0,-1200.0,3700.0,500.0,600.0
all_households,middle_quintile,1979,11200.0,4400.0,5000.0,1200.0,600.0
all_households,middle_quintile,1980,10800.0,4500.0,4800.0,1000.0,500.0
all_households,middle_quintile,1981,11000.0,4700.0,5100.0,800.0,500.0
all_households,middle_quintile,1982,10100.0,4100.0,4900.0,500.0,500.0
all_households,middle_quintile,1983,9700.0,3700.0,4800.0,600.0,600.0
all_households,middle_quintile,1984,10500.0,3900.0,5200.0,800.0,600.0
all_households,middle_quintile,1985,10600.0,3900.0,5400.0,700.0,600.0
all_households,middle_quintile,1986,10900.0,3900.0,5600.0,800.0,600.0
all_households,middle_quintile,1987,10700.0,3500.0,5600.0,1000.0,600.0
all_households,middle_quintile,1988,11100.0,3600.0,5900.0,900.0,600.0
all_households,middle_quintile,1989,11100.0,3700.0,5900.0,900.0,600.0
all_households,middle_quintile,1990,11300.0,3800.0,6000.0,900.0,600.0
all_households,middle_quintile,1991,10800.0,3600.0,5800.0,800.0,700.0
all_households,middle_quintile,1992,10800.0,3400.0,5800.0,900.0,700.0
all_households,middle_quintile,1993,10900.0,3400.0,5900.0,900.0,700.0
all_households,middle_quintile,1994,11100.0,3400.0,5900.0,1000.0,800.0
all_households,middle_quintile,1995,11500.0,3500.0,6100.0,1100.0,800.0
all_households,middle_quintile,1996,11600.0,3600.0,6200.0,1100.0,700.0
all_households,middle_quintile,1997,11900.0,3800.0,6300.0,1100.0,700.0
all_households,middle_quintile,1998,12000.0,3600.0,6600.0,1000.0,700.0
all_households,middle_quintile,1999,12400.0,3700.0,6900.0,1000.0,900.0
all_households,middle_quintile,2000,12400.0,3800.0,6800.0,1000.0,800.0
all_households,middle_quintile,2001,11200.0,2900.0,6800.0,700.0,700.0
all_households,middle_quintile,2002,10500.0,2600.0,6600.0,600.0,700.0
all_households,middle_quintile,2003,10000.0,2000.0,6500.0,800.0,700.0
all_households,middle_quintile,2004,10400.0,2100.0,6600.0,900.0,700.0
all_households,middle_quintile,2005,10800.0,2200.0,6700.0,1200.0,700.0
all_households,middle_quintile,2006,11000.0,2300.0,6700.0,1300.0,700.0
all_households,middle_quintile,2007,11400.0,2600.0,7000.0,1100.0,600.0
all_households,middle_quintile,2008,9000.0,1000.0,6800.0,700.0,600.0
all_households,middle_quintile,2009,8500.0,1000.0,6400.0,500.0,600.0
all_households,middle_quintile,2010,8800.0,1200.0,6300.0,700.0,600.0
all_households,middle_quintile,2011,8500.0,1800.0,5400.0,700.0,600.0
all_households,middle_quintile,2012,8600.0,1900.0,5400.0,700.0,600.0
all_households,middle_quintile,2013,9900.0,2100.0,6300.0,800.0,600.0
all_households,middle_quintile,2014,10200.0,2100.0,6500.0,900.0,700.0
all_households,middle_quintile,2015,10600.0,2300.0,6700.0,900.0,700.0
all_households,fourth_quintile,1979,17100.0,8000.0,6700.0,1700.0,700.0
all_households,fourth_quintile,1980,16900.0,8300.0,6600.0,1400.0,600.0
all_households,fourth_quintile,1981,17600.0,8700.0,7200.0,1100.0,600.0
all_households,fourth_quintile,1982,16300.0,7900.0,7100.0,700.0,600.0
all_households,fourth_quintile,1983,15800.0,7100.0,7100.0,900.0,700.0
all_households,fourth_quintile,1984,16800.0,7300.0,7700.0,1100.0,700.0
all_households,fourth_quintile,1985,17000.0,7300.0,8000.0,1000.0,700.0
all_households,fourth_quintile,1986,17700.0,7600.0,8400.0,1000.0,700.0
all_households,fourth_quintile,1987,17600.0,7000.0,8400.0,1400.0,800.0
all_households,fourth_quintile,1988,18100.0,7100.0,8800.0,1300.0,800.0
all_households,fourth_quintile,1989,18200.0,7300.0,8900.0,1300.0,700.0
all_households,fourth_quintile,1990,18200.0,7200.0,9000.0,1200.0,700.0
all_households,fourth_quintile,1991,17900.0,7000.0,9000.0,1100.0,800.0
all_households,fourth_quintile,1992,17900.0,6900.0,9000.0,1200.0,800.0
all_households,fourth_quintile,1993,18000.0,6800.0,9000.0,1400.0,800.0
all_households,fourth_quintile,1994,18500.0,7000.0,9200.0,1400.0,900.0
all_households,fourth_quintile,1995,19000.0,7100.0,9300.0,1600.0,900.0
all_households,fourth_quintile,1996,19400.0,7400.0,9500.0,1600.0,800.0
all_households,fourth_quintile,1997,20000.0,7700.0,9800.0,1600.0,800.0
all_households,fourth_quintile,1998,20400.0,7800.0,10200.0,1500.0,900.0
all_households,fourth_quintile,1999,21100.0,8100.0,10500.0,1600.0,1000.0
all_households,fourth_quintile,2000,21300.0,8300.0,10600.0,1500.0,900.0
all_households,fourth_quintile,2001,19800.0,7200.0,10600.0,1000.0,900.0
all_households,fourth_quintile,2002,18900.0,6800.0,10300.0,900.0,900.0
all_households,fourth_quintile,2003,18200.0,5900.0,10300.0,1200.0,900.0
all_households,fourth_quintile,2004,18900.0,6100.0,10600.0,1400.0,900.0
all_households,fourth_quintile,2005,19500.0,6200.0,10600.0,1900.0,800.0
all_households,fourth_quintile,2006,20000.0,6500.0,10700.0,2100.0,800.0
all_households,fourth_quintile,2007,20200.0,6800.0,10900.0,1800.0,700.0
all_households,fourth_quintile,2008,17600.0,5200.0,10700.0,1100.0,700.0
all_households,fourth_quintile,2009,16800.0,4900.0,10400.0,800.0,600.0
all_households,fourth_quintile,2010,17400.0,5400.0,10200.0,1100.0,600.0
all_households,fourth_quintile,2011,16900.0,6300.0,8900.0,1100.0,700.0
all_households,fourth_quintile,2012,17200.0,6400.0,8900.0,1200.0,700.0
all_households,fourth_quintile,2013,19300.0,6700.0,10400.0,1400.0,700.0
all_households,fourth_quintile,2014,20000.0,7000.0,10600.0,1500.0,800.0
all_households,fourth_quintile,2015,20700.0,7400.0,11000.0,1400.0,900.0
all_households,highest_quintile,1979,39900.0,23400.0,8200.0,7200.0,1100.0
all_households,highest_quintile,1980,38700.0,23900.0,8200.0,5700.0,900.0
all_households,highest_quintile,1981,38300.0,24100.0,9000.0,4500.0,800.0
all_households,highest_quintile,1982,35200.0,22300.0,9400.0,2700.0,800.0
all_households,highest_quintile,1983,35700.0,21300.0,9800.0,3600.0,1000.0
all_households,highest_quintile,1984,38800.0,22700.0,10700.0,4300.0,1100.0
all_households,highest_quintile,1985,39100.0,23100.0,11000.0,4000.0,1100.0
all_households,highest_quintile,1986,43500.0,26100.0,11700.0,4500.0,1100.0
all_households,highest_quintile,1987,44500.0,25900.0,12000.0,5500.0,1100.0
all_households,highest_quintile,1988,47200.0,27700.0,12600.0,5800.0,1100.0
all_households,highest_quintile,1989,46500.0,27200.0,12600.0,5600.0,1100.0
all_households,highest_quintile,1990,45300.0,26200.0,12900.0,5200.0,1000.0
all_households,highest_quintile,1991,44400.0,25200.0,13400.0,4600.0,1100.0
all_households,highest_quintile,1992,46500.0,26500.0,13500.0,5300.0,1200.0
all_households,highest_quintile,1993,48600.0,27400.0,13800.0,6200.0,1200.0
all_households,highest_quintile,1994,50700.0,28200.0,14500.0,6700.0,1300.0
all_households,highest_quintile,1995,54200.0,30600.0,14700.0,7500.0,1300.0
all_households,highest_quintile,1996,57700.0,33500.0,14900.0,8100.0,1200.0
all_households,highest_quintile,1997,61400.0,36300.0,15300.0,8500.0,1300.0
all_households,highest_quintile,1998,64600.0,39000.0,16000.0,8200.0,1300.0
all_households,highest_quintile,1999,69600.0,42900.0,16700.0,8500.0,1500.0
all_households,highest_quintile,2000,73000.0,46100.0,17100.0,8400.0,1400.0
all_households,highest_quintile,2001,63800.0,39200.0,17600.0,5700.0,1300.0
all_households,highest_quintile,2002,59100.0,35500.0,17300.0,5100.0,1200.0
all_households,highest_quintile,2003,58500.0,32500.0,17500.0,7300.0,1200.0
all_households,highest_quintile,2004,64300.0,35800.0,17700.0,9500.0,1300.0
all_households,highest_quintile,2005,71000.0,39400.0,17600.0,12700.0,1300.0
all_households,highest_quintile,2006,74200.0,41300.0,17800.0,13900.0,1200.0
all_households,highest_quintile,2007,75000.0,43600.0,18200.0,12100.0,1100.0
all_households,highest_quintile,2008,65300.0,38400.0,18600.0,7200.0,1000.0
all_households,highest_quintile,2009,58100.0,33300.0,18600.0,5300.0,900.0
all_households,highest_quintile,2010,63000.0,36000.0,18300.0,7700.0,1000.0
all_households,highest_quintile,2011,62000.0,37200.0,16100.0,7600.0,1000.0
all_households,highest_quintile,2012,68300.0,41600.0,16300.0,9300.0,1100.0
all_households,highest_quintile,2013,72200.0,42400.0,19100.0,9600.0,1100.0
all_households,highest_quintile,2014,77500.0,46200.0,19300.0,10800.0,1300.0
all_households,highest_quintile,2015,80200.0,48500.0,20100.0,10300.0,1300.0
all_households,percentiles_81_90,1979,23900.0,12400.0,8100.0,2500.0,800.0
all_households,percentiles_81_90,1980,23800.0,13000.0,8000.0,2100.0,700.0
all_households,percentiles_81_90,1981,24400.0,13500.0,8700.0,1600.0,700.0
all_households,percentiles_81_90,1982,22700.0,12300.0,8800.0,1000.0,700.0
all_households,percentiles_81_90,1983,22400.0,11300.0,9100.0,1300.0,800.0
all_households,percentiles_81_90,1984,24000.0,11700.0,9900.0,1500.0,900.0
all_households,percentiles_81_90,1985,24100.0,11700.0,10200.0,1400.0,800.0
all_households,percentiles_81_90,1986,25400.0,12100.0,11000.0,1500.0,900.0
all_households,percentiles_81_90,1987,25800.0,12000.0,11000.0,1900.0,900.0
all_households,percentiles_81_90,1988,26400.0,12100.0,11500.0,1900.0,900.0
all_households,percentiles_81_90,1989,26800.0,12500.0,11500.0,1900.0,900.0
all_households,percentiles_81_90,1990,26500.0,12100.0,11700.0,1800.0,900.0
all_households,percentiles_81_90,1991,26100.0,11800.0,11700.0,1600.0,900.0
all_households,percentiles_81_90,1992,26200.0,11700.0,11800.0,1700.0,1000.0
all_households,percentiles_81_90,1993,26500.0,11600.0,11900.0,2000.0,1000.0
all_households,percentiles_81_90,1994,27500.0,12000.0,12300.0,2100.0,1100.0
all_households,percentiles_81_90,1995,28600.0,12600.0,12500.0,2400.0,1100.0
all_households,percentiles_81_90,1996,29000.0,12900.0,12600.0,2500.0,1000.0
all_households,percentiles_81_90,1997,30200.0,13600.0,13100.0,2500.0,1000.0
all_households,percentiles_81_90,1998,31200.0,14200.0,13600.0,2300.0,1100.0
all_households,percentiles_81_90,1999,32600.0,14900.0,14100.0,2400.0,1200.0
all_households,percentiles_81_90,2000,33300.0,15600.0,14300.0,2400.0,1100.0
all_households,percentiles_81_90,2001,31400.0,14100.0,14700.0,1600.0,1000.0
all_households,percentiles_81_90,2002,29900.0,13200.0,14300.0,1400.0,1000.0
all_households,percentiles_81_90,2003,28900.0,11700.0,14400.0,1800.0,1000.0
all_households,percentiles_81_90,2004,30100.0,12200.0,14600.0,2300.0,1000.0
all_households,percentiles_81_90,2005,30900.0,12400.0,14500.0,3000.0,1000.0
all_households,percentiles_81_90,2006,32000.0,12900.0,14800.0,3300.0,900.0
all_households,percentiles_81_90,2007,32300.0,13500.0,15100.0,2900.0,800.0
all_households,percentiles_81_90,2008,29500.0,11800.0,15200.0,1700.0,800.0
all_households,percentiles_81_90,2009,28200.0,11200.0,15000.0,1300.0,700.0
all_households,percentiles_81_90,2010,29100.0,11900.0,14700.0,1800.0,700.0
all_households,percentiles_81_90,2011,28500.0,13100.0,12800.0,1800.0,800.0
all_households,percentiles_81_90,2012,29300.0,13600.0,13000.0,1900.0,800.0
all_households,percentiles_81_90,2013,32400.0,14000.0,15100.0,2400.0,900.0
all_households,percentiles_81_90,2014,33500.0,14600.0,15400.0,2600.0,1000.0
all_households,percentiles_81_90,2015,35100.0,15600.0,16000.0,2400.0,1100.0
all_households,percentiles_91_95,1979,31400.0,17700.0,9000.0,3800.0,1000.0
all_households,percentiles_91_95,1980,31400.0,18600.0,8800.0,3200.0,800.0
all_households,percentiles_91_95,1981,32000.0,19100.0,9700.0,2500.0,700.0
all_households,percentiles_91_95,1982,29300.0,17000.0,10100.0,1400.0,800.0
all_households,percentiles_91_95,1983,29100.0,16000.0,10400.0,1900.0,900.0
all_households,percentiles_91_95,1984,31300.0,16600.0,11400.0,2300.0,1000.0
all_households,percentiles_91_95,1985,31500.0,16700.0,11800.0,2000.0,1000.0
all_households,percentiles_91_95,1986,33000.0,17500.0,12400.0,2200.0,1000.0
all_households,percentiles_91_95,1987,35200.0,18400.0,12800.0,3000.0,1100.0
all_households,percentiles_91_95,1988,35700.0,18300.0,13600.0,2800.0,1000.0
all_households,percentiles_91_95,1989,36100.0,18700.0,13600.0,2900.0,1000.0
all_households,percentiles_91_95,1990,35300.0,18000.0,13700.0,2700.0,1000.0
all_households,percentiles_91_95,1991,35200.0,17600.0,14100.0,2400.0,1100.0
all_households,percentiles_91_95,1992,35400.0,17600.0,14100.0,2700.0,1100.0
all_households,percentiles_91_95,1993,36500.0,17800.0,14300.0,3200.0,1200.0
all_households,percentiles_91_95,1994,37400.0,18400.0,14600.0,3300.0,1200.0
all_households,percentiles_91_95,1995,39200.0,19200.0,15100.0,3700.0,1200.0
all_households,percentiles_91_95,1996,40800.0,20400.0,15400.0,3900.0,1100.0
all_households,percentiles_91_95,1997,42400.0,21600.0,15500.0,4100.0,1200.0
all_households,percentiles_91_95,1998,44000.0,22800.0,16200.0,3800.0,1200.0
all_households,percentiles_91_95,1999,46400.0,24400.0,16800.0,3900.0,1400.0
all_households,percentiles_91_95,2000,47600.0,25500.0,17100.0,3800.0,1300.0
all_households,percentiles_91_95,2001,44800.0,23300.0,17900.0,2500.0,1200.0
all_households,percentiles_91_95,2002,42700.0,21700.0,17600.0,2200.0,1100.0
all_households,percentiles_91_95,2003,41400.0,19600.0,17900.0,2800.0,1100.0
all_households,percentiles_91_95,2004,43400.0,20400.0,18200.0,3600.0,1200.0
all_households,percentiles_91_95,2005,45400.0,21300.0,18200.0,4800.0,1100.0
all_households,percentiles_91_95,2006,46700.0,22100.0,18200.0,5400.0,1000.0
all_households,percentiles_91_95,2007,47300.0,23000.0,18600.0,4700.0,1000.0
all_households,percentiles_91_95,2008,44000.0,21500.0,19000.0,2600.0,900.0
all_households,percentiles_91_95,2009,41800.0,19900.0,18900.0,2100.0,900.0
all_households,percentiles_91_95,2010,43500.0,21200.0,18800.0,2700.0,900.0
all_households,percentiles_91_95,2011,42500.0,22500.0,16400.0,2700.0,900.0
all_households,percentiles_91_95,2012,44000.0,23300.0,16500.0,3100.0,1000.0
all_households,percentiles_91_95,2013,48700.0,24100.0,19600.0,3900.0,1000.0
all_households,percentiles_91_95,2014,50300.0,25200.0,19600.0,4200.0,1200.0
all_households,percentiles_91_95,2015,52100.0,26500.0,20200.0,4100.0,1200.0
all_households,percentiles_96_99,1979,48900.0,30400.0,8200.0,9000.0,1300.0
all_households,percentiles_96_99,1980,47600.0,31200.0,8400.0,7000.0,1100.0
all_households,percentiles_96_99,1981,47000.0,31400.0,9200.0,5400.0,900.0
all_households,percentiles_96_99,1982,42700.0,28800.0,10000.0,3000.0,900.0
all_households,percentiles_96_99,1983,42400.0,26600.0,10600.0,4100.0,1100.0
all_households,percentiles_96_99,1984,45700.0,28200.0,11500.0,4700.0,1300.0
all_households,percentiles_96_99,1985,46400.0,28500.0,12100.0,4500.0,1300.0
all_households,percentiles_96_99,1986,50500.0,31600.0,12700.0,4800.0,1400.0
all_households,percentiles_96_99,1987,54700.0,33500.0,13200.0,6600.0,1300.0
all_households,percentiles_96_99,1988,55500.0,33800.0,13800.0,6600.0,1300.0
all_households,percentiles_96_99,1989,56200.0,34600.0,14000.0,6400.0,1200.0
all_households,percentiles_96_99,1990,54700.0,33200.0,14500.0,5900.0,1200.0
all_households,percentiles_96_99,1991,54200.0,31900.0,15700.0,5300.0,1300.0
all_households,percentiles_96_99,1992,56600.0,33200.0,16000.0,6000.0,1400.0
all_households,percentiles_96_99,1993,58700.0,33600.0,16700.0,6900.0,1500.0
all_households,percentiles_96_99,1994,61000.0,35000.0,17300.0,7200.0,1600.0
all_households,percentiles_96_99,1995,65100.0,37900.0,17300.0,8300.0,1500.0
all_households,percentiles_96_99,1996,68200.0,40800.0,17400.0,8700.0,1400.0
all_households,percentiles_96_99,1997,73100.0,44500.0,17900.0,9200.0,1500.0
all_households,percentiles_96_99,1998,77100.0,48300.0,18700.0,8600.0,1500.0
all_households,percentiles_96_99,1999,82200.0,52000.0,19300.0,9000.0,1800.0
all_households,percentiles_96_99,2000,84700.0,54500.0,20000.0,8600.0,1600.0
all_households,percentiles_96_99,2001,76200.0,48400.0,20700.0,5600.0,1500.0
all_households,percentiles_96_99,2002,71600.0,44500.0,20900.0,4800.0,1400.0
all_households,percentiles_96_99,2003,71100.0,41400.0,21400.0,6900.0,1400.0
all_households,percentiles_96_99,2004,76200.0,44800.0,21200.0,8700.0,1500.0
all_households,percentiles_96_99,2005,84100.0,49500.0,20900.0,12200.0,1500.0
all_households,percentiles_96_99,2006,87000.0,51300.0,21200.0,13200.0,1400.0
all_households,percentiles_96_99,2007,88200.0,54000.0,21600.0,11400.0,1200.0
all_households,percentiles_96_99,2008,79400.0,49500.0,22500.0,6100.0,1200.0
all_households,percentiles_96_99,2009,73200.0,44200.0,23300.0,4600.0,1100.0
all_households,percentiles_96_99,2010,77500.0,47300.0,22900.0,6100.0,1100.0
all_households,percentiles_96_99,2011,77000.0,49400.0,20100.0,6200.0,1200.0
all_households,percentiles_96_99,2012,82600.0,53600.0,20300.0,7300.0,1300.0
all_households,percentiles_96_99,2013,88400.0,54100.0,23700.0,9200.0,1400.0
all_households,percentiles_96_99,2014,93400.0,57700.0,23900.0,10300.0,1500.0
all_households,percentiles_96_99,2015,97100.0,61200.0,24800.0,9500.0,1600.0
all_households,top_1_percent,1979,197300.0,127800.0,5700.0,61200.0,2600.0
all_households,top_1_percent,1980,178200.0,123900.0,6200.0,46000.0,2200.0
all_households,top_1_percent,1981,163700.0,118000.0,7200.0,36600.0,1900.0
all_households,top_1_percent,1982,151800.0,116900.0,9100.0,23900.0,1900.0
all_households,top_1_percent,1983,166000.0,122100.0,9700.0,31600.0,2600.0
all_households,top_1_percent,1984,186300.0,134700.0,10000.0,38600.0,2900.0
all_households,top_1_percent,1985,191100.0,140400.0,10400.0,37200.0,3100.0
all_households,top_1_percent,1986,237000.0,178800.0,10400.0,44000.0,3700.0
all_households,top_1_percent,1987,231500.0,168400.0,12300.0,47700.0,3100.0
all_households,top_1_percent,1988,275400.0,203000.0,13100.0,55900.0,3400.0
all_households,top_1_percent,1989,250400.0,182800.0,13500.0,51400.0,2800.0
all_households,top_1_percent,1990,241000.0,176100.0,14000.0,48300.0,2600.0
all_households,top_1_percent,1991,225400.0,163600.0,17500.0,41400.0,2900.0
all_households,top_1_percent,1992,261700.0,191200.0,17500.0,50000.0,2900.0
all_households,top_1_percent,1993,281200.0,201300.0,18100.0,58700.0,3100.0
all_households,top_1_percent,1994,301500.0,207700.0,24000.0,66600.0,3100.0
all_households,top_1_percent,1995,339000.0,237400.0,23900.0,74300.0,3300.0
all_households,top_1_percent,1996,373400.0,266300.0,24600.0,79400.0,3100.0
all_households,top_1_percent,1997,419800.0,303300.0,26300.0,86800.0,3300.0
all_households,top_1_percent,1998,454900.0,335100.0,28000.0,88300.0,3500.0
all_households,top_1_percent,1999,500800.0,376000.0,30600.0,90100.0,4000.0
all_households,top_1_percent,2000,545000.0,417100.0,33200.0,90900.0,3700.0
all_households,top_1_percent,2001,432300.0,332400.0,32200.0,64500.0,3200.0
all_households,top_1_percent,2002,381800.0,289800.0,30500.0,58400.0,3100.0
all_households,top_1_percent,2003,385700.0,266900.0,30300.0,85200.0,3400.0
all_households,top_1_percent,2004,455200.0,307200.0,30900.0,113100.0,4000.0
all_households,top_1_percent,2005,553500.0,363300.0,31700.0,154100.0,4500.0
all_households,top_1_percent,2006,592200.0,386800.0,32500.0,169100.0,3900.0
all_households,top_1_percent,2007,590400.0,408400.0,33800.0,145200.0,3000.0
all_households,top_1_percent,2008,479000.0,349700.0,34700.0,91000.0,3600.0
all_households,top_1_percent,2009,383700.0,281400.0,33800.0,65900.0,2700.0
all_households,top_1_percent,2010,451700.0,312800.0,34000.0,101700.0,3200.0
all_households,top_1_percent,2011,443100.0,310000.0,31800.0,98100.0,3200.0
all_households,top_1_percent,2012,539200.0,376700.0,32700.0,126100.0,3700.0
all_households,top_1_percent,2013,536300.0,378500.0,38800.0,115300.0,3700.0
all_households,top_1_percent,2014,601800.0,429100.0,38500.0,130600.0,3500.0
all_households,top_1_percent,2015,621000.0,447800.0,41900.0,127800.0,3500.0
hh_with_children,all_quintiles,1979,16100.0,7800.0,5800.0,1800.0,700.0
hh_with_children,all_quintiles,1980,15600.0,7900.0,5700.0,1400.0,600.0
hh_with_children,all_quintiles,1981,16000.0,8100.0,6200.0,1100.0,500.0
hh_with_children,all_quintiles,1982,14600.0,7200.0,6200.0,700.0,500.0
hh_with_children,all_quintiles,1983,14700.0,6900.0,6200.0,900.0,700.0
hh_with_children,all_quintiles,1984,16100.0,7300.0,6900.0,1100.0,800.0
hh_with_children,all_quintiles,1985,15900.0,7100.0,7100.0,1000.0,700.0
hh_with_children,all_quintiles,1986,17200.0,8100.0,7300.0,1100.0,700.0
hh_with_children,all_quintiles,1987,17000.0,7600.0,7300.0,1400.0,700.0
hh_with_children,all_quintiles,1988,17500.0,7800.0,7700.0,1400.0,700.0
hh_with_children,all_quintiles,1989,17900.0,7900.0,7900.0,1400.0,700.0
hh_with_children,all_quintiles,1990,17600.0,7600.0,8100.0,1200.0,700.0
hh_with_children,all_quintiles,1991,17500.0,7400.0,8200.0,1200.0,800.0
hh_with_children,all_quintiles,1992,17600.0,7400.0,8100.0,1300.0,800.0
hh_with_children,all_quintiles,1993,18400.0,7800.0,8200.0,1500.0,900.0
hh_with_children,all_quintiles,1994,18800.0,7800.0,8500.0,1600.0,900.0
hh_with_children,all_quintiles,1995,20200.0,8600.0,8800.0,1900.0,900.0
hh_with_children,all_quintiles,1996,20400.0,8800.0,8800.0,1900.0,800.0
hh_with_children,all_quintiles,1997,21700.0,9600.0,9200.0,2000.0,900.0
hh_with_children,all_quintiles,1998,22700.0,10100.0,9700.0,2000.0,900.0
hh_with_children,all_quintiles,1999,24700.0,11400.0,10100.0,2100.0,1000.0
hh_with_children,all_quintiles,2000,26000.0,12500.0,10300.0,2200.0,900.0
hh_with_children,all_quintiles,2001,22900.0,10100.0,10300.0,1500.0,900.0
hh_with_children,all_quintiles,2002,21600.0,9200.0,10100.0,1400.0,900.0
hh_with_children,all_quintiles,2003,20700.0,7900.0,10000.0,1900.0,900.0
hh_with_children,all_quintiles,2004,22400.0,8800.0,10200.0,2500.0,900.0
hh_with_children,all_quintiles,2005,23700.0,9400.0,10300.0,3200.0,900.0
hh_with_children,all_quintiles,2006,25200.0,10300.0,10400.0,3700.0,800.0
hh_with_children,all_quintiles,2007,26000.0,11200.0,10800.0,3300.0,700.0
hh_with_children,all_quintiles,2008,22200.0,8700.0,10800.0,2000.0,700.0
hh_with_children,all_quintiles,2009,19800.0,7200.0,10500.0,1500.0,700.0
hh_with_children,all_quintiles,2010,22000.0,8400.0,10500.0,2300.0,700.0
hh_with_children,all_quintiles,2011,21100.0,9100.0,9100.0,2100.0,700.0
hh_with_children,all_quintiles,2012,22700.0,10300.0,9100.0,2500.0,800.0
hh_with_children,all_quintiles,2013,25300.0,11000.0,10800.0,2700.0,800.0
hh_with_children,all_quintiles,2014,26700.0,11800.0,11000.0,3000.0,900.0
hh_with_children,all_quintiles,2015,28400.0,13000.0,11500.0,3000.0,900.0
hh_with_children,lowest_quintile,1979,1500.0,-400.0,1300.0,200.0,400.0
hh_with_children,lowest_quintile,1980,1400.0,-300.0,1200.0,200.0,300.0
hh_with_children,lowest_quintile,1981,1500.0,-200.0,1300.0,200.0,300.0
hh_with_children,lowest_quintile,1982,1300.0,-200.0,1100.0,100.0,300.0
hh_with_children,lowest_quintile,1983,1400.0,-200.0,1100.0,100.0,400.0
hh_with_children,lowest_quintile,1984,1900.0,-100.0,1400.0,100.0,500.0
hh_with_children,lowest_quintile,1985,1700.0,-200.0,1300.0,100.0,500.0
hh_with_children,lowest_quintile,1986,1600.0,-200.0,1300.0,100.0,400.0
hh_with_children,lowest_quintile,1987,1200.0,-300.0,1000.0,100.0,300.0
hh_with_children,lowest_quintile,1988,1200.0,-500.0,1100.0,100.0,300.0
hh_with_children,lowest_quintile,1989,1200.0,-600.0,1300.0,100.0,300.0
hh_with_children,lowest_quintile,1990,1400.0,-600.0,1400.0,100.0,400.0
hh_with_children,lowest_quintile,1991,1200.0,-800.0,1400.0,100.0,500.0
hh_with_children,lowest_quintile,1992,1200.0,-800.0,1400.0,100.0,500.0
hh_with_children,lowest_quintile,1993,1100.0,-1000.0,1400.0,100.0,500.0
hh_with_children,lowest_quintile,1994,700.0,-1400.0,1400.0,200.0,600.0
hh_with_children,lowest_quintile,1995,400.0,-1900.0,1600.0,200.0,600.0
hh_with_children,lowest_quintile,1996,400.0,-2000.0,1700.0,200.0,500.0
hh_with_children,lowest_quintile,1997,500.0,-2300.0,1900.0,200.0,600.0
hh_with_children,lowest_quintile,1998,500.0,-2500.0,2200.0,200.0,600.0
hh_with_children,lowest_quintile,1999,700.0,-2400.0,2300.0,200.0,700.0
hh_with_children,lowest_quintile,2000,400.0,-2600.0,2200.0,200.0,500.0
hh_with_children,lowest_quintile,2001,400.0,-2400.0,2100.0,100.0,500.0
hh_with_children,lowest_quintile,2002,300.0,-2500.0,2200.0,100.0,600.0
hh_with_children,lowest_quintile,2003,400.0,-2300.0,2000.0,200.0,500.0
hh_with_children,lowest_quintile,2004,300.0,-2500.0,2100.0,200.0,500.0
hh_with_children,lowest_quintile,2005,200.0,-2800.0,2100.0,200.0,600.0
hh_with_children,lowest_quintile,2006,300.0,-2800.0,2200.0,300.0,500.0
hh_with_children,lowest_quintile,2007,-100.0,-3300.0,2600.0,200.0,400.0
hh_with_children,lowest_quintile,2008,-1500.0,-4500.0,2400.0,200.0,400.0
hh_with_children,lowest_quintile,2009,-1700.0,-4300.0,2100.0,100.0,400.0
hh_with_children,lowest_quintile,2010,-1800.0,-4600.0,2200.0,100.0,500.0
hh_with_children,lowest_quintile,2011,-1700.0,-4200.0,1900.0,100.0,500.0
hh_with_children,lowest_quintile,2012,-1500.0,-3900.0,1700.0,100.0,500.0
hh_with_children,lowest_quintile,2013,-1300.0,-4100.0,2100.0,200.0,500.0
hh_with_children,lowest_quintile,2014,-1300.0,-4200.0,2200.0,200.0,500.0
hh_with_children,lowest_quintile,2015,-1600.0,-4700.0,2300.0,200.0,500.0
hh_with_children,second_quintile,1979,7100.0,1800.0,4100.0,700.0,600.0
hh_with_children,second_quintile,1980,6700.0,1900.0,3800.0,500.0,500.0
hh_with_children,second_quintile,1981,7000.0,2000.0,4100.0,400.0,400.0
hh_with_children,second_quintile,1982,6400.0,1800.0,4000.0,300.0,400.0
hh_with_children,second_quintile,1983,6300.0,1600.0,3900.0,300.0,500.0
hh_with_children,second_quintile,1984,7300.0,1800.0,4400.0,400.0,600.0
hh_with_children,second_quintile,1985,7200.0,1700.0,4500.0,400.0,600.0
hh_with_children,second_quintile,1986,7200.0,1800.0,4600.0,400.0,600.0
hh_with_children,second_quintile,1987,6600.0,1100.0,4500.0,500.0,600.0
hh_with_children,second_quintile,1988,6700.0,1000.0,4700.0,500.0,600.0
hh_with_children,second_quintile,1989,6400.0,700.0,4700.0,400.0,500.0
hh_with_children,second_quintile,1990,7100.0,1200.0,5000.0,400.0,500.0
hh_with_children,second_quintile,1991,6600.0,800.0,4800.0,400.0,600.0
hh_with_children,second_quintile,1992,6100.0,500.0,4500.0,400.0,600.0
hh_with_children,second_quintile,1993,6100.0,400.0,4500.0,500.0,700.0
hh_with_children,second_quintile,1994,5700.0,-100.0,4600.0,500.0,700.0
hh_with_children,second_quintile,1995,6100.0,-100.0,4900.0,600.0,700.0
hh_with_children,second_quintile,1996,5900.0,-200.0,4900.0,600.0,700.0
hh_with_children,second_quintile,1997,6400.0,,5100.0,500.0,700.0
hh_with_children,second_quintile,1998,6200.0,-400.0,5400.0,500.0,700.0
hh_with_children,second_quintile,1999,6700.0,-300.0,5600.0,500.0,800.0
hh_with_children,second_quintile,2000,6500.0,-300.0,5600.0,500.0,700.0
hh_with_children,second_quintile,2001,5400.0,-1200.0,5500.0,400.0,700.0
hh_with_children,second_quintile,2002,4700.0,-1600.0,5300.0,300.0,700.0
hh_with_children,second_quintile,2003,4100.0,-2100.0,5200.0,400.0,700.0
hh_with_children,second_quintile,2004,4400.0,-2100.0,5300.0,500.0,700.0
hh_with_children,second_quintile,2005,4500.0,-2300.0,5400.0,600.0,700.0
hh_with_children,second_quintile,2006,4600.0,-2200.0,5500.0,700.0,600.0
hh_with_children,second_quintile,2007,5200.0,-1900.0,5900.0,700.0,500.0
hh_with_children,second_quintile,2008,2900.0,-3700.0,5600.0,400.0,500.0
hh_with_children,second_quintile,2009,1800.0,-4200.0,5200.0,300.0,500.0
hh_with_children,second_quintile,2010,2200.0,-4000.0,5200.0,400.0,600.0
hh_with_children,second_quintile,2011,2100.0,-3300.0,4500.0,400.0,600.0
hh_with_children,second_quintile,2012,2000.0,-3400.0,4400.0,400.0,600.0
hh_with_children,second_quintile,2013,2900.0,-3400.0,5200.0,500.0,600.0
hh_with_children,second_quintile,2014,3000.0,-3500.0,5300.0,500.0,600.0
hh_with_children,second_quintile,2015,3400.0,-3300.0,5500.0,500.0,700.0
hh_with_children,middle_quintile,1979,13300.0,5300.0,6300.0,1000.0,700.0
hh_with_children,middle_quintile,1980,13000.0,5400.0,6100.0,800.0,600.0
hh_with_children,middle_quintile,1981,13400.0,5600.0,6600.0,700.0,500.0
hh_with_children,middle_quintile,1982,12500.0,5000.0,6500.0,400.0,500.0
hh_with_children,middle_quintile,1983,12000.0,4500.0,6400.0,500.0,600.0
hh_with_children,middle_quintile,1984,13100.0,4700.0,7100.0,600.0,700.0
hh_with_children,middle_quintile,1985,13300.0,4600.0,7400.0,600.0,700.0
hh_with_children,middle_quintile,1986,13700.0,4800.0,7600.0,600.0,700.0
hh_with_children,middle_quintile,1987,13200.0,4200.0,7600.0,800.0,700.0
hh_with_children,middle_quintile,1988,13800.0,4300.0,8000.0,800.0,700.0
hh_with_children,middle_quintile,1989,13900.0,4400.0,8100.0,800.0,700.0
hh_with_children,middle_quintile,1990,14100.0,4400.0,8300.0,700.0,700.0
hh_with_children,middle_quintile,1991,13600.0,4200.0,8000.0,600.0,800.0
hh_with_children,middle_quintile,1992,13300.0,3900.0,7900.0,700.0,800.0
hh_with_children,middle_quintile,1993,13300.0,3800.0,7900.0,800.0,800.0
hh_with_children,middle_quintile,1994,13600.0,3800.0,8100.0,900.0,900.0
hh_with_children,middle_quintile,1995,14100.0,4000.0,8300.0,900.0,900.0
hh_with_children,middle_quintile,1996,14200.0,4000.0,8500.0,1000.0,800.0
hh_with_children,middle_quintile,1997,14700.0,4200.0,8600.0,1000.0,800.0
hh_with_children,middle_quintile,1998,14500.0,3700.0,9100.0,900.0,800.0
hh_with_children,middle_quintile,1999,15100.0,3700.0,9500.0,900.0,1000.0
hh_with_children,middle_quintile,2000,15000.0,3700.0,9500.0,900.0,900.0
hh_with_children,middle_quintile,2001,13500.0,2600.0,9400.0,600.0,800.0
hh_with_children,middle_quintile,2002,12600.0,2200.0,9000.0,600.0,800.0
hh_with_children,middle_quintile,2003,11600.0,1200.0,8900.0,700.0,800.0
hh_with_children,middle_quintile,2004,12200.0,1400.0,9100.0,900.0,800.0
hh_with_children,middle_quintile,2005,12500.0,1400.0,9200.0,1200.0,800.0
hh_with_children,middle_quintile,2006,12700.0,1400.0,9300.0,1300.0,700.0
hh_with_children,middle_quintile,2007,13300.0,1800.0,9700.0,1200.0,600.0
hh_with_children,middle_quintile,2008,10500.0,-300.0,9500.0,700.0,600.0
hh_with_children,middle_quintile,2009,9700.0,-300.0,8900.0,500.0,600.0
hh_with_children,middle_quintile,2010,10200.0,-100.0,8900.0,700.0,700.0
hh_with_children,middle_quintile,2011,9900.0,900.0,7600.0,700.0,700.0
hh_with_children,middle_quintile,2012,9900.0,800.0,7600.0,700.0,700.0
hh_with_children,middle_quintile,2013,11600.0,1100.0,8900.0,900.0,700.0
hh_with_children,middle_quintile,2014,12100.0,1100.0,9200.0,900.0,800.0
hh_with_children,middle_quintile,2015,12600.0,1300.0,9500.0,900.0,900.0
hh_with_children,fourth_quintile,1979,20100.0,9500.0,8200.0,1600.0,800.0
hh_with_children,fourth_quintile,1980,19900.0,9900.0,8000.0,1300.0,700.0
hh_with_children,fourth_quintile,1981,21000.0,10400.0,8900.0,1000.0,600.0
hh_with_children,fourth_quintile,1982,19600.0,9300.0,9000.0,600.0,600.0
hh_with_children,fourth_quintile,1983,19100.0,8500.0,9100.0,800.0,700.0
hh_with_children,fourth_quintile,1984,20400.0,8700.0,9900.0,1000.0,900.0
hh_with_children,fourth_quintile,1985,20500.0,8600.0,10200.0,900.0,800.0
hh_with_children,fourth_quintile,1986,21300.0,8900.0,10700.0,900.0,800.0
hh_with_children,fourth_quintile,1987,21000.0,8100.0,10800.0,1200.0,800.0
hh_with_children,fourth_quintile,1988,21600.0,8300.0,11300.0,1200.0,800.0
hh_with_children,fourth_quintile,1989,22000.0,8500.0,11500.0,1200.0,800.0
hh_with_children,fourth_quintile,1990,22100.0,8400.0,11700.0,1100.0,800.0
hh_with_children,fourth_quintile,1991,21700.0,8100.0,11700.0,1000.0,900.0
hh_with_children,fourth_quintile,1992,21700.0,8000.0,11700.0,1100.0,900.0
hh_with_children,fourth_quintile,1993,21900.0,8000.0,11700.0,1200.0,1000.0
hh_with_children,fourth_quintile,1994,22500.0,8100.0,12000.0,1300.0,1000.0
hh_with_children,fourth_quintile,1995,23000.0,8300.0,12300.0,1500.0,1000.0
hh_with_children,fourth_quintile,1996,23400.0,8500.0,12500.0,1500.0,900.0
hh_with_children,fourth_quintile,1997,24300.0,8900.0,12900.0,1500.0,900.0
hh_with_children,fourth_quintile,1998,24600.0,8600.0,13500.0,1500.0,1000.0
hh_with_children,fourth_quintile,1999,25300.0,8800.0,13800.0,1500.0,1100.0
hh_with_children,fourth_quintile,2000,25900.0,9200.0,14200.0,1500.0,1100.0
hh_with_children,fourth_quintile,2001,24100.0,7800.0,14300.0,1000.0,1000.0
hh_with_children,fourth_quintile,2002,22700.0,7200.0,13600.0,900.0,1000.0
hh_with_children,fourth_quintile,2003,21600.0,5900.0,13600.0,1200.0,1000.0
hh_with_children,fourth_quintile,2004,22400.0,6100.0,13800.0,1500.0,1000.0
hh_with_children,fourth_quintile,2005,23100.0,6200.0,13900.0,2000.0,900.0
hh_with_children,fourth_quintile,2006,23600.0,6400.0,14200.0,2100.0,800.0
hh_with_children,fourth_quintile,2007,24300.0,6900.0,14600.0,1900.0,800.0
hh_with_children,fourth_quintile,2008,21200.0,5000.0,14400.0,1100.0,700.0
hh_with_children,fourth_quintile,2009,20200.0,4700.0,13900.0,900.0,700.0
hh_with_children,fourth_quintile,2010,21000.0,5200.0,13900.0,1200.0,700.0
hh_with_children,fourth_quintile,2011,20300.0,6300.0,12100.0,1100.0,800.0
hh_with_children,fourth_quintile,2012,20800.0,6500.0,12200.0,1300.0,800.0
hh_with_children,fourth_quintile,2013,23600.0,7000.0,14300.0,1500.0,800.0
hh_with_children,fourth_quintile,2014,24500.0,7300.0,14600.0,1600.0,1000.0
hh_with_children,fourth_quintile,2015,25600.0,7900.0,15100.0,1600.0,1000.0
hh_with_children,highest_quintile,1979,44100.0,26900.0,9300.0,6800.0,1100.0
hh_with_children,highest_quintile,1980,43400.0,27500.0,9600.0,5300.0,1000.0
hh_with_children,highest_quintile,1981,43500.0,27800.0,10600.0,4300.0,900.0
hh_with_children,highest_quintile,1982,39500.0,25000.0,11100.0,2500.0,900.0
hh_with_children,highest_quintile,1983,41300.0,25000.0,11700.0,3500.0,1100.0
hh_with_children,highest_quintile,1984,44600.0,26300.0,12900.0,4100.0,1300.0
hh_with_children,highest_quintile,1985,43600.0,25500.0,13200.0,3600.0,1300.0
hh_with_children,highest_quintile,1986,50800.0,31000.0,13900.0,4600.0,1300.0
hh_with_children,highest_quintile,1987,52400.0,31500.0,14400.0,5200.0,1300.0
hh_with_children,highest_quintile,1988,54100.0,32600.0,15000.0,5200.0,1300.0
hh_with_children,highest_quintile,1989,54900.0,33100.0,15300.0,5300.0,1200.0
hh_with_children,highest_quintile,1990,51900.0,30400.0,15700.0,4500.0,1200.0
hh_with_children,highest_quintile,1991,52500.0,30200.0,16700.0,4300.0,1300.0
hh_with_children,highest_quintile,1992,54200.0,31400.0,16700.0,4700.0,1400.0
hh_with_children,highest_quintile,1993,57800.0,33600.0,17100.0,5700.0,1400.0
hh_with_children,highest_quintile,1994,59800.0,34300.0,18000.0,6000.0,1500.0
hh_with_children,highest_quintile,1995,65500.0,38500.0,18400.0,7200.0,1500.0
hh_with_children,highest_quintile,1996,69700.0,42100.0,18700.0,7500.0,1300.0
hh_with_children,highest_quintile,1997,74000.0,45200.0,19400.0,8100.0,1400.0
hh_with_children,highest_quintile,1998,79800.0,49800.0,20500.0,8000.0,1400.0
hh_with_children,highest_quintile,1999,87800.0,56100.0,21300.0,8700.0,1700.0
hh_with_children,highest_quintile,2000,93700.0,61000.0,22000.0,9100.0,1600.0
hh_with_children,highest_quintile,2001,81900.0,51800.0,22300.0,6300.0,1500.0
hh_with_children,highest_quintile,2002,74800.0,46400.0,21700.0,5400.0,1400.0
hh_with_children,highest_quintile,2003,74500.0,43200.0,21800.0,8100.0,1400.0
hh_with_children,highest_quintile,2004,80800.0,47000.0,22200.0,10200.0,1400.0
hh_with_children,highest_quintile,2005,88600.0,51400.0,22300.0,13500.0,1400.0
hh_with_children,highest_quintile,2006,97500.0,57000.0,23000.0,16300.0,1300.0
hh_with_children,highest_quintile,2007,101500.0,62200.0,23600.0,14600.0,1200.0
hh_with_children,highest_quintile,2008,85300.0,52300.0,23400.0,8400.0,1100.0
hh_with_children,highest_quintile,2009,75000.0,44600.0,23500.0,6000.0,1000.0
hh_with_children,highest_quintile,2010,84600.0,50100.0,23400.0,10000.0,1100.0
hh_with_children,highest_quintile,2011,80900.0,50300.0,20500.0,9000.0,1100.0
hh_with_children,highest_quintile,2012,90400.0,57300.0,21000.0,10900.0,1200.0
hh_with_children,highest_quintile,2013,97300.0,59700.0,24800.0,11500.0,1200.0
hh_with_children,highest_quintile,2014,104800.0,65200.0,25200.0,13000.0,1400.0
hh_with_children,highest_quintile,2015,111000.0,70500.0,26200.0,12900.0,1500.0
hh_with_children,percentiles_81_90,1979,28500.0,15400.0,9500.0,2700.0,900.0
hh_with_children,percentiles_81_90,1980,28600.0,16100.0,9700.0,2100.0,800.0
hh_with_children,percentiles_81_90,1981,29600.0,16700.0,10500.0,1600.0,700.0
hh_with_children,percentiles_81_90,1982,27500.0,14900.0,10800.0,1000.0,700.0
hh_with_children,percentiles_81_90,1983,27000.0,13700.0,11200.0,1300.0,900.0
hh_with_children,percentiles_81_90,1984,28800.0,14000.0,12300.0,1500.0,1000.0
hh_with_children,percentiles_81_90,1985,29100.0,14100.0,12700.0,1300.0,1000.0
hh_with_children,percentiles_81_90,1986,30600.0,14700.0,13500.0,1400.0,1000.0
hh_with_children,percentiles_81_90,1987,31100.0,14500.0,13700.0,1900.0,1000.0
hh_with_children,percentiles_81_90,1988,31900.0,14800.0,14200.0,1900.0,1000.0
hh_with_children,percentiles_81_90,1989,32500.0,15100.0,14500.0,1900.0,1000.0
hh_with_children,percentiles_81_90,1990,32400.0,14800.0,14800.0,1800.0,1000.0
hh_with_children,percentiles_81_90,1991,32200.0,14400.0,15100.0,1600.0,1100.0
hh_with_children,percentiles_81_90,1992,32200.0,14200.0,15200.0,1700.0,1100.0
hh_with_children,percentiles_81_90,1993,32400.0,14300.0,15100.0,1900.0,1100.0
hh_with_children,percentiles_81_90,1994,33500.0,14600.0,15500.0,2100.0,1200.0
hh_with_children,percentiles_81_90,1995,35000.0,15300.0,16100.0,2300.0,1300.0
hh_with_children,percentiles_81_90,1996,35500.0,15800.0,16200.0,2400.0,1100.0
hh_with_children,percentiles_81_90,1997,37000.0,16600.0,16800.0,2500.0,1100.0
hh_with_children,percentiles_81_90,1998,38400.0,17200.0,17700.0,2300.0,1200.0
hh_with_children,percentiles_81_90,1999,40200.0,18200.0,18200.0,2400.0,1400.0
hh_with_children,percentiles_81_90,2000,41300.0,19000.0,18600.0,2400.0,1400.0
hh_with_children,percentiles_81_90,2001,39400.0,17300.0,19200.0,1600.0,1200.0
hh_with_children,percentiles_81_90,2002,37000.0,15900.0,18500.0,1400.0,1100.0
hh_with_children,percentiles_81_90,2003,35300.0,13700.0,18400.0,2000.0,1100.0
hh_with_children,percentiles_81_90,2004,36700.0,14300.0,18700.0,2500.0,1200.0
hh_with_children,percentiles_81_90,2005,38000.0,14800.0,18900.0,3200.0,1100.0
hh_with_children,percentiles_81_90,2006,39400.0,15500.0,19400.0,3500.0,1000.0
hh_with_children,percentiles_81_90,2007,40100.0,16300.0,19800.0,3100.0,900.0
hh_with_children,percentiles_81_90,2008,36500.0,14100.0,19700.0,1800.0,900.0
hh_with_children,percentiles_81_90,2009,35100.0,13400.0,19500.0,1400.0,800.0
hh_with_children,percentiles_81_90,2010,36300.0,14200.0,19300.0,1900.0,900.0
hh_with_children,percentiles_81_90,2011,35500.0,15800.0,16800.0,1900.0,900.0
hh_with_children,percentiles_81_90,2012,36400.0,16300.0,17100.0,2100.0,1000.0
hh_with_children,percentiles_81_90,2013,40600.0,17200.0,19900.0,2600.0,1000.0
hh_with_children,percentiles_81_90,2014,42200.0,18100.0,20400.0,2600.0,1200.0
hh_with_children,percentiles_81_90,2015,44500.0,19600.0,21000.0,2600.0,1300.0
hh_with_children,percentiles_91_95,1979,37700.0,22400.0,9800.0,4400.0,1100.0
hh_with_children,percentiles_91_95,1980,37800.0,23400.0,9900.0,3600.0,900.0
hh_with_children,percentiles_91_95,1981,38600.0,23900.0,11200.0,2700.0,900.0
hh_with_children,percentiles_91_95,1982,35400.0,21300.0,11800.0,1500.0,900.0
hh_with_children,percentiles_91_95,1983,35400.0,19900.0,12400.0,2000.0,1000.0
hh_with_children,percentiles_91_95,1984,37300.0,20000.0,13700.0,2300.0,1200.0
hh_with_children,percentiles_91_95,1985,37700.0,20600.0,13800.0,2100.0,1100.0
hh_with_children,percentiles_91_95,1986,39700.0,21800.0,14600.0,2200.0,1200.0
hh_with_children,percentiles_91_95,1987,42600.0,23000.0,15300.0,3000.0,1300.0
hh_with_children,percentiles_91_95,1988,43000.0,23000.0,15900.0,2800.0,1200.0
hh_with_children,percentiles_91_95,1989,43400.0,23300.0,15900.0,3000.0,1200.0
hh_with_children,percentiles_91_95,1990,43000.0,22500.0,16700.0,2600.0,1200.0
hh_with_children,percentiles_91_95,1991,43400.0,22200.0,17400.0,2500.0,1300.0
hh_with_children,percentiles_91_95,1992,43600.0,22300.0,17400.0,2600.0,1300.0
hh_with_children,percentiles_91_95,1993,44900.0,22600.0,17800.0,3200.0,1400.0
hh_with_children,percentiles_91_95,1994,45800.0,23200.0,17800.0,3300.0,1500.0
hh_with_children,percentiles_91_95,1995,48700.0,24700.0,19000.0,3500.0,1500.0
hh_with_children,percentiles_91_95,1996,50000.0,25800.0,19100.0,3700.0,1300.0
hh_with_children,percentiles_91_95,1997,52300.0,27200.0,19500.0,4100.0,1400.0
hh_with_children,percentiles_91_95,1998,55100.0,29400.0,20500.0,3700.0,1400.0
hh_with_children,percentiles_91_95,1999,58200.0,31600.0,21100.0,3900.0,1600.0
hh_with_children,percentiles_91_95,2000,60600.0,33200.0,21900.0,4000.0,1600.0
hh_with_children,percentiles_91_95,2001,56700.0,30200.0,22400.0,2600.0,1500.0
hh_with_children,percentiles_91_95,2002,53700.0,28000.0,21900.0,2400.0,1400.0
hh_with_children,percentiles_91_95,2003,51700.0,25200.0,22100.0,3200.0,1300.0
hh_with_children,percentiles_91_95,2004,54100.0,26200.0,22600.0,4000.0,1300.0
hh_with_children,percentiles_91_95,2005,56500.0,27700.0,22400.0,5200.0,1300.0
hh_with_children,percentiles_91_95,2006,58900.0,29000.0,22800.0,5900.0,1200.0
hh_with_children,percentiles_91_95,2007,60300.0,30700.0,23500.0,5100.0,1100.0
hh_with_children,percentiles_91_95,2008,56400.0,28800.0,23600.0,2900.0,1100.0
hh_with_children,percentiles_91_95,2009,53600.0,26400.0,24000.0,2300.0,1000.0
hh_with_children,percentiles_91_95,2010,55300.0,27600.0,23700.0,3000.0,1000.0
hh_with_children,percentiles_91_95,2011,54000.0,29200.0,20500.0,3100.0,1100.0
hh_with_children,percentiles_91_95,2012,56100.0,30700.0,20800.0,3400.0,1100.0
hh_with_children,percentiles_91_95,2013,62000.0,31800.0,24900.0,4100.0,1200.0
hh_with_children,percentiles_91_95,2014,64500.0,33500.0,25100.0,4500.0,1400.0
hh_with_children,percentiles_91_95,2015,67200.0,35600.0,25700.0,4500.0,1400.0
hh_with_children,percentiles_96_99,1979,60900.0,40800.0,8700.0,9900.0,1500.0
hh_with_children,percentiles_96_99,1980,60100.0,41900.0,9300.0,7700.0,1300.0
hh_with_children,percentiles_96_99,1981,58500.0,41400.0,10300.0,5800.0,1100.0
hh_with_children,percentiles_96_99,1982,53600.0,38000.0,11400.0,3100.0,1100.0
hh_with_children,percentiles_96_99,1983,52900.0,35000.0,12300.0,4300.0,1300.0
hh_with_children,percentiles_96_99,1984,56400.0,36300.0,13700.0,4900.0,1600.0
hh_with_children,percentiles_96_99,1985,56100.0,35900.0,14200.0,4600.0,1500.0
hh_with_children,percentiles_96_99,1986,62400.0,41500.0,14500.0,4900.0,1500.0
hh_with_children,percentiles_96_99,1987,67700.0,44400.0,15100.0,6700.0,1500.0
hh_with_children,percentiles_96_99,1988,69600.0,45800.0,16000.0,6300.0,1500.0
hh_with_children,percentiles_96_99,1989,69700.0,45600.0,16500.0,6100.0,1400.0
hh_with_children,percentiles_96_99,1990,69400.0,45200.0,16700.0,5900.0,1500.0
hh_with_children,percentiles_96_99,1991,70400.0,44000.0,19500.0,5300.0,1700.0
hh_with_children,percentiles_96_99,1992,72400.0,45400.0,19500.0,5800.0,1700.0
hh_with_children,percentiles_96_99,1993,75400.0,46400.0,20700.0,6600.0,1700.0
hh_with_children,percentiles_96_99,1994,78100.0,47600.0,21600.0,6900.0,1800.0
hh_with_children,percentiles_96_99,1995,82800.0,52200.0,20800.0,7900.0,1700.0
hh_with_children,percentiles_96_99,1996,89200.0,57600.0,21600.0,8400.0,1600.0
hh_with_children,percentiles_96_99,1997,95300.0,62400.0,22500.0,8800.0,1700.0
hh_with_children,percentiles_96_99,1998,101900.0,68100.0,23700.0,8400.0,1600.0
hh_with_children,percentiles_96_99,1999,109700.0,73900.0,24700.0,8900.0,2200.0
hh_with_children,percentiles_96_99,2000,111800.0,76000.0,25300.0,8600.0,2000.0
hh_with_children,percentiles_96_99,2001,101200.0,68500.0,25000.0,5800.0,1800.0
hh_with_children,percentiles_96_99,2002,95000.0,63000.0,25300.0,5100.0,1600.0
hh_with_children,percentiles_96_99,2003,93700.0,59100.0,25600.0,7400.0,1600.0
hh_with_children,percentiles_96_99,2004,100900.0,64300.0,25900.0,9000.0,1700.0
hh_with_children,percentiles_96_99,2005,111700.0,71700.0,26000.0,12500.0,1600.0
hh_with_children,percentiles_96_99,2006,115600.0,73900.0,26700.0,13500.0,1500.0
hh_with_children,percentiles_96_99,2007,118400.0,78200.0,27300.0,11600.0,1300.0
hh_with_children,percentiles_96_99,2008,105800.0,70800.0,27300.0,6400.0,1300.0
hh_with_children,percentiles_96_99,2009,97900.0,63600.0,28300.0,4800.0,1200.0
hh_with_children,percentiles_96_99,2010,102800.0,67100.0,28000.0,6600.0,1200.0
hh_with_children,percentiles_96_99,2011,103400.0,70700.0,24800.0,6600.0,1300.0
hh_with_children,percentiles_96_99,2012,110300.0,76200.0,25100.0,7500.0,1400.0
hh_with_children,percentiles_96_99,2013,118000.0,77500.0,29700.0,9400.0,1400.0
hh_with_children,percentiles_96_99,2014,125500.0,83100.0,30400.0,10400.0,1600.0
hh_with_children,percentiles_96_99,2015,129600.0,87500.0,31300.0,9200.0,1600.0
hh_with_children,top_1_percent,1979,215200.0,145100.0,7200.0,60300.0,2600.0
hh_with_children,top_1_percent,1980,194300.0,137900.0,8200.0,45900.0,2300.0
hh_with_children,top_1_percent,1981,187400.0,137200.0,9000.0,39000.0,2200.0
hh_with_children,top_1_percent,1982,165600.0,128200.0,11400.0,23900.0,2000.0
hh_with_children,top_1_percent,1983,203500.0,153100.0,12500.0,34700.0,3200.0
hh_with_children,top_1_percent,1984,220600.0,163100.0,13800.0,39700.0,4000.0
hh_with_children,top_1_percent,1985,212200.0,156800.0,13900.0,37100.0,4500.0
hh_with_children,top_1_percent,1986,322400.0,247400.0,14100.0,56600.0,4300.0
hh_with_children,top_1_percent,1987,283800.0,217300.0,16400.0,46400.0,3800.0
hh_with_children,top_1_percent,1988,324200.0,251000.0,16300.0,53200.0,3700.0
hh_with_children,top_1_percent,1989,304500.0,233300.0,17200.0,51100.0,3000.0
hh_with_children,top_1_percent,1990,255100.0,194100.0,17600.0,40400.0,3000.0
hh_with_children,top_1_percent,1991,272000.0,205900.0,22000.0,40400.0,3600.0
hh_with_children,top_1_percent,1992,305800.0,232900.0,20200.0,48900.0,3800.0
hh_with_children,top_1_percent,1993,353500.0,266400.0,23300.0,60000.0,3800.0
hh_with_children,top_1_percent,1994,354900.0,259200.0,31800.0,60200.0,3600.0
hh_with_children,top_1_percent,1995,424900.0,313700.0,31600.0,76000.0,3600.0
hh_with_children,top_1_percent,1996,465900.0,350700.0,33500.0,78600.0,3200.0
hh_with_children,top_1_percent,1997,495500.0,372900.0,34500.0,84500.0,3500.0
hh_with_children,top_1_percent,1998,554100.0,424800.0,38400.0,87500.0,3400.0
hh_with_children,top_1_percent,1999,681700.0,532500.0,43500.0,101700.0,4000.0
hh_with_children,top_1_percent,2000,756000.0,596800.0,47500.0,107900.0,3800.0
hh_with_children,top_1_percent,2001,586000.0,462900.0,43500.0,75500.0,4000.0
hh_with_children,top_1_percent,2002,513100.0,404600.0,41200.0,64000.0,3200.0
hh_with_children,top_1_percent,2003,515000.0,374300.0,40800.0,96700.0,3200.0
hh_with_children,top_1_percent,2004,592300.0,420700.0,41800.0,126200.0,3600.0
hh_with_children,top_1_percent,2005,695800.0,479300.0,42800.0,169700.0,4000.0
hh_with_children,top_1_percent,2006,789200.0,538700.0,45600.0,201200.0,3700.0
hh_with_children,top_1_percent,2007,816600.0,587100.0,47900.0,178600.0,2900.0
hh_with_children,top_1_percent,2008,640100.0,480100.0,46600.0,110000.0,3500.0
hh_with_children,top_1_percent,2009,473900.0,358500.0,43200.0,69800.0,2400.0
hh_with_children,top_1_percent,2010,617300.0,437800.0,44900.0,131400.0,3200.0
hh_with_children,top_1_percent,2011,574400.0,413800.0,42100.0,115600.0,2900.0
hh_with_children,top_1_percent,2012,683600.0,495500.0,43900.0,140700.0,3500.0
hh_with_children,top_1_percent,2013,698000.0,508900.0,52200.0,133700.0,3100.0
hh_with_children,top_1_percent,2014,795500.0,583000.0,52400.0,156600.0,3500.0
hh_with_children,top_1_percent,2015,839300.0,622500.0,58100.0,155700.0,3100.0
elderly_headed_hh,all_quintiles,1979,8700.0,3900.0,900.0,3400.0,500.0
elderly_headed_hh,all_quintiles,1980,8200.0,4200.0,900.0,2700.0,400.0
elderly_headed_hh,all_quintiles,1981,8100.0,4600.0,1000.0,2200.0,400.0
elderly_headed_hh,all_quintiles,1982,7300.0,4600.0,1000.0,1400.0,400.0
elderly_headed_hh,all_quintiles,1983,7500.0,4200.0,1000.0,1800.0,500.0
elderly_headed_hh,all_quintiles,1984,8500.0,4800.0,1100.0,2200.0,500.0
elderly_headed_hh,all_quintiles,1985,8700.0,5000.0,1100.0,2000.0,500.0
elderly_headed_hh,all_quintiles,1986,9200.0,5300.0,1200.0,2100.0,600.0
elderly_headed_hh,all_quintiles,1987,8800.0,4500.0,1100.0,2700.0,500.0
elderly_headed_hh,all_quintiles,1988,9400.0,4900.0,1200.0,2700.0,500.0
elderly_headed_hh,all_quintiles,1989,9200.0,4900.0,1200.0,2700.0,500.0
elderly_headed_hh,all_quintiles,1990,8900.0,4700.0,1200.0,2400.0,500.0
elderly_headed_hh,all_quintiles,1991,8000.0,4100.0,1100.0,2100.0,600.0
elderly_headed_hh,all_quintiles,1992,8600.0,4300.0,1200.0,2500.0,600.0
elderly_headed_hh,all_quintiles,1993,8900.0,4300.0,1200.0,2800.0,600.0
elderly_headed_hh,all_quintiles,1994,9300.0,4500.0,1200.0,3000.0,600.0
elderly_headed_hh,all_quintiles,1995,10300.0,5000.0,1300.0,3300.0,700.0
elderly_headed_hh,all_quintiles,1996,12000.0,6200.0,1400.0,3800.0,600.0
elderly_headed_hh,all_quintiles,1997,12600.0,6700.0,1400.0,3800.0,700.0
elderly_headed_hh,all_quintiles,1998,13100.0,7300.0,1500.0,3600.0,700.0
elderly_headed_hh,all_quintiles,1999,14000.0,7900.0,1600.0,3600.0,800.0
elderly_headed_hh,all_quintiles,2000,13600.0,8000.0,1600.0,3300.0,700.0
elderly_headed_hh,all_quintiles,2001,11300.0,6600.0,1700.0,2400.0,700.0
elderly_headed_hh,all_quintiles,2002,10300.0,5900.0,1500.0,2200.0,700.0
elderly_headed_hh,all_quintiles,2003,10400.0,5300.0,1600.0,2800.0,600.0
elderly_headed_hh,all_quintiles,2004,12000.0,6000.0,1700.0,3600.0,700.0
elderly_headed_hh,all_quintiles,2005,13900.0,6800.0,1800.0,4600.0,700.0
elderly_headed_hh,all_quintiles,2006,14800.0,7300.0,1900.0,5000.0,600.0
elderly_headed_hh,all_quintiles,2007,15800.0,8600.0,2000.0,4600.0,600.0
elderly_headed_hh,all_quintiles,2008,11400.0,6300.0,2000.0,2600.0,500.0
elderly_headed_hh,all_quintiles,2009,10200.0,5700.0,2000.0,2000.0,500.0
elderly_headed_hh,all_quintiles,2010,11600.0,6400.0,2100.0,2600.0,500.0
elderly_headed_hh,all_quintiles,2011,11900.0,6900.0,1800.0,2600.0,500.0
elderly_headed_hh,all_quintiles,2012,13600.0,7900.0,2000.0,3200.0,600.0
elderly_headed_hh,all_quintiles,2013,14200.0,7900.0,2300.0,3300.0,600.0
elderly_headed_hh,all_quintiles,2014,15400.0,8800.0,2400.0,3700.0,600.0
elderly_headed_hh,all_quintiles,2015,15800.0,9200.0,2500.0,3400.0,600.0
elderly_headed_hh,lowest_quintile,1979,700.0,,100.0,300.0,200.0
elderly_headed_hh,lowest_quintile,1980,500.0,,100.0,200.0,200.0
elderly_headed_hh,lowest_quintile,1981,500.0,,100.0,100.0,200.0
elderly_headed_hh,lowest_quintile,1982,400.0,,100.0,100.0,200.0
elderly_headed_hh,lowest_quintile,1983,500.0,,100.0,100.0,200.0
elderly_headed_hh,lowest_quintile,1984,600.0,,100.0,200.0,300.0
elderly_headed_hh,lowest_quintile,1985,600.0,,100.0,100.0,300.0
elderly_headed_hh,lowest_quintile,1986,600.0,,100.0,200.0,300.0
elderly_headed_hh,lowest_quintile,1987,600.0,,100.0,200.0,300.0
elderly_headed_hh,lowest_quintile,1988,600.0,,100.0,200.0,300.0
elderly_headed_hh,lowest_quintile,1989,600.0,,100.0,200.0,200.0
elderly_headed_hh,lowest_quintile,1990,600.0,,100.0,200.0,300.0
elderly_headed_hh,lowest_quintile,1991,600.0,,100.0,200.0,300.0
elderly_headed_hh,lowest_quintile,1992,600.0,,100.0,200.0,300.0
elderly_headed_hh,lowest_quintile,1993,700.0,,100.0,200.0,300.0
elderly_headed_hh,lowest_quintile,1994,700.0,,100.0,200.0,400.0
elderly_headed_hh,lowest_quintile,1995,800.0,,100.0,200.0,400.0
elderly_headed_hh,lowest_quintile,1996,700.0,0.0,100.0,200.0,400.0
elderly_headed_hh,lowest_quintile,1997,700.0,,200.0,200.0,400.0
elderly_headed_hh,lowest_quintile,1998,800.0,,200.0,200.0,400.0
elderly_headed_hh,lowest_quintile,1999,900.0,,200.0,200.0,400.0
elderly_headed_hh,lowest_quintile,2000,900.0,,200.0,200.0,400.0
elderly_headed_hh,lowest_quintile,2001,700.0,,200.0,200.0,400.0
elderly_headed_hh,lowest_quintile,2002,700.0,,200.0,200.0,400.0
elderly_headed_hh,lowest_quintile,2003,700.0,,200.0,200.0,400.0
elderly_headed_hh,lowest_quintile,2004,700.0,,200.0,200.0,300.0
elderly_headed_hh,lowest_quintile,2005,700.0,,200.0,200.0,400.0
elderly_headed_hh,lowest_quintile,2006,700.0,,200.0,200.0,300.0
elderly_headed_hh,lowest_quintile,2007,700.0,,200.0,200.0,300.0
elderly_headed_hh,lowest_quintile,2008,200.0,-400.0,200.0,100.0,300.0
elderly_headed_hh,lowest_quintile,2009,500.0,-100.0,200.0,100.0,300.0
elderly_headed_hh,lowest_quintile,2010,600.0,-100.0,200.0,100.0,300.0
elderly_headed_hh,lowest_quintile,2011,500.0,,100.0,100.0,300.0
elderly_headed_hh,lowest_quintile,2012,600.0,,100.0,100.0,300.0
elderly_headed_hh,lowest_quintile,2013,600.0,,200.0,100.0,300.0
elderly_headed_hh,lowest_quintile,2014,600.0,-100.0,200.0,100.0,300.0
elderly_headed_hh,lowest_quintile,2015,600.0,-100.0,200.0,100.0,300.0
elderly_headed_hh,second_quintile,1979,4300.0,800.0,1000.0,2100.0,500.0
elderly_headed_hh,second_quintile,1980,3800.0,900.0,800.0,1600.0,400.0
elderly_headed_hh,second_quintile,1981,3400.0,1000.0,800.0,1200.0,400.0
elderly_headed_hh,second_quintile,1982,2800.0,900.0,800.0,800.0,400.0
elderly_headed_hh,second_quintile,1983,3000.0,800.0,800.0,900.0,500.0
elderly_headed_hh,second_quintile,1984,3300.0,800.0,800.0,1100.0,500.0
elderly_headed_hh,second_quintile,1985,3300.0,900.0,800.0,1000.0,500.0
elderly_headed_hh,second_quintile,1986,3300.0,900.0,800.0,1100.0,500.0
elderly_headed_hh,second_quintile,1987,3400.0,700.0,800.0,1300.0,500.0
elderly_headed_hh,second_quintile,1988,3600.0,1000.0,800.0,1300.0,500.0
elderly_headed_hh,second_quintile,1989,3500.0,1000.0,800.0,1200.0,500.0
elderly_headed_hh,second_quintile,1990,3700.0,1100.0,800.0,1200.0,500.0
elderly_headed_hh,second_quintile,1991,3500.0,1000.0,800.0,1100.0,600.0
elderly_headed_hh,second_quintile,1992,3400.0,900.0,800.0,1200.0,600.0
elderly_headed_hh,second_quintile,1993,3500.0,800.0,800.0,1300.0,600.0
elderly_headed_hh,second_quintile,1994,3600.0,800.0,800.0,1400.0,700.0
elderly_headed_hh,second_quintile,1995,4000.0,1000.0,900.0,1500.0,600.0
elderly_headed_hh,second_quintile,1996,3900.0,1000.0,800.0,1500.0,600.0
elderly_headed_hh,second_quintile,1997,4000.0,1100.0,900.0,1400.0,600.0
elderly_headed_hh,second_quintile,1998,4200.0,1300.0,1000.0,1300.0,700.0
elderly_headed_hh,second_quintile,1999,4400.0,1400.0,1000.0,1300.0,800.0
elderly_headed_hh,second_quintile,2000,4300.0,1400.0,1000.0,1200.0,700.0
elderly_headed_hh,second_quintile,2001,3600.0,1000.0,1000.0,900.0,700.0
elderly_headed_hh,second_quintile,2002,3200.0,900.0,900.0,800.0,700.0
elderly_headed_hh,second_quintile,2003,3200.0,700.0,1000.0,900.0,700.0
elderly_headed_hh,second_quintile,2004,3400.0,800.0,1000.0,1000.0,600.0
elderly_headed_hh,second_quintile,2005,3800.0,800.0,1100.0,1200.0,700.0
elderly_headed_hh,second_quintile,2006,3900.0,900.0,1100.0,1300.0,600.0
elderly_headed_hh,second_quintile,2007,4100.0,1200.0,1200.0,1100.0,600.0
elderly_headed_hh,second_quintile,2008,2600.0,200.0,1200.0,700.0,500.0
elderly_headed_hh,second_quintile,2009,2600.0,500.0,1000.0,500.0,500.0
elderly_headed_hh,second_quintile,2010,2700.0,600.0,1000.0,600.0,500.0
elderly_headed_hh,second_quintile,2011,2800.0,800.0,900.0,600.0,500.0
elderly_headed_hh,second_quintile,2012,2800.0,800.0,900.0,600.0,600.0
elderly_headed_hh,second_quintile,2013,3200.0,900.0,1100.0,700.0,600.0
elderly_headed_hh,second_quintile,2014,3400.0,900.0,1200.0,700.0,600.0
elderly_headed_hh,second_quintile,2015,3500.0,1000.0,1200.0,700.0,600.0
elderly_headed_hh,middle_quintile,1979,8600.0,2900.0,1700.0,3500.0,600.0
elderly_headed_hh,middle_quintile,1980,7800.0,3100.0,1600.0,2700.0,500.0
elderly_headed_hh,middle_quintile,1981,7500.0,3300.0,1500.0,2200.0,500.0
elderly_headed_hh,middle_quintile,1982,6400.0,3100.0,1500.0,1300.0,500.0
elderly_headed_hh,middle_quintile,1983,6400.0,2700.0,1400.0,1600.0,600.0
elderly_headed_hh,middle_quintile,1984,6900.0,2800.0,1500.0,2000.0,600.0
elderly_headed_hh,middle_quintile,1985,6800.0,2900.0,1500.0,1800.0,600.0
elderly_headed_hh,middle_quintile,1986,7100.0,2900.0,1600.0,1900.0,600.0
elderly_headed_hh,middle_quintile,1987,7600.0,2900.0,1700.0,2400.0,600.0
elderly_headed_hh,middle_quintile,1988,7900.0,3200.0,1800.0,2300.0,600.0
elderly_headed_hh,middle_quintile,1989,7800.0,3300.0,1600.0,2300.0,600.0
elderly_headed_hh,middle_quintile,1990,7900.0,3400.0,1700.0,2100.0,600.0
elderly_headed_hh,middle_quintile,1991,7400.0,3200.0,1600.0,1900.0,700.0
elderly_headed_hh,middle_quintile,1992,7700.0,3100.0,1700.0,2200.0,700.0
elderly_headed_hh,middle_quintile,1993,7700.0,3100.0,1600.0,2300.0,700.0
elderly_headed_hh,middle_quintile,1994,8200.0,3300.0,1700.0,2500.0,800.0
elderly_headed_hh,middle_quintile,1995,8800.0,3500.0,1800.0,2700.0,800.0
elderly_headed_hh,middle_quintile,1996,8900.0,3600.0,1800.0,2800.0,700.0
elderly_headed_hh,middle_quintile,1997,8900.0,3800.0,1700.0,2600.0,700.0
elderly_headed_hh,middle_quintile,1998,9100.0,4100.0,1900.0,2400.0,800.0
elderly_headed_hh,middle_quintile,1999,9600.0,4400.0,2000.0,2300.0,900.0
elderly_headed_hh,middle_quintile,2000,9600.0,4700.0,2000.0,2100.0,800.0
elderly_headed_hh,middle_quintile,2001,8500.0,4200.0,2000.0,1600.0,800.0
elderly_headed_hh,middle_quintile,2002,8000.0,3800.0,2000.0,1300.0,800.0
elderly_headed_hh,middle_quintile,2003,7900.0,3500.0,2100.0,1500.0,800.0
elderly_headed_hh,middle_quintile,2004,8400.0,3800.0,2100.0,1800.0,800.0
elderly_headed_hh,middle_quintile,2005,9100.0,3900.0,2200.0,2200.0,800.0
elderly_headed_hh,middle_quintile,2006,9500.0,4100.0,2300.0,2400.0,700.0
elderly_headed_hh,middle_quintile,2007,9600.0,4500.0,2400.0,2000.0,700.0
elderly_headed_hh,middle_quintile,2008,7300.0,3100.0,2300.0,1200.0,600.0
elderly_headed_hh,middle_quintile,2009,7200.0,3500.0,2200.0,900.0,600.0
elderly_headed_hh,middle_quintile,2010,7500.0,3600.0,2200.0,1100.0,600.0
elderly_headed_hh,middle_quintile,2011,7500.0,3900.0,1800.0,1100.0,600.0
elderly_headed_hh,middle_quintile,2012,7700.0,4000.0,1900.0,1100.0,600.0
elderly_headed_hh,middle_quintile,2013,8400.0,4100.0,2200.0,1300.0,700.0
elderly_headed_hh,middle_quintile,2014,8600.0,4300.0,2300.0,1400.0,700.0
elderly_headed_hh,middle_quintile,2015,9200.0,4700.0,2500.0,1300.0,700.0
elderly_headed_hh,fourth_quintile,1979,14100.0,5600.0,2500.0,5200.0,700.0
elderly_headed_hh,fourth_quintile,1980,13300.0,6100.0,2400.0,4200.0,600.0
elderly_headed_hh,fourth_quintile,1981,12700.0,6500.0,2500.0,3200.0,600.0
elderly_headed_hh,fourth_quintile,1982,11100.0,6300.0,2300.0,1900.0,600.0
elderly_headed_hh,fourth_quintile,1983,11100.0,5600.0,2200.0,2500.0,700.0
elderly_headed_hh,fourth_quintile,1984,12400.0,6200.0,2500.0,2900.0,700.0
elderly_headed_hh,fourth_quintile,1985,12100.0,6100.0,2600.0,2700.0,700.0
elderly_headed_hh,fourth_quintile,1986,12700.0,6300.0,2800.0,2800.0,700.0
elderly_headed_hh,fourth_quintile,1987,13800.0,6400.0,2900.0,3800.0,700.0
elderly_headed_hh,fourth_quintile,1988,14100.0,6700.0,2800.0,3900.0,800.0
elderly_headed_hh,fourth_quintile,1989,14200.0,7000.0,2800.0,3600.0,700.0
elderly_headed_hh,fourth_quintile,1990,13800.0,7000.0,2700.0,3400.0,700.0
elderly_headed_hh,fourth_quintile,1991,13500.0,6900.0,2600.0,3100.0,900.0
elderly_headed_hh,fourth_quintile,1992,13700.0,6700.0,2900.0,3200.0,900.0
elderly_headed_hh,fourth_quintile,1993,14100.0,6600.0,2800.0,3900.0,900.0
elderly_headed_hh,fourth_quintile,1994,15500.0,7200.0,3000.0,4200.0,1000.0
elderly_headed_hh,fourth_quintile,1995,16300.0,7800.0,2900.0,4500.0,1000.0
elderly_headed_hh,fourth_quintile,1996,16400.0,8000.0,3100.0,4400.0,900.0
elderly_headed_hh,fourth_quintile,1997,16900.0,8800.0,2900.0,4300.0,900.0
elderly_headed_hh,fourth_quintile,1998,17500.0,9400.0,3100.0,4000.0,1000.0
elderly_headed_hh,fourth_quintile,1999,18200.0,9800.0,3400.0,4000.0,1200.0
elderly_headed_hh,fourth_quintile,2000,18200.0,10200.0,3400.0,3500.0,1000.0
elderly_headed_hh,fourth_quintile,2001,16600.0,9500.0,3600.0,2500.0,900.0
elderly_headed_hh,fourth_quintile,2002,15400.0,8900.0,3300.0,2300.0,1000.0
elderly_headed_hh,fourth_quintile,2003,14900.0,7600.0,3700.0,2700.0,900.0
elderly_headed_hh,fourth_quintile,2004,15800.0,8000.0,3700.0,3200.0,900.0
elderly_headed_hh,fourth_quintile,2005,16700.0,8100.0,3800.0,3900.0,900.0
elderly_headed_hh,fourth_quintile,2006,17200.0,8400.0,3600.0,4400.0,900.0
elderly_headed_hh,fourth_quintile,2007,16800.0,8700.0,3700.0,3600.0,800.0
elderly_headed_hh,fourth_quintile,2008,14100.0,7400.0,3900.0,2100.0,700.0
elderly_headed_hh,fourth_quintile,2009,13900.0,7600.0,3900.0,1800.0,700.0
elderly_headed_hh,fourth_quintile,2010,14200.0,7800.0,3700.0,2000.0,700.0
elderly_headed_hh,fourth_quintile,2011,14200.0,8200.0,3400.0,1900.0,700.0
elderly_headed_hh,fourth_quintile,2012,14700.0,8400.0,3400.0,2100.0,800.0
elderly_headed_hh,fourth_quintile,2013,15900.0,8500.0,4000.0,2600.0,800.0
elderly_headed_hh,fourth_quintile,2014,16400.0,8800.0,4200.0,2600.0,800.0
elderly_headed_hh,fourth_quintile,2015,17200.0,9500.0,4400.0,2500.0,900.0
elderly_headed_hh,highest_quintile,1979,58000.0,31300.0,3500.0,21800.0,1400.0
elderly_headed_hh,highest_quintile,1980,51100.0,30600.0,3200.0,16100.0,1100.0
elderly_headed_hh,highest_quintile,1981,47200.0,30700.0,3500.0,12000.0,1000.0
elderly_headed_hh,highest_quintile,1982,42700.0,30500.0,3700.0,7400.0,1000.0
elderly_headed_hh,highest_quintile,1983,42500.0,28000.0,3700.0,9700.0,1100.0
elderly_headed_hh,highest_quintile,1984,48700.0,32000.0,4100.0,11500.0,1100.0
elderly_headed_hh,highest_quintile,1985,51400.0,34700.0,4300.0,11200.0,1200.0
elderly_headed_hh,highest_quintile,1986,55800.0,37600.0,4400.0,12200.0,1600.0
elderly_headed_hh,highest_quintile,1987,56600.0,34200.0,4400.0,16500.0,1500.0
elderly_headed_hh,highest_quintile,1988,61000.0,37500.0,4700.0,17300.0,1500.0
elderly_headed_hh,highest_quintile,1989,56300.0,34700.0,4400.0,16100.0,1200.0
elderly_headed_hh,highest_quintile,1990,53200.0,32700.0,4700.0,14500.0,1200.0
elderly_headed_hh,highest_quintile,1991,49100.0,29700.0,4800.0,13200.0,1400.0
elderly_headed_hh,highest_quintile,1992,53900.0,31500.0,5100.0,15800.0,1500.0
elderly_headed_hh,highest_quintile,1993,57300.0,32100.0,5100.0,18500.0,1600.0
elderly_headed_hh,highest_quintile,1994,62200.0,34800.0,5400.0,20400.0,1500.0
elderly_headed_hh,highest_quintile,1995,64300.0,36200.0,5500.0,21100.0,1500.0
elderly_headed_hh,highest_quintile,1996,71900.0,42200.0,5700.0,22500.0,1500.0
elderly_headed_hh,highest_quintile,1997,75000.0,45200.0,5600.0,22700.0,1500.0
elderly_headed_hh,highest_quintile,1998,74100.0,46000.0,5800.0,20700.0,1700.0
elderly_headed_hh,highest_quintile,1999,80400.0,51200.0,6000.0,21200.0,2000.0
elderly_headed_hh,highest_quintile,2000,79500.0,52300.0,6000.0,19600.0,1700.0
elderly_headed_hh,highest_quintile,2001,72000.0,48000.0,6800.0,15700.0,1400.0
elderly_headed_hh,highest_quintile,2002,70000.0,45900.0,6700.0,15900.0,1500.0
elderly_headed_hh,highest_quintile,2003,71900.0,41200.0,7600.0,21600.0,1500.0
elderly_headed_hh,highest_quintile,2004,81800.0,45400.0,7500.0,27000.0,1900.0
elderly_headed_hh,highest_quintile,2005,86400.0,46700.0,7300.0,30700.0,1700.0
elderly_headed_hh,highest_quintile,2006,87000.0,47000.0,7200.0,31200.0,1600.0
elderly_headed_hh,highest_quintile,2007,88500.0,52200.0,7300.0,27500.0,1400.0
elderly_headed_hh,highest_quintile,2008,73600.0,46700.0,8400.0,17200.0,1300.0
elderly_headed_hh,highest_quintile,2009,64900.0,40600.0,9200.0,13900.0,1100.0
elderly_headed_hh,highest_quintile,2010,68200.0,41500.0,8600.0,16900.0,1100.0
elderly_headed_hh,highest_quintile,2011,71000.0,44600.0,7900.0,17400.0,1200.0
elderly_headed_hh,highest_quintile,2012,79500.0,49500.0,8200.0,20400.0,1400.0
elderly_headed_hh,highest_quintile,2013,78200.0,47400.0,9500.0,20100.0,1300.0
elderly_headed_hh,highest_quintile,2014,86000.0,53000.0,9400.0,22300.0,1400.0
elderly_headed_hh,highest_quintile,2015,89300.0,56300.0,10400.0,21200.0,1400.0
elderly_headed_hh,percentiles_81_90,1979,20700.0,9100.0,3700.0,7000.0,900.0
elderly_headed_hh,percentiles_81_90,1980,19900.0,9900.0,3000.0,6300.0,800.0
elderly_headed_hh,percentiles_81_90,1981,19300.0,10700.0,3300.0,4600.0,700.0
elderly_headed_hh,percentiles_81_90,1982,17200.0,10400.0,3400.0,2600.0,700.0
elderly_headed_hh,percentiles_81_90,1983,17300.0,9600.0,3300.0,3600.0,800.0
elderly_headed_hh,percentiles_81_90,1984,20000.0,11200.0,3700.0,4100.0,900.0
elderly_headed_hh,percentiles_81_90,1985,20300.0,11900.0,3700.0,3900.0,900.0
elderly_headed_hh,percentiles_81_90,1986,20100.0,11000.0,4200.0,3900.0,900.0
elderly_headed_hh,percentiles_81_90,1987,22100.0,11700.0,3800.0,5700.0,1000.0
elderly_headed_hh,percentiles_81_90,1988,22900.0,11800.0,4500.0,5600.0,1000.0
elderly_headed_hh,percentiles_81_90,1989,22600.0,12300.0,3800.0,5600.0,900.0
elderly_headed_hh,percentiles_81_90,1990,22200.0,11900.0,3900.0,5400.0,900.0
elderly_headed_hh,percentiles_81_90,1991,21800.0,11900.0,4000.0,4800.0,1000.0
elderly_headed_hh,percentiles_81_90,1992,22400.0,11600.0,4100.0,5600.0,1100.0
elderly_headed_hh,percentiles_81_90,1993,22800.0,11000.0,4200.0,6400.0,1100.0
elderly_headed_hh,percentiles_81_90,1994,24600.0,12600.0,4000.0,6800.0,1200.0
elderly_headed_hh,percentiles_81_90,1995,25500.0,13000.0,4000.0,7300.0,1200.0
elderly_headed_hh,percentiles_81_90,1996,26600.0,13700.0,4300.0,7500.0,1000.0
elderly_headed_hh,percentiles_81_90,1997,26900.0,14300.0,4100.0,7500.0,1100.0
elderly_headed_hh,percentiles_81_90,1998,27100.0,15200.0,4400.0,6400.0,1200.0
elderly_headed_hh,percentiles_81_90,1999,28500.0,16000.0,4600.0,6500.0,1300.0
elderly_headed_hh,percentiles_81_90,2000,28400.0,16600.0,4500.0,6100.0,1200.0
elderly_headed_hh,percentiles_81_90,2001,27300.0,16100.0,5800.0,4400.0,1000.0
elderly_headed_hh,percentiles_81_90,2002,25400.0,15200.0,5100.0,3900.0,1000.0
elderly_headed_hh,percentiles_81_90,2003,24900.0,13200.0,5600.0,5000.0,1100.0
elderly_headed_hh,percentiles_81_90,2004,26100.0,13300.0,5600.0,6000.0,1200.0
elderly_headed_hh,percentiles_81_90,2005,27100.0,13500.0,5200.0,7300.0,1100.0
elderly_headed_hh,percentiles_81_90,2006,28100.0,14200.0,5300.0,7500.0,1000.0
elderly_headed_hh,percentiles_81_90,2007,27600.0,14900.0,5300.0,6400.0,1000.0
elderly_headed_hh,percentiles_81_90,2008,23600.0,13200.0,5700.0,3800.0,900.0
elderly_headed_hh,percentiles_81_90,2009,23300.0,13200.0,6300.0,3000.0,800.0
elderly_headed_hh,percentiles_81_90,2010,24000.0,13600.0,5900.0,3700.0,800.0
elderly_headed_hh,percentiles_81_90,2011,23900.0,14400.0,5100.0,3600.0,900.0
elderly_headed_hh,percentiles_81_90,2012,25200.0,15100.0,5700.0,3500.0,900.0
elderly_headed_hh,percentiles_81_90,2013,27400.0,15000.0,6800.0,4700.0,1000.0
elderly_headed_hh,percentiles_81_90,2014,27900.0,15200.0,6700.0,5100.0,1000.0
elderly_headed_hh,percentiles_81_90,2015,29300.0,16400.0,7400.0,4400.0,1000.0
elderly_headed_hh,percentiles_91_95,1979,29000.0,13700.0,4000.0,10200.0,1100.0
elderly_headed_hh,percentiles_91_95,1980,28200.0,15100.0,3900.0,8300.0,900.0
elderly_headed_hh,percentiles_91_95,1981,27100.0,16300.0,3600.0,6500.0,800.0
elderly_headed_hh,percentiles_91_95,1982,24200.0,15700.0,4000.0,3600.0,800.0
elderly_headed_hh,percentiles_91_95,1983,23600.0,14000.0,3800.0,4900.0,900.0
elderly_headed_hh,percentiles_91_95,1984,27900.0,16800.0,4400.0,5800.0,1000.0
elderly_headed_hh,percentiles_91_95,1985,28200.0,17400.0,4500.0,5300.0,1000.0
elderly_headed_hh,percentiles_91_95,1986,27500.0,16600.0,4000.0,5800.0,1100.0
elderly_headed_hh,percentiles_91_95,1987,32200.0,17900.0,4600.0,8500.0,1200.0
elderly_headed_hh,percentiles_91_95,1988,31600.0,17700.0,4900.0,7800.0,1200.0
elderly_headed_hh,percentiles_91_95,1989,31800.0,18000.0,4700.0,8100.0,1100.0
elderly_headed_hh,percentiles_91_95,1990,30900.0,17500.0,4800.0,7600.0,1000.0
elderly_headed_hh,percentiles_91_95,1991,29900.0,17200.0,4800.0,6700.0,1200.0
elderly_headed_hh,percentiles_91_95,1992,30500.0,16700.0,4400.0,8200.0,1200.0
elderly_headed_hh,percentiles_91_95,1993,32400.0,17100.0,4900.0,9200.0,1300.0
elderly_headed_hh,percentiles_91_95,1994,34000.0,18300.0,4400.0,10000.0,1300.0
elderly_headed_hh,percentiles_91_95,1995,36600.0,19200.0,5200.0,11000.0,1200.0
elderly_headed_hh,percentiles_91_95,1996,37100.0,20300.0,5400.0,10200.0,1200.0
elderly_headed_hh,percentiles_91_95,1997,38300.0,21600.0,5000.0,10500.0,1200.0
elderly_headed_hh,percentiles_91_95,1998,38400.0,21900.0,5700.0,9500.0,1400.0
elderly_headed_hh,percentiles_91_95,1999,39800.0,23400.0,5400.0,9400.0,1600.0
elderly_headed_hh,percentiles_91_95,2000,41000.0,25200.0,5200.0,9300.0,1300.0
elderly_headed_hh,percentiles_91_95,2001,37100.0,23200.0,5600.0,7100.0,1200.0
elderly_headed_hh,percentiles_91_95,2002,36200.0,22300.0,5800.0,7000.0,1200.0
elderly_headed_hh,percentiles_91_95,2003,35800.0,19300.0,7700.0,7600.0,1200.0
elderly_headed_hh,percentiles_91_95,2004,38100.0,20000.0,7500.0,9100.0,1500.0
elderly_headed_hh,percentiles_91_95,2005,39800.0,20300.0,7400.0,10800.0,1400.0
elderly_headed_hh,percentiles_91_95,2006,41400.0,21100.0,6900.0,12200.0,1200.0
elderly_headed_hh,percentiles_91_95,2007,40000.0,22000.0,6800.0,10100.0,1100.0
elderly_headed_hh,percentiles_91_95,2008,36500.0,21400.0,8300.0,5700.0,1000.0
elderly_headed_hh,percentiles_91_95,2009,34400.0,19900.0,8900.0,4700.0,1000.0
elderly_headed_hh,percentiles_91_95,2010,36500.0,21400.0,8400.0,5800.0,1000.0
elderly_headed_hh,percentiles_91_95,2011,36100.0,22100.0,7600.0,5400.0,1000.0
elderly_headed_hh,percentiles_91_95,2012,37800.0,22700.0,7700.0,6300.0,1200.0
elderly_headed_hh,percentiles_91_95,2013,41100.0,23100.0,8700.0,8100.0,1200.0
elderly_headed_hh,percentiles_91_95,2014,41900.0,23500.0,8700.0,8400.0,1200.0
elderly_headed_hh,percentiles_91_95,2015,43600.0,24800.0,9300.0,8200.0,1300.0
elderly_headed_hh,percentiles_96_99,1979,46600.0,23800.0,3300.0,18100.0,1400.0
elderly_headed_hh,percentiles_96_99,1980,44200.0,25800.0,3200.0,14100.0,1100.0
elderly_headed_hh,percentiles_96_99,1981,43400.0,28100.0,3500.0,10800.0,1000.0
elderly_headed_hh,percentiles_96_99,1982,38700.0,27800.0,3600.0,6300.0,1000.0
elderly_headed_hh,percentiles_96_99,1983,38400.0,25100.0,3700.0,8500.0,1200.0
elderly_headed_hh,percentiles_96_99,1984,44500.0,29300.0,4000.0,10100.0,1200.0
elderly_headed_hh,percentiles_96_99,1985,44200.0,29100.0,4500.0,9400.0,1200.0
elderly_headed_hh,percentiles_96_99,1986,45800.0,29500.0,4800.0,9900.0,1600.0
elderly_headed_hh,percentiles_96_99,1987,52400.0,31200.0,4800.0,14900.0,1700.0
elderly_headed_hh,percentiles_96_99,1988,51600.0,30700.0,4500.0,14800.0,1600.0
elderly_headed_hh,percentiles_96_99,1989,52300.0,32000.0,4600.0,14400.0,1300.0
elderly_headed_hh,percentiles_96_99,1990,49700.0,30400.0,5300.0,12700.0,1200.0
elderly_headed_hh,percentiles_96_99,1991,47400.0,28200.0,5200.0,12600.0,1400.0
elderly_headed_hh,percentiles_96_99,1992,51100.0,28700.0,6300.0,14600.0,1500.0
elderly_headed_hh,percentiles_96_99,1993,52500.0,27800.0,5900.0,17100.0,1700.0
elderly_headed_hh,percentiles_96_99,1994,55700.0,29900.0,6400.0,17800.0,1600.0
elderly_headed_hh,percentiles_96_99,1995,61100.0,33600.0,6300.0,19600.0,1600.0
elderly_headed_hh,percentiles_96_99,1996,63400.0,36100.0,6100.0,19600.0,1600.0
elderly_headed_hh,percentiles_96_99,1997,67300.0,39100.0,6300.0,20200.0,1700.0
elderly_headed_hh,percentiles_96_99,1998,67800.0,40900.0,6200.0,18900.0,1900.0
elderly_headed_hh,percentiles_96_99,1999,71500.0,44200.0,6100.0,19000.0,2200.0
elderly_headed_hh,percentiles_96_99,2000,74500.0,47800.0,6900.0,18000.0,1900.0
elderly_headed_hh,percentiles_96_99,2001,66000.0,43300.0,7500.0,13600.0,1600.0
elderly_headed_hh,percentiles_96_99,2002,62400.0,40600.0,7700.0,12600.0,1500.0
elderly_headed_hh,percentiles_96_99,2003,63500.0,36300.0,8500.0,17100.0,1600.0
elderly_headed_hh,percentiles_96_99,2004,67100.0,36700.0,8300.0,20100.0,2000.0
elderly_headed_hh,percentiles_96_99,2005,75800.0,40600.0,8400.0,25000.0,1900.0
elderly_headed_hh,percentiles_96_99,2006,78800.0,42400.0,8300.0,26500.0,1700.0
elderly_headed_hh,percentiles_96_99,2007,77700.0,45700.0,8400.0,22000.0,1600.0
elderly_headed_hh,percentiles_96_99,2008,67900.0,43400.0,10200.0,12900.0,1400.0
elderly_headed_hh,percentiles_96_99,2009,61200.0,37600.0,11700.0,10700.0,1200.0
elderly_headed_hh,percentiles_96_99,2010,66500.0,41200.0,11100.0,12900.0,1300.0
elderly_headed_hh,percentiles_96_99,2011,66100.0,42100.0,10000.0,12700.0,1300.0
elderly_headed_hh,percentiles_96_99,2012,71400.0,45400.0,10400.0,14100.0,1500.0
elderly_headed_hh,percentiles_96_99,2013,77000.0,45500.0,11900.0,18000.0,1500.0
elderly_headed_hh,percentiles_96_99,2014,80200.0,48000.0,11300.0,19300.0,1500.0
elderly_headed_hh,percentiles_96_99,2015,83200.0,51000.0,12500.0,18100.0,1600.0
elderly_headed_hh,top_1_percent,1979,213300.0,125900.0,2600.0,81600.0,3200.0
elderly_headed_hh,top_1_percent,1980,187100.0,122100.0,2600.0,59900.0,2400.0
elderly_headed_hh,top_1_percent,1981,172600.0,120500.0,3500.0,46600.0,2000.0
elderly_headed_hh,top_1_percent,1982,151300.0,115800.0,4300.0,29200.0,2100.0
elderly_headed_hh,top_1_percent,1983,167800.0,119900.0,4600.0,40600.0,2600.0
elderly_headed_hh,top_1_percent,1984,183800.0,129400.0,4700.0,47500.0,2200.0
elderly_headed_hh,top_1_percent,1985,196700.0,142400.0,5500.0,46300.0,2600.0
elderly_headed_hh,top_1_percent,1986,220200.0,161400.0,5100.0,49700.0,4100.0
elderly_headed_hh,top_1_percent,1987,219100.0,141800.0,5000.0,68800.0,3400.0
elderly_headed_hh,top_1_percent,1988,276900.0,183800.0,5600.0,83400.0,4000.0
elderly_headed_hh,top_1_percent,1989,238100.0,156000.0,5400.0,74100.0,2600.0
elderly_headed_hh,top_1_percent,1990,232200.0,153400.0,5900.0,70200.0,2700.0
elderly_headed_hh,top_1_percent,1991,198500.0,128300.0,6900.0,60300.0,3000.0
elderly_headed_hh,top_1_percent,1992,250000.0,158800.0,8000.0,79700.0,3400.0
elderly_headed_hh,top_1_percent,1993,257600.0,157300.0,7500.0,89400.0,3400.0
elderly_headed_hh,top_1_percent,1994,276600.0,164300.0,9700.0,99500.0,3100.0
elderly_headed_hh,top_1_percent,1995,308400.0,185300.0,10200.0,109500.0,3400.0
elderly_headed_hh,top_1_percent,1996,348900.0,218400.0,10500.0,116400.0,3600.0
elderly_headed_hh,top_1_percent,1997,389700.0,250700.0,11000.0,124100.0,3800.0
elderly_headed_hh,top_1_percent,1998,390100.0,257000.0,11300.0,117600.0,4200.0
elderly_headed_hh,top_1_percent,1999,430500.0,292100.0,13400.0,119900.0,5100.0
elderly_headed_hh,top_1_percent,2000,451900.0,315500.0,13400.0,118700.0,4300.0
elderly_headed_hh,top_1_percent,2001,391100.0,277100.0,13200.0,97300.0,3600.0
elderly_headed_hh,top_1_percent,2002,371700.0,254400.0,13200.0,99900.0,4200.0
elderly_headed_hh,top_1_percent,2003,381500.0,226200.0,13100.0,138200.0,4000.0
elderly_headed_hh,top_1_percent,2004,444700.0,255000.0,13300.0,170700.0,5700.0
elderly_headed_hh,top_1_percent,2005,519500.0,290400.0,13900.0,210300.0,4900.0
elderly_headed_hh,top_1_percent,2006,515000.0,286900.0,13600.0,209500.0,4900.0
elderly_headed_hh,top_1_percent,2007,559700.0,342700.0,15100.0,198100.0,3800.0
elderly_headed_hh,top_1_percent,2008,440800.0,292700.0,17200.0,127400.0,3600.0
elderly_headed_hh,top_1_percent,2009,376300.0,249800.0,18400.0,105400.0,2700.0
elderly_headed_hh,top_1_percent,2010,410200.0,255700.0,17600.0,133900.0,3100.0
elderly_headed_hh,top_1_percent,2011,449600.0,286000.0,18000.0,142200.0,3400.0
elderly_headed_hh,top_1_percent,2012,542600.0,341700.0,17600.0,179200.0,4100.0
elderly_headed_hh,top_1_percent,2013,503200.0,323100.0,20800.0,155700.0,3600.0
elderly_headed_hh,top_1_percent,2014,569700.0,373900.0,20700.0,171400.0,3700.0
elderly_headed_hh,top_1_percent,2015,576400.0,386600.0,23600.0,162600.0,3500.0
nonelderly_childless_hh,all_quintiles,1979,16200.0,8500.0,5000.0,2000.0,600.0
nonelderly_childless_hh,all_quintiles,1980,15900.0,8700.0,5000.0,1600.0,500.0
nonelderly_childless_hh,all_quintiles,1981,16100.0,8900.0,5400.0,1300.0,500.0
nonelderly_childless_hh,all_quintiles,1982,15100.0,8200.0,5500.0,800.0,500.0
nonelderly_childless_hh,all_quintiles,1983,14700.0,7500.0,5500.0,1000.0,600.0
nonelderly_childless_hh,all_quintiles,1984,15200.0,7600.0,5800.0,1200.0,600.0
nonelderly_childless_hh,all_quintiles,1985,16100.0,8000.0,6200.0,1200.0,600.0
nonelderly_childless_hh,all_quintiles,1986,17100.0,8600.0,6600.0,1200.0,600.0
nonelderly_childless_hh,all_quintiles,1987,17600.0,8600.0,6700.0,1600.0,700.0
nonelderly_childless_hh,all_quintiles,1988,18700.0,9200.0,7100.0,1700.0,700.0
nonelderly_childless_hh,all_quintiles,1989,18300.0,9000.0,7100.0,1600.0,700.0
nonelderly_childless_hh,all_quintiles,1990,18600.0,9100.0,7300.0,1500.0,700.0
nonelderly_childless_hh,all_quintiles,1991,18100.0,8700.0,7300.0,1400.0,700.0
nonelderly_childless_hh,all_quintiles,1992,18700.0,9100.0,7400.0,1500.0,700.0
nonelderly_childless_hh,all_quintiles,1993,18900.0,9000.0,7400.0,1700.0,800.0
nonelderly_childless_hh,all_quintiles,1994,19400.0,9100.0,7600.0,1900.0,800.0
nonelderly_childless_hh,all_quintiles,1995,19800.0,9300.0,7700.0,2000.0,800.0
nonelderly_childless_hh,all_quintiles,1996,20700.0,10100.0,7800.0,2100.0,700.0
nonelderly_childless_hh,all_quintiles,1997,21600.0,10800.0,8000.0,2200.0,700.0
nonelderly_childless_hh,all_quintiles,1998,22200.0,11200.0,8200.0,2000.0,800.0
nonelderly_childless_hh,all_quintiles,1999,23400.0,11900.0,8500.0,2100.0,800.0
nonelderly_childless_hh,all_quintiles,2000,23800.0,12400.0,8600.0,2000.0,800.0
nonelderly_childless_hh,all_quintiles,2001,21500.0,10700.0,8700.0,1400.0,700.0
nonelderly_childless_hh,all_quintiles,2002,19600.0,9400.0,8300.0,1200.0,700.0
nonelderly_childless_hh,all_quintiles,2003,19300.0,8600.0,8400.0,1600.0,700.0
nonelderly_childless_hh,all_quintiles,2004,20200.0,9100.0,8400.0,2000.0,700.0
nonelderly_childless_hh,all_quintiles,2005,21800.0,9900.0,8400.0,2800.0,700.0
nonelderly_childless_hh,all_quintiles,2006,22300.0,10000.0,8600.0,3000.0,700.0
nonelderly_childless_hh,all_quintiles,2007,21800.0,10000.0,8800.0,2400.0,600.0
nonelderly_childless_hh,all_quintiles,2008,19100.0,8400.0,8700.0,1500.0,600.0
nonelderly_childless_hh,all_quintiles,2009,17700.0,7500.0,8500.0,1100.0,600.0
nonelderly_childless_hh,all_quintiles,2010,17900.0,7700.0,8200.0,1400.0,600.0
nonelderly_childless_hh,all_quintiles,2011,17600.0,8400.0,7200.0,1500.0,600.0
nonelderly_childless_hh,all_quintiles,2012,18800.0,9200.0,7300.0,1700.0,700.0
nonelderly_childless_hh,all_quintiles,2013,20100.0,9100.0,8500.0,1800.0,700.0
nonelderly_childless_hh,all_quintiles,2014,21300.0,9800.0,8700.0,2000.0,700.0
nonelderly_childless_hh,all_quintiles,2015,21400.0,9800.0,9000.0,1800.0,800.0
nonelderly_childless_hh,lowest_quintile,1979,1200.0,,600.0,200.0,300.0
nonelderly_childless_hh,lowest_quintile,1980,1000.0,,600.0,100.0,200.0
nonelderly_childless_hh,lowest_quintile,1981,1000.0,,600.0,100.0,200.0
nonelderly_childless_hh,lowest_quintile,1982,900.0,,600.0,100.0,200.0
nonelderly_childless_hh,lowest_quintile,1983,1000.0,,600.0,100.0,300.0
nonelderly_childless_hh,lowest_quintile,1984,1100.0,100.0,600.0,100.0,300.0
nonelderly_childless_hh,lowest_quintile,1985,1200.0,,700.0,100.0,300.0
nonelderly_childless_hh,lowest_quintile,1986,1100.0,,700.0,100.0,300.0
nonelderly_childless_hh,lowest_quintile,1987,1300.0,,700.0,100.0,400.0
nonelderly_childless_hh,lowest_quintile,1988,1300.0,,800.0,100.0,400.0
nonelderly_childless_hh,lowest_quintile,1989,1300.0,,900.0,100.0,400.0
nonelderly_childless_hh,lowest_quintile,1990,1400.0,,1000.0,100.0,400.0
nonelderly_childless_hh,lowest_quintile,1991,1400.0,-100.0,900.0,100.0,400.0
nonelderly_childless_hh,lowest_quintile,1992,1400.0,-100.0,900.0,100.0,500.0
nonelderly_childless_hh,lowest_quintile,1993,1300.0,-100.0,800.0,100.0,400.0
nonelderly_childless_hh,lowest_quintile,1994,1100.0,-300.0,800.0,100.0,500.0
nonelderly_childless_hh,lowest_quintile,1995,1200.0,-300.0,900.0,200.0,400.0
nonelderly_childless_hh,lowest_quintile,1996,1000.0,-300.0,800.0,100.0,400.0
nonelderly_childless_hh,lowest_quintile,1997,1100.0,-200.0,800.0,100.0,400.0
nonelderly_childless_hh,lowest_quintile,1998,1200.0,-200.0,900.0,100.0,400.0
nonelderly_childless_hh,lowest_quintile,1999,1300.0,-300.0,1000.0,100.0,400.0
nonelderly_childless_hh,lowest_quintile,2000,1300.0,-300.0,1000.0,100.0,500.0
nonelderly_childless_hh,lowest_quintile,2001,1200.0,-300.0,900.0,100.0,400.0
nonelderly_childless_hh,lowest_quintile,2002,1000.0,-300.0,800.0,100.0,400.0
nonelderly_childless_hh,lowest_quintile,2003,1000.0,-300.0,800.0,100.0,400.0
nonelderly_childless_hh,lowest_quintile,2004,900.0,-300.0,800.0,100.0,300.0
nonelderly_childless_hh,lowest_quintile,2005,1100.0,-300.0,900.0,200.0,400.0
nonelderly_childless_hh,lowest_quintile,2006,1200.0,-400.0,1000.0,200.0,500.0
nonelderly_childless_hh,lowest_quintile,2007,1300.0,-400.0,1200.0,200.0,400.0
nonelderly_childless_hh,lowest_quintile,2008,700.0,-900.0,1100.0,100.0,400.0
nonelderly_childless_hh,lowest_quintile,2009,600.0,-800.0,900.0,100.0,400.0
nonelderly_childless_hh,lowest_quintile,2010,700.0,-800.0,1000.0,100.0,500.0
nonelderly_childless_hh,lowest_quintile,2011,800.0,-600.0,800.0,100.0,500.0
nonelderly_childless_hh,lowest_quintile,2012,800.0,-500.0,700.0,100.0,400.0
nonelderly_childless_hh,lowest_quintile,2013,1000.0,-600.0,1000.0,100.0,500.0
nonelderly_childless_hh,lowest_quintile,2014,800.0,-700.0,900.0,100.0,500.0
nonelderly_childless_hh,lowest_quintile,2015,700.0,-800.0,900.0,100.0,500.0
nonelderly_childless_hh,second_quintile,1979,4700.0,1300.0,2500.0,500.0,400.0
nonelderly_childless_hh,second_quintile,1980,4400.0,1300.0,2300.0,400.0,400.0
nonelderly_childless_hh,second_quintile,1981,4600.0,1400.0,2500.0,300.0,300.0
nonelderly_childless_hh,second_quintile,1982,4200.0,1200.0,2400.0,200.0,300.0
nonelderly_childless_hh,second_quintile,1983,4000.0,1000.0,2300.0,300.0,400.0
nonelderly_childless_hh,second_quintile,1984,4400.0,1200.0,2500.0,400.0,400.0
nonelderly_childless_hh,second_quintile,1985,4700.0,1200.0,2700.0,300.0,400.0
nonelderly_childless_hh,second_quintile,1986,4500.0,1100.0,2700.0,300.0,400.0
nonelderly_childless_hh,second_quintile,1987,4500.0,900.0,2700.0,400.0,500.0
nonelderly_childless_hh,second_quintile,1988,4700.0,1000.0,2900.0,400.0,500.0
nonelderly_childless_hh,second_quintile,1989,4700.0,1000.0,3000.0,400.0,400.0
nonelderly_childless_hh,second_quintile,1990,5000.0,1100.0,3100.0,400.0,400.0
nonelderly_childless_hh,second_quintile,1991,4700.0,900.0,3000.0,300.0,500.0
nonelderly_childless_hh,second_quintile,1992,4600.0,800.0,2900.0,300.0,500.0
nonelderly_childless_hh,second_quintile,1993,4500.0,800.0,2900.0,400.0,500.0
nonelderly_childless_hh,second_quintile,1994,4500.0,600.0,2900.0,400.0,600.0
nonelderly_childless_hh,second_quintile,1995,4900.0,700.0,3100.0,500.0,600.0
nonelderly_childless_hh,second_quintile,1996,4800.0,700.0,3100.0,400.0,500.0
nonelderly_childless_hh,second_quintile,1997,5100.0,800.0,3300.0,500.0,500.0
nonelderly_childless_hh,second_quintile,1998,5100.0,700.0,3400.0,400.0,500.0
nonelderly_childless_hh,second_quintile,1999,5300.0,700.0,3600.0,400.0,600.0
nonelderly_childless_hh,second_quintile,2000,5500.0,900.0,3600.0,400.0,500.0
nonelderly_childless_hh,second_quintile,2001,4700.0,400.0,3500.0,300.0,600.0
nonelderly_childless_hh,second_quintile,2002,4400.0,200.0,3400.0,200.0,500.0
nonelderly_childless_hh,second_quintile,2003,4200.0,,3300.0,300.0,500.0
nonelderly_childless_hh,second_quintile,2004,4300.0,,3400.0,400.0,500.0
nonelderly_childless_hh,second_quintile,2005,4700.0,100.0,3500.0,500.0,500.0
nonelderly_childless_hh,second_quintile,2006,4700.0,100.0,3600.0,500.0,500.0
nonelderly_childless_hh,second_quintile,2007,4900.0,300.0,3700.0,500.0,400.0
nonelderly_childless_hh,second_quintile,2008,3500.0,-700.0,3600.0,300.0,400.0
nonelderly_childless_hh,second_quintile,2009,3000.0,-900.0,3300.0,200.0,400.0
nonelderly_childless_hh,second_quintile,2010,3300.0,-800.0,3300.0,300.0,500.0
nonelderly_childless_hh,second_quintile,2011,3300.0,-400.0,2900.0,300.0,500.0
nonelderly_childless_hh,second_quintile,2012,3300.0,-300.0,2800.0,300.0,500.0
nonelderly_childless_hh,second_quintile,2013,3900.0,-300.0,3300.0,300.0,500.0
nonelderly_childless_hh,second_quintile,2014,3800.0,-500.0,3400.0,400.0,500.0
nonelderly_childless_hh,second_quintile,2015,4000.0,-500.0,3600.0,400.0,500.0
nonelderly_childless_hh,middle_quintile,1979,8900.0,3500.0,4000.0,800.0,600.0
nonelderly_childless_hh,middle_quintile,1980,8700.0,3600.0,3900.0,700.0,500.0
nonelderly_childless_hh,middle_quintile,1981,9000.0,3800.0,4200.0,500.0,400.0
nonelderly_childless_hh,middle_quintile,1982,8300.0,3400.0,4200.0,300.0,400.0
nonelderly_childless_hh,middle_quintile,1983,8100.0,3100.0,4100.0,400.0,500.0
nonelderly_childless_hh,middle_quintile,1984,8700.0,3200.0,4400.0,600.0,500.0
nonelderly_childless_hh,middle_quintile,1985,8900.0,3300.0,4600.0,500.0,500.0
nonelderly_childless_hh,middle_quintile,1986,9200.0,3300.0,4800.0,500.0,500.0
nonelderly_childless_hh,middle_quintile,1987,9100.0,3100.0,4800.0,600.0,600.0
nonelderly_childless_hh,middle_quintile,1988,9300.0,3100.0,5000.0,600.0,500.0
nonelderly_childless_hh,middle_quintile,1989,9300.0,3100.0,5100.0,600.0,500.0
nonelderly_childless_hh,middle_quintile,1990,9500.0,3200.0,5200.0,600.0,500.0
nonelderly_childless_hh,middle_quintile,1991,9200.0,3100.0,5100.0,500.0,600.0
nonelderly_childless_hh,middle_quintile,1992,9300.0,3000.0,5200.0,600.0,600.0
nonelderly_childless_hh,middle_quintile,1993,9200.0,2900.0,5000.0,600.0,600.0
nonelderly_childless_hh,middle_quintile,1994,9300.0,2900.0,5000.0,700.0,700.0
nonelderly_childless_hh,middle_quintile,1995,9800.0,3000.0,5300.0,700.0,700.0
nonelderly_childless_hh,middle_quintile,1996,9900.0,3100.0,5400.0,800.0,600.0
nonelderly_childless_hh,middle_quintile,1997,10200.0,3200.0,5600.0,700.0,600.0
nonelderly_childless_hh,middle_quintile,1998,10400.0,3300.0,5800.0,700.0,600.0
nonelderly_childless_hh,middle_quintile,1999,10800.0,3400.0,6000.0,700.0,700.0
nonelderly_childless_hh,middle_quintile,2000,10800.0,3500.0,6000.0,700.0,600.0
nonelderly_childless_hh,middle_quintile,2001,9900.0,2700.0,6100.0,500.0,600.0
nonelderly_childless_hh,middle_quintile,2002,9400.0,2500.0,5900.0,400.0,700.0
nonelderly_childless_hh,middle_quintile,2003,9200.0,2200.0,5800.0,500.0,600.0
nonelderly_childless_hh,middle_quintile,2004,9500.0,2200.0,6000.0,600.0,600.0
nonelderly_childless_hh,middle_quintile,2005,9800.0,2400.0,6000.0,800.0,600.0
nonelderly_childless_hh,middle_quintile,2006,10000.0,2400.0,6100.0,900.0,600.0
nonelderly_childless_hh,middle_quintile,2007,10300.0,2600.0,6400.0,800.0,500.0
nonelderly_childless_hh,middle_quintile,2008,8400.0,1300.0,6200.0,500.0,500.0
nonelderly_childless_hh,middle_quintile,2009,7800.0,1100.0,5900.0,400.0,500.0
nonelderly_childless_hh,middle_quintile,2010,8100.0,1300.0,5800.0,500.0,500.0
nonelderly_childless_hh,middle_quintile,2011,7800.0,1800.0,5000.0,500.0,500.0
nonelderly_childless_hh,middle_quintile,2012,8000.0,1900.0,5000.0,500.0,500.0
nonelderly_childless_hh,middle_quintile,2013,9100.0,2000.0,6000.0,600.0,600.0
nonelderly_childless_hh,middle_quintile,2014,9400.0,2000.0,6100.0,700.0,600.0
nonelderly_childless_hh,middle_quintile,2015,9600.0,2000.0,6400.0,600.0,600.0
nonelderly_childless_hh,fourth_quintile,1979,14500.0,6800.0,5900.0,1200.0,600.0
nonelderly_childless_hh,fourth_quintile,1980,14400.0,7000.0,5800.0,1000.0,500.0
nonelderly_childless_hh,fourth_quintile,1981,15000.0,7300.0,6400.0,800.0,500.0
nonelderly_childless_hh,fourth_quintile,1982,14000.0,6700.0,6300.0,500.0,500.0
nonelderly_childless_hh,fourth_quintile,1983,13700.0,6100.0,6300.0,700.0,600.0
nonelderly_childless_hh,fourth_quintile,1984,14300.0,6200.0,6700.0,800.0,700.0
nonelderly_childless_hh,fourth_quintile,1985,14700.0,6300.0,7100.0,700.0,600.0
nonelderly_childless_hh,fourth_quintile,1986,15500.0,6500.0,7500.0,800.0,600.0
nonelderly_childless_hh,fourth_quintile,1987,15300.0,6100.0,7500.0,1000.0,700.0
nonelderly_childless_hh,fourth_quintile,1988,15800.0,6200.0,7900.0,1000.0,700.0
nonelderly_childless_hh,fourth_quintile,1989,15900.0,6300.0,7900.0,900.0,700.0
nonelderly_childless_hh,fourth_quintile,1990,15800.0,6200.0,8100.0,900.0,700.0
nonelderly_childless_hh,fourth_quintile,1991,15600.0,6100.0,7900.0,800.0,700.0
nonelderly_childless_hh,fourth_quintile,1992,15500.0,5900.0,8000.0,800.0,700.0
nonelderly_childless_hh,fourth_quintile,1993,15500.0,5900.0,7900.0,1000.0,700.0
nonelderly_childless_hh,fourth_quintile,1994,15800.0,5900.0,8000.0,1000.0,800.0
nonelderly_childless_hh,fourth_quintile,1995,16300.0,6100.0,8200.0,1100.0,800.0
nonelderly_childless_hh,fourth_quintile,1996,16700.0,6300.0,8400.0,1200.0,800.0
nonelderly_childless_hh,fourth_quintile,1997,17100.0,6600.0,8600.0,1200.0,800.0
nonelderly_childless_hh,fourth_quintile,1998,17900.0,6900.0,9100.0,1100.0,800.0
nonelderly_childless_hh,fourth_quintile,1999,18400.0,7100.0,9300.0,1100.0,800.0
nonelderly_childless_hh,fourth_quintile,2000,18600.0,7300.0,9400.0,1100.0,800.0
nonelderly_childless_hh,fourth_quintile,2001,17300.0,6400.0,9400.0,700.0,800.0
nonelderly_childless_hh,fourth_quintile,2002,16600.0,6000.0,9200.0,600.0,800.0
nonelderly_childless_hh,fourth_quintile,2003,16400.0,5600.0,9200.0,800.0,800.0
nonelderly_childless_hh,fourth_quintile,2004,17000.0,5700.0,9400.0,1000.0,800.0
nonelderly_childless_hh,fourth_quintile,2005,17500.0,5900.0,9500.0,1300.0,700.0
nonelderly_childless_hh,fourth_quintile,2006,18000.0,6000.0,9700.0,1500.0,700.0
nonelderly_childless_hh,fourth_quintile,2007,18200.0,6200.0,10000.0,1300.0,600.0
nonelderly_childless_hh,fourth_quintile,2008,15900.0,4800.0,9800.0,800.0,600.0
nonelderly_childless_hh,fourth_quintile,2009,15200.0,4500.0,9500.0,600.0,600.0
nonelderly_childless_hh,fourth_quintile,2010,15700.0,4900.0,9400.0,800.0,600.0
nonelderly_childless_hh,fourth_quintile,2011,15300.0,5700.0,8200.0,800.0,600.0
nonelderly_childless_hh,fourth_quintile,2012,15600.0,5800.0,8200.0,900.0,600.0
nonelderly_childless_hh,fourth_quintile,2013,17400.0,6000.0,9700.0,1000.0,700.0
nonelderly_childless_hh,fourth_quintile,2014,18000.0,6100.0,10000.0,1100.0,800.0
nonelderly_childless_hh,fourth_quintile,2015,18700.0,6400.0,10400.0,1100.0,800.0
nonelderly_childless_hh,highest_quintile,1979,34600.0,20300.0,8400.0,4900.0,1000.0
nonelderly_childless_hh,highest_quintile,1980,34100.0,20900.0,8400.0,3900.0,800.0
nonelderly_childless_hh,highest_quintile,1981,34100.0,21000.0,9300.0,3100.0,700.0
nonelderly_childless_hh,highest_quintile,1982,31800.0,19500.0,9600.0,1900.0,800.0
nonelderly_childless_hh,highest_quintile,1983,31600.0,18300.0,10000.0,2500.0,900.0
nonelderly_childless_hh,highest_quintile,1984,33800.0,19100.0,10800.0,3000.0,1000.0
nonelderly_childless_hh,highest_quintile,1985,34700.0,19700.0,11200.0,2900.0,1000.0
nonelderly_childless_hh,highest_quintile,1986,37600.0,21600.0,11900.0,3100.0,1000.0
nonelderly_childless_hh,highest_quintile,1987,38800.0,21900.0,12100.0,3700.0,1000.0
nonelderly_childless_hh,highest_quintile,1988,41700.0,23800.0,12800.0,4100.0,1000.0
nonelderly_childless_hh,highest_quintile,1989,40800.0,23100.0,12900.0,3900.0,1000.0
nonelderly_childless_hh,highest_quintile,1990,40900.0,23100.0,13100.0,3800.0,900.0
nonelderly_childless_hh,highest_quintile,1991,39800.0,22100.0,13400.0,3300.0,1000.0
nonelderly_childless_hh,highest_quintile,1992,41600.0,23400.0,13500.0,3700.0,1000.0
nonelderly_childless_hh,highest_quintile,1993,42500.0,23400.0,13600.0,4400.0,1100.0
nonelderly_childless_hh,highest_quintile,1994,44200.0,24000.0,14200.0,4800.0,1200.0
nonelderly_childless_hh,highest_quintile,1995,46300.0,25400.0,14500.0,5200.0,1200.0
nonelderly_childless_hh,highest_quintile,1996,48900.0,27500.0,14800.0,5500.0,1100.0
nonelderly_childless_hh,highest_quintile,1997,52300.0,30100.0,15300.0,5900.0,1100.0
nonelderly_childless_hh,highest_quintile,1998,54900.0,32200.0,15900.0,5700.0,1200.0
nonelderly_childless_hh,highest_quintile,1999,58200.0,34600.0,16500.0,5800.0,1300.0
nonelderly_childless_hh,highest_quintile,2000,60900.0,37000.0,16800.0,5800.0,1200.0
nonelderly_childless_hh,highest_quintile,2001,53300.0,31300.0,17100.0,3800.0,1100.0
nonelderly_childless_hh,highest_quintile,2002,49200.0,28200.0,16800.0,3200.0,1100.0
nonelderly_childless_hh,highest_quintile,2003,48300.0,25700.0,17000.0,4500.0,1100.0
nonelderly_childless_hh,highest_quintile,2004,52300.0,28100.0,17100.0,6000.0,1100.0
nonelderly_childless_hh,highest_quintile,2005,58500.0,31500.0,17300.0,8600.0,1100.0
nonelderly_childless_hh,highest_quintile,2006,59400.0,31900.0,17500.0,9000.0,1100.0
nonelderly_childless_hh,highest_quintile,2007,58700.0,32400.0,18100.0,7300.0,900.0
nonelderly_childless_hh,highest_quintile,2008,52800.0,29300.0,18200.0,4400.0,900.0
nonelderly_childless_hh,highest_quintile,2009,47800.0,25900.0,17900.0,3300.0,900.0
nonelderly_childless_hh,highest_quintile,2010,50300.0,27200.0,17800.0,4500.0,900.0
nonelderly_childless_hh,highest_quintile,2011,49800.0,28600.0,15700.0,4500.0,900.0
nonelderly_childless_hh,highest_quintile,2012,54000.0,31400.0,16000.0,5600.0,1000.0
nonelderly_childless_hh,highest_quintile,2013,57200.0,31700.0,18800.0,5600.0,1100.0
nonelderly_childless_hh,highest_quintile,2014,60700.0,34100.0,19100.0,6300.0,1200.0
nonelderly_childless_hh,highest_quintile,2015,61200.0,34500.0,19700.0,5700.0,1200.0
nonelderly_childless_hh,percentiles_81_90,1979,21500.0,11100.0,7800.0,1900.0,800.0
nonelderly_childless_hh,percentiles_81_90,1980,21500.0,11600.0,7700.0,1500.0,700.0
nonelderly_childless_hh,percentiles_81_90,1981,22200.0,12000.0,8400.0,1200.0,600.0
nonelderly_childless_hh,percentiles_81_90,1982,20800.0,11000.0,8400.0,800.0,600.0
nonelderly_childless_hh,percentiles_81_90,1983,20500.0,10100.0,8800.0,900.0,700.0
nonelderly_childless_hh,percentiles_81_90,1984,22000.0,10400.0,9600.0,1100.0,800.0
nonelderly_childless_hh,percentiles_81_90,1985,21800.0,10300.0,9800.0,1000.0,800.0
nonelderly_childless_hh,percentiles_81_90,1986,23200.0,10800.0,10500.0,1100.0,800.0
nonelderly_childless_hh,percentiles_81_90,1987,23500.0,10700.0,10600.0,1400.0,800.0
nonelderly_childless_hh,percentiles_81_90,1988,24000.0,10700.0,11100.0,1400.0,800.0
nonelderly_childless_hh,percentiles_81_90,1989,24400.0,11100.0,11100.0,1400.0,800.0
nonelderly_childless_hh,percentiles_81_90,1990,24100.0,10700.0,11200.0,1300.0,800.0
nonelderly_childless_hh,percentiles_81_90,1991,23400.0,10400.0,10900.0,1200.0,800.0
nonelderly_childless_hh,percentiles_81_90,1992,23400.0,10300.0,11100.0,1200.0,900.0
nonelderly_childless_hh,percentiles_81_90,1993,23600.0,10200.0,11200.0,1400.0,900.0
nonelderly_childless_hh,percentiles_81_90,1994,24500.0,10500.0,11500.0,1500.0,1000.0
nonelderly_childless_hh,percentiles_81_90,1995,25200.0,10800.0,11600.0,1700.0,900.0
nonelderly_childless_hh,percentiles_81_90,1996,25900.0,11300.0,12000.0,1800.0,900.0
nonelderly_childless_hh,percentiles_81_90,1997,27100.0,11800.0,12500.0,1800.0,900.0
nonelderly_childless_hh,percentiles_81_90,1998,28000.0,12400.0,13000.0,1700.0,1000.0
nonelderly_childless_hh,percentiles_81_90,1999,29100.0,13000.0,13400.0,1700.0,1000.0
nonelderly_childless_hh,percentiles_81_90,2000,29700.0,13500.0,13500.0,1700.0,900.0
nonelderly_childless_hh,percentiles_81_90,2001,27700.0,12100.0,13600.0,1100.0,900.0
nonelderly_childless_hh,percentiles_81_90,2002,26600.0,11500.0,13300.0,1000.0,900.0
nonelderly_childless_hh,percentiles_81_90,2003,26100.0,10500.0,13500.0,1300.0,900.0
nonelderly_childless_hh,percentiles_81_90,2004,27000.0,10800.0,13600.0,1600.0,900.0
nonelderly_childless_hh,percentiles_81_90,2005,27800.0,10900.0,13900.0,2200.0,900.0
nonelderly_childless_hh,percentiles_81_90,2006,28700.0,11400.0,14100.0,2500.0,800.0
nonelderly_childless_hh,percentiles_81_90,2007,29200.0,11700.0,14600.0,2100.0,800.0
nonelderly_childless_hh,percentiles_81_90,2008,26600.0,10300.0,14400.0,1200.0,700.0
nonelderly_childless_hh,percentiles_81_90,2009,25200.0,9600.0,14000.0,900.0,700.0
nonelderly_childless_hh,percentiles_81_90,2010,26100.0,10200.0,13900.0,1300.0,700.0
nonelderly_childless_hh,percentiles_81_90,2011,25600.0,11400.0,12200.0,1300.0,700.0
nonelderly_childless_hh,percentiles_81_90,2012,26400.0,11700.0,12500.0,1500.0,800.0
nonelderly_childless_hh,percentiles_81_90,2013,29300.0,12100.0,14700.0,1700.0,800.0
nonelderly_childless_hh,percentiles_81_90,2014,30300.0,12600.0,15000.0,1900.0,900.0
nonelderly_childless_hh,percentiles_81_90,2015,31800.0,13400.0,15700.0,1800.0,1000.0
nonelderly_childless_hh,percentiles_91_95,1979,29100.0,16200.0,9200.0,2700.0,900.0
nonelderly_childless_hh,percentiles_91_95,1980,29200.0,17000.0,9100.0,2300.0,800.0
nonelderly_childless_hh,percentiles_91_95,1981,30100.0,17600.0,10000.0,1800.0,700.0
nonelderly_childless_hh,percentiles_91_95,1982,27700.0,15700.0,10300.0,1000.0,700.0
nonelderly_childless_hh,percentiles_91_95,1983,27600.0,14700.0,10700.0,1400.0,800.0
nonelderly_childless_hh,percentiles_91_95,1984,29300.0,15100.0,11700.0,1600.0,900.0
nonelderly_childless_hh,percentiles_91_95,1985,29500.0,15000.0,12000.0,1500.0,900.0
nonelderly_childless_hh,percentiles_91_95,1986,31200.0,15900.0,12800.0,1600.0,900.0
nonelderly_childless_hh,percentiles_91_95,1987,32800.0,16700.0,13000.0,2200.0,1000.0
nonelderly_childless_hh,percentiles_91_95,1988,33400.0,16600.0,13800.0,2100.0,1000.0
nonelderly_childless_hh,percentiles_91_95,1989,33800.0,16900.0,13900.0,2100.0,900.0
nonelderly_childless_hh,percentiles_91_95,1990,33100.0,16300.0,13900.0,2000.0,900.0
nonelderly_childless_hh,percentiles_91_95,1991,32700.0,15800.0,14100.0,1800.0,900.0
nonelderly_childless_hh,percentiles_91_95,1992,32900.0,15800.0,14100.0,1900.0,1000.0
nonelderly_childless_hh,percentiles_91_95,1993,33500.0,15900.0,14200.0,2300.0,1100.0
nonelderly_childless_hh,percentiles_91_95,1994,34200.0,16200.0,14600.0,2300.0,1100.0
nonelderly_childless_hh,percentiles_91_95,1995,35500.0,16800.0,15000.0,2600.0,1100.0
nonelderly_childless_hh,percentiles_91_95,1996,37300.0,17900.0,15500.0,2900.0,1000.0
nonelderly_childless_hh,percentiles_91_95,1997,38800.0,19100.0,15700.0,2900.0,1100.0
nonelderly_childless_hh,percentiles_91_95,1998,40400.0,20100.0,16500.0,2700.0,1100.0
nonelderly_childless_hh,percentiles_91_95,1999,42400.0,21500.0,17000.0,2800.0,1200.0
nonelderly_childless_hh,percentiles_91_95,2000,42900.0,22000.0,17100.0,2700.0,1100.0
nonelderly_childless_hh,percentiles_91_95,2001,40600.0,20200.0,17700.0,1700.0,1000.0
nonelderly_childless_hh,percentiles_91_95,2002,38300.0,18700.0,17200.0,1500.0,1000.0
nonelderly_childless_hh,percentiles_91_95,2003,37500.0,17000.0,17600.0,1900.0,1000.0
nonelderly_childless_hh,percentiles_91_95,2004,39000.0,17700.0,17700.0,2500.0,1000.0
nonelderly_childless_hh,percentiles_91_95,2005,41100.0,18400.0,18100.0,3500.0,1000.0
nonelderly_childless_hh,percentiles_91_95,2006,42000.0,19000.0,18300.0,3800.0,1000.0
nonelderly_childless_hh,percentiles_91_95,2007,43200.0,19900.0,19000.0,3400.0,900.0
nonelderly_childless_hh,percentiles_91_95,2008,39700.0,18000.0,18900.0,1900.0,800.0
nonelderly_childless_hh,percentiles_91_95,2009,37500.0,16900.0,18400.0,1500.0,800.0
nonelderly_childless_hh,percentiles_91_95,2010,39200.0,17900.0,18400.0,2000.0,800.0
nonelderly_childless_hh,percentiles_91_95,2011,38500.0,19300.0,16400.0,1900.0,800.0
nonelderly_childless_hh,percentiles_91_95,2012,39900.0,20000.0,16700.0,2300.0,900.0
nonelderly_childless_hh,percentiles_91_95,2013,43800.0,20500.0,19700.0,2700.0,900.0
nonelderly_childless_hh,percentiles_91_95,2014,45900.0,21800.0,20000.0,3000.0,1100.0
nonelderly_childless_hh,percentiles_91_95,2015,47200.0,22700.0,20600.0,2800.0,1200.0
nonelderly_childless_hh,percentiles_96_99,1979,44300.0,27700.0,9100.0,6300.0,1200.0
nonelderly_childless_hh,percentiles_96_99,1980,43600.0,28400.0,9300.0,4900.0,1000.0
nonelderly_childless_hh,percentiles_96_99,1981,43900.0,28800.0,10400.0,3800.0,900.0
nonelderly_childless_hh,percentiles_96_99,1982,39900.0,25700.0,11200.0,2100.0,900.0
nonelderly_childless_hh,percentiles_96_99,1983,39300.0,23800.0,11600.0,2900.0,1000.0
nonelderly_childless_hh,percentiles_96_99,1984,41700.0,24600.0,12500.0,3400.0,1200.0
nonelderly_childless_hh,percentiles_96_99,1985,43100.0,25600.0,13200.0,3200.0,1200.0
nonelderly_childless_hh,percentiles_96_99,1986,47000.0,28200.0,14100.0,3500.0,1200.0
nonelderly_childless_hh,percentiles_96_99,1987,50000.0,29700.0,14500.0,4600.0,1200.0
nonelderly_childless_hh,percentiles_96_99,1988,50900.0,29800.0,15200.0,4700.0,1200.0
nonelderly_childless_hh,percentiles_96_99,1989,51700.0,30700.0,15400.0,4500.0,1100.0
nonelderly_childless_hh,percentiles_96_99,1990,50100.0,29000.0,15800.0,4200.0,1100.0
nonelderly_childless_hh,percentiles_96_99,1991,49600.0,28200.0,16600.0,3600.0,1200.0
nonelderly_childless_hh,percentiles_96_99,1992,51300.0,29100.0,16900.0,4100.0,1200.0
nonelderly_childless_hh,percentiles_96_99,1993,52600.0,29100.0,17200.0,4900.0,1400.0
nonelderly_childless_hh,percentiles_96_99,1994,54600.0,30500.0,17700.0,5000.0,1400.0
nonelderly_childless_hh,percentiles_96_99,1995,57900.0,32300.0,18200.0,6000.0,1400.0
nonelderly_childless_hh,percentiles_96_99,1996,60100.0,34500.0,18300.0,6000.0,1300.0
nonelderly_childless_hh,percentiles_96_99,1997,64100.0,37500.0,18800.0,6400.0,1300.0
nonelderly_childless_hh,percentiles_96_99,1998,67700.0,40700.0,19500.0,6000.0,1400.0
nonelderly_childless_hh,percentiles_96_99,1999,72200.0,44000.0,20300.0,6400.0,1500.0
nonelderly_childless_hh,percentiles_96_99,2000,74100.0,45700.0,21000.0,6100.0,1400.0
nonelderly_childless_hh,percentiles_96_99,2001,67100.0,40400.0,21600.0,3900.0,1300.0
nonelderly_childless_hh,percentiles_96_99,2002,62900.0,37000.0,21500.0,3200.0,1200.0
nonelderly_childless_hh,percentiles_96_99,2003,62100.0,34200.0,22100.0,4500.0,1300.0
nonelderly_childless_hh,percentiles_96_99,2004,65800.0,36700.0,21800.0,6000.0,1300.0
nonelderly_childless_hh,percentiles_96_99,2005,71600.0,40100.0,21500.0,8700.0,1300.0
nonelderly_childless_hh,percentiles_96_99,2006,75300.0,42700.0,22000.0,9300.0,1300.0
nonelderly_childless_hh,percentiles_96_99,2007,76400.0,44500.0,22700.0,8000.0,1100.0
nonelderly_childless_hh,percentiles_96_99,2008,68600.0,40100.0,23000.0,4300.0,1200.0
nonelderly_childless_hh,percentiles_96_99,2009,63700.0,36100.0,23400.0,3100.0,1100.0
nonelderly_childless_hh,percentiles_96_99,2010,67500.0,38900.0,23300.0,4200.0,1100.0
nonelderly_childless_hh,percentiles_96_99,2011,66500.0,40500.0,20500.0,4300.0,1100.0
nonelderly_childless_hh,percentiles_96_99,2012,71500.0,44300.0,20900.0,5100.0,1200.0
nonelderly_childless_hh,percentiles_96_99,2013,76800.0,44700.0,24600.0,6200.0,1300.0
nonelderly_childless_hh,percentiles_96_99,2014,81100.0,47700.0,24900.0,7100.0,1500.0
nonelderly_childless_hh,percentiles_96_99,2015,83800.0,50100.0,25600.0,6600.0,1500.0
nonelderly_childless_hh,top_1_percent,1979,177600.0,119300.0,6700.0,49400.0,2200.0
nonelderly_childless_hh,top_1_percent,1980,163800.0,117000.0,7100.0,37700.0,1900.0
nonelderly_childless_hh,top_1_percent,1981,145800.0,106200.0,8300.0,29600.0,1700.0
nonelderly_childless_hh,top_1_percent,1982,145100.0,111900.0,11000.0,20600.0,1700.0
nonelderly_childless_hh,top_1_percent,1983,144800.0,106600.0,11100.0,24800.0,2300.0
nonelderly_childless_hh,top_1_percent,1984,167000.0,121000.0,11200.0,32100.0,2700.0
nonelderly_childless_hh,top_1_percent,1985,176700.0,130600.0,11600.0,31800.0,2700.0
nonelderly_childless_hh,top_1_percent,1986,202800.0,153900.0,12000.0,33700.0,3200.0
nonelderly_childless_hh,top_1_percent,1987,208200.0,154200.0,13700.0,37900.0,2500.0
nonelderly_childless_hh,top_1_percent,1988,251500.0,188500.0,14800.0,45200.0,2900.0
nonelderly_childless_hh,top_1_percent,1989,226300.0,167400.0,15300.0,40900.0,2700.0
nonelderly_childless_hh,top_1_percent,1990,237600.0,176900.0,15600.0,42800.0,2400.0
nonelderly_childless_hh,top_1_percent,1991,213100.0,156600.0,19500.0,34500.0,2400.0
nonelderly_childless_hh,top_1_percent,1992,244800.0,182900.0,19500.0,40000.0,2300.0
nonelderly_childless_hh,top_1_percent,1993,253400.0,185100.0,19600.0,45900.0,2700.0
nonelderly_childless_hh,top_1_percent,1994,281200.0,196300.0,25500.0,56400.0,2900.0
nonelderly_childless_hh,top_1_percent,1995,299200.0,212600.0,25000.0,58400.0,3100.0
nonelderly_childless_hh,top_1_percent,1996,332700.0,241600.0,26300.0,62000.0,2800.0
nonelderly_childless_hh,top_1_percent,1997,388300.0,285700.0,28400.0,71200.0,3000.0
nonelderly_childless_hh,top_1_percent,1998,425200.0,317800.0,29700.0,74400.0,3200.0
nonelderly_childless_hh,top_1_percent,1999,430600.0,326000.0,31300.0,69900.0,3500.0
nonelderly_childless_hh,top_1_percent,2000,459300.0,353100.0,32800.0,70100.0,3400.0
nonelderly_childless_hh,top_1_percent,2001,358500.0,277200.0,32600.0,46100.0,2600.0
nonelderly_childless_hh,top_1_percent,2002,307500.0,234600.0,30500.0,39700.0,2600.0
nonelderly_childless_hh,top_1_percent,2003,308800.0,217200.0,30400.0,57900.0,3300.0
nonelderly_childless_hh,top_1_percent,2004,371600.0,257300.0,31600.0,79200.0,3500.0
nonelderly_childless_hh,top_1_percent,2005,481400.0,324800.0,32900.0,119200.0,4600.0
nonelderly_childless_hh,top_1_percent,2006,493500.0,330500.0,32600.0,126800.0,3500.0
nonelderly_childless_hh,top_1_percent,2007,452700.0,320600.0,33800.0,95600.0,2700.0
nonelderly_childless_hh,top_1_percent,2008,385900.0,286300.0,34700.0,61200.0,3700.0
nonelderly_childless_hh,top_1_percent,2009,321100.0,238900.0,33700.0,45500.0,2900.0
nonelderly_childless_hh,top_1_percent,2010,348700.0,247400.0,33800.0,64100.0,3300.0
nonelderly_childless_hh,top_1_percent,2011,347600.0,248700.0,31300.0,64300.0,3200.0
nonelderly_childless_hh,top_1_percent,2012,429800.0,307200.0,32700.0,86200.0,3700.0
nonelderly_childless_hh,top_1_percent,2013,427100.0,306900.0,38500.0,77400.0,4300.0
nonelderly_childless_hh,top_1_percent,2014,471700.0,344300.0,38900.0,85200.0,3400.0
nonelderly_childless_hh,top_1_percent,2015,469800.0,344200.0,41000.0,80900.0,3800.0
