household_type,income_group,year,inc_before_transfers_taxes,market_income,wages,employee_contrib_deferred_comp,employer_contrib_health_ins,employer_share_payroll_taxes,federal_unemployment_tax,corp_tax_borne_by_labor,business_income,capital_gains,tax_exempt_interest,taxable_interest,positive_rental_income,dividends,corp_tax_borne_by_capital,other_market_income,social_insurance_benefits,social_security,medicare,unemployment_insurance,workers_compensation
all_households,all_quintiles,1979,65300.0,60700.0,42100.0,0.0,1900.0,2100.0,100.0,600.0,3000.0,2400.0,200.0,2600.0,500.0,1200.0,1700.0,2400.0,4600.0,3300.0,900.0,200.0,100.0
all_households,all_quintiles,1980,63400.0,58500.0,40900.0,0.0,1600.0,2100.0,100.0,400.0,2400.0,2200.0,200.0,3200.0,500.0,1200.0,1300.0,2400.0,4900.0,3400.0,1000.0,400.0,100.0
all_households,all_quintiles,1981,63600.0,58500.0,40800.0,0.0,1600.0,2300.0,100.0,400.0,1900.0,2100.0,200.0,3900.0,600.0,1300.0,1100.0,2400.0,5100.0,3600.0,1100.0,300.0,100.0
all_households,all_quintiles,1982,63700.0,58100.0,40500.0,0.0,1800.0,2300.0,100.0,200.0,1700.0,2200.0,200.0,4100.0,600.0,1400.0,700.0,2400.0,5600.0,3700.0,1200.0,500.0,100.0
all_households,all_quintiles,1983,64400.0,58700.0,40100.0,0.0,1800.0,2300.0,100.0,300.0,2000.0,2900.0,300.0,3800.0,600.0,1200.0,900.0,2500.0,5700.0,3800.0,1300.0,500.0,200.0
all_households,all_quintiles,1984,68000.0,62500.0,41800.0,200.0,1800.0,2500.0,100.0,300.0,2700.0,3100.0,400.0,4100.0,600.0,1200.0,1000.0,2700.0,5500.0,3800.0,1300.0,300.0,200.0
all_households,all_quintiles,1985,69100.0,63400.0,42300.0,300.0,1900.0,2600.0,100.0,300.0,2300.0,3600.0,400.0,4000.0,600.0,1200.0,1000.0,2800.0,5600.0,3800.0,1400.0,300.0,200.0
all_households,all_quintiles,1986,73700.0,67900.0,43100.0,400.0,1900.0,2700.0,100.0,300.0,2700.0,6800.0,500.0,3600.0,500.0,1300.0,1000.0,2800.0,5800.0,3900.0,1500.0,300.0,200.0
all_households,all_quintiles,1987,71300.0,65700.0,43800.0,400.0,2100.0,2700.0,100.0,400.0,3200.0,2800.0,600.0,3500.0,500.0,1400.0,1300.0,2900.0,5700.0,3800.0,1500.0,300.0,200.0
all_households,all_quintiles,1988,74400.0,68600.0,44600.0,500.0,2200.0,2800.0,100.0,400.0,3900.0,2900.0,600.0,3600.0,500.0,1500.0,1300.0,3500.0,5700.0,3800.0,1500.0,200.0,200.0
all_households,all_quintiles,1989,74900.0,69000.0,44600.0,600.0,2300.0,2800.0,100.0,400.0,3800.0,2700.0,700.0,4000.0,600.0,1500.0,1300.0,3600.0,5800.0,3900.0,1500.0,200.0,200.0
all_households,all_quintiles,1990,74500.0,68400.0,44800.0,600.0,2300.0,2900.0,100.0,400.0,3800.0,1900.0,700.0,4000.0,600.0,1400.0,1200.0,3700.0,6100.0,4000.0,1600.0,300.0,200.0
all_households,all_quintiles,1991,72700.0,66300.0,43900.0,600.0,2300.0,2900.0,100.0,400.0,3500.0,1700.0,700.0,3500.0,600.0,1300.0,1100.0,3800.0,6400.0,4100.0,1700.0,400.0,200.0
all_households,all_quintiles,1992,74700.0,68000.0,44900.0,700.0,2500.0,3000.0,100.0,400.0,4000.0,1900.0,700.0,2600.0,600.0,1200.0,1200.0,4000.0,6700.0,4200.0,1800.0,500.0,200.0
all_households,all_quintiles,1993,75000.0,68100.0,44600.0,800.0,2800.0,2900.0,100.0,500.0,3900.0,2200.0,700.0,2100.0,700.0,1200.0,1400.0,4100.0,6900.0,4300.0,2000.0,400.0,200.0
all_households,all_quintiles,1994,75800.0,69000.0,44900.0,900.0,3000.0,3000.0,100.0,500.0,4200.0,2100.0,700.0,1900.0,600.0,1200.0,1500.0,4200.0,6900.0,4300.0,2000.0,300.0,200.0
all_households,all_quintiles,1995,79000.0,72000.0,46300.0,1000.0,3100.0,3100.0,100.0,600.0,4300.0,2500.0,700.0,2300.0,700.0,1400.0,1700.0,4400.0,7100.0,4400.0,2200.0,300.0,200.0
all_households,all_quintiles,1996,82100.0,74900.0,47200.0,1200.0,3000.0,3200.0,100.0,600.0,4500.0,3500.0,700.0,2300.0,700.0,1500.0,1800.0,4700.0,7200.0,4500.0,2300.0,300.0,100.0
all_households,all_quintiles,1997,85900.0,78600.0,48900.0,1200.0,2700.0,3300.0,100.0,600.0,4800.0,4800.0,700.0,2300.0,700.0,1600.0,1800.0,5100.0,7300.0,4500.0,2400.0,200.0,200.0
all_households,all_quintiles,1998,90500.0,83300.0,51400.0,1400.0,2700.0,3400.0,100.0,600.0,5200.0,5900.0,700.0,2400.0,700.0,1600.0,1800.0,5600.0,7200.0,4600.0,2300.0,200.0,100.0
all_households,all_quintiles,1999,94900.0,87900.0,53600.0,1500.0,2700.0,3600.0,100.0,600.0,5500.0,7000.0,700.0,2300.0,700.0,1700.0,1800.0,6000.0,7000.0,4400.0,2200.0,200.0,100.0
all_households,all_quintiles,2000,97500.0,90300.0,54700.0,1600.0,2800.0,3600.0,100.0,600.0,5400.0,7600.0,700.0,2500.0,700.0,1800.0,1800.0,6600.0,7100.0,4600.0,2200.0,200.0,200.0
all_households,all_quintiles,2001,92100.0,84600.0,54300.0,1600.0,2900.0,3700.0,100.0,400.0,5200.0,3900.0,700.0,2400.0,700.0,1400.0,1200.0,6100.0,7500.0,4700.0,2400.0,300.0,100.0
all_households,all_quintiles,2002,88500.0,80600.0,52600.0,1500.0,3200.0,3500.0,100.0,400.0,5200.0,2700.0,600.0,1700.0,700.0,1200.0,1100.0,6200.0,7900.0,4800.0,2500.0,500.0,100.0
all_households,all_quintiles,2003,90000.0,82000.0,52300.0,1800.0,3500.0,3500.0,100.0,500.0,5400.0,3300.0,600.0,1400.0,700.0,1300.0,1500.0,6200.0,8000.0,4800.0,2500.0,500.0,200.0
all_households,all_quintiles,2004,95100.0,87100.0,53400.0,1900.0,3900.0,3600.0,100.0,600.0,6100.0,5100.0,600.0,1400.0,700.0,1600.0,1900.0,6300.0,8000.0,4900.0,2700.0,400.0,100.0
all_households,all_quintiles,2005,100200.0,92000.0,53800.0,2000.0,4100.0,3600.0,100.0,800.0,7000.0,6900.0,600.0,1700.0,800.0,1700.0,2500.0,6500.0,8200.0,5000.0,2800.0,300.0,200.0
all_households,all_quintiles,2006,104100.0,95500.0,54900.0,2000.0,4000.0,3600.0,100.0,900.0,7100.0,7800.0,700.0,2200.0,700.0,2000.0,2700.0,6700.0,8600.0,5000.0,3100.0,300.0,100.0
all_households,all_quintiles,2007,107400.0,98600.0,56600.0,2100.0,3800.0,3800.0,100.0,800.0,6800.0,8800.0,800.0,2600.0,800.0,2300.0,2400.0,7200.0,8700.0,5200.0,3100.0,300.0,100.0
all_households,all_quintiles,2008,99700.0,90600.0,55900.0,2100.0,3800.0,3700.0,100.0,500.0,6000.0,4400.0,700.0,2100.0,900.0,2100.0,1400.0,7100.0,9100.0,5300.0,3300.0,400.0,100.0
all_households,all_quintiles,2009,93800.0,83300.0,53400.0,2000.0,3800.0,3600.0,100.0,400.0,5600.0,2200.0,700.0,1600.0,700.0,1500.0,1100.0,6800.0,10500.0,5800.0,3500.0,1100.0,100.0
all_households,all_quintiles,2010,96100.0,85700.0,53200.0,1900.0,3600.0,3600.0,100.0,500.0,6100.0,3300.0,700.0,1300.0,800.0,1700.0,1500.0,7400.0,10500.0,5700.0,3500.0,1100.0,100.0
all_households,all_quintiles,2011,95300.0,85100.0,52900.0,1900.0,3600.0,3500.0,100.0,500.0,6300.0,3300.0,600.0,1000.0,800.0,1700.0,1500.0,7400.0,10200.0,5700.0,3500.0,800.0,100.0
all_households,all_quintiles,2012,99800.0,89500.0,53400.0,2000.0,3600.0,3500.0,,600.0,7300.0,5200.0,600.0,900.0,900.0,2200.0,1700.0,7500.0,10300.0,6000.0,3600.0,600.0,100.0
all_households,all_quintiles,2013,98500.0,88200.0,53900.0,2000.0,3500.0,3600.0,,600.0,7000.0,4000.0,600.0,800.0,900.0,1800.0,1900.0,7500.0,10300.0,6100.0,3600.0,400.0,100.0
all_households,all_quintiles,2014,102000.0,91700.0,54900.0,2100.0,3500.0,3700.0,,700.0,7400.0,5600.0,500.0,800.0,900.0,2100.0,2000.0,7600.0,10300.0,6200.0,3600.0,300.0,100.0
all_households,all_quintiles,2015,105100.0,94500.0,56800.0,2200.0,3600.0,3800.0,,600.0,7800.0,5600.0,500.0,800.0,800.0,2100.0,1900.0,8000.0,10500.0,6400.0,3800.0,200.0,100.0
all_households,lowest_quintile,1979,15300.0,9900.0,7000.0,0.0,400.0,400.0,,100.0,400.0,100.0,,400.0,100.0,,100.0,900.0,5400.0,3900.0,1300.0,100.0,100.0
all_households,lowest_quintile,1980,14700.0,9400.0,6700.0,0.0,300.0,400.0,,100.0,300.0,100.0,,400.0,100.0,,100.0,900.0,5300.0,3600.0,1400.0,200.0,100.0
all_households,lowest_quintile,1981,14600.0,9500.0,6800.0,0.0,300.0,400.0,,100.0,100.0,100.0,,400.0,100.0,100.0,100.0,900.0,5100.0,3400.0,1400.0,200.0,100.0
all_households,lowest_quintile,1982,14100.0,9400.0,6900.0,0.0,400.0,400.0,,,100.0,100.0,,500.0,100.0,100.0,100.0,700.0,4600.0,2900.0,1300.0,400.0,100.0
all_households,lowest_quintile,1983,13400.0,9300.0,6800.0,0.0,400.0,400.0,,100.0,200.0,100.0,,400.0,100.0,100.0,100.0,600.0,4200.0,2500.0,1200.0,400.0,100.0
all_households,lowest_quintile,1984,14400.0,10200.0,7300.0,,400.0,500.0,,100.0,200.0,100.0,,500.0,100.0,100.0,100.0,800.0,4300.0,2700.0,1300.0,200.0,100.0
all_households,lowest_quintile,1985,14300.0,9900.0,7200.0,,400.0,500.0,,100.0,300.0,100.0,,400.0,100.0,100.0,100.0,700.0,4500.0,2800.0,1400.0,200.0,100.0
all_households,lowest_quintile,1986,14200.0,10000.0,7200.0,,400.0,500.0,,100.0,400.0,100.0,,400.0,100.0,100.0,100.0,700.0,4200.0,2600.0,1300.0,200.0,100.0
all_households,lowest_quintile,1987,13700.0,9400.0,6600.0,,400.0,500.0,,100.0,500.0,100.0,,400.0,100.0,100.0,100.0,700.0,4200.0,2600.0,1400.0,200.0,100.0
all_households,lowest_quintile,1988,14100.0,9600.0,6700.0,,400.0,500.0,,100.0,500.0,,,400.0,100.0,100.0,100.0,800.0,4500.0,2800.0,1400.0,200.0,100.0
all_households,lowest_quintile,1989,14800.0,10400.0,7200.0,,400.0,500.0,,100.0,500.0,100.0,,400.0,100.0,100.0,100.0,900.0,4400.0,2700.0,1500.0,200.0,100.0
all_households,lowest_quintile,1990,15300.0,10700.0,7700.0,,400.0,600.0,,100.0,500.0,,,400.0,100.0,100.0,100.0,800.0,4500.0,2600.0,1600.0,200.0,100.0
all_households,lowest_quintile,1991,15300.0,11000.0,7900.0,,400.0,600.0,,100.0,500.0,,,400.0,100.0,100.0,100.0,800.0,4400.0,2400.0,1500.0,300.0,100.0
all_households,lowest_quintile,1992,15400.0,11100.0,8100.0,,500.0,600.0,,100.0,500.0,,,300.0,100.0,100.0,100.0,700.0,4300.0,2200.0,1500.0,400.0,100.0
all_households,lowest_quintile,1993,15400.0,11300.0,8100.0,,500.0,600.0,,100.0,700.0,100.0,,200.0,100.0,100.0,100.0,800.0,4100.0,2100.0,1500.0,300.0,100.0
all_households,lowest_quintile,1994,15300.0,11200.0,7900.0,,600.0,600.0,,100.0,700.0,,,200.0,100.0,100.0,100.0,800.0,4200.0,2200.0,1600.0,200.0,100.0
all_households,lowest_quintile,1995,16500.0,12200.0,8700.0,100.0,600.0,700.0,,100.0,800.0,,,200.0,100.0,100.0,100.0,800.0,4400.0,2400.0,1700.0,200.0,100.0
all_households,lowest_quintile,1996,16500.0,12400.0,8800.0,100.0,600.0,700.0,,100.0,800.0,100.0,,200.0,100.0,100.0,100.0,800.0,4100.0,2200.0,1600.0,200.0,100.0
all_households,lowest_quintile,1997,17500.0,13000.0,9400.0,100.0,600.0,700.0,,100.0,800.0,100.0,,200.0,100.0,100.0,100.0,800.0,4400.0,2400.0,1800.0,200.0,100.0
all_households,lowest_quintile,1998,18600.0,14100.0,10200.0,100.0,700.0,800.0,,100.0,900.0,100.0,,200.0,100.0,100.0,100.0,900.0,4500.0,2400.0,1800.0,200.0,100.0
all_households,lowest_quintile,1999,19300.0,14500.0,10200.0,100.0,600.0,800.0,,100.0,1200.0,100.0,,200.0,100.0,100.0,100.0,900.0,4800.0,2700.0,1900.0,200.0,100.0
all_households,lowest_quintile,2000,19100.0,14200.0,10000.0,100.0,700.0,800.0,,100.0,1000.0,100.0,,200.0,100.0,100.0,100.0,1000.0,4900.0,2700.0,1900.0,200.0,100.0
all_households,lowest_quintile,2001,18800.0,13900.0,10100.0,100.0,700.0,800.0,,100.0,1000.0,,,200.0,100.0,100.0,100.0,700.0,4900.0,2600.0,1900.0,300.0,100.0
all_households,lowest_quintile,2002,18600.0,13900.0,10000.0,,700.0,800.0,,100.0,1000.0,,,200.0,100.0,100.0,100.0,900.0,4700.0,2400.0,1800.0,400.0,100.0
all_households,lowest_quintile,2003,18300.0,13600.0,9800.0,,700.0,700.0,,100.0,1000.0,,,100.0,100.0,100.0,100.0,900.0,4700.0,2300.0,1900.0,400.0,100.0
all_households,lowest_quintile,2004,18600.0,13900.0,10000.0,,800.0,700.0,,100.0,1100.0,,,100.0,100.0,100.0,100.0,800.0,4600.0,2300.0,1900.0,300.0,100.0
all_households,lowest_quintile,2005,19100.0,14400.0,10400.0,100.0,800.0,800.0,,200.0,1100.0,,,100.0,100.0,100.0,100.0,800.0,4700.0,2300.0,2000.0,200.0,100.0
all_households,lowest_quintile,2006,20100.0,15700.0,11300.0,100.0,900.0,800.0,,200.0,1300.0,,,200.0,100.0,100.0,100.0,800.0,4300.0,2000.0,2000.0,200.0,100.0
all_households,lowest_quintile,2007,21400.0,16800.0,12000.0,100.0,800.0,900.0,,200.0,1300.0,100.0,,200.0,100.0,100.0,100.0,1000.0,4600.0,2300.0,2100.0,200.0,100.0
all_households,lowest_quintile,2008,21000.0,16200.0,11800.0,100.0,700.0,900.0,,100.0,1200.0,,,200.0,100.0,100.0,100.0,900.0,4800.0,2200.0,2100.0,400.0,100.0
all_households,lowest_quintile,2009,20100.0,15400.0,11100.0,100.0,700.0,800.0,,100.0,1300.0,,,100.0,100.0,100.0,100.0,900.0,4700.0,1800.0,1900.0,900.0,100.0
all_households,lowest_quintile,2010,20200.0,15700.0,11200.0,100.0,600.0,800.0,,100.0,1500.0,,,100.0,100.0,100.0,100.0,900.0,4600.0,1800.0,1800.0,1000.0,100.0
all_households,lowest_quintile,2011,19900.0,15200.0,10900.0,100.0,600.0,800.0,,100.0,1500.0,,,100.0,100.0,100.0,100.0,900.0,4700.0,1900.0,2000.0,700.0,100.0
all_households,lowest_quintile,2012,19000.0,14700.0,10300.0,100.0,600.0,800.0,,100.0,1600.0,,,100.0,100.0,100.0,100.0,800.0,4400.0,1800.0,2000.0,500.0,100.0
all_households,lowest_quintile,2013,19700.0,15500.0,11000.0,100.0,700.0,800.0,,100.0,1600.0,,,100.0,100.0,100.0,100.0,900.0,4200.0,1900.0,1800.0,400.0,
all_households,lowest_quintile,2014,19200.0,14900.0,10500.0,100.0,600.0,800.0,,100.0,1700.0,,,100.0,100.0,100.0,100.0,800.0,4300.0,2000.0,2000.0,200.0,
all_households,lowest_quintile,2015,20300.0,15700.0,11100.0,100.0,700.0,800.0,,100.0,1600.0,,,100.0,100.0,100.0,100.0,900.0,4600.0,2200.0,2200.0,200.0,100.0
all_households,second_quintile,1979,36700.0,30500.0,22500.0,0.0,1300.0,1300.0,100.0,300.0,1100.0,100.0,,1000.0,200.0,100.0,400.0,2100.0,6200.0,4600.0,1200.0,300.0,200.0
all_households,second_quintile,1980,35200.0,28500.0,21300.0,0.0,1000.0,1200.0,100.0,200.0,1000.0,100.0,,1100.0,100.0,100.0,300.0,1800.0,6700.0,4800.0,1300.0,500.0,200.0
all_households,second_quintile,1981,35000.0,28100.0,21000.0,0.0,1000.0,1300.0,100.0,200.0,900.0,100.0,,1200.0,200.0,200.0,200.0,1800.0,6800.0,4900.0,1400.0,400.0,100.0
all_households,second_quintile,1982,34200.0,26600.0,19800.0,0.0,1100.0,1300.0,100.0,100.0,800.0,100.0,,1300.0,200.0,200.0,100.0,1600.0,7500.0,5100.0,1600.0,700.0,200.0
all_households,second_quintile,1983,33400.0,25800.0,19000.0,0.0,1200.0,1200.0,100.0,100.0,900.0,200.0,,1200.0,100.0,100.0,200.0,1500.0,7600.0,5000.0,1700.0,600.0,200.0
all_households,second_quintile,1984,35500.0,28400.0,20600.0,100.0,1200.0,1400.0,100.0,200.0,900.0,200.0,,1300.0,200.0,200.0,200.0,2000.0,7100.0,4800.0,1700.0,400.0,200.0
all_households,second_quintile,1985,35400.0,28400.0,20700.0,100.0,1200.0,1400.0,100.0,200.0,900.0,100.0,,1300.0,200.0,200.0,200.0,1900.0,7000.0,4700.0,1700.0,400.0,200.0
all_households,second_quintile,1986,35900.0,28400.0,20500.0,100.0,1200.0,1400.0,100.0,200.0,1100.0,200.0,,1100.0,200.0,200.0,200.0,2000.0,7500.0,5000.0,1900.0,400.0,200.0
all_households,second_quintile,1987,35100.0,27400.0,19500.0,100.0,1300.0,1300.0,100.0,200.0,1100.0,100.0,,1100.0,100.0,200.0,200.0,1900.0,7700.0,5200.0,2000.0,300.0,200.0
all_households,second_quintile,1988,35600.0,28000.0,19700.0,100.0,1300.0,1400.0,100.0,200.0,1200.0,100.0,,1100.0,200.0,200.0,200.0,2200.0,7600.0,5200.0,1900.0,200.0,200.0
all_households,second_quintile,1989,36000.0,28400.0,19900.0,100.0,1300.0,1500.0,100.0,200.0,1200.0,100.0,,1100.0,200.0,200.0,200.0,2300.0,7600.0,5200.0,2000.0,300.0,200.0
all_households,second_quintile,1990,37100.0,29400.0,20900.0,100.0,1300.0,1600.0,100.0,200.0,1200.0,,,1100.0,200.0,200.0,200.0,2200.0,7700.0,5100.0,2100.0,300.0,200.0
all_households,second_quintile,1991,36200.0,28100.0,20000.0,100.0,1300.0,1500.0,100.0,200.0,1200.0,100.0,,1000.0,100.0,200.0,200.0,2200.0,8200.0,5300.0,2200.0,500.0,200.0
all_households,second_quintile,1992,35900.0,27200.0,19200.0,200.0,1300.0,1400.0,100.0,200.0,1100.0,100.0,,800.0,100.0,200.0,200.0,2300.0,8700.0,5500.0,2400.0,600.0,200.0
all_households,second_quintile,1993,36000.0,26900.0,19000.0,200.0,1400.0,1400.0,100.0,200.0,1100.0,100.0,,600.0,200.0,200.0,200.0,2200.0,9100.0,5700.0,2700.0,500.0,200.0
all_households,second_quintile,1994,36300.0,27100.0,19100.0,200.0,1600.0,1400.0,100.0,200.0,1000.0,100.0,,500.0,200.0,200.0,200.0,2300.0,9200.0,5900.0,2800.0,300.0,200.0
all_households,second_quintile,1995,38200.0,29000.0,20500.0,200.0,1700.0,1500.0,100.0,300.0,1100.0,100.0,,500.0,200.0,200.0,200.0,2300.0,9200.0,5900.0,2900.0,300.0,200.0
all_households,second_quintile,1996,38200.0,29200.0,20700.0,300.0,1700.0,1600.0,100.0,300.0,1100.0,100.0,,500.0,100.0,200.0,200.0,2300.0,8900.0,5500.0,3000.0,300.0,100.0
all_households,second_quintile,1997,39600.0,30600.0,21800.0,300.0,1600.0,1600.0,100.0,300.0,1200.0,200.0,,500.0,200.0,200.0,200.0,2400.0,9100.0,5600.0,3000.0,300.0,200.0
all_households,second_quintile,1998,41500.0,32400.0,23100.0,300.0,1700.0,1700.0,100.0,300.0,1200.0,200.0,,500.0,100.0,200.0,200.0,2700.0,9100.0,5700.0,2900.0,300.0,200.0
all_households,second_quintile,1999,42900.0,34200.0,24300.0,400.0,1700.0,1800.0,100.0,300.0,1400.0,300.0,,500.0,200.0,200.0,200.0,2900.0,8700.0,5500.0,2800.0,300.0,100.0
all_households,second_quintile,2000,43000.0,34500.0,24100.0,400.0,1700.0,1800.0,100.0,300.0,1200.0,300.0,,600.0,200.0,200.0,200.0,3300.0,8500.0,5400.0,2700.0,200.0,200.0
all_households,second_quintile,2001,42500.0,33100.0,23600.0,400.0,1800.0,1800.0,100.0,200.0,1200.0,100.0,,500.0,200.0,200.0,100.0,2900.0,9400.0,5900.0,3000.0,400.0,200.0
all_households,second_quintile,2002,41300.0,31600.0,22600.0,200.0,1800.0,1700.0,100.0,200.0,1300.0,,,400.0,100.0,200.0,100.0,2900.0,9700.0,5900.0,3100.0,500.0,100.0
all_households,second_quintile,2003,40900.0,30700.0,22000.0,200.0,1900.0,1600.0,100.0,200.0,1100.0,,,400.0,200.0,200.0,100.0,2700.0,10200.0,6200.0,3300.0,600.0,200.0
all_households,second_quintile,2004,41900.0,31700.0,22300.0,200.0,2200.0,1700.0,100.0,300.0,1200.0,,,300.0,200.0,200.0,200.0,2900.0,10200.0,6200.0,3500.0,400.0,200.0
all_households,second_quintile,2005,42400.0,32300.0,22700.0,200.0,2300.0,1700.0,100.0,400.0,1200.0,100.0,,300.0,100.0,200.0,200.0,2800.0,10100.0,6200.0,3500.0,300.0,100.0
all_households,second_quintile,2006,43300.0,32900.0,23200.0,300.0,2300.0,1700.0,100.0,400.0,1300.0,100.0,,300.0,100.0,200.0,200.0,2700.0,10400.0,6100.0,3900.0,300.0,100.0
all_households,second_quintile,2007,45400.0,35400.0,25100.0,300.0,2300.0,1900.0,100.0,400.0,1300.0,200.0,,400.0,200.0,200.0,200.0,3000.0,10000.0,5900.0,3700.0,300.0,100.0
all_households,second_quintile,2008,43800.0,33100.0,23700.0,300.0,2100.0,1800.0,100.0,200.0,1100.0,,,400.0,200.0,200.0,100.0,2900.0,10600.0,6100.0,4000.0,400.0,100.0
all_households,second_quintile,2009,42400.0,30600.0,21900.0,200.0,2000.0,1600.0,100.0,100.0,1200.0,-100.0,,300.0,200.0,200.0,100.0,2700.0,11800.0,6200.0,4200.0,1300.0,100.0
all_households,second_quintile,2010,42500.0,30900.0,22000.0,200.0,1900.0,1600.0,100.0,200.0,1300.0,,,200.0,100.0,200.0,100.0,2900.0,11600.0,6100.0,4100.0,1300.0,100.0
all_households,second_quintile,2011,41600.0,30000.0,21400.0,200.0,1900.0,1600.0,100.0,200.0,1300.0,,,200.0,100.0,200.0,100.0,2700.0,11700.0,6400.0,4200.0,1000.0,100.0
all_households,second_quintile,2012,41400.0,29800.0,21100.0,300.0,1900.0,1600.0,,200.0,1300.0,,,100.0,100.0,200.0,100.0,2700.0,11600.0,6500.0,4300.0,700.0,100.0
all_households,second_quintile,2013,42100.0,30400.0,21600.0,300.0,1900.0,1600.0,,200.0,1300.0,100.0,,100.0,100.0,200.0,100.0,2900.0,11700.0,6900.0,4300.0,500.0,100.0
all_households,second_quintile,2014,42200.0,30700.0,22000.0,300.0,1800.0,1700.0,,300.0,1300.0,100.0,,100.0,100.0,100.0,100.0,2700.0,11500.0,6800.0,4300.0,300.0,100.0
all_households,second_quintile,2015,44100.0,32200.0,22800.0,300.0,1900.0,1700.0,,300.0,1400.0,100.0,,100.0,100.0,100.0,100.0,3000.0,11900.0,7200.0,4400.0,200.0,100.0
all_households,middle_quintile,1979,56300.0,52100.0,39900.0,0.0,2100.0,2300.0,100.0,500.0,1600.0,300.0,,1700.0,200.0,300.0,600.0,2500.0,4200.0,3000.0,700.0,300.0,200.0
all_households,middle_quintile,1980,54400.0,49700.0,38100.0,0.0,1700.0,2200.0,100.0,400.0,1400.0,300.0,,2000.0,200.0,300.0,500.0,2500.0,4800.0,3200.0,800.0,500.0,100.0
all_households,middle_quintile,1981,54100.0,49000.0,37200.0,0.0,1700.0,2300.0,100.0,300.0,1200.0,200.0,,2400.0,200.0,400.0,400.0,2400.0,5100.0,3600.0,1000.0,400.0,200.0
all_households,middle_quintile,1982,53300.0,47500.0,36000.0,0.0,1900.0,2200.0,100.0,200.0,1000.0,200.0,,2700.0,200.0,400.0,300.0,2400.0,5800.0,3800.0,1100.0,700.0,200.0
all_households,middle_quintile,1983,52600.0,46400.0,34500.0,0.0,1900.0,2200.0,100.0,300.0,1200.0,300.0,,2500.0,200.0,300.0,300.0,2600.0,6200.0,4100.0,1300.0,600.0,200.0
all_households,middle_quintile,1984,55700.0,49800.0,36200.0,200.0,1900.0,2400.0,100.0,300.0,1700.0,300.0,,2800.0,300.0,400.0,400.0,2800.0,5900.0,4000.0,1300.0,400.0,200.0
all_households,middle_quintile,1985,55800.0,49700.0,36300.0,200.0,2000.0,2400.0,100.0,300.0,1300.0,300.0,,2700.0,200.0,400.0,400.0,3000.0,6100.0,4100.0,1500.0,400.0,200.0
all_households,middle_quintile,1986,56900.0,50300.0,36400.0,300.0,1900.0,2500.0,100.0,300.0,1500.0,400.0,,2600.0,200.0,400.0,400.0,3200.0,6600.0,4400.0,1600.0,400.0,200.0
all_households,middle_quintile,1987,56600.0,49900.0,35700.0,300.0,2100.0,2500.0,100.0,400.0,1500.0,300.0,,2400.0,300.0,500.0,500.0,3400.0,6600.0,4500.0,1600.0,300.0,200.0
all_households,middle_quintile,1988,57500.0,51100.0,36000.0,300.0,2200.0,2600.0,100.0,400.0,1600.0,300.0,,2300.0,300.0,500.0,500.0,3800.0,6400.0,4300.0,1600.0,300.0,300.0
all_households,middle_quintile,1989,58100.0,51500.0,36200.0,400.0,2300.0,2600.0,100.0,400.0,1700.0,300.0,,2400.0,200.0,500.0,500.0,3800.0,6600.0,4500.0,1600.0,300.0,200.0
all_households,middle_quintile,1990,58500.0,51500.0,36400.0,400.0,2300.0,2700.0,100.0,300.0,1600.0,100.0,100.0,2300.0,300.0,400.0,400.0,4100.0,6900.0,4600.0,1800.0,300.0,200.0
all_households,middle_quintile,1991,57400.0,49800.0,34900.0,400.0,2200.0,2600.0,100.0,300.0,1400.0,200.0,100.0,2300.0,300.0,400.0,400.0,4200.0,7600.0,5000.0,1900.0,500.0,300.0
all_households,middle_quintile,1992,57700.0,49700.0,34900.0,500.0,2400.0,2600.0,100.0,300.0,1600.0,200.0,100.0,1700.0,300.0,400.0,400.0,4200.0,7900.0,5100.0,2000.0,600.0,200.0
all_households,middle_quintile,1993,57800.0,49700.0,34900.0,500.0,2800.0,2600.0,100.0,400.0,1500.0,200.0,100.0,1300.0,300.0,400.0,500.0,4300.0,8100.0,5200.0,2200.0,500.0,200.0
all_households,middle_quintile,1994,58100.0,50200.0,34800.0,500.0,2800.0,2600.0,100.0,400.0,1500.0,200.0,100.0,1300.0,300.0,500.0,500.0,4600.0,7900.0,5000.0,2300.0,400.0,200.0
all_households,middle_quintile,1995,60200.0,52000.0,36000.0,700.0,2900.0,2700.0,100.0,400.0,1500.0,300.0,100.0,1300.0,300.0,500.0,500.0,4800.0,8100.0,5100.0,2500.0,300.0,200.0
all_households,middle_quintile,1996,61100.0,52800.0,36500.0,800.0,2900.0,2800.0,100.0,500.0,1500.0,300.0,100.0,1300.0,300.0,500.0,500.0,4900.0,8300.0,5200.0,2600.0,300.0,200.0
all_households,middle_quintile,1997,62300.0,54300.0,37900.0,800.0,2700.0,2900.0,100.0,500.0,1500.0,500.0,100.0,1300.0,300.0,500.0,500.0,4900.0,8000.0,5000.0,2500.0,300.0,200.0
all_households,middle_quintile,1998,64500.0,56200.0,39000.0,900.0,2600.0,3000.0,100.0,500.0,1600.0,500.0,,1300.0,300.0,500.0,500.0,5400.0,8300.0,5300.0,2500.0,300.0,200.0
all_households,middle_quintile,1999,66400.0,58200.0,40400.0,1000.0,2600.0,3100.0,100.0,500.0,1600.0,600.0,100.0,1300.0,300.0,500.0,500.0,5700.0,8200.0,5300.0,2500.0,300.0,100.0
all_households,middle_quintile,2000,66800.0,58400.0,40000.0,1000.0,2700.0,3000.0,100.0,400.0,1500.0,600.0,100.0,1300.0,300.0,500.0,500.0,6300.0,8400.0,5500.0,2500.0,300.0,100.0
all_households,middle_quintile,2001,66500.0,57500.0,39900.0,1100.0,2800.0,3000.0,100.0,300.0,1600.0,200.0,100.0,1400.0,300.0,500.0,300.0,6000.0,8900.0,5600.0,2800.0,400.0,200.0
all_households,middle_quintile,2002,65100.0,55300.0,38800.0,700.0,3000.0,2900.0,100.0,300.0,1500.0,,100.0,1000.0,300.0,400.0,300.0,5900.0,9800.0,6000.0,3000.0,600.0,200.0
all_households,middle_quintile,2003,65000.0,55200.0,38000.0,700.0,3300.0,2800.0,100.0,400.0,1600.0,,100.0,800.0,300.0,400.0,300.0,6300.0,9900.0,6000.0,3100.0,600.0,200.0
all_households,middle_quintile,2004,67000.0,57300.0,39200.0,700.0,3700.0,2900.0,100.0,500.0,1700.0,100.0,100.0,700.0,300.0,400.0,400.0,6500.0,9700.0,6000.0,3200.0,400.0,200.0
all_households,middle_quintile,2005,68300.0,58600.0,39900.0,800.0,4000.0,3000.0,100.0,600.0,1700.0,300.0,100.0,700.0,300.0,400.0,400.0,6300.0,9700.0,6000.0,3200.0,300.0,100.0
all_households,middle_quintile,2006,69000.0,58700.0,39900.0,800.0,3900.0,3000.0,100.0,700.0,1700.0,400.0,100.0,900.0,300.0,400.0,500.0,6200.0,10300.0,6100.0,3700.0,300.0,100.0
all_households,middle_quintile,2007,71400.0,61100.0,41800.0,900.0,3600.0,3100.0,100.0,600.0,1700.0,500.0,100.0,1000.0,300.0,500.0,400.0,6700.0,10300.0,6100.0,3700.0,400.0,100.0
all_households,middle_quintile,2008,69200.0,58200.0,40200.0,800.0,3500.0,3000.0,100.0,300.0,1500.0,100.0,100.0,900.0,300.0,500.0,300.0,6600.0,11000.0,6500.0,4000.0,500.0,100.0
all_households,middle_quintile,2009,67700.0,54800.0,37900.0,700.0,3500.0,2800.0,100.0,300.0,1400.0,-100.0,100.0,700.0,300.0,400.0,200.0,6400.0,12900.0,7100.0,4400.0,1300.0,200.0
all_households,middle_quintile,2010,67700.0,54200.0,37200.0,700.0,3400.0,2800.0,100.0,400.0,1500.0,,100.0,500.0,300.0,400.0,200.0,6700.0,13500.0,7600.0,4500.0,1300.0,100.0
all_households,middle_quintile,2011,66400.0,53500.0,36500.0,700.0,3300.0,2700.0,100.0,300.0,1600.0,100.0,100.0,400.0,300.0,500.0,200.0,6700.0,12900.0,7400.0,4400.0,1000.0,100.0
all_households,middle_quintile,2012,66400.0,53500.0,36500.0,700.0,3300.0,2700.0,,400.0,1700.0,100.0,100.0,300.0,300.0,400.0,200.0,6700.0,12900.0,7600.0,4400.0,700.0,100.0
all_households,middle_quintile,2013,67600.0,55100.0,37700.0,800.0,3300.0,2800.0,,400.0,1600.0,200.0,100.0,200.0,300.0,400.0,300.0,6900.0,12500.0,7600.0,4200.0,500.0,100.0
all_households,middle_quintile,2014,68900.0,56600.0,38900.0,800.0,3300.0,2900.0,100.0,500.0,1800.0,300.0,,200.0,300.0,400.0,300.0,6800.0,12300.0,7600.0,4300.0,300.0,100.0
all_households,middle_quintile,2015,71200.0,58500.0,39800.0,900.0,3500.0,3000.0,0.0,500.0,1800.0,300.0,100.0,200.0,300.0,400.0,300.0,7400.0,12700.0,7800.0,4400.0,300.0,200.0
all_households,fourth_quintile,1979,76500.0,73000.0,56600.0,0.0,2600.0,3100.0,200.0,800.0,2200.0,600.0,,2400.0,300.0,500.0,900.0,2800.0,3400.0,2400.0,600.0,300.0,200.0
all_households,fourth_quintile,1980,74300.0,70400.0,54500.0,0.0,2200.0,3000.0,100.0,600.0,1900.0,500.0,,3000.0,400.0,500.0,800.0,2900.0,3900.0,2700.0,700.0,500.0,100.0
all_households,fourth_quintile,1981,75200.0,70700.0,54200.0,0.0,2300.0,3200.0,100.0,500.0,1600.0,500.0,,3700.0,400.0,700.0,700.0,2900.0,4400.0,3100.0,800.0,400.0,100.0
all_households,fourth_quintile,1982,74400.0,69100.0,52400.0,0.0,2400.0,3200.0,100.0,300.0,1400.0,400.0,,4200.0,300.0,700.0,400.0,3100.0,5300.0,3600.0,1000.0,500.0,100.0
all_households,fourth_quintile,1983,74100.0,68600.0,51300.0,0.0,2500.0,3100.0,200.0,400.0,1500.0,600.0,100.0,3900.0,400.0,700.0,500.0,3400.0,5500.0,3700.0,1100.0,500.0,100.0
all_households,fourth_quintile,1984,78000.0,72600.0,53400.0,300.0,2500.0,3400.0,200.0,400.0,2100.0,600.0,100.0,4300.0,400.0,700.0,700.0,3600.0,5400.0,3700.0,1200.0,300.0,100.0
all_households,fourth_quintile,1985,78400.0,72900.0,53700.0,500.0,2600.0,3500.0,100.0,400.0,1700.0,600.0,100.0,4200.0,300.0,700.0,600.0,3700.0,5500.0,3700.0,1300.0,300.0,100.0
all_households,fourth_quintile,1986,81100.0,75300.0,55300.0,600.0,2600.0,3700.0,200.0,500.0,1700.0,1000.0,100.0,3800.0,300.0,800.0,600.0,4200.0,5800.0,3900.0,1400.0,300.0,200.0
all_households,fourth_quintile,1987,81700.0,76300.0,55400.0,600.0,3000.0,3700.0,100.0,600.0,2100.0,700.0,100.0,3500.0,400.0,900.0,800.0,4300.0,5400.0,3600.0,1300.0,300.0,200.0
all_households,fourth_quintile,1988,82300.0,76900.0,55300.0,700.0,3100.0,3900.0,100.0,600.0,2300.0,500.0,100.0,3400.0,400.0,900.0,800.0,4900.0,5400.0,3600.0,1300.0,300.0,200.0
all_households,fourth_quintile,1989,83300.0,77700.0,55300.0,800.0,3200.0,3900.0,100.0,500.0,2300.0,500.0,100.0,3800.0,400.0,900.0,800.0,5100.0,5500.0,3700.0,1300.0,200.0,300.0
all_households,fourth_quintile,1990,82600.0,76600.0,54500.0,800.0,3200.0,4000.0,100.0,500.0,2100.0,300.0,200.0,3700.0,300.0,900.0,700.0,5200.0,6000.0,4000.0,1500.0,300.0,200.0
all_households,fourth_quintile,1991,81800.0,75400.0,53800.0,800.0,3100.0,3900.0,100.0,500.0,2000.0,400.0,200.0,3200.0,400.0,800.0,700.0,5500.0,6400.0,4100.0,1600.0,400.0,200.0
all_households,fourth_quintile,1992,82600.0,75700.0,53700.0,1000.0,3500.0,3900.0,100.0,500.0,2100.0,400.0,200.0,2600.0,400.0,800.0,700.0,5800.0,6900.0,4400.0,1700.0,500.0,300.0
all_households,fourth_quintile,1993,83400.0,76300.0,53900.0,1100.0,3900.0,3900.0,100.0,600.0,2000.0,600.0,200.0,1900.0,400.0,800.0,800.0,6100.0,7000.0,4400.0,1900.0,500.0,200.0
all_households,fourth_quintile,1994,84400.0,77800.0,55200.0,1200.0,4100.0,4100.0,100.0,600.0,2100.0,500.0,200.0,1700.0,400.0,800.0,800.0,6000.0,6600.0,4200.0,1800.0,300.0,200.0
all_households,fourth_quintile,1995,86200.0,79100.0,55300.0,1400.0,4200.0,4100.0,100.0,700.0,2100.0,600.0,200.0,2000.0,400.0,800.0,900.0,6300.0,7100.0,4500.0,2100.0,300.0,200.0
all_households,fourth_quintile,1996,88000.0,80600.0,56000.0,1600.0,4000.0,4200.0,100.0,700.0,2100.0,800.0,200.0,2100.0,400.0,900.0,900.0,6700.0,7400.0,4700.0,2200.0,300.0,100.0
all_households,fourth_quintile,1997,90000.0,82400.0,57000.0,1700.0,3600.0,4300.0,100.0,700.0,2300.0,1000.0,200.0,2100.0,400.0,900.0,900.0,7200.0,7600.0,4800.0,2400.0,200.0,200.0
all_households,fourth_quintile,1998,93500.0,86200.0,59800.0,1900.0,3600.0,4500.0,100.0,700.0,2300.0,1200.0,200.0,2100.0,400.0,800.0,800.0,7500.0,7300.0,4700.0,2200.0,200.0,200.0
all_households,fourth_quintile,1999,96000.0,88900.0,61300.0,2100.0,3500.0,4600.0,100.0,700.0,2500.0,1400.0,200.0,1900.0,500.0,1000.0,800.0,8300.0,7100.0,4500.0,2100.0,300.0,200.0
all_households,fourth_quintile,2000,97600.0,90500.0,62100.0,2200.0,3700.0,4700.0,100.0,700.0,2400.0,1400.0,200.0,2000.0,500.0,1000.0,800.0,8700.0,7200.0,4700.0,2100.0,200.0,200.0
all_households,fourth_quintile,2001,96500.0,88800.0,61600.0,2300.0,3800.0,4700.0,100.0,500.0,2300.0,500.0,200.0,2000.0,500.0,900.0,600.0,8900.0,7700.0,4900.0,2300.0,400.0,100.0
all_households,fourth_quintile,2002,94800.0,86300.0,60600.0,1600.0,4100.0,4500.0,100.0,400.0,2100.0,300.0,200.0,1500.0,500.0,800.0,500.0,9100.0,8500.0,5300.0,2500.0,600.0,200.0
all_households,fourth_quintile,2003,96100.0,87600.0,60800.0,1900.0,4700.0,4500.0,100.0,600.0,2200.0,200.0,200.0,1200.0,500.0,700.0,600.0,9400.0,8400.0,5200.0,2500.0,600.0,200.0
all_households,fourth_quintile,2004,99200.0,90500.0,62000.0,2000.0,5300.0,4600.0,100.0,700.0,2600.0,600.0,200.0,1000.0,500.0,800.0,700.0,9500.0,8700.0,5400.0,2700.0,400.0,200.0
all_households,fourth_quintile,2005,100800.0,92200.0,62400.0,2100.0,5600.0,4700.0,100.0,1000.0,2600.0,800.0,100.0,1200.0,500.0,800.0,800.0,9500.0,8600.0,5400.0,2700.0,300.0,200.0
all_households,fourth_quintile,2006,102800.0,93500.0,62900.0,2100.0,5500.0,4700.0,100.0,1100.0,2700.0,1000.0,200.0,1500.0,500.0,800.0,900.0,9500.0,9300.0,5600.0,3200.0,300.0,200.0
all_households,fourth_quintile,2007,105500.0,95700.0,64500.0,2200.0,5100.0,4800.0,100.0,900.0,2500.0,1200.0,200.0,1700.0,500.0,900.0,800.0,10200.0,9800.0,6000.0,3400.0,300.0,100.0
all_households,fourth_quintile,2008,103000.0,92700.0,63300.0,2200.0,5100.0,4700.0,100.0,500.0,2200.0,300.0,200.0,1500.0,500.0,900.0,500.0,10700.0,10300.0,6200.0,3500.0,500.0,200.0
all_households,fourth_quintile,2009,100600.0,88100.0,60100.0,1900.0,5100.0,4500.0,100.0,400.0,2200.0,100.0,200.0,1200.0,500.0,800.0,400.0,10600.0,12600.0,7300.0,4000.0,1200.0,200.0
all_households,fourth_quintile,2010,100800.0,88400.0,59600.0,1900.0,5000.0,4400.0,100.0,600.0,2600.0,200.0,200.0,900.0,500.0,700.0,500.0,11400.0,12400.0,7100.0,4000.0,1100.0,100.0
all_households,fourth_quintile,2011,100100.0,88200.0,59200.0,1800.0,5000.0,4400.0,100.0,600.0,2500.0,300.0,200.0,700.0,500.0,900.0,500.0,11600.0,11800.0,7000.0,3900.0,800.0,100.0
all_households,fourth_quintile,2012,100700.0,88500.0,59200.0,1900.0,4900.0,4400.0,100.0,700.0,2600.0,400.0,200.0,500.0,600.0,800.0,500.0,11800.0,12300.0,7400.0,4100.0,600.0,100.0
all_households,fourth_quintile,2013,103000.0,90600.0,60400.0,2000.0,4900.0,4500.0,100.0,700.0,2600.0,600.0,200.0,400.0,600.0,800.0,600.0,12300.0,12400.0,7600.0,4100.0,500.0,200.0
all_households,fourth_quintile,2014,104700.0,92400.0,61700.0,2000.0,4800.0,4600.0,100.0,800.0,2700.0,900.0,100.0,400.0,600.0,800.0,600.0,12300.0,12300.0,7700.0,4100.0,300.0,200.0
all_households,fourth_quintile,2015,108200.0,95500.0,63900.0,2200.0,5000.0,4800.0,100.0,700.0,2800.0,800.0,100.0,400.0,600.0,900.0,600.0,12700.0,12600.0,8000.0,4200.0,200.0,100.0
all_households,highest_quintile,1979,145100.0,141700.0,87200.0,0.0,3100.0,3700.0,200.0,1100.0,10300.0,10600.0,800.0,7500.0,1800.0,4900.0,6200.0,4300.0,3400.0,2400.0,600.0,200.0,100.0
all_households,highest_quintile,1980,141200.0,137300.0,85900.0,0.0,2700.0,3700.0,200.0,900.0,8400.0,9400.0,700.0,9300.0,1900.0,5000.0,4800.0,4500.0,3800.0,2600.0,700.0,400.0,100.0
all_households,highest_quintile,1981,140700.0,136500.0,85100.0,0.0,2800.0,4000.0,100.0,700.0,6800.0,8900.0,800.0,11500.0,2000.0,5200.0,3800.0,4700.0,4200.0,3000.0,900.0,300.0,100.0
all_households,highest_quintile,1982,141700.0,136800.0,85900.0,0.0,3000.0,4200.0,200.0,500.0,6400.0,9400.0,1100.0,11500.0,2000.0,5300.0,2300.0,5100.0,4900.0,3400.0,1000.0,300.0,100.0
all_households,highest_quintile,1983,146800.0,141700.0,86700.0,0.0,3100.0,4300.0,200.0,600.0,7200.0,12400.0,1400.0,10500.0,1900.0,4700.0,3000.0,5600.0,5100.0,3600.0,1100.0,300.0,100.0
all_households,highest_quintile,1984,159300.0,154100.0,91900.0,600.0,3100.0,4700.0,200.0,700.0,9700.0,13700.0,1700.0,11500.0,2000.0,4400.0,3700.0,6100.0,5200.0,3700.0,1200.0,200.0,100.0
all_households,highest_quintile,1985,161000.0,155800.0,91900.0,900.0,3200.0,4900.0,200.0,700.0,8600.0,16100.0,1900.0,11100.0,1900.0,4700.0,3400.0,6400.0,5200.0,3600.0,1200.0,200.0,200.0
all_households,highest_quintile,1986,180500.0,175300.0,95300.0,1100.0,3300.0,5200.0,200.0,800.0,9600.0,31000.0,2300.0,9700.0,1800.0,5200.0,3800.0,6200.0,5100.0,3500.0,1200.0,200.0,200.0
all_households,highest_quintile,1987,170500.0,166000.0,100300.0,1200.0,3900.0,5400.0,200.0,1000.0,11500.0,12100.0,2800.0,9700.0,1700.0,5000.0,4600.0,6700.0,4500.0,3100.0,1100.0,200.0,100.0
all_households,highest_quintile,1988,182500.0,177700.0,103700.0,1400.0,4200.0,5600.0,200.0,1000.0,14700.0,13200.0,2800.0,10400.0,1700.0,5600.0,4900.0,8400.0,4700.0,3200.0,1100.0,200.0,200.0
all_households,highest_quintile,1989,182100.0,177100.0,102300.0,1600.0,4200.0,5600.0,100.0,1000.0,14700.0,11700.0,3100.0,12000.0,1800.0,5600.0,4700.0,8600.0,5000.0,3400.0,1200.0,200.0,300.0
all_households,highest_quintile,1990,177600.0,172400.0,101700.0,1600.0,4300.0,5700.0,100.0,900.0,14600.0,8600.0,3100.0,11700.0,1900.0,5100.0,4400.0,8800.0,5200.0,3500.0,1300.0,200.0,200.0
all_households,highest_quintile,1991,171700.0,166300.0,100200.0,1600.0,4300.0,5800.0,100.0,800.0,13700.0,7200.0,3100.0,10000.0,1900.0,4600.0,3900.0,9100.0,5400.0,3500.0,1300.0,300.0,300.0
all_households,highest_quintile,1992,179000.0,173400.0,104600.0,2000.0,4800.0,6000.0,100.0,900.0,15300.0,8100.0,3200.0,7400.0,2000.0,4600.0,4400.0,9800.0,5600.0,3500.0,1400.0,400.0,300.0
all_households,highest_quintile,1993,179200.0,173100.0,103400.0,2100.0,5300.0,6000.0,100.0,1100.0,15000.0,9500.0,3200.0,5900.0,2200.0,4500.0,5200.0,9600.0,6000.0,3900.0,1600.0,300.0,300.0
all_households,highest_quintile,1994,183400.0,177200.0,104800.0,2300.0,5900.0,6300.0,100.0,1200.0,16300.0,9200.0,3200.0,5600.0,2100.0,4500.0,5700.0,10200.0,6200.0,4100.0,1600.0,200.0,300.0
all_households,highest_quintile,1995,192100.0,185700.0,107700.0,2800.0,5700.0,6500.0,100.0,1300.0,16600.0,10700.0,3100.0,6800.0,2300.0,5100.0,6300.0,10700.0,6400.0,4200.0,1800.0,200.0,200.0
all_households,highest_quintile,1996,203200.0,196300.0,110100.0,3200.0,5500.0,6500.0,100.0,1400.0,17600.0,15500.0,3000.0,7200.0,2300.0,5500.0,6800.0,11700.0,6900.0,4500.0,2000.0,200.0,100.0
all_households,highest_quintile,1997,215900.0,208800.0,114500.0,3200.0,4900.0,6700.0,100.0,1400.0,18500.0,21100.0,2900.0,7200.0,2300.0,6200.0,7100.0,12500.0,7100.0,4600.0,2100.0,200.0,200.0
all_households,highest_quintile,1998,230500.0,223700.0,121200.0,3500.0,4900.0,7000.0,100.0,1400.0,20300.0,26200.0,3000.0,7300.0,2300.0,6000.0,6900.0,13700.0,6800.0,4600.0,2000.0,200.0,100.0
all_households,highest_quintile,1999,245500.0,239200.0,128000.0,3900.0,4900.0,7400.0,100.0,1400.0,21500.0,31200.0,3000.0,7100.0,2400.0,6500.0,7100.0,14700.0,6300.0,4200.0,1800.0,200.0,200.0
all_households,highest_quintile,2000,257500.0,250700.0,133900.0,4000.0,5100.0,7600.0,100.0,1400.0,21300.0,34300.0,3000.0,7900.0,2500.0,7000.0,7000.0,15700.0,6800.0,4500.0,1800.0,200.0,200.0
all_households,highest_quintile,2001,234900.0,228300.0,133100.0,4200.0,5500.0,7800.0,100.0,1000.0,21600.0,17800.0,2900.0,7300.0,2500.0,5200.0,4800.0,14500.0,6600.0,4400.0,1800.0,300.0,100.0
all_households,highest_quintile,2002,223400.0,216700.0,129000.0,4700.0,6100.0,7700.0,100.0,900.0,22000.0,12800.0,2700.0,5200.0,2300.0,4300.0,4300.0,14600.0,6700.0,4300.0,1800.0,500.0,200.0
all_households,highest_quintile,2003,231100.0,224300.0,129100.0,6000.0,6800.0,7800.0,100.0,1200.0,22700.0,15800.0,2600.0,4500.0,2400.0,4900.0,6100.0,14300.0,6800.0,4300.0,1900.0,400.0,100.0
all_households,highest_quintile,2004,251400.0,244500.0,132600.0,6300.0,7500.0,7800.0,100.0,1500.0,25400.0,24300.0,2500.0,4500.0,2500.0,6300.0,8000.0,15100.0,6900.0,4400.0,2100.0,300.0,100.0
all_households,highest_quintile,2005,272600.0,265100.0,132900.0,6500.0,7700.0,7800.0,100.0,2000.0,29800.0,32800.0,2700.0,6000.0,2800.0,7000.0,10700.0,16300.0,7600.0,4800.0,2300.0,200.0,200.0
all_households,highest_quintile,2006,284500.0,276300.0,134800.0,6800.0,7500.0,7800.0,100.0,2200.0,29900.0,36400.0,3300.0,8000.0,2700.0,8300.0,11700.0,16900.0,8200.0,5100.0,2700.0,200.0,200.0
all_households,highest_quintile,2007,295400.0,286700.0,138900.0,6900.0,7000.0,8000.0,100.0,1900.0,29300.0,40900.0,3500.0,9300.0,2700.0,9600.0,10100.0,18300.0,8700.0,5500.0,2900.0,200.0,100.0
all_households,highest_quintile,2008,267700.0,259200.0,139900.0,7100.0,7300.0,8200.0,100.0,1200.0,28300.0,20900.0,3400.0,7100.0,3100.0,8400.0,6000.0,18300.0,8500.0,5200.0,2800.0,300.0,100.0
all_households,highest_quintile,2009,242500.0,232400.0,133900.0,6800.0,7500.0,8200.0,100.0,900.0,26000.0,10400.0,3000.0,5100.0,2600.0,5900.0,4400.0,17800.0,10000.0,6000.0,3000.0,800.0,100.0
all_households,highest_quintile,2010,255200.0,245500.0,135200.0,6800.0,7300.0,8100.0,100.0,1300.0,26600.0,16000.0,3000.0,4400.0,2800.0,6800.0,6400.0,20800.0,9800.0,5800.0,3100.0,800.0,100.0
all_households,highest_quintile,2011,256200.0,246700.0,136700.0,6800.0,7300.0,8000.0,100.0,1200.0,27200.0,15700.0,2800.0,3700.0,2900.0,6700.0,6300.0,21200.0,9500.0,5800.0,3000.0,600.0,100.0
all_households,highest_quintile,2012,276700.0,266700.0,138800.0,6900.0,7000.0,8100.0,100.0,1500.0,30900.0,25300.0,2700.0,3500.0,3100.0,9300.0,7700.0,21900.0,9900.0,6100.0,3200.0,400.0,100.0
all_households,highest_quintile,2013,266800.0,256600.0,138400.0,7100.0,6900.0,8300.0,100.0,1600.0,30000.0,19000.0,2500.0,3200.0,3200.0,7400.0,8000.0,21200.0,10200.0,6400.0,3300.0,300.0,200.0
all_households,highest_quintile,2014,282100.0,271500.0,141500.0,7200.0,6700.0,8300.0,100.0,1700.0,31200.0,26200.0,2300.0,2900.0,3500.0,8700.0,9000.0,22100.0,10600.0,6800.0,3500.0,200.0,100.0
all_households,highest_quintile,2015,291900.0,281200.0,147800.0,7600.0,6900.0,8700.0,100.0,1700.0,33300.0,26600.0,2200.0,3000.0,3000.0,8800.0,8600.0,22900.0,10600.0,6700.0,3600.0,200.0,100.0
all_households,percentiles_81_90,1979,99400.0,96300.0,72800.0,0.0,3000.0,3700.0,200.0,1000.0,3800.0,1400.0,100.0,3800.0,600.0,1000.0,1700.0,3300.0,3100.0,2200.0,500.0,300.0,100.0
all_households,percentiles_81_90,1980,97300.0,93700.0,70700.0,0.0,2600.0,3700.0,200.0,800.0,3300.0,1300.0,100.0,4700.0,600.0,1000.0,1400.0,3400.0,3600.0,2300.0,600.0,500.0,100.0
all_households,percentiles_81_90,1981,97100.0,93300.0,70000.0,0.0,2700.0,4000.0,200.0,600.0,2700.0,900.0,100.0,5600.0,600.0,1200.0,1100.0,3700.0,3800.0,2600.0,700.0,300.0,100.0
all_households,percentiles_81_90,1982,97000.0,92400.0,69100.0,0.0,2900.0,4000.0,200.0,400.0,2200.0,900.0,100.0,6000.0,800.0,1400.0,700.0,3800.0,4600.0,3100.0,900.0,500.0,200.0
all_households,percentiles_81_90,1983,98100.0,93200.0,69300.0,0.0,3000.0,4100.0,200.0,500.0,2500.0,1200.0,100.0,5800.0,600.0,1200.0,900.0,4000.0,4900.0,3400.0,1000.0,400.0,100.0
all_households,percentiles_81_90,1984,104800.0,100000.0,73100.0,500.0,3000.0,4500.0,200.0,600.0,3400.0,1300.0,200.0,6200.0,600.0,1200.0,1000.0,4300.0,4800.0,3300.0,1000.0,300.0,100.0
all_households,percentiles_81_90,1985,103800.0,98900.0,72400.0,800.0,3100.0,4600.0,200.0,500.0,2700.0,1400.0,200.0,5600.0,600.0,1300.0,900.0,4700.0,4900.0,3300.0,1100.0,300.0,200.0
all_households,percentiles_81_90,1986,108700.0,103900.0,75300.0,900.0,3200.0,4900.0,200.0,600.0,3500.0,2400.0,200.0,5200.0,500.0,1300.0,900.0,4900.0,4800.0,3200.0,1100.0,300.0,200.0
all_households,percentiles_81_90,1987,109700.0,105400.0,76600.0,1000.0,3600.0,5000.0,200.0,800.0,3400.0,1400.0,300.0,4600.0,500.0,1600.0,1300.0,5200.0,4300.0,2900.0,1000.0,200.0,100.0
all_households,percentiles_81_90,1988,111200.0,106600.0,76600.0,1200.0,3800.0,5200.0,200.0,800.0,3500.0,1000.0,400.0,4700.0,500.0,1500.0,1200.0,5900.0,4600.0,3100.0,1000.0,200.0,300.0
all_households,percentiles_81_90,1989,112900.0,108100.0,76300.0,1400.0,3900.0,5200.0,200.0,700.0,3900.0,1300.0,400.0,5400.0,600.0,1500.0,1300.0,6200.0,4800.0,3200.0,1100.0,200.0,300.0
all_households,percentiles_81_90,1990,111500.0,106600.0,75800.0,1400.0,3900.0,5300.0,100.0,700.0,3500.0,900.0,400.0,5100.0,500.0,1300.0,1200.0,6500.0,4900.0,3200.0,1200.0,300.0,200.0
all_households,percentiles_81_90,1991,109800.0,104500.0,74200.0,1400.0,3900.0,5200.0,100.0,600.0,3500.0,900.0,500.0,4500.0,600.0,1300.0,1100.0,6900.0,5300.0,3400.0,1300.0,400.0,300.0
all_households,percentiles_81_90,1992,111100.0,105500.0,74900.0,1700.0,4400.0,5300.0,100.0,700.0,3500.0,1000.0,500.0,3200.0,600.0,1300.0,1100.0,7300.0,5600.0,3500.0,1400.0,500.0,200.0
all_households,percentiles_81_90,1993,112600.0,106600.0,75400.0,1800.0,5000.0,5300.0,100.0,800.0,3400.0,1200.0,500.0,2500.0,600.0,1400.0,1200.0,7400.0,5900.0,3800.0,1500.0,400.0,300.0
all_households,percentiles_81_90,1994,115000.0,109200.0,77200.0,2000.0,5300.0,5500.0,100.0,900.0,3500.0,1100.0,500.0,2300.0,600.0,1300.0,1300.0,7600.0,5700.0,3800.0,1500.0,300.0,200.0
all_households,percentiles_81_90,1995,118200.0,112000.0,77100.0,2400.0,5200.0,5600.0,100.0,900.0,3600.0,1200.0,600.0,3000.0,700.0,1500.0,1600.0,8400.0,6200.0,4100.0,1800.0,200.0,100.0
all_households,percentiles_81_90,1996,120700.0,114100.0,78100.0,2800.0,5000.0,5600.0,100.0,1000.0,3600.0,1700.0,500.0,3000.0,800.0,1600.0,1600.0,8700.0,6600.0,4200.0,1900.0,300.0,200.0
all_households,percentiles_81_90,1997,123600.0,116800.0,79800.0,2800.0,4500.0,5800.0,100.0,1000.0,3900.0,2400.0,500.0,3000.0,700.0,1700.0,1600.0,8900.0,6800.0,4300.0,2000.0,200.0,200.0
all_households,percentiles_81_90,1998,128800.0,122200.0,83700.0,3200.0,4400.0,6100.0,100.0,1000.0,4200.0,2600.0,400.0,3000.0,700.0,1700.0,1400.0,9800.0,6700.0,4400.0,1900.0,200.0,200.0
all_households,percentiles_81_90,1999,134000.0,128000.0,87200.0,3500.0,4400.0,6400.0,100.0,1000.0,4400.0,3200.0,400.0,2800.0,700.0,1900.0,1500.0,10400.0,6000.0,3900.0,1700.0,200.0,200.0
all_households,percentiles_81_90,2000,136700.0,130100.0,87600.0,3700.0,4500.0,6400.0,100.0,1000.0,4400.0,3300.0,400.0,3100.0,800.0,2000.0,1400.0,11400.0,6600.0,4400.0,1800.0,200.0,200.0
all_households,percentiles_81_90,2001,135300.0,128700.0,89600.0,3800.0,4900.0,6600.0,100.0,700.0,4400.0,1200.0,400.0,2900.0,800.0,1500.0,900.0,10900.0,6600.0,4300.0,1800.0,300.0,200.0
all_households,percentiles_81_90,2002,132900.0,126200.0,88600.0,3500.0,5400.0,6500.0,100.0,600.0,4100.0,800.0,500.0,2100.0,800.0,1400.0,800.0,11200.0,6700.0,4100.0,1900.0,500.0,100.0
all_households,percentiles_81_90,2003,134900.0,128200.0,88700.0,4100.0,6100.0,6500.0,100.0,800.0,4600.0,900.0,500.0,1600.0,800.0,1300.0,1000.0,11300.0,6700.0,4200.0,1900.0,500.0,200.0
all_households,percentiles_81_90,2004,139800.0,132800.0,90200.0,4300.0,6900.0,6600.0,100.0,1100.0,4600.0,1500.0,400.0,1500.0,800.0,1400.0,1200.0,12200.0,7000.0,4400.0,2100.0,400.0,100.0
all_households,percentiles_81_90,2005,142600.0,135200.0,89500.0,4500.0,7100.0,6600.0,100.0,1400.0,5200.0,2200.0,400.0,1800.0,800.0,1500.0,1500.0,12700.0,7400.0,4600.0,2200.0,300.0,300.0
all_households,percentiles_81_90,2006,146100.0,138100.0,90700.0,4600.0,6900.0,6600.0,100.0,1500.0,4800.0,2600.0,400.0,2400.0,800.0,1800.0,1800.0,12900.0,8100.0,4900.0,2700.0,300.0,200.0
all_households,percentiles_81_90,2007,149100.0,140500.0,92200.0,4700.0,6500.0,6800.0,100.0,1300.0,4900.0,2900.0,400.0,2700.0,800.0,1900.0,1500.0,13700.0,8600.0,5400.0,2800.0,300.0,200.0
all_households,percentiles_81_90,2008,146100.0,137300.0,92300.0,4800.0,6700.0,6800.0,100.0,800.0,4400.0,900.0,500.0,2200.0,900.0,1800.0,900.0,14300.0,8800.0,5400.0,2900.0,400.0,100.0
all_households,percentiles_81_90,2009,142700.0,132100.0,89900.0,4200.0,6800.0,6600.0,100.0,600.0,4100.0,500.0,500.0,1800.0,900.0,1400.0,700.0,14000.0,10500.0,6300.0,3200.0,1000.0,100.0
all_households,percentiles_81_90,2010,143600.0,133200.0,89000.0,4300.0,6600.0,6500.0,100.0,800.0,4200.0,600.0,600.0,1300.0,900.0,1500.0,900.0,15700.0,10400.0,6100.0,3200.0,900.0,200.0
all_households,percentiles_81_90,2011,144200.0,134100.0,89100.0,4300.0,6600.0,6500.0,100.0,800.0,4700.0,800.0,500.0,1000.0,900.0,1600.0,900.0,16200.0,10000.0,6000.0,3200.0,700.0,100.0
all_households,percentiles_81_90,2012,145200.0,134800.0,89300.0,4500.0,6400.0,6600.0,100.0,1000.0,4900.0,1100.0,400.0,800.0,1000.0,1700.0,900.0,16100.0,10400.0,6400.0,3300.0,500.0,200.0
all_households,percentiles_81_90,2013,147900.0,137200.0,89800.0,4500.0,6300.0,6700.0,100.0,1000.0,5100.0,1600.0,500.0,800.0,1000.0,1800.0,1300.0,16900.0,10800.0,6800.0,3400.0,400.0,200.0
all_households,percentiles_81_90,2014,151600.0,140700.0,91900.0,4700.0,6200.0,6800.0,100.0,1200.0,5400.0,2200.0,400.0,700.0,1000.0,1900.0,1400.0,17000.0,10900.0,6900.0,3600.0,300.0,100.0
all_households,percentiles_81_90,2015,157000.0,145800.0,95000.0,4800.0,6400.0,7000.0,100.0,1100.0,5800.0,2100.0,400.0,700.0,1000.0,1800.0,1300.0,18300.0,11200.0,7000.0,3800.0,300.0,200.0
all_households,percentiles_91_95,1979,122900.0,119800.0,86800.0,0.0,3300.0,4100.0,200.0,1100.0,6700.0,2800.0,200.0,5400.0,900.0,2000.0,2700.0,3700.0,3100.0,2100.0,500.0,200.0,200.0
all_households,percentiles_91_95,1980,120500.0,116900.0,84100.0,0.0,2800.0,4000.0,200.0,900.0,5100.0,3000.0,100.0,7200.0,1000.0,2000.0,2400.0,4100.0,3600.0,2500.0,700.0,400.0,100.0
all_households,percentiles_91_95,1981,120700.0,116500.0,83500.0,0.0,2900.0,4400.0,200.0,700.0,4500.0,1900.0,200.0,8700.0,1000.0,2500.0,1800.0,4400.0,4200.0,3000.0,800.0,200.0,100.0
all_households,percentiles_91_95,1982,119800.0,115200.0,84300.0,0.0,3100.0,4600.0,200.0,400.0,3800.0,1500.0,300.0,8400.0,800.0,2500.0,1000.0,4400.0,4600.0,3200.0,900.0,300.0,200.0
all_households,percentiles_91_95,1983,123100.0,118100.0,83700.0,0.0,3200.0,4600.0,200.0,600.0,4200.0,2600.0,400.0,8400.0,1100.0,2200.0,1400.0,5500.0,4900.0,3500.0,1100.0,300.0,100.0
all_households,percentiles_91_95,1984,132600.0,127400.0,88200.0,700.0,3200.0,5100.0,200.0,700.0,6000.0,2600.0,400.0,9200.0,900.0,2300.0,1700.0,6200.0,5200.0,3700.0,1200.0,200.0,100.0
all_households,percentiles_91_95,1985,132000.0,126900.0,88800.0,1000.0,3400.0,5300.0,200.0,700.0,4600.0,3300.0,500.0,8600.0,1000.0,2300.0,1500.0,5900.0,5100.0,3600.0,1100.0,200.0,200.0
all_households,percentiles_91_95,1986,138400.0,133600.0,92900.0,1200.0,3400.0,5600.0,200.0,700.0,5800.0,5500.0,600.0,7100.0,900.0,2500.0,1500.0,5800.0,4800.0,3200.0,1100.0,200.0,200.0
all_households,percentiles_91_95,1987,140900.0,136800.0,96100.0,1400.0,4000.0,5800.0,200.0,900.0,5500.0,3100.0,800.0,6700.0,900.0,2600.0,2100.0,6700.0,4100.0,2800.0,1000.0,200.0,200.0
all_households,percentiles_91_95,1988,143500.0,139100.0,96500.0,1600.0,4300.0,6100.0,200.0,1000.0,6400.0,2400.0,900.0,6800.0,800.0,2700.0,2000.0,7400.0,4500.0,3000.0,1000.0,200.0,200.0
all_households,percentiles_91_95,1989,145900.0,141200.0,95700.0,1800.0,4300.0,6000.0,200.0,900.0,6800.0,2700.0,1200.0,7800.0,900.0,2800.0,2100.0,7800.0,4700.0,3200.0,1100.0,200.0,300.0
all_households,percentiles_91_95,1990,142600.0,137400.0,92700.0,1700.0,4300.0,6100.0,100.0,800.0,6800.0,2000.0,1100.0,8000.0,1000.0,2600.0,2000.0,7900.0,5300.0,3500.0,1300.0,200.0,200.0
all_households,percentiles_91_95,1991,141600.0,136200.0,93000.0,1800.0,4400.0,6200.0,100.0,800.0,6700.0,1800.0,1200.0,6800.0,1000.0,2500.0,1800.0,8100.0,5300.0,3500.0,1300.0,300.0,300.0
all_households,percentiles_91_95,1992,144100.0,138900.0,94800.0,2300.0,5100.0,6300.0,100.0,900.0,6500.0,2100.0,1300.0,5000.0,1100.0,2500.0,2000.0,9000.0,5200.0,3200.0,1300.0,400.0,300.0
all_households,percentiles_91_95,1993,145500.0,139500.0,94100.0,2400.0,5400.0,6300.0,100.0,1000.0,7000.0,2800.0,1300.0,3700.0,1400.0,2700.0,2400.0,8900.0,6000.0,3800.0,1600.0,400.0,300.0
all_households,percentiles_91_95,1994,148100.0,142300.0,96600.0,2500.0,6100.0,6500.0,100.0,1100.0,7400.0,2200.0,1300.0,3400.0,1200.0,2400.0,2400.0,9000.0,5800.0,3900.0,1500.0,200.0,200.0
all_households,percentiles_91_95,1995,152300.0,146300.0,97900.0,3200.0,5700.0,6800.0,100.0,1200.0,7200.0,2600.0,1200.0,4100.0,1300.0,2800.0,2700.0,9600.0,6000.0,4000.0,1600.0,200.0,200.0
all_households,percentiles_91_95,1996,158000.0,151200.0,99300.0,3600.0,5400.0,6800.0,100.0,1300.0,7400.0,3600.0,1100.0,4800.0,1300.0,3000.0,2900.0,10700.0,6800.0,4500.0,1900.0,200.0,100.0
all_households,percentiles_91_95,1997,164100.0,157200.0,102300.0,3600.0,4900.0,6900.0,100.0,1300.0,7600.0,5000.0,1200.0,4700.0,1400.0,3400.0,3000.0,11900.0,6900.0,4400.0,2000.0,200.0,400.0
all_households,percentiles_91_95,1998,170900.0,164300.0,106300.0,4000.0,4900.0,7200.0,100.0,1200.0,8500.0,6100.0,1100.0,4600.0,1400.0,3300.0,2800.0,12800.0,6600.0,4300.0,1900.0,200.0,200.0
all_households,percentiles_91_95,1999,177800.0,171300.0,110400.0,4400.0,4900.0,7500.0,100.0,1300.0,8700.0,7500.0,1100.0,4300.0,1300.0,3600.0,2800.0,13600.0,6500.0,4400.0,1800.0,200.0,100.0
all_households,percentiles_91_95,2000,183400.0,177200.0,114700.0,4500.0,5000.0,7700.0,100.0,1200.0,9000.0,7400.0,900.0,4800.0,1400.0,3600.0,2700.0,14000.0,6200.0,4100.0,1700.0,200.0,200.0
all_households,percentiles_91_95,2001,178000.0,171500.0,116600.0,4800.0,5400.0,8100.0,100.0,900.0,8400.0,2900.0,1100.0,4500.0,1300.0,2600.0,1700.0,13400.0,6400.0,4400.0,1700.0,300.0,100.0
all_households,percentiles_91_95,2002,175500.0,168800.0,115300.0,5300.0,6200.0,7900.0,100.0,800.0,8500.0,2200.0,1000.0,3200.0,1300.0,2100.0,1500.0,13500.0,6700.0,4300.0,1700.0,500.0,200.0
all_households,percentiles_91_95,2003,179100.0,172400.0,116100.0,6700.0,6900.0,8100.0,100.0,1100.0,8600.0,2500.0,900.0,2500.0,1200.0,2100.0,1800.0,13800.0,6700.0,4300.0,1900.0,400.0,100.0
all_households,percentiles_91_95,2004,185100.0,178600.0,117500.0,7100.0,7600.0,8200.0,100.0,1400.0,9400.0,4100.0,800.0,2300.0,1500.0,2700.0,2300.0,13600.0,6500.0,4200.0,1900.0,300.0,100.0
all_households,percentiles_91_95,2005,192400.0,184900.0,116600.0,7400.0,7900.0,8100.0,100.0,1800.0,10200.0,5700.0,900.0,2900.0,1500.0,3100.0,3200.0,15500.0,7500.0,4800.0,2300.0,200.0,200.0
all_households,percentiles_91_95,2006,197800.0,189800.0,117700.0,7500.0,7800.0,8100.0,100.0,2000.0,10400.0,6200.0,1200.0,4000.0,1400.0,3600.0,3600.0,16200.0,8000.0,4900.0,2600.0,200.0,200.0
all_households,percentiles_91_95,2007,202900.0,194100.0,118900.0,7800.0,7300.0,8200.0,100.0,1700.0,10500.0,7100.0,1100.0,4900.0,1400.0,4100.0,3200.0,17900.0,8800.0,5600.0,2900.0,200.0,100.0
all_households,percentiles_91_95,2008,196200.0,187900.0,122300.0,7800.0,7500.0,8500.0,100.0,1100.0,9400.0,2500.0,1300.0,3700.0,1600.0,3400.0,1700.0,17000.0,8300.0,5100.0,2700.0,300.0,200.0
all_households,percentiles_91_95,2009,190700.0,180700.0,119100.0,7300.0,7800.0,8500.0,100.0,800.0,8500.0,1300.0,1100.0,2700.0,1500.0,2400.0,1300.0,18400.0,10000.0,6100.0,2900.0,900.0,100.0
all_households,percentiles_91_95,2010,193300.0,183600.0,118200.0,7200.0,7500.0,8300.0,100.0,1100.0,9200.0,1900.0,1200.0,2100.0,1600.0,2700.0,1700.0,20800.0,9700.0,5800.0,3100.0,600.0,100.0
all_households,percentiles_91_95,2011,194900.0,185400.0,119700.0,7400.0,7500.0,8300.0,100.0,1100.0,9600.0,2000.0,1200.0,1700.0,1700.0,2900.0,1700.0,20700.0,9500.0,5900.0,2900.0,600.0,100.0
all_households,percentiles_91_95,2012,197900.0,187900.0,120500.0,7500.0,7200.0,8400.0,100.0,1300.0,10000.0,2700.0,1000.0,1400.0,1800.0,3300.0,1800.0,21000.0,10000.0,6200.0,3200.0,500.0,100.0
all_households,percentiles_91_95,2013,203300.0,193800.0,123700.0,8000.0,7200.0,8700.0,100.0,1400.0,10600.0,3900.0,900.0,1200.0,1800.0,3100.0,2500.0,20700.0,9500.0,6000.0,3100.0,300.0,100.0
all_households,percentiles_91_95,2014,207000.0,196300.0,122900.0,7900.0,7000.0,8700.0,100.0,1600.0,10800.0,5100.0,800.0,1100.0,1800.0,3800.0,2700.0,22000.0,10700.0,6800.0,3400.0,200.0,200.0
all_households,percentiles_91_95,2015,214300.0,204300.0,129600.0,8500.0,7300.0,9100.0,100.0,1500.0,11400.0,4800.0,900.0,1200.0,1800.0,3700.0,2600.0,22000.0,10100.0,6300.0,3300.0,200.0,300.0
all_households,percentiles_96_99,1979,177900.0,173900.0,100600.0,0.0,3100.0,3500.0,200.0,1300.0,18500.0,11200.0,800.0,11600.0,2800.0,6300.0,7900.0,6100.0,3900.0,2900.0,800.0,200.0,100.0
all_households,percentiles_96_99,1980,171900.0,167500.0,99600.0,0.0,2700.0,3700.0,100.0,1100.0,14400.0,9200.0,800.0,14300.0,2600.0,6700.0,6100.0,6100.0,4400.0,3200.0,900.0,200.0,100.0
all_households,percentiles_96_99,1981,170200.0,165500.0,98400.0,0.0,2800.0,4100.0,100.0,800.0,11800.0,8100.0,800.0,18100.0,2600.0,7200.0,4800.0,6000.0,4700.0,3400.0,1000.0,100.0,100.0
all_households,percentiles_96_99,1982,170800.0,165200.0,102000.0,0.0,3100.0,4400.0,100.0,500.0,10700.0,6500.0,1000.0,17100.0,2700.0,7000.0,2600.0,7400.0,5600.0,4000.0,1200.0,200.0,100.0
all_households,percentiles_96_99,1983,176000.0,170600.0,103700.0,0.0,3300.0,4600.0,200.0,700.0,11400.0,10600.0,1300.0,15200.0,2600.0,6200.0,3500.0,7300.0,5400.0,3900.0,1200.0,200.0,100.0
all_households,percentiles_96_99,1984,191000.0,185200.0,110500.0,800.0,3200.0,5000.0,200.0,900.0,15900.0,10600.0,1400.0,15900.0,3000.0,5900.0,4000.0,8000.0,5800.0,4200.0,1300.0,200.0,200.0
all_households,percentiles_96_99,1985,193000.0,187400.0,112200.0,1200.0,3500.0,5300.0,200.0,800.0,13200.0,13600.0,1700.0,15600.0,2600.0,5800.0,3800.0,8000.0,5700.0,4000.0,1400.0,200.0,100.0
all_households,percentiles_96_99,1986,210400.0,204600.0,117000.0,1300.0,3600.0,5500.0,200.0,900.0,15400.0,23400.0,2300.0,13200.0,2600.0,6500.0,4000.0,8800.0,5700.0,4000.0,1400.0,200.0,200.0
all_households,percentiles_96_99,1987,208400.0,203200.0,120200.0,1500.0,4300.0,5800.0,100.0,1200.0,17100.0,12400.0,3700.0,13100.0,2700.0,7000.0,5700.0,8500.0,5200.0,3700.0,1400.0,100.0,100.0
all_households,percentiles_96_99,1988,215200.0,210100.0,122200.0,1600.0,4600.0,6000.0,100.0,1200.0,20300.0,10500.0,4000.0,13800.0,2700.0,7100.0,5600.0,10300.0,5100.0,3600.0,1300.0,100.0,100.0
all_households,percentiles_96_99,1989,219400.0,214000.0,124100.0,1900.0,4700.0,6100.0,100.0,1200.0,19200.0,10000.0,4300.0,15600.0,2700.0,7500.0,5500.0,11000.0,5400.0,3700.0,1300.0,100.0,200.0
all_households,percentiles_96_99,1990,213300.0,207800.0,123000.0,2000.0,4800.0,6300.0,100.0,1100.0,19300.0,7000.0,4400.0,14900.0,2600.0,6700.0,5000.0,10600.0,5500.0,3700.0,1400.0,100.0,300.0
all_households,percentiles_96_99,1991,209500.0,204100.0,122600.0,2000.0,4800.0,6600.0,100.0,1000.0,19400.0,6500.0,4000.0,12700.0,2700.0,5800.0,4500.0,11300.0,5400.0,3600.0,1400.0,200.0,200.0
all_households,percentiles_96_99,1992,216500.0,210900.0,126800.0,2500.0,5500.0,7000.0,100.0,1100.0,21300.0,7100.0,4700.0,9200.0,2900.0,5700.0,5000.0,12000.0,5600.0,3600.0,1500.0,200.0,300.0
all_households,percentiles_96_99,1993,218500.0,212400.0,127400.0,2800.0,6000.0,7000.0,100.0,1300.0,21300.0,8400.0,4200.0,7500.0,3000.0,5900.0,5900.0,11800.0,6100.0,4100.0,1600.0,200.0,200.0
all_households,percentiles_96_99,1994,224000.0,216400.0,128900.0,2900.0,6700.0,7100.0,100.0,1400.0,22300.0,7500.0,4200.0,6800.0,2900.0,5700.0,6100.0,13800.0,7600.0,5100.0,1800.0,200.0,500.0
all_households,percentiles_96_99,1995,235800.0,228800.0,135100.0,3400.0,6300.0,7400.0,100.0,1600.0,22900.0,9100.0,3900.0,8400.0,3700.0,6500.0,7100.0,13300.0,7000.0,4600.0,1900.0,200.0,300.0
all_households,percentiles_96_99,1996,245300.0,237800.0,136100.0,3800.0,6100.0,7400.0,100.0,1700.0,24700.0,12100.0,3700.0,8800.0,3300.0,7200.0,7300.0,15400.0,7500.0,5100.0,2200.0,100.0,100.0
all_households,percentiles_96_99,1997,261600.0,253600.0,142900.0,3600.0,5600.0,7600.0,100.0,1700.0,25400.0,17700.0,3900.0,8900.0,3300.0,8600.0,7800.0,16200.0,8000.0,5300.0,2400.0,100.0,100.0
all_households,percentiles_96_99,1998,276200.0,268700.0,150800.0,3900.0,5500.0,7900.0,100.0,1700.0,29100.0,20200.0,3900.0,8900.0,3400.0,8300.0,7200.0,17900.0,7500.0,5200.0,2200.0,100.0,100.0
all_households,percentiles_96_99,1999,289500.0,282800.0,155800.0,4300.0,5600.0,8300.0,100.0,1700.0,30300.0,25300.0,3900.0,8500.0,3700.0,8400.0,7500.0,19300.0,6700.0,4500.0,1900.0,100.0,100.0
all_households,percentiles_96_99,2000,298300.0,290700.0,162300.0,4500.0,5800.0,8700.0,100.0,1700.0,28900.0,24800.0,3800.0,9400.0,3700.0,9100.0,7100.0,20700.0,7600.0,5200.0,2000.0,100.0,300.0
all_households,percentiles_96_99,2001,281500.0,274700.0,166600.0,4600.0,6300.0,9000.0,100.0,1200.0,28800.0,12200.0,3600.0,8600.0,3700.0,6500.0,4600.0,18900.0,6800.0,4600.0,1900.0,200.0,100.0
all_households,percentiles_96_99,2002,270300.0,263600.0,163300.0,6700.0,7000.0,9100.0,100.0,1100.0,28400.0,8600.0,3100.0,5800.0,3300.0,5100.0,3900.0,18300.0,6700.0,4400.0,1800.0,300.0,200.0
all_households,percentiles_96_99,2003,279300.0,272300.0,165100.0,9000.0,8000.0,9400.0,100.0,1500.0,28900.0,11100.0,2800.0,4900.0,3500.0,5600.0,5500.0,16900.0,6900.0,4500.0,2000.0,400.0,100.0
all_households,percentiles_96_99,2004,296500.0,289700.0,168400.0,9600.0,8500.0,9300.0,100.0,2000.0,32500.0,16600.0,2800.0,4700.0,3600.0,6800.0,6900.0,18100.0,6900.0,4500.0,2100.0,200.0,100.0
all_households,percentiles_96_99,2005,319900.0,312200.0,169200.0,9900.0,8700.0,9000.0,100.0,2600.0,37800.0,24200.0,3200.0,6300.0,4000.0,7900.0,9800.0,19700.0,7700.0,5000.0,2300.0,200.0,200.0
all_households,percentiles_96_99,2006,330100.0,321600.0,171700.0,10500.0,8100.0,9100.0,100.0,2800.0,37300.0,25400.0,3800.0,8200.0,4000.0,9200.0,10500.0,20700.0,8500.0,5500.0,2800.0,100.0,100.0
all_households,percentiles_96_99,2007,340800.0,331900.0,176500.0,10700.0,7800.0,9300.0,100.0,2400.0,37400.0,26800.0,4100.0,9800.0,4100.0,11100.0,9100.0,22600.0,8900.0,5700.0,3000.0,100.0,100.0
all_households,percentiles_96_99,2008,315400.0,307400.0,180100.0,11300.0,8100.0,9800.0,100.0,1500.0,34500.0,10100.0,3800.0,7700.0,4500.0,8800.0,4700.0,22400.0,8000.0,5100.0,2600.0,200.0,100.0
all_households,percentiles_96_99,2009,296200.0,287300.0,177600.0,11500.0,8500.0,10200.0,100.0,1200.0,30300.0,5500.0,3300.0,5500.0,3400.0,6200.0,3500.0,20500.0,8900.0,5400.0,2800.0,600.0,100.0
all_households,percentiles_96_99,2010,306400.0,297800.0,181000.0,11300.0,8400.0,10100.0,100.0,1700.0,31200.0,7200.0,3400.0,4200.0,4000.0,6300.0,4600.0,24300.0,8600.0,5100.0,2700.0,700.0,200.0
all_households,percentiles_96_99,2011,311800.0,303200.0,184000.0,11400.0,8400.0,10000.0,100.0,1700.0,32300.0,7500.0,3100.0,3600.0,4300.0,7000.0,4600.0,25100.0,8600.0,5300.0,2800.0,400.0,100.0
all_households,percentiles_96_99,2012,326400.0,317700.0,186400.0,11100.0,7900.0,10000.0,100.0,2000.0,37600.0,11600.0,3300.0,3300.0,4600.0,8300.0,5500.0,25900.0,8700.0,5400.0,3000.0,300.0,
all_households,percentiles_96_99,2013,330100.0,320600.0,186500.0,11400.0,8000.0,10200.0,100.0,2100.0,38100.0,13000.0,3200.0,2900.0,4700.0,8400.0,7300.0,24800.0,9600.0,6100.0,3100.0,200.0,100.0
all_households,percentiles_96_99,2014,342900.0,332800.0,189200.0,11700.0,7500.0,10300.0,100.0,2300.0,38500.0,17600.0,3000.0,2800.0,4900.0,9800.0,8100.0,27100.0,10100.0,6500.0,3300.0,200.0,100.0
all_households,percentiles_96_99,2015,355900.0,345800.0,199100.0,12300.0,7700.0,10600.0,100.0,2200.0,41700.0,17000.0,2800.0,2800.0,4400.0,9900.0,7500.0,27600.0,10100.0,6400.0,3500.0,200.0,
all_households,top_1_percent,1979,557300.0,551700.0,172600.0,0.0,2700.0,2300.0,100.0,2100.0,58600.0,133800.0,10100.0,35500.0,14000.0,50800.0,59000.0,10200.0,5500.0,4200.0,1300.0,100.0,
all_households,top_1_percent,1980,534500.0,528900.0,181900.0,0.0,2500.0,2500.0,100.0,1900.0,49400.0,119200.0,9500.0,42600.0,14800.0,50400.0,44100.0,10100.0,5600.0,4100.0,1300.0,100.0,100.0
all_households,top_1_percent,1981,532200.0,526200.0,182100.0,0.0,2800.0,3000.0,100.0,1500.0,37200.0,122700.0,11200.0,55100.0,17700.0,47200.0,35100.0,10600.0,6000.0,4400.0,1500.0,100.0,
all_households,top_1_percent,1982,560700.0,553700.0,188800.0,0.0,3000.0,3900.0,100.0,1000.0,42400.0,141000.0,14700.0,56000.0,17300.0,50500.0,23000.0,12100.0,7000.0,5100.0,1700.0,100.0,100.0
all_households,top_1_percent,1983,614800.0,607800.0,200600.0,0.0,3200.0,4200.0,100.0,1300.0,51100.0,176800.0,19400.0,46600.0,15900.0,44800.0,30200.0,13800.0,7000.0,5000.0,1700.0,100.0,100.0
all_households,top_1_percent,1984,679900.0,672300.0,215300.0,500.0,2900.0,4300.0,100.0,1600.0,62800.0,196900.0,23800.0,56400.0,16000.0,39600.0,36700.0,15200.0,7600.0,5600.0,1800.0,100.0,100.0
all_households,top_1_percent,1985,728300.0,720800.0,214400.0,800.0,3200.0,4300.0,100.0,1500.0,65900.0,231600.0,26900.0,58200.0,16300.0,43900.0,35700.0,18000.0,7500.0,5200.0,1900.0,100.0,200.0
all_households,top_1_percent,1986,954000.0,946100.0,210800.0,800.0,3300.0,4300.0,100.0,1600.0,64100.0,460200.0,31500.0,51200.0,15100.0,49600.0,42400.0,11100.0,7900.0,5500.0,2000.0,100.0,300.0
all_households,top_1_percent,1987,764600.0,758200.0,274400.0,1100.0,4200.0,5300.0,100.0,2500.0,97800.0,161800.0,34000.0,60200.0,14000.0,42200.0,45200.0,15300.0,6300.0,4400.0,1700.0,100.0,100.0
all_households,top_1_percent,1988,957800.0,951300.0,334800.0,1300.0,5100.0,5600.0,100.0,3100.0,146300.0,199600.0,31600.0,71400.0,14500.0,54600.0,52900.0,30500.0,6500.0,4600.0,1600.0,,200.0
all_households,top_1_percent,1989,891300.0,885000.0,301500.0,1400.0,5300.0,5800.0,100.0,2700.0,141400.0,165800.0,34000.0,83800.0,15400.0,52700.0,48600.0,26400.0,6300.0,4500.0,1600.0,100.0,100.0
all_households,top_1_percent,1990,862500.0,855400.0,316300.0,1400.0,5100.0,6000.0,100.0,2600.0,144300.0,125600.0,33600.0,81300.0,16700.0,48800.0,45600.0,28000.0,7100.0,4800.0,1700.0,100.0,500.0
all_households,top_1_percent,1991,775900.0,769100.0,300300.0,1700.0,5200.0,5800.0,100.0,2300.0,126200.0,98700.0,35900.0,68400.0,15500.0,42900.0,39200.0,26900.0,6800.0,4800.0,1700.0,100.0,300.0
all_households,top_1_percent,1992,874900.0,868000.0,358500.0,2100.0,5500.0,7600.0,100.0,3000.0,153100.0,113100.0,34500.0,53800.0,17400.0,43100.0,47100.0,29100.0,7000.0,4900.0,1900.0,100.0,
all_households,top_1_percent,1993,841000.0,833700.0,326700.0,2100.0,6100.0,6200.0,100.0,3100.0,143100.0,129200.0,34100.0,44200.0,18400.0,39000.0,55600.0,25800.0,7200.0,5100.0,1900.0,100.0,100.0
all_households,top_1_percent,1994,866600.0,858900.0,317200.0,2400.0,7500.0,8800.0,100.0,3300.0,161700.0,131300.0,34100.0,43500.0,18200.0,41100.0,63300.0,26300.0,7700.0,5400.0,1900.0,100.0,200.0
all_households,top_1_percent,1995,962100.0,954700.0,352900.0,2600.0,8600.0,9900.0,100.0,3900.0,170200.0,155400.0,34600.0,52500.0,17500.0,47300.0,70500.0,28800.0,7400.0,4800.0,2100.0,100.0,400.0
all_households,top_1_percent,1996,1066000.0,1058800.0,371600.0,2800.0,8100.0,10200.0,100.0,4300.0,177100.0,223600.0,34000.0,53000.0,17900.0,49000.0,75200.0,31800.0,7200.0,4800.0,2300.0,100.0,
all_households,top_1_percent,1997,1230900.0,1223000.0,412400.0,2700.0,7100.0,11000.0,100.0,4700.0,195100.0,308300.0,33000.0,55600.0,19700.0,55300.0,81800.0,36100.0,7900.0,5400.0,2400.0,,100.0
all_households,top_1_percent,1998,1398000.0,1390700.0,460600.0,2900.0,7400.0,11800.0,100.0,4800.0,210700.0,399100.0,35100.0,58400.0,18700.0,55900.0,83600.0,41500.0,7300.0,4900.0,2300.0,100.0,
all_households,top_1_percent,1999,1525800.0,1518700.0,509800.0,3400.0,7200.0,13100.0,100.0,5200.0,222300.0,456000.0,35400.0,58000.0,19200.0,59600.0,84600.0,44800.0,7100.0,4700.0,2000.0,100.0,300.0
all_households,top_1_percent,2000,1677200.0,1669400.0,577300.0,3600.0,7700.0,14300.0,100.0,5700.0,222400.0,521000.0,36100.0,65400.0,19300.0,65300.0,85100.0,46400.0,7800.0,5600.0,2200.0,100.0,
all_households,top_1_percent,2001,1340800.0,1333900.0,517100.0,3600.0,8200.0,13700.0,100.0,3500.0,232600.0,285800.0,34400.0,61400.0,21100.0,51600.0,60900.0,39800.0,6900.0,4600.0,2000.0,100.0,100.0
all_households,top_1_percent,2002,1188200.0,1180700.0,463100.0,6400.0,8500.0,12800.0,100.0,2900.0,245900.0,207000.0,33000.0,45400.0,19500.0,42700.0,55400.0,38100.0,7400.0,5000.0,2200.0,200.0,
all_households,top_1_percent,2003,1264800.0,1257300.0,455100.0,9800.0,9000.0,12600.0,100.0,3900.0,250000.0,251500.0,32000.0,42000.0,20800.0,52900.0,81200.0,36400.0,7500.0,4900.0,2400.0,200.0,100.0
all_households,top_1_percent,2004,1508400.0,1500400.0,483400.0,9300.0,8900.0,12700.0,100.0,5100.0,283900.0,382600.0,30100.0,45000.0,21100.0,71100.0,107800.0,39300.0,8000.0,5400.0,2500.0,100.0,
all_households,top_1_percent,2005,1822500.0,1813600.0,510200.0,9100.0,9200.0,13000.0,100.0,7100.0,350000.0,522800.0,34300.0,63300.0,24500.0,80300.0,146500.0,43200.0,8900.0,6000.0,2800.0,100.0,100.0
all_households,top_1_percent,2006,1972200.0,1963000.0,523300.0,9300.0,8800.0,13200.0,100.0,7800.0,358700.0,588700.0,41900.0,85100.0,23600.0,95600.0,160700.0,46100.0,9200.0,5900.0,3200.0,100.0,
all_households,top_1_percent,2007,2077500.0,2068600.0,562600.0,9700.0,8600.0,13900.0,100.0,7100.0,341600.0,661100.0,45700.0,97700.0,22800.0,110800.0,137600.0,49300.0,8900.0,5700.0,3200.0,100.0,
all_households,top_1_percent,2008,1696800.0,1688200.0,554000.0,10300.0,8900.0,14200.0,100.0,4200.0,347600.0,369700.0,42000.0,73400.0,28700.0,99700.0,86500.0,49000.0,8600.0,5400.0,2900.0,200.0,100.0
all_households,top_1_percent,2009,1324300.0,1315100.0,486000.0,11400.0,9200.0,13800.0,100.0,3000.0,327400.0,180400.0,36400.0,51000.0,21800.0,70100.0,62800.0,41800.0,9300.0,5700.0,3200.0,300.0,
all_households,top_1_percent,2010,1533800.0,1524900.0,516000.0,11300.0,8400.0,13800.0,100.0,4400.0,331700.0,287400.0,36900.0,49900.0,23200.0,85800.0,97000.0,58900.0,8900.0,5500.0,3000.0,300.0,
all_households,top_1_percent,2011,1520300.0,1511600.0,525200.0,11500.0,8500.0,14000.0,100.0,4400.0,334200.0,278100.0,34200.0,43000.0,24700.0,79300.0,93700.0,60800.0,8700.0,5600.0,2900.0,200.0,
all_households,top_1_percent,2012,1877700.0,1868200.0,558200.0,11000.0,7700.0,14300.0,100.0,5500.0,389400.0,460600.0,32500.0,44700.0,27200.0,126300.0,120200.0,70500.0,9500.0,5900.0,3400.0,200.0,100.0
all_households,top_1_percent,2013,1580200.0,1570600.0,525600.0,11700.0,7600.0,14200.0,100.0,5500.0,358400.0,304000.0,30000.0,39100.0,27500.0,84500.0,109200.0,53300.0,9600.0,6200.0,3300.0,100.0,
all_households,top_1_percent,2014,1778100.0,1768600.0,554100.0,11500.0,7300.0,14100.0,100.0,6200.0,376900.0,423600.0,26600.0,37100.0,31100.0,101700.0,124000.0,54500.0,9400.0,6100.0,3200.0,100.0,100.0
all_households,top_1_percent,2015,1854900.0,1844700.0,585200.0,12500.0,7300.0,15300.0,100.0,6000.0,404600.0,441500.0,26000.0,37700.0,25100.0,105200.0,121500.0,56600.0,10300.0,6700.0,3500.0,100.0,
hh_with_children,all_quintiles,1979,73400.0,71800.0,54800.0,0.0,2500.0,2700.0,200.0,700.0,3600.0,2100.0,100.0,1300.0,300.0,600.0,1100.0,1600.0,1700.0,1000.0,200.0,300.0,100.0
hh_with_children,all_quintiles,1980,70300.0,68400.0,52900.0,0.0,2100.0,2600.0,100.0,600.0,3000.0,1900.0,100.0,1600.0,300.0,600.0,900.0,1600.0,1900.0,1000.0,200.0,600.0,100.0
hh_with_children,all_quintiles,1981,70000.0,68200.0,53000.0,0.0,2200.0,2900.0,100.0,500.0,2300.0,1900.0,100.0,1900.0,400.0,700.0,700.0,1600.0,1900.0,1100.0,200.0,500.0,100.0
hh_with_children,all_quintiles,1982,68600.0,66400.0,52100.0,0.0,2400.0,2900.0,100.0,300.0,2000.0,1800.0,100.0,1900.0,400.0,700.0,400.0,1300.0,2200.0,1100.0,200.0,700.0,200.0
hh_with_children,all_quintiles,1983,69200.0,67100.0,51600.0,0.0,2500.0,2900.0,100.0,400.0,2400.0,2600.0,200.0,1700.0,400.0,600.0,600.0,1200.0,2100.0,1000.0,200.0,700.0,200.0
hh_with_children,all_quintiles,1984,74500.0,72700.0,55000.0,300.0,2500.0,3200.0,200.0,400.0,3200.0,2700.0,200.0,1900.0,400.0,600.0,600.0,1400.0,1800.0,1000.0,200.0,400.0,200.0
hh_with_children,all_quintiles,1985,73900.0,72100.0,54700.0,500.0,2600.0,3300.0,100.0,400.0,2800.0,3000.0,300.0,1800.0,300.0,500.0,600.0,1300.0,1800.0,1000.0,200.0,400.0,200.0
hh_with_children,all_quintiles,1986,79300.0,77500.0,55600.0,500.0,2600.0,3400.0,100.0,500.0,3500.0,6200.0,400.0,1600.0,300.0,800.0,700.0,1500.0,1800.0,900.0,200.0,400.0,200.0
hh_with_children,all_quintiles,1987,76900.0,75200.0,56000.0,600.0,2900.0,3400.0,100.0,600.0,4100.0,2400.0,200.0,1800.0,400.0,700.0,800.0,1300.0,1700.0,900.0,300.0,300.0,200.0
hh_with_children,all_quintiles,1988,79100.0,77300.0,56600.0,700.0,3000.0,3600.0,100.0,600.0,4800.0,2400.0,200.0,1800.0,300.0,700.0,800.0,1700.0,1800.0,900.0,300.0,300.0,300.0
hh_with_children,all_quintiles,1989,81300.0,79400.0,57600.0,800.0,3100.0,3700.0,100.0,600.0,5100.0,2300.0,200.0,2100.0,400.0,800.0,800.0,1800.0,1900.0,1000.0,300.0,300.0,300.0
hh_with_children,all_quintiles,1990,79600.0,77800.0,57400.0,800.0,3100.0,3800.0,100.0,500.0,4800.0,1600.0,200.0,1900.0,400.0,600.0,700.0,1900.0,1800.0,900.0,300.0,300.0,300.0
hh_with_children,all_quintiles,1991,78600.0,76600.0,56700.0,800.0,3000.0,3800.0,100.0,500.0,4600.0,1500.0,300.0,1800.0,400.0,600.0,700.0,1900.0,2100.0,1000.0,300.0,500.0,300.0
hh_with_children,all_quintiles,1992,79600.0,77300.0,56800.0,1000.0,3400.0,3800.0,100.0,500.0,5000.0,1600.0,200.0,1200.0,400.0,600.0,700.0,1900.0,2300.0,1100.0,400.0,600.0,200.0
hh_with_children,all_quintiles,1993,80700.0,78400.0,57300.0,1000.0,3700.0,3800.0,100.0,600.0,5000.0,1900.0,200.0,1000.0,400.0,600.0,900.0,1800.0,2300.0,1100.0,400.0,500.0,200.0
hh_with_children,all_quintiles,1994,82400.0,80300.0,58000.0,1100.0,4100.0,3900.0,100.0,700.0,5400.0,1800.0,200.0,900.0,400.0,600.0,1000.0,2100.0,2100.0,1100.0,400.0,400.0,200.0
hh_with_children,all_quintiles,1995,87600.0,85400.0,60700.0,1400.0,4200.0,4100.0,100.0,700.0,5900.0,2300.0,300.0,1200.0,400.0,700.0,1100.0,2200.0,2200.0,1200.0,500.0,400.0,200.0
hh_with_children,all_quintiles,1996,88700.0,86500.0,60800.0,1600.0,4100.0,4100.0,100.0,800.0,6000.0,2900.0,200.0,1100.0,400.0,700.0,1100.0,2500.0,2200.0,1100.0,500.0,300.0,200.0
hh_with_children,all_quintiles,1997,93300.0,91100.0,63600.0,1600.0,3800.0,4300.0,100.0,800.0,6300.0,4100.0,300.0,1200.0,500.0,900.0,1200.0,2600.0,2200.0,1200.0,500.0,300.0,200.0
hh_with_children,all_quintiles,1998,99700.0,97700.0,67700.0,1800.0,3800.0,4500.0,100.0,800.0,6900.0,5100.0,300.0,1200.0,400.0,800.0,1200.0,2900.0,2000.0,1100.0,500.0,300.0,200.0
hh_with_children,all_quintiles,1999,106300.0,104300.0,71100.0,2000.0,3800.0,4700.0,100.0,800.0,7600.0,6600.0,300.0,1200.0,500.0,1000.0,1300.0,3300.0,2000.0,1100.0,500.0,300.0,200.0
hh_with_children,all_quintiles,2000,111000.0,108900.0,73400.0,2100.0,4000.0,4800.0,100.0,800.0,7400.0,8000.0,300.0,1400.0,600.0,1200.0,1400.0,3400.0,2100.0,1100.0,500.0,300.0,200.0
hh_with_children,all_quintiles,2001,104600.0,102300.0,72200.0,2100.0,4100.0,4800.0,100.0,500.0,7200.0,4000.0,300.0,1400.0,500.0,900.0,1000.0,3100.0,2400.0,1200.0,600.0,400.0,200.0
hh_with_children,all_quintiles,2002,101900.0,99300.0,71000.0,1800.0,4500.0,4700.0,100.0,500.0,7400.0,2800.0,300.0,1000.0,500.0,700.0,900.0,3100.0,2600.0,1200.0,600.0,700.0,200.0
hh_with_children,all_quintiles,2003,103500.0,100900.0,70200.0,2200.0,4900.0,4600.0,100.0,700.0,7800.0,3400.0,300.0,900.0,500.0,800.0,1300.0,3200.0,2600.0,1200.0,600.0,600.0,200.0
hh_with_children,all_quintiles,2004,109900.0,107400.0,72300.0,2300.0,5600.0,4800.0,100.0,800.0,8600.0,5100.0,300.0,900.0,500.0,1100.0,1600.0,3300.0,2600.0,1300.0,700.0,500.0,200.0
hh_with_children,all_quintiles,2005,114400.0,111900.0,73000.0,2500.0,5700.0,4800.0,100.0,1100.0,9500.0,6700.0,300.0,1200.0,500.0,1200.0,2100.0,3200.0,2400.0,1200.0,700.0,400.0,200.0
hh_with_children,all_quintiles,2006,120000.0,117500.0,74500.0,2500.0,5700.0,4800.0,100.0,1200.0,10200.0,8300.0,500.0,1700.0,500.0,1500.0,2500.0,3300.0,2500.0,1300.0,800.0,400.0,100.0
hh_with_children,all_quintiles,2007,125400.0,122700.0,78100.0,2700.0,5300.0,5000.0,100.0,1100.0,10000.0,9800.0,500.0,2100.0,600.0,1800.0,2200.0,3500.0,2700.0,1400.0,800.0,400.0,100.0
hh_with_children,all_quintiles,2008,117900.0,114900.0,77600.0,2700.0,5300.0,5000.0,100.0,700.0,8900.0,5300.0,500.0,1600.0,600.0,1600.0,1400.0,3500.0,3000.0,1400.0,900.0,500.0,100.0
hh_with_children,all_quintiles,2009,109700.0,105800.0,73800.0,2500.0,5300.0,4900.0,100.0,500.0,8600.0,2500.0,400.0,1100.0,500.0,1100.0,1000.0,3500.0,4000.0,1500.0,1000.0,1300.0,100.0
hh_with_children,all_quintiles,2010,115400.0,111400.0,75000.0,2500.0,5100.0,4900.0,100.0,700.0,9700.0,4600.0,400.0,1100.0,600.0,1400.0,1600.0,3700.0,4000.0,1500.0,1000.0,1300.0,100.0
hh_with_children,all_quintiles,2011,113300.0,109700.0,75000.0,2500.0,5100.0,4800.0,100.0,700.0,9500.0,4000.0,400.0,800.0,600.0,1300.0,1500.0,3400.0,3600.0,1500.0,1000.0,1000.0,100.0
hh_with_children,all_quintiles,2012,118100.0,114700.0,75300.0,2600.0,5100.0,4800.0,100.0,800.0,11200.0,6100.0,300.0,800.0,600.0,1800.0,1700.0,3500.0,3400.0,1500.0,1100.0,800.0,100.0
hh_with_children,all_quintiles,2013,118000.0,114800.0,76900.0,2700.0,5200.0,5000.0,100.0,900.0,10800.0,5000.0,300.0,800.0,600.0,1400.0,1900.0,3200.0,3200.0,1600.0,900.0,600.0,100.0
hh_with_children,all_quintiles,2014,122000.0,118900.0,78300.0,2800.0,5000.0,5100.0,100.0,1000.0,11100.0,6800.0,300.0,700.0,700.0,1700.0,2100.0,3300.0,3100.0,1700.0,1000.0,400.0,100.0
hh_with_children,all_quintiles,2015,128600.0,125400.0,82400.0,3000.0,5200.0,5300.0,100.0,900.0,12400.0,7100.0,300.0,800.0,600.0,1800.0,2100.0,3400.0,3200.0,1700.0,1000.0,300.0,100.0
hh_with_children,lowest_quintile,1979,19000.0,17000.0,13000.0,0.0,700.0,800.0,100.0,200.0,700.0,100.0,,300.0,100.0,,100.0,900.0,2000.0,1300.0,300.0,200.0,100.0
hh_with_children,lowest_quintile,1980,17900.0,15900.0,12100.0,0.0,600.0,700.0,100.0,100.0,600.0,100.0,,300.0,100.0,100.0,100.0,1000.0,2000.0,1200.0,300.0,400.0,200.0
hh_with_children,lowest_quintile,1981,17600.0,15600.0,12000.0,0.0,600.0,800.0,100.0,100.0,400.0,100.0,,300.0,100.0,100.0,100.0,900.0,2000.0,1200.0,300.0,400.0,100.0
hh_with_children,lowest_quintile,1982,16600.0,14500.0,11200.0,0.0,600.0,700.0,100.0,100.0,300.0,100.0,,400.0,100.0,100.0,100.0,600.0,2100.0,1000.0,300.0,700.0,100.0
hh_with_children,lowest_quintile,1983,15700.0,13600.0,10600.0,0.0,600.0,700.0,100.0,100.0,400.0,200.0,,300.0,100.0,,100.0,600.0,2000.0,1000.0,300.0,600.0,100.0
hh_with_children,lowest_quintile,1984,17200.0,15500.0,12100.0,,600.0,800.0,100.0,100.0,400.0,100.0,,300.0,100.0,,100.0,700.0,1700.0,1000.0,300.0,300.0,100.0
hh_with_children,lowest_quintile,1985,16600.0,14800.0,11300.0,,600.0,800.0,100.0,100.0,600.0,100.0,,300.0,100.0,,100.0,700.0,1800.0,1000.0,300.0,300.0,200.0
hh_with_children,lowest_quintile,1986,16300.0,14500.0,11100.0,,600.0,800.0,100.0,100.0,600.0,100.0,,300.0,100.0,,100.0,600.0,1900.0,1000.0,300.0,400.0,200.0
hh_with_children,lowest_quintile,1987,14900.0,13100.0,9500.0,,700.0,700.0,100.0,100.0,900.0,100.0,,300.0,100.0,100.0,100.0,700.0,1800.0,1000.0,300.0,300.0,200.0
hh_with_children,lowest_quintile,1988,15700.0,13700.0,9800.0,,600.0,700.0,100.0,100.0,900.0,100.0,,300.0,100.0,,100.0,900.0,2000.0,1100.0,400.0,300.0,200.0
hh_with_children,lowest_quintile,1989,16700.0,14900.0,10600.0,,700.0,800.0,100.0,100.0,1000.0,100.0,,300.0,100.0,100.0,100.0,1000.0,1800.0,1000.0,400.0,200.0,200.0
hh_with_children,lowest_quintile,1990,17300.0,15500.0,11500.0,,600.0,900.0,100.0,100.0,1000.0,,,300.0,100.0,100.0,100.0,800.0,1800.0,800.0,400.0,300.0,200.0
hh_with_children,lowest_quintile,1991,17500.0,15600.0,11700.0,,600.0,900.0,100.0,100.0,900.0,100.0,,300.0,100.0,100.0,100.0,800.0,1800.0,800.0,400.0,500.0,200.0
hh_with_children,lowest_quintile,1992,17500.0,15500.0,11600.0,100.0,700.0,900.0,100.0,100.0,900.0,100.0,,200.0,100.0,100.0,100.0,800.0,2000.0,800.0,400.0,600.0,100.0
hh_with_children,lowest_quintile,1993,17800.0,15900.0,11600.0,100.0,600.0,900.0,100.0,100.0,1100.0,100.0,,100.0,100.0,100.0,100.0,1000.0,2000.0,900.0,500.0,500.0,100.0
hh_with_children,lowest_quintile,1994,17700.0,15800.0,11400.0,100.0,800.0,900.0,100.0,100.0,1200.0,100.0,,100.0,100.0,100.0,100.0,900.0,1800.0,900.0,400.0,300.0,200.0
hh_with_children,lowest_quintile,1995,19600.0,17700.0,12900.0,100.0,800.0,1000.0,100.0,200.0,1300.0,100.0,,200.0,100.0,100.0,100.0,900.0,1900.0,1000.0,500.0,300.0,100.0
hh_with_children,lowest_quintile,1996,19800.0,17800.0,13000.0,100.0,900.0,1000.0,100.0,200.0,1400.0,100.0,,200.0,100.0,100.0,100.0,800.0,2000.0,1000.0,500.0,300.0,100.0
hh_with_children,lowest_quintile,1997,21600.0,19600.0,14400.0,100.0,900.0,1100.0,100.0,200.0,1500.0,100.0,,100.0,100.0,100.0,100.0,800.0,2100.0,1100.0,600.0,300.0,100.0
hh_with_children,lowest_quintile,1998,23400.0,21600.0,15900.0,100.0,1000.0,1200.0,100.0,200.0,1600.0,100.0,,200.0,100.0,,100.0,1000.0,1800.0,1000.0,500.0,300.0,100.0
hh_with_children,lowest_quintile,1999,24300.0,22400.0,16100.0,100.0,1000.0,1200.0,100.0,200.0,2200.0,100.0,,100.0,100.0,100.0,100.0,900.0,1800.0,900.0,500.0,300.0,100.0
hh_with_children,lowest_quintile,2000,23900.0,22100.0,15800.0,200.0,1200.0,1200.0,100.0,200.0,1900.0,100.0,,100.0,100.0,100.0,100.0,1100.0,1900.0,900.0,600.0,200.0,200.0
hh_with_children,lowest_quintile,2001,23300.0,21200.0,15700.0,200.0,1100.0,1200.0,100.0,100.0,1800.0,,,100.0,100.0,100.0,100.0,700.0,2100.0,900.0,600.0,400.0,100.0
hh_with_children,lowest_quintile,2002,23900.0,21600.0,15900.0,100.0,1200.0,1200.0,100.0,100.0,1900.0,0.0,,100.0,100.0,,,900.0,2300.0,1000.0,600.0,600.0,200.0
hh_with_children,lowest_quintile,2003,23200.0,21000.0,15400.0,100.0,1200.0,1100.0,100.0,100.0,1900.0,,,100.0,100.0,100.0,100.0,800.0,2200.0,900.0,600.0,500.0,100.0
hh_with_children,lowest_quintile,2004,23900.0,21700.0,15900.0,100.0,1300.0,1200.0,100.0,200.0,2000.0,,,100.0,100.0,100.0,100.0,700.0,2300.0,1000.0,700.0,500.0,200.0
hh_with_children,lowest_quintile,2005,24300.0,22200.0,16200.0,100.0,1200.0,1200.0,100.0,200.0,2100.0,100.0,,100.0,100.0,,100.0,700.0,2100.0,1000.0,700.0,400.0,100.0
hh_with_children,lowest_quintile,2006,24900.0,22900.0,16700.0,100.0,1300.0,1200.0,100.0,300.0,2100.0,100.0,,100.0,,100.0,100.0,700.0,2000.0,900.0,600.0,300.0,100.0
hh_with_children,lowest_quintile,2007,27200.0,25100.0,18300.0,100.0,1200.0,1400.0,100.0,300.0,2300.0,100.0,,100.0,100.0,100.0,100.0,1100.0,2100.0,1000.0,700.0,300.0,100.0
hh_with_children,lowest_quintile,2008,26600.0,24300.0,18000.0,100.0,1000.0,1300.0,100.0,100.0,2200.0,,,100.0,100.0,100.0,100.0,1100.0,2300.0,1000.0,700.0,500.0,100.0
hh_with_children,lowest_quintile,2009,25100.0,22100.0,16100.0,100.0,900.0,1200.0,100.0,100.0,2200.0,,,100.0,100.0,100.0,,1100.0,3000.0,1000.0,800.0,1200.0,100.0
hh_with_children,lowest_quintile,2010,25900.0,23000.0,16500.0,100.0,800.0,1200.0,100.0,100.0,2700.0,,,100.0,100.0,100.0,,1200.0,2900.0,800.0,700.0,1300.0,100.0
hh_with_children,lowest_quintile,2011,25500.0,22800.0,16300.0,100.0,900.0,1200.0,100.0,100.0,2700.0,,,100.0,100.0,100.0,,1100.0,2700.0,900.0,800.0,1000.0,100.0
hh_with_children,lowest_quintile,2012,24300.0,21800.0,15400.0,100.0,900.0,1200.0,,200.0,2800.0,,,,100.0,100.0,,1100.0,2500.0,900.0,800.0,700.0,100.0
hh_with_children,lowest_quintile,2013,25000.0,22900.0,16100.0,100.0,1000.0,1200.0,,200.0,2900.0,,,,100.0,100.0,,1200.0,2100.0,900.0,600.0,500.0,
hh_with_children,lowest_quintile,2014,25000.0,22800.0,16100.0,100.0,900.0,1200.0,,200.0,3000.0,100.0,,,100.0,,100.0,1000.0,2200.0,1100.0,700.0,300.0,100.0
hh_with_children,lowest_quintile,2015,26500.0,24500.0,17600.0,100.0,900.0,1300.0,,200.0,3000.0,,,,100.0,,,1100.0,1900.0,900.0,700.0,200.0,100.0
hh_with_children,second_quintile,1979,46800.0,44700.0,35500.0,0.0,2000.0,2000.0,100.0,500.0,1700.0,200.0,,500.0,100.0,100.0,200.0,1600.0,2000.0,1300.0,200.0,400.0,200.0
hh_with_children,second_quintile,1980,44800.0,42400.0,33900.0,0.0,1700.0,2000.0,100.0,400.0,1600.0,200.0,,700.0,100.0,100.0,200.0,1400.0,2400.0,1300.0,200.0,700.0,200.0
hh_with_children,second_quintile,1981,44700.0,42500.0,33800.0,0.0,1700.0,2100.0,100.0,300.0,1500.0,200.0,,700.0,100.0,100.0,200.0,1500.0,2200.0,1200.0,200.0,600.0,100.0
hh_with_children,second_quintile,1982,43700.0,40900.0,32400.0,0.0,1900.0,2100.0,100.0,200.0,1300.0,200.0,,800.0,100.0,100.0,100.0,1500.0,2900.0,1300.0,200.0,1100.0,200.0
hh_with_children,second_quintile,1983,42800.0,40200.0,31600.0,0.0,2000.0,2000.0,100.0,200.0,1500.0,300.0,,800.0,100.0,100.0,100.0,1200.0,2700.0,1200.0,200.0,1100.0,200.0
hh_with_children,second_quintile,1984,45400.0,43300.0,34100.0,100.0,2000.0,2300.0,100.0,300.0,1400.0,200.0,,700.0,100.0,100.0,100.0,1600.0,2100.0,1100.0,200.0,600.0,200.0
hh_with_children,second_quintile,1985,45600.0,43300.0,33900.0,100.0,2000.0,2300.0,100.0,300.0,1600.0,300.0,,800.0,200.0,100.0,100.0,1500.0,2300.0,1300.0,300.0,500.0,200.0
hh_with_children,second_quintile,1986,46200.0,43900.0,33800.0,200.0,2100.0,2300.0,100.0,300.0,2000.0,300.0,,600.0,100.0,100.0,100.0,1800.0,2400.0,1200.0,300.0,600.0,200.0
hh_with_children,second_quintile,1987,45800.0,43700.0,33400.0,200.0,2300.0,2300.0,100.0,300.0,2200.0,200.0,,700.0,100.0,100.0,200.0,1500.0,2200.0,1200.0,300.0,500.0,300.0
hh_with_children,second_quintile,1988,46500.0,44200.0,33500.0,200.0,2300.0,2400.0,100.0,300.0,2200.0,100.0,,700.0,100.0,200.0,200.0,1900.0,2300.0,1300.0,300.0,400.0,300.0
hh_with_children,second_quintile,1989,46900.0,44600.0,33600.0,200.0,2300.0,2500.0,100.0,300.0,2300.0,200.0,,700.0,200.0,100.0,200.0,1800.0,2300.0,1300.0,400.0,400.0,300.0
hh_with_children,second_quintile,1990,48200.0,45900.0,35000.0,300.0,2400.0,2600.0,100.0,300.0,2200.0,100.0,,700.0,100.0,100.0,200.0,1900.0,2200.0,1100.0,300.0,400.0,300.0
hh_with_children,second_quintile,1991,47000.0,44300.0,33700.0,300.0,2400.0,2500.0,100.0,300.0,1900.0,200.0,,600.0,100.0,100.0,100.0,2000.0,2800.0,1300.0,400.0,700.0,400.0
hh_with_children,second_quintile,1992,46300.0,43300.0,32500.0,300.0,2500.0,2400.0,100.0,300.0,2000.0,200.0,,500.0,100.0,100.0,200.0,2100.0,3000.0,1400.0,500.0,900.0,300.0
hh_with_children,second_quintile,1993,46400.0,43500.0,32800.0,300.0,2600.0,2400.0,100.0,400.0,1700.0,200.0,,400.0,200.0,100.0,200.0,2100.0,3000.0,1400.0,500.0,700.0,300.0
hh_with_children,second_quintile,1994,47100.0,44300.0,33000.0,400.0,2900.0,2500.0,100.0,400.0,1900.0,100.0,,300.0,200.0,100.0,200.0,2200.0,2800.0,1500.0,500.0,500.0,300.0
hh_with_children,second_quintile,1995,49100.0,46400.0,34600.0,500.0,3200.0,2600.0,100.0,400.0,1900.0,200.0,,400.0,100.0,200.0,200.0,2100.0,2700.0,1500.0,600.0,400.0,200.0
hh_with_children,second_quintile,1996,49000.0,46300.0,34300.0,500.0,3100.0,2600.0,100.0,400.0,1900.0,200.0,,300.0,100.0,100.0,200.0,2300.0,2800.0,1400.0,700.0,400.0,200.0
hh_with_children,second_quintile,1997,50500.0,47500.0,35500.0,600.0,2800.0,2700.0,100.0,500.0,2000.0,300.0,,300.0,100.0,100.0,200.0,2300.0,3000.0,1700.0,800.0,400.0,200.0
hh_with_children,second_quintile,1998,52700.0,50000.0,37300.0,700.0,2900.0,2800.0,100.0,400.0,2200.0,300.0,,400.0,100.0,100.0,200.0,2500.0,2700.0,1500.0,700.0,300.0,200.0
hh_with_children,second_quintile,1999,54600.0,51900.0,38700.0,700.0,2900.0,2900.0,100.0,400.0,2300.0,400.0,,300.0,200.0,200.0,200.0,2600.0,2700.0,1500.0,700.0,400.0,200.0
hh_with_children,second_quintile,2000,55200.0,52500.0,39100.0,800.0,3100.0,3000.0,100.0,400.0,2100.0,400.0,,300.0,200.0,200.0,200.0,2700.0,2700.0,1400.0,700.0,300.0,200.0
hh_with_children,second_quintile,2001,54400.0,51200.0,38600.0,800.0,3100.0,2900.0,100.0,300.0,2000.0,100.0,,300.0,200.0,100.0,100.0,2700.0,3100.0,1600.0,800.0,500.0,200.0
hh_with_children,second_quintile,2002,53300.0,50000.0,37600.0,400.0,3200.0,2800.0,100.0,300.0,2300.0,,,300.0,200.0,100.0,100.0,2600.0,3400.0,1500.0,900.0,800.0,200.0
hh_with_children,second_quintile,2003,53200.0,49700.0,37400.0,400.0,3500.0,2800.0,100.0,400.0,2100.0,,,200.0,200.0,100.0,100.0,2400.0,3500.0,1600.0,900.0,800.0,200.0
hh_with_children,second_quintile,2004,54500.0,51100.0,37700.0,500.0,4000.0,2800.0,100.0,400.0,2100.0,100.0,,200.0,200.0,100.0,100.0,2800.0,3500.0,1700.0,1000.0,500.0,200.0
hh_with_children,second_quintile,2005,55500.0,52300.0,38500.0,500.0,4100.0,2900.0,100.0,600.0,2200.0,200.0,,200.0,100.0,100.0,200.0,2700.0,3200.0,1600.0,1000.0,500.0,200.0
hh_with_children,second_quintile,2006,56800.0,53400.0,39200.0,500.0,4200.0,2900.0,100.0,700.0,2400.0,200.0,,200.0,100.0,100.0,200.0,2600.0,3400.0,1700.0,1100.0,400.0,200.0
hh_with_children,second_quintile,2007,59600.0,56100.0,41800.0,600.0,4000.0,3100.0,100.0,600.0,2200.0,300.0,,300.0,200.0,200.0,200.0,2700.0,3400.0,1700.0,1200.0,400.0,100.0
hh_with_children,second_quintile,2008,57800.0,53800.0,40300.0,600.0,3800.0,3000.0,100.0,300.0,2000.0,100.0,,300.0,200.0,200.0,100.0,2900.0,4000.0,1900.0,1400.0,600.0,100.0
hh_with_children,second_quintile,2009,56000.0,50800.0,37800.0,500.0,3700.0,2800.0,100.0,300.0,2100.0,,,200.0,200.0,100.0,100.0,2800.0,5300.0,2000.0,1400.0,1700.0,200.0
hh_with_children,second_quintile,2010,56200.0,51000.0,37700.0,500.0,3500.0,2800.0,100.0,400.0,2500.0,,,200.0,200.0,100.0,100.0,3000.0,5200.0,1900.0,1400.0,1800.0,100.0
hh_with_children,second_quintile,2011,55300.0,50400.0,37400.0,500.0,3400.0,2800.0,100.0,300.0,2400.0,100.0,,100.0,200.0,100.0,100.0,2900.0,4900.0,2000.0,1500.0,1300.0,100.0
hh_with_children,second_quintile,2012,54800.0,49900.0,36800.0,500.0,3500.0,2800.0,100.0,400.0,2500.0,100.0,,100.0,200.0,100.0,100.0,2800.0,4900.0,2100.0,1700.0,1000.0,100.0
hh_with_children,second_quintile,2013,55900.0,51500.0,38100.0,500.0,3600.0,2900.0,100.0,400.0,2400.0,100.0,,100.0,200.0,100.0,100.0,3000.0,4400.0,2200.0,1300.0,700.0,100.0
hh_with_children,second_quintile,2014,56400.0,52300.0,38700.0,600.0,3600.0,2900.0,100.0,500.0,2600.0,200.0,,100.0,200.0,100.0,100.0,2800.0,4200.0,2200.0,1500.0,400.0,100.0
hh_with_children,second_quintile,2015,59100.0,55100.0,40700.0,600.0,3800.0,3100.0,100.0,500.0,2600.0,200.0,,100.0,200.0,100.0,100.0,3100.0,4000.0,2200.0,1300.0,400.0,200.0
hh_with_children,middle_quintile,1979,68400.0,66800.0,54600.0,0.0,2800.0,3100.0,200.0,700.0,2000.0,300.0,,800.0,100.0,100.0,300.0,1800.0,1500.0,900.0,100.0,300.0,200.0
hh_with_children,middle_quintile,1980,66200.0,64300.0,52700.0,0.0,2400.0,3000.0,200.0,600.0,2000.0,300.0,,900.0,200.0,200.0,300.0,1700.0,1900.0,900.0,100.0,700.0,200.0
hh_with_children,middle_quintile,1981,66300.0,64500.0,52900.0,0.0,2500.0,3200.0,100.0,500.0,1700.0,300.0,,1100.0,100.0,200.0,200.0,1700.0,1800.0,1000.0,100.0,500.0,100.0
hh_with_children,middle_quintile,1982,65700.0,63500.0,51900.0,0.0,2800.0,3200.0,200.0,300.0,1500.0,300.0,,1200.0,100.0,200.0,100.0,1700.0,2200.0,1000.0,200.0,800.0,200.0
hh_with_children,middle_quintile,1983,65300.0,63100.0,51300.0,0.0,2900.0,3200.0,200.0,400.0,1500.0,300.0,,1100.0,200.0,200.0,200.0,1700.0,2200.0,1000.0,200.0,800.0,200.0
hh_with_children,middle_quintile,1984,68800.0,67000.0,53500.0,300.0,2900.0,3500.0,200.0,400.0,2400.0,300.0,,1200.0,200.0,200.0,200.0,1800.0,1800.0,900.0,200.0,500.0,200.0
hh_with_children,middle_quintile,1985,69300.0,67500.0,54100.0,400.0,3000.0,3600.0,200.0,400.0,1800.0,300.0,,1100.0,200.0,200.0,200.0,1900.0,1800.0,900.0,200.0,500.0,200.0
hh_with_children,middle_quintile,1986,70900.0,68900.0,55000.0,500.0,3000.0,3800.0,200.0,500.0,2300.0,400.0,,1000.0,100.0,200.0,200.0,1900.0,2000.0,900.0,200.0,500.0,300.0
hh_with_children,middle_quintile,1987,71000.0,69500.0,55000.0,500.0,3300.0,3800.0,200.0,600.0,2300.0,300.0,,1000.0,200.0,200.0,300.0,1800.0,1500.0,800.0,200.0,400.0,200.0
hh_with_children,middle_quintile,1988,72000.0,70300.0,54900.0,600.0,3500.0,4000.0,200.0,600.0,2400.0,400.0,,1000.0,200.0,200.0,300.0,2200.0,1600.0,700.0,200.0,400.0,300.0
hh_with_children,middle_quintile,1989,73000.0,71200.0,55400.0,700.0,3600.0,4000.0,200.0,500.0,2600.0,300.0,,1000.0,200.0,300.0,300.0,2200.0,1900.0,1000.0,200.0,300.0,300.0
hh_with_children,middle_quintile,1990,73500.0,71500.0,55900.0,700.0,3600.0,4100.0,100.0,500.0,2300.0,100.0,,1000.0,200.0,200.0,200.0,2400.0,2000.0,1000.0,300.0,400.0,300.0
hh_with_children,middle_quintile,1991,72300.0,70000.0,54600.0,700.0,3500.0,4100.0,100.0,500.0,2100.0,300.0,,1000.0,200.0,200.0,200.0,2600.0,2300.0,1000.0,300.0,600.0,400.0
hh_with_children,middle_quintile,1992,72300.0,69800.0,54000.0,800.0,3900.0,4000.0,100.0,500.0,2300.0,300.0,,700.0,200.0,200.0,200.0,2500.0,2500.0,1200.0,400.0,700.0,200.0
hh_with_children,middle_quintile,1993,72500.0,70000.0,53900.0,900.0,4400.0,4000.0,100.0,600.0,2100.0,300.0,,500.0,200.0,200.0,200.0,2600.0,2600.0,1300.0,300.0,700.0,300.0
hh_with_children,middle_quintile,1994,73600.0,71500.0,54500.0,900.0,4600.0,4100.0,100.0,600.0,2300.0,300.0,,500.0,200.0,200.0,300.0,2700.0,2100.0,1100.0,400.0,500.0,200.0
hh_with_children,middle_quintile,1995,76300.0,73900.0,56100.0,1100.0,4800.0,4200.0,100.0,700.0,2300.0,300.0,,600.0,200.0,200.0,300.0,2900.0,2400.0,1200.0,500.0,400.0,200.0
hh_with_children,middle_quintile,1996,77200.0,74800.0,56200.0,1400.0,4800.0,4300.0,100.0,700.0,2300.0,400.0,,600.0,200.0,300.0,300.0,3200.0,2400.0,1300.0,500.0,400.0,200.0
hh_with_children,middle_quintile,1997,78800.0,76700.0,58100.0,1400.0,4400.0,4400.0,100.0,700.0,2400.0,500.0,,600.0,200.0,300.0,300.0,3100.0,2100.0,1200.0,400.0,300.0,200.0
hh_with_children,middle_quintile,1998,82000.0,79800.0,60800.0,1600.0,4300.0,4600.0,100.0,700.0,2500.0,600.0,,600.0,200.0,200.0,300.0,3300.0,2200.0,1200.0,500.0,300.0,200.0
hh_with_children,middle_quintile,1999,84700.0,82500.0,62500.0,1800.0,4300.0,4800.0,100.0,700.0,2600.0,700.0,,500.0,200.0,300.0,300.0,3600.0,2200.0,1200.0,500.0,400.0,100.0
hh_with_children,middle_quintile,2000,85600.0,83200.0,63000.0,1900.0,4400.0,4800.0,100.0,700.0,2500.0,800.0,,600.0,200.0,300.0,300.0,3600.0,2400.0,1300.0,600.0,300.0,200.0
hh_with_children,middle_quintile,2001,85200.0,82700.0,62900.0,1900.0,4700.0,4800.0,100.0,500.0,2700.0,200.0,,500.0,200.0,200.0,200.0,3700.0,2500.0,1300.0,600.0,500.0,200.0
hh_with_children,middle_quintile,2002,83400.0,80400.0,61500.0,1200.0,5000.0,4600.0,100.0,400.0,2600.0,100.0,,400.0,300.0,200.0,200.0,3700.0,3000.0,1300.0,600.0,800.0,200.0
hh_with_children,middle_quintile,2003,83200.0,80400.0,60500.0,1300.0,5500.0,4500.0,100.0,600.0,2600.0,100.0,,400.0,300.0,200.0,200.0,4000.0,2900.0,1300.0,600.0,800.0,200.0
hh_with_children,middle_quintile,2004,85900.0,83100.0,61800.0,1300.0,6300.0,4600.0,100.0,700.0,2900.0,200.0,,300.0,200.0,200.0,200.0,4100.0,2800.0,1400.0,700.0,500.0,100.0
hh_with_children,middle_quintile,2005,87300.0,84700.0,62600.0,1400.0,6500.0,4700.0,100.0,1000.0,2900.0,400.0,,300.0,300.0,200.0,300.0,3900.0,2600.0,1400.0,700.0,400.0,100.0
hh_with_children,middle_quintile,2006,89000.0,86200.0,63700.0,1400.0,6600.0,4800.0,100.0,1100.0,2900.0,500.0,,400.0,200.0,200.0,300.0,4000.0,2900.0,1500.0,800.0,400.0,200.0
hh_with_children,middle_quintile,2007,92500.0,89400.0,66100.0,1500.0,6200.0,4900.0,100.0,900.0,3200.0,600.0,,600.0,300.0,300.0,300.0,4300.0,3100.0,1600.0,1000.0,500.0,100.0
hh_with_children,middle_quintile,2008,90000.0,86400.0,64900.0,1500.0,6100.0,4800.0,100.0,600.0,2800.0,200.0,,500.0,300.0,300.0,200.0,4100.0,3600.0,1700.0,1100.0,600.0,100.0
hh_with_children,middle_quintile,2009,88100.0,83100.0,62200.0,1300.0,6000.0,4600.0,100.0,400.0,2700.0,,100.0,400.0,300.0,300.0,200.0,4600.0,5000.0,2100.0,1100.0,1500.0,200.0
hh_with_children,middle_quintile,2010,88800.0,83600.0,62500.0,1300.0,6000.0,4600.0,100.0,600.0,2700.0,100.0,,300.0,300.0,200.0,200.0,4700.0,5200.0,2100.0,1300.0,1600.0,200.0
hh_with_children,middle_quintile,2011,86900.0,82500.0,61700.0,1300.0,5900.0,4600.0,100.0,600.0,2900.0,200.0,,200.0,200.0,300.0,200.0,4300.0,4400.0,1900.0,1200.0,1200.0,100.0
hh_with_children,middle_quintile,2012,87100.0,83000.0,61800.0,1300.0,6000.0,4600.0,100.0,700.0,3100.0,100.0,,200.0,300.0,200.0,200.0,4400.0,4100.0,1800.0,1200.0,1000.0,100.0
hh_with_children,middle_quintile,2013,88700.0,84500.0,63000.0,1400.0,6000.0,4700.0,100.0,700.0,2800.0,300.0,,200.0,300.0,200.0,200.0,4500.0,4100.0,2200.0,1200.0,600.0,100.0
hh_with_children,middle_quintile,2014,90300.0,86400.0,64200.0,1500.0,5800.0,4800.0,100.0,800.0,3300.0,400.0,,100.0,300.0,300.0,300.0,4500.0,3900.0,2100.0,1200.0,400.0,200.0
hh_with_children,middle_quintile,2015,93500.0,89500.0,66400.0,1600.0,6200.0,5000.0,100.0,800.0,3400.0,400.0,,100.0,300.0,300.0,200.0,4800.0,4100.0,2200.0,1300.0,400.0,100.0
hh_with_children,fourth_quintile,1979,92600.0,91300.0,74400.0,0.0,3400.0,3900.0,200.0,1000.0,3100.0,700.0,,1400.0,200.0,300.0,700.0,2000.0,1300.0,700.0,100.0,300.0,100.0
hh_with_children,fourth_quintile,1980,90300.0,88700.0,72900.0,0.0,2900.0,3900.0,200.0,800.0,2700.0,600.0,,1600.0,200.0,300.0,500.0,2000.0,1600.0,800.0,100.0,500.0,100.0
hh_with_children,fourth_quintile,1981,91900.0,90200.0,74200.0,0.0,3100.0,4300.0,200.0,600.0,2300.0,600.0,,1800.0,300.0,400.0,400.0,2000.0,1600.0,900.0,100.0,500.0,100.0
hh_with_children,fourth_quintile,1982,91100.0,89200.0,73400.0,0.0,3400.0,4300.0,200.0,400.0,2100.0,500.0,,2100.0,300.0,500.0,300.0,1900.0,1900.0,900.0,200.0,600.0,200.0
hh_with_children,fourth_quintile,1983,91100.0,89400.0,73100.0,0.0,3600.0,4400.0,200.0,500.0,2100.0,700.0,,1800.0,300.0,400.0,300.0,2000.0,1700.0,800.0,200.0,500.0,200.0
hh_with_children,fourth_quintile,1984,96200.0,94800.0,76600.0,500.0,3600.0,4800.0,200.0,600.0,2700.0,700.0,100.0,1900.0,300.0,400.0,400.0,2000.0,1500.0,800.0,200.0,400.0,100.0
hh_with_children,fourth_quintile,1985,96500.0,94800.0,76300.0,700.0,3700.0,4900.0,200.0,600.0,2600.0,700.0,100.0,1900.0,200.0,400.0,300.0,2200.0,1700.0,900.0,200.0,400.0,200.0
hh_with_children,fourth_quintile,1986,99500.0,97900.0,78400.0,900.0,3800.0,5200.0,200.0,600.0,2500.0,1100.0,100.0,1600.0,200.0,400.0,300.0,2600.0,1600.0,800.0,200.0,300.0,200.0
hh_with_children,fourth_quintile,1987,100600.0,99000.0,78300.0,1000.0,4200.0,5200.0,200.0,800.0,3200.0,700.0,100.0,1600.0,300.0,500.0,500.0,2500.0,1600.0,800.0,200.0,300.0,200.0
hh_with_children,fourth_quintile,1988,101900.0,100300.0,78600.0,1200.0,4400.0,5500.0,200.0,800.0,3400.0,500.0,100.0,1600.0,300.0,500.0,400.0,2900.0,1600.0,800.0,200.0,300.0,300.0
hh_with_children,fourth_quintile,1989,103100.0,101500.0,79500.0,1300.0,4500.0,5600.0,200.0,800.0,3400.0,500.0,,1700.0,300.0,500.0,400.0,2800.0,1700.0,800.0,200.0,300.0,300.0
hh_with_children,fourth_quintile,1990,103200.0,101500.0,78900.0,1300.0,4700.0,5700.0,200.0,700.0,3500.0,500.0,100.0,1700.0,300.0,500.0,400.0,3200.0,1600.0,800.0,200.0,300.0,200.0
hh_with_children,fourth_quintile,1991,102000.0,100200.0,78900.0,1300.0,4500.0,5700.0,200.0,700.0,2800.0,400.0,100.0,1500.0,300.0,500.0,400.0,3000.0,1700.0,800.0,200.0,500.0,200.0
hh_with_children,fourth_quintile,1992,103000.0,100800.0,78400.0,1600.0,5100.0,5700.0,200.0,700.0,3300.0,500.0,100.0,1100.0,300.0,400.0,400.0,3200.0,2100.0,1000.0,300.0,600.0,300.0
hh_with_children,fourth_quintile,1993,103700.0,101800.0,78800.0,1700.0,5700.0,5800.0,200.0,800.0,3100.0,600.0,,800.0,300.0,400.0,400.0,3100.0,1900.0,900.0,200.0,500.0,300.0
hh_with_children,fourth_quintile,1994,105400.0,103700.0,80100.0,1900.0,6000.0,5900.0,200.0,900.0,3300.0,500.0,100.0,700.0,300.0,400.0,500.0,3000.0,1700.0,800.0,300.0,400.0,200.0
hh_with_children,fourth_quintile,1995,108200.0,106200.0,80900.0,2200.0,6200.0,6000.0,100.0,1000.0,3200.0,700.0,100.0,900.0,300.0,500.0,600.0,3500.0,2100.0,1100.0,400.0,400.0,200.0
hh_with_children,fourth_quintile,1996,110300.0,108500.0,82300.0,2700.0,6100.0,6200.0,100.0,1100.0,3500.0,700.0,100.0,800.0,300.0,500.0,500.0,3800.0,1900.0,1000.0,400.0,300.0,200.0
hh_with_children,fourth_quintile,1997,113300.0,111300.0,84400.0,2800.0,5500.0,6300.0,100.0,1100.0,3500.0,1000.0,100.0,900.0,300.0,500.0,500.0,4100.0,2100.0,1200.0,400.0,300.0,200.0
hh_with_children,fourth_quintile,1998,118400.0,116600.0,88200.0,3100.0,5500.0,6600.0,100.0,1000.0,3800.0,1300.0,100.0,900.0,400.0,500.0,500.0,4500.0,1800.0,1000.0,400.0,200.0,200.0
hh_with_children,fourth_quintile,1999,121600.0,119800.0,90200.0,3400.0,5300.0,6800.0,100.0,1000.0,4200.0,1500.0,,800.0,500.0,600.0,500.0,5000.0,1800.0,1000.0,400.0,300.0,100.0
hh_with_children,fourth_quintile,2000,124000.0,122200.0,91900.0,3600.0,5600.0,7000.0,100.0,1000.0,3900.0,1600.0,100.0,900.0,600.0,600.0,600.0,4700.0,1700.0,1000.0,400.0,200.0,200.0
hh_with_children,fourth_quintile,2001,123400.0,121200.0,92100.0,3600.0,5900.0,7000.0,100.0,700.0,4000.0,500.0,100.0,900.0,400.0,500.0,400.0,5000.0,2200.0,1200.0,400.0,400.0,200.0
hh_with_children,fourth_quintile,2002,120600.0,118200.0,91100.0,2600.0,6300.0,6700.0,100.0,600.0,3600.0,400.0,100.0,600.0,400.0,400.0,300.0,4800.0,2400.0,1100.0,500.0,700.0,200.0
hh_with_children,fourth_quintile,2003,122500.0,120000.0,91200.0,3100.0,7200.0,6800.0,100.0,900.0,3600.0,300.0,100.0,600.0,400.0,400.0,400.0,5200.0,2500.0,1200.0,500.0,600.0,200.0
hh_with_children,fourth_quintile,2004,125200.0,122700.0,91500.0,3200.0,8200.0,6800.0,100.0,1100.0,4200.0,600.0,,500.0,400.0,400.0,400.0,5100.0,2400.0,1300.0,600.0,400.0,100.0
hh_with_children,fourth_quintile,2005,127900.0,125700.0,92800.0,3400.0,8400.0,6900.0,100.0,1500.0,4400.0,1000.0,100.0,600.0,400.0,500.0,600.0,5000.0,2300.0,1200.0,600.0,400.0,200.0
hh_with_children,fourth_quintile,2006,131300.0,128900.0,94700.0,3500.0,8500.0,7000.0,100.0,1600.0,4500.0,1100.0,100.0,800.0,400.0,500.0,600.0,5400.0,2400.0,1200.0,700.0,400.0,200.0
hh_with_children,fourth_quintile,2007,135400.0,132700.0,98100.0,3800.0,7900.0,7200.0,100.0,1400.0,4400.0,1300.0,100.0,1000.0,500.0,600.0,600.0,5700.0,2600.0,1400.0,700.0,300.0,200.0
hh_with_children,fourth_quintile,2008,131800.0,128900.0,96900.0,3700.0,7900.0,7200.0,100.0,800.0,4000.0,400.0,100.0,800.0,400.0,600.0,300.0,5700.0,2800.0,1500.0,700.0,500.0,100.0
hh_with_children,fourth_quintile,2009,129200.0,125500.0,94300.0,3300.0,8100.0,7000.0,100.0,600.0,3900.0,400.0,100.0,600.0,400.0,500.0,300.0,6000.0,3800.0,1500.0,800.0,1300.0,100.0
hh_with_children,fourth_quintile,2010,130700.0,126900.0,94400.0,3200.0,8000.0,7000.0,100.0,900.0,4700.0,400.0,100.0,400.0,500.0,400.0,400.0,6400.0,3800.0,1600.0,900.0,1200.0,100.0
hh_with_children,fourth_quintile,2011,129400.0,126100.0,94300.0,3200.0,8100.0,6900.0,100.0,900.0,4400.0,300.0,100.0,400.0,400.0,500.0,300.0,6100.0,3400.0,1500.0,800.0,900.0,100.0
hh_with_children,fourth_quintile,2012,130500.0,127200.0,95300.0,3300.0,8000.0,7100.0,100.0,1100.0,4600.0,400.0,100.0,300.0,400.0,500.0,300.0,5900.0,3300.0,1500.0,900.0,700.0,100.0
hh_with_children,fourth_quintile,2013,133400.0,130200.0,96600.0,3400.0,8000.0,7200.0,100.0,1100.0,4900.0,700.0,100.0,200.0,500.0,500.0,500.0,6400.0,3200.0,1500.0,900.0,500.0,200.0
hh_with_children,fourth_quintile,2014,135500.0,132400.0,98700.0,3500.0,7900.0,7300.0,100.0,1300.0,4900.0,800.0,100.0,200.0,500.0,500.0,500.0,6200.0,3100.0,1700.0,900.0,400.0,200.0
hh_with_children,fourth_quintile,2015,140200.0,136600.0,101800.0,3800.0,8100.0,7600.0,100.0,1200.0,5100.0,800.0,100.0,200.0,500.0,500.0,500.0,6300.0,3600.0,2100.0,1000.0,300.0,200.0
hh_with_children,highest_quintile,1979,174300.0,173000.0,115800.0,0.0,3900.0,4300.0,200.0,1500.0,15800.0,12400.0,700.0,4800.0,1400.0,3300.0,5500.0,3200.0,1300.0,800.0,100.0,300.0,100.0
hh_with_children,highest_quintile,1980,171000.0,169500.0,116400.0,0.0,3500.0,4400.0,200.0,1200.0,13200.0,11600.0,600.0,5800.0,1400.0,3500.0,4300.0,3400.0,1400.0,800.0,100.0,400.0,100.0
hh_with_children,highest_quintile,1981,171500.0,169900.0,117500.0,0.0,3700.0,4900.0,200.0,1000.0,11100.0,11400.0,800.0,7200.0,1400.0,3800.0,3500.0,3400.0,1500.0,1000.0,100.0,300.0,100.0
hh_with_children,highest_quintile,1982,171200.0,169500.0,120400.0,0.0,4000.0,5300.0,200.0,600.0,10000.0,11100.0,900.0,6500.0,1600.0,3500.0,2000.0,3300.0,1700.0,1100.0,200.0,300.0,100.0
hh_with_children,highest_quintile,1983,180800.0,179300.0,122100.0,0.0,4400.0,5500.0,200.0,900.0,11700.0,15700.0,1400.0,6300.0,1600.0,3300.0,2800.0,3400.0,1500.0,900.0,200.0,300.0,100.0
hh_with_children,highest_quintile,1984,195600.0,194000.0,129200.0,800.0,4200.0,6000.0,200.0,1000.0,15600.0,16200.0,1600.0,7200.0,1600.0,2900.0,3300.0,4100.0,1600.0,1000.0,200.0,200.0,100.0
hh_with_children,highest_quintile,1985,192800.0,191600.0,128700.0,1300.0,4500.0,6200.0,200.0,1000.0,13200.0,18300.0,1600.0,6200.0,1400.0,2600.0,2900.0,3500.0,1300.0,700.0,200.0,200.0,200.0
hh_with_children,highest_quintile,1986,224800.0,223600.0,133000.0,1400.0,4600.0,6500.0,200.0,1100.0,15400.0,39700.0,2300.0,5800.0,1300.0,4500.0,3800.0,4000.0,1300.0,600.0,100.0,300.0,200.0
hh_with_children,highest_quintile,1987,211800.0,210500.0,140500.0,1600.0,5000.0,6700.0,200.0,1300.0,19000.0,14300.0,1400.0,7200.0,1500.0,3200.0,4100.0,4400.0,1300.0,800.0,200.0,200.0,100.0
hh_with_children,highest_quintile,1988,222100.0,220800.0,144500.0,1900.0,5400.0,7000.0,200.0,1400.0,23200.0,14700.0,1200.0,7100.0,1400.0,3300.0,4000.0,5400.0,1300.0,600.0,200.0,200.0,300.0
hh_with_children,highest_quintile,1989,226700.0,225200.0,144800.0,2100.0,5400.0,7100.0,200.0,1400.0,24300.0,14000.0,1500.0,8900.0,1600.0,3900.0,4200.0,5800.0,1500.0,800.0,200.0,200.0,300.0
hh_with_children,highest_quintile,1990,215400.0,213900.0,142600.0,2200.0,5700.0,7300.0,200.0,1300.0,22900.0,9700.0,1200.0,7400.0,1400.0,3100.0,3500.0,5500.0,1400.0,700.0,200.0,200.0,300.0
hh_with_children,highest_quintile,1991,212200.0,210600.0,140000.0,2300.0,5600.0,7400.0,200.0,1100.0,23200.0,8500.0,1600.0,7000.0,1500.0,3200.0,3300.0,5500.0,1600.0,800.0,200.0,300.0,300.0
hh_with_children,highest_quintile,1992,218100.0,216300.0,144400.0,2800.0,6400.0,7800.0,200.0,1300.0,24300.0,9200.0,1400.0,4900.0,1600.0,2800.0,3700.0,5600.0,1800.0,900.0,300.0,400.0,300.0
hh_with_children,highest_quintile,1993,221200.0,219200.0,144400.0,2900.0,7100.0,7700.0,200.0,1500.0,24400.0,11000.0,1500.0,4100.0,1700.0,2800.0,4500.0,5300.0,2000.0,1100.0,300.0,300.0,300.0
hh_with_children,highest_quintile,1994,224500.0,222700.0,145600.0,3200.0,7800.0,8100.0,100.0,1600.0,25800.0,10000.0,1400.0,3800.0,1700.0,2800.0,4800.0,6000.0,1900.0,1200.0,300.0,200.0,200.0
hh_with_children,highest_quintile,1995,242500.0,240600.0,153600.0,3800.0,8000.0,8500.0,100.0,1800.0,28500.0,12700.0,1600.0,5100.0,1800.0,3500.0,5800.0,5800.0,1900.0,1000.0,400.0,200.0,300.0
hh_with_children,highest_quintile,1996,256700.0,255100.0,159600.0,4400.0,7700.0,8700.0,100.0,2000.0,30200.0,17900.0,1400.0,4900.0,1900.0,3800.0,6000.0,6700.0,1600.0,900.0,400.0,200.0,100.0
hh_with_children,highest_quintile,1997,272300.0,270600.0,166400.0,4400.0,7000.0,9000.0,100.0,2000.0,30600.0,24600.0,1500.0,4900.0,2000.0,4400.0,6500.0,7100.0,1700.0,1100.0,400.0,200.0,100.0
hh_with_children,highest_quintile,1998,295500.0,294000.0,179500.0,4800.0,7000.0,9500.0,100.0,2000.0,33800.0,30600.0,1600.0,5300.0,1900.0,4200.0,6500.0,7100.0,1500.0,800.0,300.0,200.0,200.0
hh_with_children,highest_quintile,1999,318000.0,316600.0,188800.0,5200.0,6800.0,10000.0,100.0,2100.0,35700.0,39000.0,1700.0,5200.0,1800.0,4800.0,7000.0,8400.0,1400.0,800.0,200.0,200.0,200.0
hh_with_children,highest_quintile,2000,338500.0,336700.0,198600.0,5400.0,7000.0,10300.0,100.0,2100.0,35100.0,46000.0,1800.0,6100.0,2200.0,5700.0,7400.0,8800.0,1800.0,1100.0,400.0,200.0,200.0
hh_with_children,highest_quintile,2001,307600.0,305900.0,193700.0,5400.0,7600.0,10400.0,100.0,1400.0,36000.0,23600.0,1900.0,6000.0,2000.0,4300.0,5200.0,8100.0,1800.0,1000.0,400.0,300.0,100.0
hh_with_children,highest_quintile,2002,289100.0,287200.0,185200.0,6100.0,8400.0,10100.0,100.0,1200.0,36800.0,15700.0,1800.0,4200.0,1800.0,3500.0,4400.0,7900.0,1900.0,1000.0,400.0,400.0,100.0
hh_with_children,highest_quintile,2003,302900.0,301000.0,185800.0,7900.0,9200.0,10200.0,100.0,1700.0,38400.0,20800.0,1700.0,4000.0,2000.0,4300.0,6800.0,8000.0,1900.0,1000.0,400.0,400.0,100.0
hh_with_children,highest_quintile,2004,324800.0,322900.0,190700.0,8400.0,10000.0,10300.0,100.0,2200.0,41300.0,29700.0,1600.0,4100.0,2000.0,5900.0,8600.0,8100.0,1900.0,1000.0,400.0,300.0,100.0
hh_with_children,highest_quintile,2005,351500.0,349800.0,194700.0,8900.0,10300.0,10300.0,100.0,2900.0,47300.0,39700.0,1800.0,5700.0,2100.0,6200.0,11300.0,8400.0,1800.0,1000.0,400.0,200.0,200.0
hh_with_children,highest_quintile,2006,386500.0,384700.0,204300.0,9400.0,10300.0,10700.0,100.0,3300.0,51800.0,49800.0,2800.0,8700.0,2200.0,8400.0,14000.0,9000.0,1800.0,900.0,500.0,200.0,100.0
hh_with_children,highest_quintile,2007,411200.0,409100.0,216400.0,9700.0,9600.0,11000.0,100.0,2900.0,52500.0,59200.0,3100.0,10400.0,2300.0,10000.0,12600.0,9300.0,2100.0,1200.0,500.0,200.0,100.0
hh_with_children,highest_quintile,2008,359200.0,357200.0,208300.0,9800.0,9900.0,11000.0,100.0,1700.0,48200.0,30500.0,2700.0,7300.0,2400.0,8300.0,7300.0,9600.0,2000.0,1000.0,600.0,300.0,100.0
hh_with_children,highest_quintile,2009,320300.0,317400.0,198300.0,9500.0,10000.0,11100.0,100.0,1300.0,44000.0,14100.0,2100.0,4900.0,2000.0,5100.0,5100.0,9700.0,2900.0,1300.0,700.0,800.0,100.0
hh_with_children,highest_quintile,2010,350500.0,347800.0,205000.0,9500.0,9700.0,11100.0,100.0,1900.0,47100.0,26100.0,2300.0,5100.0,2200.0,7500.0,8800.0,11400.0,2700.0,1200.0,600.0,700.0,200.0
hh_with_children,highest_quintile,2011,341900.0,339100.0,205400.0,9600.0,9600.0,10900.0,100.0,1800.0,45200.0,23000.0,1900.0,3800.0,2300.0,6300.0,7800.0,11400.0,2800.0,1400.0,700.0,600.0,100.0
hh_with_children,highest_quintile,2012,379500.0,377200.0,213900.0,9800.0,9600.0,11200.0,100.0,2300.0,54700.0,36100.0,1900.0,4200.0,2500.0,9600.0,9500.0,11700.0,2300.0,1100.0,600.0,400.0,100.0
hh_with_children,highest_quintile,2013,366100.0,363700.0,214000.0,10200.0,9500.0,11500.0,100.0,2400.0,52000.0,28400.0,1800.0,3800.0,2600.0,7500.0,10000.0,10100.0,2400.0,1300.0,600.0,300.0,200.0
hh_with_children,highest_quintile,2014,389300.0,386800.0,220400.0,10400.0,9200.0,11600.0,100.0,2700.0,53700.0,39400.0,1700.0,3700.0,2800.0,8900.0,11300.0,10900.0,2400.0,1400.0,700.0,200.0,100.0
hh_with_children,highest_quintile,2015,411100.0,408500.0,232700.0,10900.0,9200.0,12100.0,100.0,2600.0,60100.0,41000.0,1700.0,3900.0,2500.0,9600.0,11300.0,10700.0,2700.0,1500.0,800.0,200.0,100.0
hh_with_children,percentiles_81_90,1979,124100.0,122900.0,96700.0,0.0,3900.0,4500.0,200.0,1300.0,6400.0,2200.0,100.0,2600.0,500.0,700.0,1500.0,2500.0,1200.0,700.0,100.0,300.0,100.0
hh_with_children,percentiles_81_90,1980,121800.0,120400.0,95600.0,0.0,3400.0,4600.0,200.0,1000.0,5700.0,1800.0,100.0,2900.0,500.0,800.0,1100.0,2700.0,1400.0,700.0,100.0,500.0,100.0
hh_with_children,percentiles_81_90,1981,121600.0,120100.0,95400.0,0.0,3600.0,5000.0,200.0,800.0,4600.0,1400.0,100.0,3700.0,500.0,1100.0,900.0,2900.0,1500.0,900.0,100.0,400.0,100.0
hh_with_children,percentiles_81_90,1982,121500.0,119700.0,96400.0,0.0,3900.0,5200.0,200.0,500.0,3500.0,1500.0,100.0,3500.0,600.0,1000.0,500.0,2700.0,1800.0,1000.0,200.0,400.0,200.0
hh_with_children,percentiles_81_90,1983,122300.0,120800.0,96700.0,0.0,4200.0,5400.0,200.0,700.0,4200.0,1800.0,100.0,3300.0,500.0,800.0,600.0,2300.0,1600.0,900.0,100.0,400.0,100.0
hh_with_children,percentiles_81_90,1984,130700.0,128900.0,101000.0,700.0,4100.0,5800.0,200.0,800.0,5800.0,1800.0,200.0,3600.0,600.0,900.0,800.0,2700.0,1800.0,1100.0,200.0,300.0,100.0
hh_with_children,percentiles_81_90,1985,130000.0,128600.0,102100.0,1200.0,4300.0,6100.0,200.0,800.0,4400.0,1800.0,200.0,3000.0,600.0,700.0,600.0,2700.0,1400.0,700.0,200.0,300.0,300.0
hh_with_children,percentiles_81_90,1986,135600.0,134300.0,104300.0,1300.0,4400.0,6400.0,200.0,800.0,5700.0,2700.0,200.0,2700.0,400.0,800.0,600.0,3600.0,1300.0,700.0,100.0,300.0,200.0
hh_with_children,percentiles_81_90,1987,137100.0,135900.0,105600.0,1500.0,4600.0,6500.0,200.0,1000.0,5900.0,1600.0,200.0,2800.0,400.0,1000.0,900.0,3500.0,1300.0,700.0,200.0,200.0,100.0
hh_with_children,percentiles_81_90,1988,139300.0,137900.0,106900.0,1800.0,5100.0,6800.0,200.0,1100.0,5800.0,1500.0,200.0,2600.0,400.0,900.0,800.0,3800.0,1400.0,700.0,200.0,200.0,300.0
hh_with_children,percentiles_81_90,1989,141400.0,139700.0,106700.0,2000.0,5100.0,6900.0,200.0,1000.0,6300.0,1700.0,200.0,3200.0,500.0,1000.0,900.0,4000.0,1700.0,900.0,200.0,300.0,300.0
hh_with_children,percentiles_81_90,1990,141000.0,139500.0,107200.0,2100.0,5200.0,7100.0,200.0,1000.0,5800.0,1300.0,200.0,3100.0,400.0,900.0,900.0,4200.0,1500.0,700.0,200.0,300.0,300.0
hh_with_children,percentiles_81_90,1991,139100.0,137300.0,105800.0,2100.0,5200.0,7200.0,200.0,900.0,5900.0,1300.0,200.0,2600.0,400.0,800.0,800.0,4100.0,1700.0,900.0,200.0,300.0,200.0
hh_with_children,percentiles_81_90,1992,140200.0,138100.0,105500.0,2500.0,6000.0,7300.0,200.0,1000.0,6100.0,1100.0,200.0,1800.0,500.0,800.0,800.0,4500.0,2100.0,1000.0,300.0,500.0,200.0
hh_with_children,percentiles_81_90,1993,141500.0,139000.0,105600.0,2600.0,6700.0,7200.0,200.0,1100.0,6300.0,1100.0,200.0,1500.0,500.0,800.0,900.0,4300.0,2500.0,1300.0,400.0,300.0,500.0
hh_with_children,percentiles_81_90,1994,143700.0,141700.0,107400.0,2900.0,7100.0,7400.0,200.0,1200.0,5900.0,1200.0,200.0,1400.0,600.0,700.0,1000.0,4400.0,2000.0,1200.0,300.0,300.0,200.0
hh_with_children,percentiles_81_90,1995,149100.0,147300.0,110100.0,3600.0,7400.0,7700.0,200.0,1400.0,6600.0,1400.0,200.0,1600.0,600.0,800.0,1000.0,4700.0,1800.0,1000.0,400.0,300.0,100.0
hh_with_children,percentiles_81_90,1996,153200.0,151700.0,112900.0,4200.0,7200.0,7800.0,100.0,1400.0,7100.0,1700.0,200.0,1700.0,600.0,900.0,1100.0,4800.0,1600.0,800.0,400.0,200.0,200.0
hh_with_children,percentiles_81_90,1997,157500.0,155900.0,115800.0,4200.0,6500.0,8100.0,100.0,1500.0,7200.0,2600.0,200.0,1500.0,600.0,1000.0,1100.0,5200.0,1700.0,900.0,300.0,200.0,200.0
hh_with_children,percentiles_81_90,1998,164200.0,162500.0,121100.0,4700.0,6400.0,8500.0,100.0,1400.0,7700.0,2900.0,100.0,1600.0,600.0,1000.0,1000.0,5400.0,1700.0,1000.0,300.0,200.0,200.0
hh_with_children,percentiles_81_90,1999,170000.0,168300.0,124800.0,5100.0,6300.0,8800.0,100.0,1400.0,7600.0,3500.0,100.0,1500.0,600.0,1200.0,1000.0,6400.0,1700.0,900.0,300.0,200.0,300.0
hh_with_children,percentiles_81_90,2000,174000.0,172100.0,126300.0,5300.0,6400.0,8900.0,100.0,1400.0,8000.0,3900.0,200.0,1600.0,1000.0,1300.0,1100.0,6600.0,2000.0,1200.0,400.0,200.0,100.0
hh_with_children,percentiles_81_90,2001,173200.0,171200.0,129000.0,5400.0,7000.0,9300.0,100.0,1000.0,7500.0,1300.0,200.0,1600.0,600.0,900.0,700.0,6600.0,2000.0,1100.0,400.0,400.0,200.0
hh_with_children,percentiles_81_90,2002,168700.0,166600.0,125500.0,5200.0,7700.0,8900.0,100.0,900.0,7600.0,700.0,300.0,1100.0,600.0,900.0,600.0,6700.0,2200.0,1000.0,400.0,500.0,200.0
hh_with_children,percentiles_81_90,2003,171900.0,169700.0,125100.0,6100.0,8600.0,8900.0,100.0,1200.0,7900.0,1300.0,200.0,1100.0,600.0,900.0,900.0,6700.0,2200.0,1100.0,400.0,500.0,200.0
hh_with_children,percentiles_81_90,2004,176500.0,174300.0,127100.0,6200.0,9600.0,9000.0,100.0,1500.0,7900.0,2000.0,200.0,900.0,800.0,1000.0,1000.0,7000.0,2200.0,1200.0,500.0,400.0,100.0
hh_with_children,percentiles_81_90,2005,181300.0,179400.0,128400.0,6800.0,9800.0,9000.0,100.0,2000.0,9500.0,2700.0,200.0,1100.0,700.0,1000.0,1300.0,6800.0,1900.0,1000.0,400.0,300.0,200.0
hh_with_children,percentiles_81_90,2006,187200.0,185200.0,131800.0,7100.0,9900.0,9300.0,100.0,2200.0,9000.0,3200.0,200.0,1600.0,800.0,1200.0,1500.0,7300.0,2000.0,1000.0,600.0,300.0,100.0
hh_with_children,percentiles_81_90,2007,191700.0,189200.0,135900.0,7300.0,9300.0,9600.0,100.0,1900.0,8700.0,3700.0,200.0,1800.0,700.0,1500.0,1300.0,7200.0,2500.0,1400.0,600.0,300.0,100.0
hh_with_children,percentiles_81_90,2008,185600.0,183200.0,134000.0,7400.0,9500.0,9500.0,100.0,1200.0,8000.0,1200.0,300.0,1400.0,800.0,1400.0,700.0,7700.0,2400.0,1200.0,700.0,400.0,100.0
hh_with_children,percentiles_81_90,2009,182300.0,179000.0,132600.0,6700.0,9600.0,9500.0,100.0,900.0,7300.0,500.0,300.0,1100.0,800.0,1000.0,600.0,8000.0,3300.0,1500.0,700.0,900.0,100.0
hh_with_children,percentiles_81_90,2010,184300.0,180900.0,133400.0,6800.0,9400.0,9500.0,100.0,1300.0,7200.0,900.0,200.0,800.0,900.0,1000.0,700.0,8800.0,3300.0,1400.0,800.0,900.0,200.0
hh_with_children,percentiles_81_90,2011,184700.0,181600.0,133100.0,6800.0,9300.0,9400.0,100.0,1200.0,8200.0,1100.0,200.0,600.0,800.0,1100.0,800.0,8900.0,3100.0,1600.0,800.0,700.0,100.0
hh_with_children,percentiles_81_90,2012,186600.0,184100.0,134700.0,7300.0,9400.0,9600.0,100.0,1500.0,8800.0,1100.0,200.0,500.0,800.0,1100.0,700.0,8200.0,2500.0,1200.0,700.0,500.0,200.0
hh_with_children,percentiles_81_90,2013,190200.0,187600.0,136600.0,7200.0,9200.0,9800.0,100.0,1600.0,9000.0,2000.0,200.0,500.0,1000.0,1200.0,1100.0,8100.0,2600.0,1400.0,700.0,400.0,200.0
hh_with_children,percentiles_81_90,2014,194500.0,191700.0,139200.0,7400.0,9000.0,9900.0,100.0,1800.0,9800.0,2100.0,200.0,400.0,900.0,1300.0,1100.0,8600.0,2800.0,1500.0,800.0,300.0,200.0
hh_with_children,percentiles_81_90,2015,202000.0,199100.0,145100.0,7600.0,9100.0,10300.0,100.0,1700.0,10700.0,2200.0,200.0,500.0,900.0,1300.0,1100.0,8400.0,2900.0,1600.0,800.0,300.0,200.0
hh_with_children,percentiles_91_95,1979,156700.0,155100.0,113200.0,0.0,4100.0,4500.0,200.0,1500.0,13100.0,5100.0,300.0,4200.0,900.0,1900.0,3000.0,3100.0,1600.0,1000.0,100.0,300.0,200.0
hh_with_children,percentiles_91_95,1980,153600.0,152100.0,113400.0,0.0,3500.0,4600.0,200.0,1200.0,9900.0,5100.0,200.0,5000.0,800.0,1900.0,2500.0,3700.0,1500.0,1000.0,100.0,300.0,100.0
hh_with_children,percentiles_91_95,1981,153700.0,152000.0,114500.0,0.0,3800.0,5200.0,200.0,1000.0,9300.0,3600.0,200.0,5700.0,1000.0,2100.0,1700.0,3600.0,1700.0,1300.0,100.0,300.0,100.0
hh_with_children,percentiles_91_95,1982,153400.0,151700.0,118100.0,0.0,4100.0,5600.0,200.0,600.0,7600.0,2900.0,300.0,5400.0,700.0,2100.0,900.0,3200.0,1700.0,1100.0,200.0,300.0,100.0
hh_with_children,percentiles_91_95,1983,156900.0,155300.0,118400.0,0.0,4400.0,5800.0,200.0,800.0,7800.0,4300.0,500.0,5000.0,1100.0,1700.0,1200.0,4200.0,1500.0,800.0,200.0,300.0,200.0
hh_with_children,percentiles_91_95,1984,167500.0,166100.0,121800.0,900.0,4400.0,6400.0,200.0,1000.0,12000.0,4000.0,500.0,5200.0,1100.0,1900.0,1400.0,5100.0,1400.0,900.0,200.0,200.0,100.0
hh_with_children,percentiles_91_95,1985,167800.0,166600.0,124600.0,1400.0,4600.0,6500.0,200.0,900.0,9500.0,5500.0,700.0,4700.0,800.0,1600.0,1300.0,4200.0,1200.0,800.0,200.0,200.0,100.0
hh_with_children,percentiles_91_95,1986,175400.0,174100.0,127700.0,1600.0,4600.0,6700.0,200.0,1000.0,12100.0,7300.0,800.0,4300.0,600.0,1900.0,1300.0,3900.0,1300.0,600.0,200.0,300.0,300.0
hh_with_children,percentiles_91_95,1987,178500.0,177200.0,131400.0,1800.0,5100.0,7200.0,200.0,1300.0,11000.0,4400.0,600.0,4700.0,1000.0,2000.0,1900.0,4600.0,1300.0,700.0,200.0,200.0,200.0
hh_with_children,percentiles_91_95,1988,181500.0,180200.0,132300.0,2200.0,5500.0,7400.0,200.0,1300.0,13500.0,3400.0,400.0,4600.0,800.0,1800.0,1700.0,5100.0,1400.0,600.0,100.0,100.0,500.0
hh_with_children,percentiles_91_95,1989,184800.0,183400.0,132500.0,2400.0,5400.0,7400.0,200.0,1300.0,14000.0,4000.0,600.0,5200.0,1000.0,1800.0,1800.0,5900.0,1400.0,900.0,100.0,100.0,300.0
hh_with_children,percentiles_91_95,1990,183600.0,182000.0,131400.0,2400.0,6000.0,7700.0,200.0,1200.0,15000.0,2500.0,500.0,5000.0,900.0,1900.0,1600.0,5700.0,1500.0,700.0,200.0,200.0,400.0
hh_with_children,percentiles_91_95,1991,181200.0,179400.0,130200.0,2500.0,5900.0,7900.0,200.0,1100.0,14700.0,2300.0,600.0,4600.0,1100.0,1900.0,1500.0,5000.0,1800.0,900.0,300.0,200.0,300.0
hh_with_children,percentiles_91_95,1992,183000.0,181500.0,132300.0,3200.0,6800.0,8100.0,100.0,1200.0,14200.0,2600.0,500.0,3100.0,1000.0,1400.0,1600.0,5400.0,1500.0,700.0,200.0,300.0,400.0
hh_with_children,percentiles_91_95,1993,184800.0,183300.0,132400.0,3200.0,7200.0,8100.0,200.0,1400.0,14200.0,3600.0,800.0,2300.0,1200.0,1600.0,2000.0,4900.0,1500.0,800.0,300.0,300.0,200.0
hh_with_children,percentiles_91_95,1994,188700.0,186800.0,133200.0,3400.0,8400.0,8200.0,200.0,1500.0,14800.0,2600.0,500.0,2400.0,1200.0,1700.0,2000.0,6800.0,1900.0,1300.0,300.0,200.0,100.0
hh_with_children,percentiles_91_95,1995,196200.0,194100.0,138300.0,4400.0,8000.0,8700.0,100.0,1700.0,16200.0,2900.0,400.0,2800.0,1200.0,1600.0,2100.0,5600.0,2200.0,1100.0,500.0,200.0,400.0
hh_with_children,percentiles_91_95,1996,202000.0,200200.0,142500.0,5000.0,7600.0,8800.0,100.0,1800.0,16100.0,3800.0,400.0,2700.0,1100.0,1900.0,2100.0,6300.0,1800.0,1100.0,400.0,200.0,100.0
hh_with_children,percentiles_91_95,1997,209900.0,208400.0,146200.0,4900.0,6700.0,9100.0,100.0,1800.0,16400.0,6000.0,400.0,3000.0,1300.0,2600.0,2500.0,7300.0,1500.0,900.0,400.0,200.0,100.0
hh_with_children,percentiles_91_95,1998,220600.0,219400.0,156800.0,5400.0,7100.0,9600.0,100.0,1800.0,16800.0,6900.0,400.0,2700.0,1300.0,1900.0,2100.0,6500.0,1200.0,500.0,200.0,200.0,300.0
hh_with_children,percentiles_91_95,1999,230000.0,228500.0,160200.0,5700.0,7000.0,9900.0,100.0,1800.0,17500.0,8800.0,400.0,2400.0,1300.0,2600.0,2300.0,8400.0,1500.0,900.0,200.0,200.0,200.0
hh_with_children,percentiles_91_95,2000,237400.0,235800.0,164100.0,5800.0,7100.0,10200.0,100.0,1800.0,17800.0,9000.0,500.0,2900.0,1900.0,2900.0,2400.0,9200.0,1700.0,1000.0,300.0,200.0,200.0
hh_with_children,percentiles_91_95,2001,229300.0,227900.0,167100.0,6100.0,7500.0,10600.0,100.0,1200.0,16100.0,3800.0,500.0,2700.0,1100.0,2300.0,1500.0,7300.0,1400.0,800.0,300.0,300.0,100.0
hh_with_children,percentiles_91_95,2002,225000.0,223100.0,163000.0,6600.0,8600.0,10400.0,100.0,1100.0,16000.0,3000.0,500.0,2000.0,1300.0,1600.0,1400.0,7400.0,1900.0,1000.0,300.0,500.0,100.0
hh_with_children,percentiles_91_95,2003,228900.0,226900.0,161600.0,8900.0,9500.0,10400.0,100.0,1500.0,16600.0,3600.0,500.0,1600.0,1100.0,1600.0,1800.0,8000.0,2000.0,1000.0,400.0,400.0,100.0
hh_with_children,percentiles_91_95,2004,237000.0,235300.0,164700.0,9800.0,10400.0,10600.0,100.0,1900.0,17800.0,5100.0,400.0,1700.0,1200.0,2200.0,2200.0,7200.0,1700.0,900.0,300.0,300.0,100.0
hh_with_children,percentiles_91_95,2005,244600.0,242900.0,166600.0,10200.0,10500.0,10500.0,100.0,2600.0,19700.0,6700.0,400.0,2100.0,1200.0,2200.0,2800.0,7400.0,1800.0,1000.0,400.0,300.0,200.0
hh_with_children,percentiles_91_95,2006,255500.0,253900.0,171800.0,10600.0,10700.0,10700.0,100.0,2900.0,20000.0,8100.0,500.0,2900.0,1300.0,2700.0,3300.0,8200.0,1700.0,900.0,500.0,200.0,100.0
hh_with_children,percentiles_91_95,2007,264200.0,262400.0,175900.0,11100.0,9800.0,11000.0,100.0,2500.0,22600.0,8900.0,600.0,3400.0,1300.0,3100.0,2800.0,9200.0,1900.0,1100.0,500.0,200.0,100.0
hh_with_children,percentiles_91_95,2008,252300.0,250700.0,176900.0,11100.0,10100.0,11200.0,100.0,1500.0,18600.0,3500.0,700.0,2600.0,1400.0,2400.0,1500.0,9100.0,1600.0,800.0,500.0,300.0,100.0
hh_with_children,percentiles_91_95,2009,245100.0,242100.0,173600.0,10700.0,10500.0,11400.0,100.0,1200.0,16300.0,1900.0,700.0,1800.0,1300.0,1800.0,1200.0,9700.0,3000.0,1300.0,700.0,900.0,100.0
hh_with_children,percentiles_91_95,2010,247500.0,245200.0,174900.0,10600.0,10100.0,11300.0,100.0,1600.0,17600.0,2200.0,600.0,1400.0,1200.0,1800.0,1400.0,10400.0,2300.0,1000.0,500.0,700.0,100.0
hh_with_children,percentiles_91_95,2011,249100.0,246300.0,174800.0,10600.0,10000.0,11100.0,100.0,1600.0,17300.0,2700.0,500.0,1200.0,1700.0,2200.0,1600.0,11000.0,2800.0,1400.0,600.0,600.0,200.0
hh_with_children,percentiles_91_95,2012,256000.0,253500.0,179700.0,10700.0,10000.0,11400.0,100.0,2000.0,18500.0,3100.0,500.0,1100.0,1600.0,2600.0,1600.0,10700.0,2500.0,1200.0,600.0,500.0,200.0
hh_with_children,percentiles_91_95,2013,262500.0,260200.0,185100.0,11600.0,9700.0,11900.0,100.0,2100.0,19000.0,3800.0,400.0,900.0,1500.0,2300.0,2100.0,9700.0,2200.0,1200.0,600.0,300.0,100.0
hh_with_children,percentiles_91_95,2014,268100.0,265900.0,185100.0,11900.0,9500.0,11900.0,100.0,2300.0,21200.0,5700.0,500.0,900.0,1700.0,2600.0,2400.0,10100.0,2200.0,1200.0,600.0,200.0,100.0
hh_with_children,percentiles_91_95,2015,277700.0,275100.0,191500.0,12400.0,9500.0,12200.0,100.0,2200.0,22700.0,5500.0,600.0,1100.0,1800.0,3100.0,2500.0,10000.0,2600.0,1500.0,800.0,200.0,
hh_with_children,percentiles_96_99,1979,233900.0,232600.0,140400.0,0.0,3900.0,3700.0,200.0,1800.0,34800.0,17300.0,1100.0,8000.0,2800.0,5300.0,8400.0,4900.0,1200.0,900.0,100.0,200.0,100.0
hh_with_children,percentiles_96_99,1980,227300.0,225900.0,142400.0,0.0,3600.0,4100.0,200.0,1500.0,28800.0,14700.0,900.0,9600.0,2900.0,6300.0,6400.0,4500.0,1400.0,1000.0,100.0,200.0,100.0
hh_with_children,percentiles_96_99,1981,226100.0,224500.0,146400.0,0.0,3800.0,4600.0,200.0,1200.0,24700.0,13700.0,1200.0,11600.0,2400.0,5800.0,4800.0,4300.0,1500.0,1100.0,200.0,200.0,200.0
hh_with_children,percentiles_96_99,1982,226500.0,225100.0,154200.0,0.0,4200.0,5200.0,200.0,800.0,22600.0,11100.0,1400.0,10100.0,2800.0,5800.0,2500.0,4400.0,1400.0,1000.0,200.0,100.0,100.0
hh_with_children,percentiles_96_99,1983,232700.0,231500.0,152500.0,0.0,4700.0,5600.0,200.0,1100.0,23800.0,16400.0,2000.0,9300.0,2700.0,5000.0,3500.0,4800.0,1200.0,800.0,100.0,200.0,100.0
hh_with_children,percentiles_96_99,1984,247600.0,246000.0,160300.0,1000.0,4300.0,6000.0,200.0,1300.0,29700.0,15800.0,1900.0,9600.0,2500.0,4400.0,3800.0,5200.0,1600.0,1000.0,200.0,200.0,200.0
hh_with_children,percentiles_96_99,1985,250700.0,249500.0,163000.0,1500.0,4900.0,6400.0,200.0,1200.0,26800.0,18500.0,2700.0,9400.0,2400.0,4200.0,3600.0,4900.0,1200.0,700.0,200.0,200.0,100.0
hh_with_children,percentiles_96_99,1986,276900.0,275800.0,171900.0,1600.0,5000.0,6400.0,200.0,1300.0,30800.0,30200.0,3000.0,8100.0,3300.0,4200.0,3800.0,5900.0,1100.0,700.0,100.0,200.0,
hh_with_children,percentiles_96_99,1987,269800.0,268500.0,172100.0,1800.0,5600.0,6700.0,200.0,1600.0,34000.0,16200.0,2100.0,9900.0,2800.0,4800.0,5300.0,5300.0,1400.0,900.0,300.0,100.0,100.0
hh_with_children,percentiles_96_99,1988,282000.0,281000.0,178400.0,2000.0,6000.0,7000.0,200.0,1700.0,40700.0,14500.0,1600.0,9700.0,2500.0,4700.0,4800.0,7100.0,1000.0,500.0,200.0,100.0,200.0
hh_with_children,percentiles_96_99,1989,282300.0,281000.0,180200.0,2300.0,6000.0,7400.0,200.0,1700.0,38000.0,12300.0,2200.0,11300.0,2600.0,4900.0,4600.0,7400.0,1300.0,600.0,200.0,100.0,400.0
hh_with_children,percentiles_96_99,1990,281000.0,279800.0,180200.0,2200.0,6200.0,7400.0,100.0,1600.0,41700.0,10300.0,2000.0,10200.0,2600.0,4600.0,4400.0,6400.0,1200.0,600.0,300.0,100.0,200.0
hh_with_children,percentiles_96_99,1991,277300.0,276100.0,176500.0,2500.0,6300.0,7800.0,100.0,1400.0,42800.0,8700.0,2200.0,9600.0,2700.0,4600.0,4100.0,6700.0,1300.0,600.0,200.0,100.0,400.0
hh_with_children,percentiles_96_99,1992,284300.0,282600.0,183500.0,3100.0,7000.0,8800.0,100.0,1600.0,44100.0,8800.0,2100.0,6600.0,2700.0,3800.0,4300.0,6100.0,1700.0,700.0,200.0,200.0,600.0
hh_with_children,percentiles_96_99,1993,283500.0,282100.0,182300.0,3700.0,7800.0,8600.0,100.0,1900.0,43100.0,9400.0,2100.0,5500.0,2600.0,3900.0,4900.0,6200.0,1400.0,800.0,200.0,200.0,200.0
hh_with_children,percentiles_96_99,1994,289900.0,288200.0,185500.0,3600.0,8700.0,9000.0,100.0,2000.0,45300.0,9000.0,1900.0,4800.0,2700.0,3700.0,5200.0,6800.0,1700.0,1100.0,300.0,200.0,100.0
hh_with_children,percentiles_96_99,1995,303800.0,301900.0,195200.0,4000.0,8700.0,9100.0,100.0,2300.0,45900.0,10000.0,2100.0,6000.0,2900.0,4400.0,5800.0,5500.0,1900.0,800.0,300.0,200.0,600.0
hh_with_children,percentiles_96_99,1996,323900.0,322300.0,203200.0,4500.0,8700.0,9400.0,100.0,2500.0,49100.0,14300.0,1700.0,6000.0,3100.0,5500.0,6300.0,8000.0,1600.0,1000.0,500.0,100.0,
hh_with_children,percentiles_96_99,1997,341900.0,340100.0,215800.0,4300.0,8300.0,9900.0,100.0,2600.0,48800.0,19300.0,1700.0,5900.0,3000.0,6100.0,6500.0,7600.0,1800.0,1400.0,400.0,100.0,
hh_with_children,percentiles_96_99,1998,364800.0,363600.0,229800.0,4800.0,8100.0,10400.0,100.0,2500.0,55200.0,21500.0,2000.0,6200.0,3200.0,5900.0,6100.0,7800.0,1200.0,700.0,300.0,100.0,
hh_with_children,percentiles_96_99,1999,383500.0,382700.0,235700.0,5200.0,7800.0,10900.0,100.0,2600.0,58000.0,29500.0,1900.0,6100.0,3100.0,6300.0,6700.0,8900.0,800.0,400.0,200.0,100.0,100.0
hh_with_children,percentiles_96_99,2000,390900.0,389200.0,242900.0,5500.0,8100.0,11300.0,100.0,2500.0,54800.0,28600.0,1800.0,6800.0,3400.0,7400.0,6300.0,9700.0,1700.0,900.0,300.0,100.0,300.0
hh_with_children,percentiles_96_99,2001,370600.0,368900.0,243000.0,5100.0,8800.0,11100.0,100.0,1700.0,55500.0,14100.0,2000.0,6500.0,3200.0,4900.0,4200.0,8700.0,1700.0,1000.0,400.0,200.0,100.0
hh_with_children,percentiles_96_99,2002,357200.0,355800.0,236200.0,7600.0,9500.0,11200.0,100.0,1600.0,54600.0,9800.0,1900.0,4400.0,2700.0,4000.0,3700.0,8500.0,1400.0,800.0,300.0,200.0,
hh_with_children,percentiles_96_99,2003,366100.0,364800.0,236800.0,10700.0,10000.0,11400.0,100.0,2200.0,54300.0,13800.0,1700.0,3500.0,3100.0,4500.0,5500.0,7300.0,1300.0,600.0,300.0,300.0,100.0
hh_with_children,percentiles_96_99,2004,386800.0,385500.0,243900.0,11600.0,10600.0,11500.0,100.0,2800.0,58600.0,18500.0,1700.0,3500.0,2800.0,5400.0,6400.0,8000.0,1400.0,900.0,300.0,200.0,
hh_with_children,percentiles_96_99,2005,419700.0,418100.0,251300.0,12300.0,10800.0,11500.0,100.0,3700.0,66900.0,26700.0,1900.0,4900.0,3200.0,6400.0,9100.0,9300.0,1600.0,900.0,400.0,200.0,100.0
hh_with_children,percentiles_96_99,2006,436400.0,434900.0,260300.0,13100.0,10600.0,11900.0,100.0,4200.0,67100.0,29500.0,2400.0,6300.0,3200.0,7100.0,9700.0,9500.0,1500.0,800.0,500.0,200.0,100.0
hh_with_children,percentiles_96_99,2007,451900.0,450500.0,273400.0,13500.0,10200.0,12300.0,100.0,3700.0,67300.0,29900.0,2500.0,8000.0,3400.0,8600.0,8200.0,9500.0,1500.0,900.0,400.0,100.0,100.0
hh_with_children,percentiles_96_99,2008,413900.0,412200.0,265700.0,13900.0,10200.0,12300.0,100.0,2200.0,62400.0,12800.0,2400.0,6200.0,3300.0,6800.0,4400.0,9500.0,1600.0,900.0,500.0,200.0,
hh_with_children,percentiles_96_99,2009,387900.0,385600.0,256700.0,14300.0,10400.0,12800.0,100.0,1700.0,55500.0,6700.0,2200.0,4200.0,2600.0,4500.0,3300.0,10600.0,2300.0,1100.0,600.0,600.0,100.0
hh_with_children,percentiles_96_99,2010,398800.0,396700.0,261900.0,14100.0,10200.0,12700.0,100.0,2400.0,56200.0,9100.0,2300.0,3300.0,3200.0,5300.0,4500.0,11600.0,2100.0,900.0,500.0,500.0,100.0
hh_with_children,percentiles_96_99,2011,407500.0,405300.0,270300.0,14600.0,9900.0,12700.0,100.0,2400.0,56000.0,8700.0,2200.0,3100.0,3200.0,5700.0,4400.0,11900.0,2200.0,1100.0,600.0,500.0,100.0
hh_with_children,percentiles_96_99,2012,428900.0,427400.0,276300.0,14100.0,10000.0,12700.0,100.0,2900.0,66400.0,13200.0,1800.0,2700.0,3500.0,6500.0,4900.0,12300.0,1500.0,700.0,500.0,300.0,
hh_with_children,percentiles_96_99,2013,432900.0,430600.0,276900.0,14900.0,9700.0,13100.0,100.0,3100.0,67300.0,14400.0,1800.0,2500.0,3600.0,6700.0,6600.0,9900.0,2300.0,1200.0,600.0,200.0,300.0
hh_with_children,percentiles_96_99,2014,451300.0,449100.0,288100.0,15200.0,9300.0,13500.0,100.0,3500.0,67300.0,19100.0,1600.0,2300.0,3900.0,7500.0,7200.0,10600.0,2200.0,1200.0,800.0,200.0,
hh_with_children,percentiles_96_99,2015,465400.0,462900.0,299700.0,15800.0,9600.0,13800.0,100.0,3300.0,72400.0,16900.0,1600.0,2200.0,3200.0,7300.0,6300.0,10800.0,2500.0,1400.0,800.0,200.0,
hh_with_children,top_1_percent,1979,661100.0,659700.0,273200.0,0.0,3500.0,3000.0,200.0,3400.0,74300.0,158700.0,9700.0,24600.0,10100.0,35600.0,58100.0,5500.0,1400.0,1200.0,200.0,100.0,
hh_with_children,top_1_percent,1980,637900.0,636800.0,284500.0,0.0,3300.0,3500.0,200.0,2900.0,61300.0,149100.0,7900.0,28900.0,10100.0,34400.0,43700.0,7100.0,1000.0,800.0,100.0,100.0,
hh_with_children,top_1_percent,1981,661200.0,659900.0,296100.0,0.0,4100.0,4000.0,200.0,2400.0,49800.0,159500.0,10900.0,40500.0,12000.0,37700.0,37400.0,5100.0,1300.0,1000.0,100.0,100.0,
hh_with_children,top_1_percent,1982,676000.0,674600.0,308400.0,0.0,4300.0,5100.0,200.0,1600.0,56900.0,172400.0,13000.0,35600.0,13500.0,32800.0,23000.0,7900.0,1400.0,1000.0,200.0,100.0,200.0
hh_with_children,top_1_percent,1983,788500.0,786900.0,328700.0,0.0,4900.0,5600.0,200.0,2200.0,74400.0,228700.0,17400.0,37600.0,13100.0,34000.0,33300.0,6800.0,1600.0,1000.0,300.0,100.0,200.0
hh_with_children,top_1_percent,1984,863100.0,861900.0,367600.0,800.0,4500.0,6100.0,200.0,2800.0,90500.0,233700.0,20700.0,48900.0,12300.0,24500.0,37800.0,11400.0,1200.0,800.0,200.0,100.0,100.0
hh_with_children,top_1_percent,1985,856800.0,855500.0,342500.0,1200.0,4800.0,6100.0,200.0,2400.0,85600.0,278800.0,19300.0,40200.0,10400.0,24800.0,35100.0,4100.0,1200.0,600.0,100.0,100.0,400.0
hh_with_children,top_1_percent,1986,1358100.0,1356700.0,360500.0,1300.0,4500.0,6300.0,200.0,2700.0,90800.0,687200.0,33100.0,41100.0,9000.0,62600.0,55200.0,2300.0,1400.0,600.0,100.0,100.0,500.0
hh_with_children,top_1_percent,1987,958700.0,957400.0,444600.0,1600.0,6300.0,7300.0,200.0,4000.0,142100.0,188000.0,16200.0,56300.0,11400.0,26500.0,43100.0,9800.0,1400.0,800.0,300.0,100.0,200.0
hh_with_children,top_1_percent,1988,1165200.0,1164400.0,517900.0,1700.0,6800.0,7200.0,200.0,4700.0,208200.0,225800.0,15000.0,61700.0,10900.0,34400.0,49200.0,20800.0,800.0,400.0,200.0,,300.0
hh_with_children,top_1_percent,1989,1117000.0,1116200.0,475400.0,2000.0,6900.0,7500.0,200.0,4200.0,211600.0,195000.0,17100.0,77500.0,13100.0,39600.0,47700.0,18500.0,800.0,500.0,100.0,100.0,200.0
hh_with_children,top_1_percent,1990,937500.0,936200.0,444400.0,2000.0,7400.0,7700.0,100.0,3700.0,179100.0,133000.0,12200.0,56000.0,10600.0,26400.0,37500.0,16000.0,1400.0,800.0,200.0,100.0,400.0
hh_with_children,top_1_percent,1991,941900.0,940800.0,438400.0,2300.0,7000.0,6700.0,100.0,3300.0,187800.0,117100.0,19100.0,59200.0,10800.0,30800.0,37600.0,20500.0,1200.0,700.0,200.0,200.0,200.0
hh_with_children,top_1_percent,1992,1050300.0,1049000.0,508400.0,2600.0,6800.0,9000.0,100.0,4200.0,211600.0,139400.0,17600.0,43400.0,12700.0,29200.0,46100.0,17900.0,1300.0,900.0,400.0,100.0,
hh_with_children,top_1_percent,1993,1054400.0,1053600.0,494000.0,3000.0,7500.0,7400.0,100.0,4700.0,205900.0,163600.0,17100.0,38200.0,14200.0,27500.0,56600.0,13800.0,800.0,500.0,200.0,100.0,100.0
hh_with_children,top_1_percent,1994,1020300.0,1019400.0,468100.0,3200.0,9000.0,11500.0,100.0,4800.0,219000.0,141400.0,16800.0,33700.0,13000.0,25800.0,56500.0,16400.0,900.0,400.0,100.0,100.0,300.0
hh_with_children,top_1_percent,1995,1212200.0,1210800.0,528300.0,3300.0,11100.0,13400.0,100.0,5800.0,249700.0,187300.0,20000.0,50300.0,13700.0,36400.0,71900.0,19500.0,1400.0,700.0,700.0,100.0,
hh_with_children,top_1_percent,1996,1326400.0,1325700.0,558400.0,3700.0,10400.0,14000.0,100.0,6400.0,263200.0,261800.0,17000.0,44700.0,13700.0,35900.0,73300.0,23200.0,700.0,500.0,200.0,100.0,
hh_with_children,top_1_percent,1997,1458400.0,1456400.0,585700.0,3700.0,8400.0,14800.0,100.0,6700.0,263400.0,351800.0,19300.0,44700.0,14600.0,40100.0,79700.0,23300.0,2000.0,1700.0,300.0,,
hh_with_children,top_1_percent,1998,1680900.0,1679900.0,677200.0,3900.0,9300.0,16500.0,100.0,7000.0,290400.0,446700.0,20000.0,50000.0,12400.0,40400.0,81600.0,24300.0,1000.0,600.0,300.0,100.0,
hh_with_children,top_1_percent,1999,2051700.0,2051400.0,822700.0,4300.0,8300.0,19100.0,100.0,8400.0,334200.0,593200.0,23400.0,55400.0,12600.0,47100.0,94400.0,28300.0,300.0,200.0,100.0,100.0,
hh_with_children,top_1_percent,2000,2314900.0,2313800.0,939500.0,4600.0,9000.0,21000.0,100.0,9200.0,322200.0,721400.0,25100.0,64100.0,12400.0,57600.0,100600.0,27200.0,1100.0,700.0,200.0,100.0,100.0
hh_with_children,top_1_percent,2001,1798700.0,1797900.0,790500.0,4300.0,9500.0,18700.0,100.0,5300.0,344800.0,376500.0,25400.0,64000.0,15600.0,46300.0,71200.0,25600.0,800.0,400.0,200.0,100.0,200.0
hh_with_children,top_1_percent,2002,1571200.0,1570000.0,712100.0,7700.0,9800.0,17400.0,100.0,4400.0,368800.0,250200.0,22600.0,44300.0,13300.0,37000.0,60400.0,21900.0,1200.0,600.0,400.0,200.0,
hh_with_children,top_1_percent,2003,1676800.0,1675800.0,697800.0,10500.0,10900.0,17200.0,100.0,5900.0,375500.0,313800.0,22300.0,44300.0,14500.0,48200.0,92400.0,22200.0,1000.0,500.0,300.0,200.0,
hh_with_children,top_1_percent,2004,1954400.0,1953100.0,737400.0,11200.0,10200.0,17400.0,100.0,7700.0,413000.0,456800.0,21000.0,47800.0,13700.0,72400.0,120000.0,24400.0,1300.0,900.0,200.0,100.0,
hh_with_children,top_1_percent,2005,2299600.0,2298300.0,767500.0,11000.0,11200.0,17900.0,100.0,10500.0,480300.0,619900.0,25600.0,72400.0,16600.0,76600.0,162000.0,26600.0,1300.0,800.0,300.0,100.0,100.0
hh_with_children,top_1_percent,2006,2632400.0,2631400.0,821000.0,11400.0,10700.0,18800.0,100.0,12100.0,533500.0,737200.0,38000.0,109200.0,16500.0,105000.0,191700.0,26000.0,1000.0,500.0,400.0,100.0,
hh_with_children,top_1_percent,2007,2856300.0,2855200.0,910300.0,11800.0,10200.0,20000.0,100.0,11400.0,518800.0,871000.0,41500.0,126400.0,16500.0,120300.0,169500.0,27500.0,1100.0,600.0,400.0,100.0,
hh_with_children,top_1_percent,2008,2260900.0,2259400.0,833900.0,12300.0,10500.0,19100.0,100.0,6300.0,504500.0,489600.0,35000.0,88200.0,19100.0,105000.0,105200.0,30500.0,1500.0,700.0,300.0,200.0,300.0
hh_with_children,top_1_percent,2009,1626600.0,1625400.0,684900.0,13500.0,10800.0,17700.0,100.0,4100.0,445100.0,211400.0,23800.0,53600.0,12800.0,58200.0,67000.0,22300.0,1200.0,400.0,400.0,300.0,
hh_with_children,top_1_percent,2010,2089400.0,2088000.0,768900.0,13300.0,9200.0,18500.0,100.0,6500.0,493900.0,409600.0,27900.0,64500.0,14400.0,95900.0,126900.0,38400.0,1400.0,700.0,400.0,300.0,
hh_with_children,top_1_percent,2011,1952000.0,1950100.0,769900.0,13600.0,9100.0,18500.0,100.0,6400.0,466200.0,363100.0,22600.0,47300.0,14900.0,73900.0,110700.0,34000.0,1900.0,1200.0,500.0,200.0,
hh_with_children,top_1_percent,2012,2374100.0,2371200.0,816900.0,12900.0,9000.0,19200.0,100.0,7900.0,556300.0,553500.0,22900.0,54500.0,18000.0,122100.0,134400.0,43600.0,2900.0,1900.0,800.0,200.0,
hh_with_children,top_1_percent,2013,2045100.0,2043800.0,771500.0,13900.0,9600.0,18900.0,100.0,8000.0,497300.0,398000.0,20600.0,48100.0,17500.0,83800.0,128400.0,28200.0,1300.0,800.0,300.0,100.0,
hh_with_children,top_1_percent,2014,2335100.0,2333600.0,824700.0,14000.0,8300.0,18900.0,100.0,9200.0,514000.0,566900.0,20000.0,47600.0,20400.0,105500.0,149700.0,34200.0,1400.0,900.0,400.0,100.0,
hh_with_children,top_1_percent,2015,2487100.0,2485700.0,885800.0,14900.0,7700.0,20900.0,100.0,9100.0,576400.0,590500.0,19500.0,49000.0,16300.0,113700.0,149000.0,33000.0,1300.0,800.0,400.0,100.0,
elderly_headed_hh,all_quintiles,1979,48000.0,32500.0,8100.0,0.0,300.0,400.0,,100.0,1700.0,3400.0,400.0,5900.0,1200.0,2900.0,3300.0,4700.0,15500.0,11700.0,3600.0,100.0,100.0
elderly_headed_hh,all_quintiles,1980,48100.0,31800.0,7800.0,0.0,200.0,400.0,,100.0,1300.0,2900.0,400.0,7200.0,1200.0,2900.0,2600.0,4700.0,16300.0,12100.0,4000.0,100.0,100.0
elderly_headed_hh,all_quintiles,1981,50400.0,33200.0,7800.0,0.0,300.0,400.0,,100.0,1000.0,2700.0,400.0,9100.0,1300.0,3000.0,2100.0,4800.0,17200.0,12700.0,4400.0,,100.0
elderly_headed_hh,all_quintiles,1982,52400.0,34000.0,8100.0,0.0,300.0,500.0,,,900.0,3000.0,500.0,9900.0,1200.0,3200.0,1300.0,5000.0,18500.0,13400.0,4900.0,100.0,100.0
elderly_headed_hh,all_quintiles,1983,54300.0,35000.0,7900.0,0.0,300.0,500.0,,100.0,1100.0,3800.0,700.0,9300.0,1200.0,3000.0,1700.0,5500.0,19300.0,13900.0,5300.0,100.0,100.0
elderly_headed_hh,all_quintiles,1984,57400.0,38000.0,8600.0,,300.0,500.0,,100.0,1300.0,4300.0,800.0,10100.0,1200.0,2900.0,2100.0,5800.0,19400.0,13800.0,5400.0,100.0,100.0
elderly_headed_hh,all_quintiles,1985,59100.0,39300.0,8500.0,,300.0,500.0,,100.0,1100.0,5100.0,900.0,9900.0,1200.0,3000.0,2000.0,6600.0,19800.0,13900.0,5700.0,100.0,100.0
elderly_headed_hh,all_quintiles,1986,63200.0,42900.0,8600.0,100.0,300.0,500.0,,100.0,1300.0,9200.0,1100.0,8900.0,1200.0,3000.0,2100.0,6600.0,20300.0,14200.0,5900.0,100.0,100.0
elderly_headed_hh,all_quintiles,1987,57500.0,37600.0,8200.0,100.0,400.0,500.0,,100.0,1400.0,3900.0,1700.0,7900.0,1000.0,3200.0,2600.0,6800.0,19900.0,13900.0,5800.0,,100.0
elderly_headed_hh,all_quintiles,1988,59700.0,39800.0,8300.0,100.0,400.0,500.0,,100.0,1700.0,4100.0,1700.0,8100.0,1000.0,3400.0,2700.0,7700.0,20000.0,14100.0,5800.0,,
elderly_headed_hh,all_quintiles,1989,60200.0,40100.0,7800.0,100.0,400.0,500.0,,100.0,1600.0,3600.0,1900.0,9200.0,1000.0,3400.0,2600.0,7900.0,20100.0,14100.0,5900.0,,100.0
elderly_headed_hh,all_quintiles,1990,59900.0,39100.0,8300.0,100.0,400.0,500.0,,100.0,1700.0,2400.0,1800.0,9000.0,1100.0,3100.0,2400.0,8300.0,20800.0,14300.0,6400.0,100.0,100.0
elderly_headed_hh,all_quintiles,1991,57700.0,36100.0,7600.0,100.0,400.0,500.0,,100.0,1100.0,2000.0,1900.0,7900.0,1000.0,2800.0,2100.0,8700.0,21600.0,14800.0,6700.0,100.0,100.0
elderly_headed_hh,all_quintiles,1992,60100.0,37600.0,8300.0,100.0,400.0,500.0,,100.0,1600.0,2500.0,2000.0,6200.0,1100.0,3000.0,2400.0,9300.0,22500.0,15200.0,7100.0,100.0,100.0
elderly_headed_hh,all_quintiles,1993,60700.0,37000.0,8000.0,100.0,500.0,500.0,,100.0,1500.0,3000.0,2000.0,4800.0,1200.0,3000.0,2800.0,9600.0,23600.0,15600.0,7800.0,100.0,100.0
elderly_headed_hh,all_quintiles,1994,60700.0,36900.0,7900.0,100.0,500.0,500.0,,100.0,1600.0,2800.0,2000.0,4400.0,1200.0,2900.0,2900.0,9900.0,23800.0,15700.0,7900.0,100.0,100.0
elderly_headed_hh,all_quintiles,1995,64100.0,39800.0,8600.0,200.0,500.0,600.0,,100.0,1600.0,3200.0,1900.0,5200.0,1200.0,3100.0,3200.0,10300.0,24400.0,15800.0,8400.0,100.0,100.0
elderly_headed_hh,all_quintiles,1996,70400.0,45100.0,9500.0,200.0,500.0,600.0,,100.0,2000.0,5000.0,2000.0,5700.0,1300.0,3500.0,3600.0,11100.0,25200.0,16200.0,8900.0,100.0,100.0
elderly_headed_hh,all_quintiles,1997,74200.0,48400.0,9600.0,200.0,400.0,600.0,,100.0,2200.0,6700.0,1900.0,5800.0,1300.0,3800.0,3700.0,11900.0,25800.0,16500.0,9200.0,100.0,100.0
elderly_headed_hh,all_quintiles,1998,78200.0,52200.0,10400.0,200.0,500.0,700.0,,100.0,2300.0,8400.0,1900.0,5800.0,1300.0,3800.0,3500.0,13200.0,26000.0,16900.0,8900.0,,100.0
elderly_headed_hh,all_quintiles,1999,80300.0,55100.0,11000.0,300.0,500.0,700.0,,100.0,2700.0,9200.0,2000.0,5600.0,1400.0,4100.0,3500.0,14200.0,25200.0,16400.0,8600.0,100.0,100.0
elderly_headed_hh,all_quintiles,2000,80400.0,55200.0,10900.0,300.0,500.0,700.0,,100.0,2400.0,9200.0,1700.0,5700.0,1400.0,3800.0,3200.0,15300.0,25200.0,16700.0,8400.0,100.0,100.0
elderly_headed_hh,all_quintiles,2001,75200.0,48900.0,10800.0,300.0,500.0,700.0,,100.0,2300.0,5100.0,1800.0,5700.0,1400.0,3300.0,2300.0,14500.0,26300.0,17200.0,9000.0,100.0,100.0
elderly_headed_hh,all_quintiles,2002,72700.0,45400.0,10400.0,300.0,600.0,700.0,,100.0,2400.0,4100.0,1800.0,4300.0,1400.0,2900.0,2100.0,14400.0,27300.0,17600.0,9500.0,100.0,100.0
elderly_headed_hh,all_quintiles,2003,73900.0,46500.0,10900.0,400.0,700.0,700.0,,100.0,2600.0,4700.0,1700.0,3400.0,1400.0,3000.0,2700.0,14200.0,27400.0,17600.0,9600.0,100.0,100.0
elderly_headed_hh,all_quintiles,2004,80300.0,52400.0,11500.0,400.0,800.0,700.0,,100.0,3100.0,7600.0,1600.0,3200.0,1500.0,3600.0,3500.0,14800.0,27900.0,17600.0,10100.0,100.0,
elderly_headed_hh,all_quintiles,2005,86800.0,58500.0,12200.0,500.0,900.0,800.0,,200.0,3800.0,9600.0,1600.0,3600.0,1600.0,3800.0,4400.0,15600.0,28400.0,17800.0,10400.0,100.0,100.0
elderly_headed_hh,all_quintiles,2006,91800.0,61900.0,12400.0,500.0,900.0,800.0,,200.0,3500.0,10600.0,1800.0,4600.0,1600.0,4200.0,4800.0,16100.0,29900.0,18100.0,11700.0,100.0,100.0
elderly_headed_hh,all_quintiles,2007,99300.0,69300.0,13900.0,500.0,900.0,900.0,,200.0,3800.0,13100.0,1900.0,5400.0,1600.0,5000.0,4400.0,17700.0,30000.0,18300.0,11500.0,100.0,100.0
elderly_headed_hh,all_quintiles,2008,87000.0,56800.0,13800.0,600.0,900.0,900.0,,100.0,3100.0,5700.0,1800.0,4400.0,1800.0,4300.0,2400.0,17000.0,30100.0,18200.0,11700.0,100.0,100.0
elderly_headed_hh,all_quintiles,2009,82400.0,49600.0,13700.0,500.0,900.0,900.0,,100.0,2600.0,3000.0,1800.0,3500.0,1600.0,3400.0,1900.0,15800.0,32900.0,19800.0,12600.0,400.0,100.0
elderly_headed_hh,all_quintiles,2010,86700.0,54400.0,14100.0,600.0,1000.0,900.0,,100.0,3400.0,4100.0,1800.0,2700.0,1700.0,3500.0,2500.0,18200.0,32300.0,19400.0,12400.0,400.0,100.0
elderly_headed_hh,all_quintiles,2011,86400.0,55200.0,14400.0,600.0,1000.0,900.0,,100.0,4000.0,4300.0,1600.0,2200.0,1700.0,3600.0,2500.0,18100.0,31200.0,18900.0,11900.0,300.0,100.0
elderly_headed_hh,all_quintiles,2012,92800.0,61200.0,15300.0,700.0,1000.0,1000.0,,200.0,4600.0,7500.0,1500.0,1900.0,1800.0,4400.0,3000.0,18400.0,31600.0,19400.0,11900.0,200.0,100.0
elderly_headed_hh,all_quintiles,2013,90500.0,58900.0,15600.0,700.0,1000.0,1000.0,,200.0,4600.0,5500.0,1400.0,1600.0,1800.0,3700.0,3200.0,18600.0,31600.0,19500.0,11800.0,200.0,100.0
elderly_headed_hh,all_quintiles,2014,93700.0,62500.0,16100.0,700.0,1000.0,1000.0,,200.0,5000.0,7600.0,1200.0,1400.0,1800.0,4200.0,3500.0,18800.0,31200.0,19300.0,11800.0,100.0,100.0
elderly_headed_hh,all_quintiles,2015,96200.0,64200.0,17100.0,800.0,1100.0,1100.0,,200.0,5400.0,7500.0,1200.0,1400.0,1700.0,4200.0,3200.0,19300.0,32000.0,19800.0,12100.0,100.0,100.0
elderly_headed_hh,lowest_quintile,1979,13700.0,1900.0,500.0,0.0,,,,,,,0.0,400.0,100.0,,100.0,700.0,11800.0,8400.0,3300.0,,
elderly_headed_hh,lowest_quintile,1980,13500.0,1600.0,400.0,0.0,,,,,,,0.0,400.0,100.0,,100.0,600.0,11900.0,8300.0,3600.0,,
elderly_headed_hh,lowest_quintile,1981,13600.0,1400.0,300.0,0.0,,,,,-100.0,,0.0,400.0,100.0,,100.0,500.0,12200.0,8400.0,3800.0,,
elderly_headed_hh,lowest_quintile,1982,13100.0,1100.0,300.0,0.0,,,,,-100.0,,,400.0,100.0,,,400.0,12000.0,7800.0,4100.0,,
elderly_headed_hh,lowest_quintile,1983,13000.0,1000.0,300.0,0.0,,,,,-200.0,,0.0,300.0,100.0,,,400.0,12000.0,7400.0,4500.0,,
elderly_headed_hh,lowest_quintile,1984,13800.0,1100.0,300.0,0.0,,,,,-200.0,,,300.0,100.0,,100.0,500.0,12600.0,8000.0,4600.0,,
elderly_headed_hh,lowest_quintile,1985,13800.0,1100.0,300.0,0.0,,,,,-200.0,,0.0,300.0,100.0,,,400.0,12700.0,8000.0,4700.0,,
elderly_headed_hh,lowest_quintile,1986,13900.0,1000.0,300.0,,,,,,-100.0,,,300.0,,,,400.0,12900.0,7900.0,4900.0,,
elderly_headed_hh,lowest_quintile,1987,13800.0,1300.0,300.0,0.0,,,,,-100.0,,,400.0,100.0,100.0,100.0,400.0,12500.0,7700.0,4900.0,,
elderly_headed_hh,lowest_quintile,1988,14000.0,1300.0,300.0,0.0,,,,,-100.0,,,300.0,100.0,,100.0,500.0,12700.0,7800.0,4900.0,,0.0
elderly_headed_hh,lowest_quintile,1989,14100.0,1300.0,300.0,,,,,,-100.0,,,400.0,100.0,,100.0,500.0,12800.0,7800.0,5000.0,,
elderly_headed_hh,lowest_quintile,1990,14500.0,1400.0,400.0,0.0,,,,,-100.0,,,400.0,100.0,,100.0,500.0,13000.0,7700.0,5300.0,,
elderly_headed_hh,lowest_quintile,1991,14200.0,1300.0,400.0,0.0,,,,,-100.0,,,400.0,100.0,,100.0,500.0,12900.0,7400.0,5500.0,,
elderly_headed_hh,lowest_quintile,1992,14300.0,1000.0,400.0,,,,,,-100.0,,,300.0,,,100.0,400.0,13300.0,7400.0,5800.0,,
elderly_headed_hh,lowest_quintile,1993,14200.0,1100.0,400.0,0.0,,,,,-100.0,,,300.0,100.0,,100.0,300.0,13100.0,6900.0,6200.0,,0.0
elderly_headed_hh,lowest_quintile,1994,14100.0,800.0,300.0,,,,,,-200.0,,,200.0,,100.0,100.0,200.0,13300.0,7000.0,6300.0,,
elderly_headed_hh,lowest_quintile,1995,15200.0,1000.0,300.0,,,,,,-100.0,,,200.0,,100.0,100.0,300.0,14200.0,7500.0,6700.0,,
elderly_headed_hh,lowest_quintile,1996,15200.0,1100.0,500.0,,,,,,-100.0,,,200.0,,,100.0,400.0,14100.0,6900.0,7200.0,,
elderly_headed_hh,lowest_quintile,1997,15700.0,1100.0,400.0,,,,,,-200.0,,,200.0,,,100.0,400.0,14600.0,7300.0,7200.0,,
elderly_headed_hh,lowest_quintile,1998,16500.0,1100.0,500.0,,,,,,-200.0,,,200.0,100.0,,100.0,400.0,15300.0,8000.0,7300.0,,
elderly_headed_hh,lowest_quintile,1999,17100.0,1300.0,500.0,,,,,,-100.0,,,200.0,100.0,,100.0,400.0,15800.0,8700.0,7100.0,,
elderly_headed_hh,lowest_quintile,2000,17200.0,1600.0,600.0,,,,,,-200.0,,,200.0,100.0,100.0,100.0,600.0,15600.0,8700.0,6900.0,,
elderly_headed_hh,lowest_quintile,2001,16900.0,1100.0,500.0,,,,,,-200.0,,,200.0,100.0,100.0,,300.0,15900.0,8600.0,7300.0,,
elderly_headed_hh,lowest_quintile,2002,16800.0,1100.0,600.0,,,,,,-200.0,-100.0,,200.0,100.0,100.0,100.0,300.0,15700.0,8000.0,7700.0,,
elderly_headed_hh,lowest_quintile,2003,16600.0,1000.0,500.0,,,,,,-300.0,-100.0,,100.0,100.0,100.0,100.0,400.0,15600.0,7800.0,7800.0,,
elderly_headed_hh,lowest_quintile,2004,16800.0,1100.0,500.0,,,,,,-200.0,,,100.0,100.0,100.0,100.0,500.0,15700.0,7700.0,7900.0,,
elderly_headed_hh,lowest_quintile,2005,17100.0,900.0,500.0,,,,,,-300.0,,,200.0,,100.0,100.0,300.0,16200.0,7800.0,8300.0,,
elderly_headed_hh,lowest_quintile,2006,17500.0,1000.0,400.0,,,,,,-200.0,,,200.0,,100.0,100.0,300.0,16500.0,7400.0,9100.0,,
elderly_headed_hh,lowest_quintile,2007,18300.0,1200.0,600.0,,,,,,-300.0,,,200.0,100.0,100.0,100.0,300.0,17200.0,8100.0,9000.0,,
elderly_headed_hh,lowest_quintile,2008,18300.0,1100.0,600.0,,,,,,-400.0,,,200.0,100.0,100.0,100.0,300.0,17200.0,7900.0,9200.0,,
elderly_headed_hh,lowest_quintile,2009,17400.0,900.0,800.0,,,100.0,,,-600.0,-100.0,,300.0,100.0,100.0,100.0,100.0,16500.0,6800.0,9600.0,100.0,
elderly_headed_hh,lowest_quintile,2010,17900.0,900.0,600.0,,,,,,-500.0,-100.0,,200.0,100.0,100.0,100.0,200.0,17000.0,7200.0,9700.0,100.0,
elderly_headed_hh,lowest_quintile,2011,17500.0,1000.0,600.0,,,,,,-300.0,,,100.0,100.0,100.0,100.0,200.0,16600.0,7200.0,9300.0,,
elderly_headed_hh,lowest_quintile,2012,16800.0,1200.0,700.0,,100.0,100.0,,,-300.0,,,100.0,100.0,100.0,100.0,200.0,15700.0,6600.0,9100.0,,
elderly_headed_hh,lowest_quintile,2013,17800.0,1200.0,700.0,,100.0,100.0,,,-300.0,,,100.0,100.0,100.0,100.0,200.0,16600.0,7000.0,9600.0,,
elderly_headed_hh,lowest_quintile,2014,16900.0,1300.0,600.0,,100.0,,,,-200.0,,,100.0,100.0,100.0,100.0,400.0,15600.0,6300.0,9300.0,,0.0
elderly_headed_hh,lowest_quintile,2015,18300.0,1500.0,700.0,,100.0,100.0,,,-200.0,,,100.0,100.0,100.0,100.0,500.0,16800.0,7200.0,9600.0,,
elderly_headed_hh,second_quintile,1979,28800.0,10700.0,3100.0,0.0,100.0,200.0,,,300.0,100.0,,2300.0,400.0,300.0,700.0,3100.0,18100.0,13800.0,4000.0,100.0,300.0
elderly_headed_hh,second_quintile,1980,27400.0,8600.0,2500.0,0.0,100.0,100.0,,,200.0,100.0,,2100.0,300.0,200.0,500.0,2400.0,18800.0,14200.0,4400.0,,200.0
elderly_headed_hh,second_quintile,1981,27200.0,7900.0,2300.0,0.0,100.0,200.0,,,100.0,,,2100.0,300.0,200.0,300.0,2200.0,19300.0,14500.0,4600.0,,100.0
elderly_headed_hh,second_quintile,1982,26500.0,6700.0,1900.0,0.0,100.0,100.0,,,100.0,,,2100.0,200.0,200.0,200.0,1700.0,19800.0,14400.0,5100.0,,200.0
elderly_headed_hh,second_quintile,1983,26200.0,6000.0,1800.0,0.0,100.0,100.0,,,,,,1800.0,200.0,200.0,200.0,1600.0,20200.0,14500.0,5500.0,100.0,200.0
elderly_headed_hh,second_quintile,1984,27600.0,7500.0,2000.0,,100.0,100.0,,,100.0,100.0,,2200.0,200.0,200.0,300.0,2100.0,20100.0,14400.0,5500.0,,200.0
elderly_headed_hh,second_quintile,1985,27100.0,7000.0,1700.0,,100.0,100.0,,,100.0,,,2100.0,200.0,200.0,300.0,2100.0,20000.0,14100.0,5700.0,,100.0
elderly_headed_hh,second_quintile,1986,27700.0,7200.0,1800.0,,100.0,100.0,,,,100.0,,2100.0,200.0,300.0,300.0,2300.0,20500.0,14300.0,6000.0,,100.0
elderly_headed_hh,second_quintile,1987,27600.0,7000.0,1700.0,,100.0,100.0,,,100.0,,,1900.0,100.0,300.0,400.0,2200.0,20600.0,14400.0,6000.0,,200.0
elderly_headed_hh,second_quintile,1988,28200.0,7900.0,1800.0,,100.0,100.0,,,100.0,,,2000.0,300.0,300.0,400.0,2800.0,20200.0,14200.0,5900.0,,
elderly_headed_hh,second_quintile,1989,28300.0,8000.0,1900.0,,100.0,100.0,,,100.0,,,2000.0,200.0,300.0,400.0,2700.0,20300.0,14200.0,6000.0,,
elderly_headed_hh,second_quintile,1990,28900.0,7900.0,2100.0,,100.0,100.0,,,100.0,-100.0,,2000.0,300.0,300.0,300.0,2600.0,21000.0,14500.0,6400.0,100.0,100.0
elderly_headed_hh,second_quintile,1991,28500.0,6900.0,1800.0,,100.0,100.0,,,100.0,0.0,,1600.0,200.0,300.0,300.0,2400.0,21600.0,14900.0,6700.0,,
elderly_headed_hh,second_quintile,1992,28300.0,6300.0,1600.0,,100.0,100.0,,,100.0,,,1300.0,200.0,300.0,300.0,2200.0,22000.0,14900.0,7100.0,100.0,
elderly_headed_hh,second_quintile,1993,28300.0,5600.0,1300.0,,100.0,100.0,,,,,,1100.0,200.0,300.0,300.0,2200.0,22700.0,14900.0,7700.0,100.0,
elderly_headed_hh,second_quintile,1994,28500.0,5300.0,1400.0,,100.0,100.0,,,,,,900.0,200.0,200.0,300.0,2100.0,23200.0,15300.0,7800.0,,
elderly_headed_hh,second_quintile,1995,29800.0,5800.0,1700.0,,100.0,100.0,,,100.0,,,900.0,100.0,200.0,300.0,2200.0,24000.0,15600.0,8300.0,,100.0
elderly_headed_hh,second_quintile,1996,29500.0,5500.0,1700.0,,100.0,100.0,,,100.0,,,800.0,200.0,200.0,300.0,2000.0,24000.0,15300.0,8600.0,,
elderly_headed_hh,second_quintile,1997,31000.0,6100.0,1700.0,,100.0,100.0,,,100.0,100.0,,800.0,200.0,300.0,300.0,2300.0,24900.0,15900.0,9000.0,,
elderly_headed_hh,second_quintile,1998,33100.0,7200.0,2100.0,,100.0,200.0,,,,100.0,,1000.0,200.0,300.0,300.0,3000.0,25900.0,16700.0,9100.0,,
elderly_headed_hh,second_quintile,1999,34000.0,8600.0,2600.0,,100.0,200.0,,,100.0,100.0,,1000.0,200.0,300.0,300.0,3500.0,25400.0,16500.0,8800.0,,
elderly_headed_hh,second_quintile,2000,34200.0,10100.0,2600.0,,100.0,200.0,,,100.0,200.0,,1200.0,200.0,400.0,300.0,4600.0,24100.0,15700.0,8300.0,,
elderly_headed_hh,second_quintile,2001,33400.0,7800.0,2300.0,,100.0,200.0,,,,,,1000.0,200.0,400.0,200.0,3300.0,25600.0,16600.0,9000.0,,
elderly_headed_hh,second_quintile,2002,32200.0,6500.0,2000.0,,100.0,100.0,,,,-100.0,,700.0,100.0,300.0,200.0,2900.0,25800.0,16400.0,9200.0,100.0,100.0
elderly_headed_hh,second_quintile,2003,31800.0,5800.0,1700.0,,100.0,100.0,,,,-100.0,,600.0,200.0,300.0,200.0,2500.0,26000.0,16700.0,9300.0,100.0,
elderly_headed_hh,second_quintile,2004,32600.0,6200.0,1700.0,,100.0,100.0,,,,-100.0,,500.0,200.0,300.0,200.0,3100.0,26400.0,16500.0,9800.0,100.0,
elderly_headed_hh,second_quintile,2005,32800.0,6300.0,1700.0,,100.0,100.0,,,100.0,,,500.0,100.0,300.0,300.0,3000.0,26500.0,16500.0,9900.0,,
elderly_headed_hh,second_quintile,2006,33500.0,6000.0,1700.0,,100.0,100.0,,,,,,600.0,100.0,200.0,300.0,2700.0,27500.0,16500.0,11000.0,,
elderly_headed_hh,second_quintile,2007,35100.0,8000.0,2300.0,,200.0,200.0,,,100.0,100.0,,800.0,200.0,300.0,300.0,3600.0,27100.0,16400.0,10700.0,,
elderly_headed_hh,second_quintile,2008,34200.0,6800.0,2000.0,,100.0,200.0,,,,-100.0,,700.0,200.0,400.0,200.0,3200.0,27400.0,16300.0,10900.0,100.0,100.0
elderly_headed_hh,second_quintile,2009,33300.0,5500.0,1800.0,,100.0,100.0,,,,-200.0,,500.0,200.0,300.0,100.0,2500.0,27800.0,16200.0,11400.0,100.0,
elderly_headed_hh,second_quintile,2010,33400.0,5900.0,1800.0,,100.0,100.0,,,,-100.0,,400.0,200.0,300.0,100.0,2900.0,27500.0,16100.0,11200.0,200.0,
elderly_headed_hh,second_quintile,2011,33400.0,5600.0,1700.0,,100.0,100.0,,,100.0,-100.0,,300.0,200.0,300.0,100.0,2800.0,27700.0,16400.0,11100.0,200.0,
elderly_headed_hh,second_quintile,2012,32800.0,5500.0,1700.0,,100.0,100.0,,,100.0,-100.0,,200.0,100.0,300.0,100.0,2700.0,27300.0,16300.0,10900.0,100.0,
elderly_headed_hh,second_quintile,2013,33800.0,5800.0,1800.0,,100.0,100.0,,,,,,200.0,200.0,200.0,200.0,2900.0,28000.0,16800.0,11100.0,100.0,
elderly_headed_hh,second_quintile,2014,33600.0,6200.0,2000.0,,200.0,200.0,,,100.0,,,100.0,100.0,200.0,100.0,3000.0,27400.0,16500.0,10900.0,,
elderly_headed_hh,second_quintile,2015,35100.0,6600.0,2100.0,,200.0,200.0,,,100.0,,,200.0,200.0,200.0,100.0,3200.0,28600.0,17400.0,11100.0,,
elderly_headed_hh,middle_quintile,1979,44300.0,26700.0,8600.0,0.0,400.0,500.0,,100.0,800.0,400.0,,6000.0,700.0,1000.0,1900.0,6100.0,17600.0,13500.0,3800.0,100.0,200.0
elderly_headed_hh,middle_quintile,1980,43100.0,24700.0,7300.0,0.0,300.0,400.0,,100.0,500.0,300.0,,6600.0,600.0,900.0,1500.0,6000.0,18400.0,13900.0,4200.0,100.0,100.0
elderly_headed_hh,middle_quintile,1981,43300.0,23900.0,6600.0,0.0,300.0,400.0,,100.0,400.0,200.0,,7500.0,700.0,1100.0,1100.0,5500.0,19400.0,14400.0,4600.0,100.0,200.0
elderly_headed_hh,middle_quintile,1982,42300.0,22100.0,5800.0,0.0,300.0,400.0,,,300.0,300.0,,7800.0,600.0,1000.0,700.0,4900.0,20300.0,14900.0,5100.0,100.0,200.0
elderly_headed_hh,middle_quintile,1983,42000.0,20800.0,5400.0,0.0,300.0,400.0,,,400.0,300.0,,7100.0,500.0,700.0,800.0,5000.0,21200.0,15400.0,5400.0,100.0,200.0
elderly_headed_hh,middle_quintile,1984,44600.0,23400.0,6000.0,,200.0,400.0,,,300.0,300.0,100.0,7800.0,500.0,900.0,1000.0,5800.0,21200.0,15400.0,5500.0,100.0,100.0
elderly_headed_hh,middle_quintile,1985,45000.0,23200.0,5400.0,,300.0,400.0,,,300.0,300.0,,7600.0,500.0,900.0,900.0,6400.0,21800.0,15500.0,6000.0,100.0,200.0
elderly_headed_hh,middle_quintile,1986,46100.0,24000.0,6200.0,,300.0,400.0,,100.0,200.0,400.0,100.0,7200.0,500.0,1000.0,1000.0,6700.0,22100.0,15600.0,6200.0,100.0,200.0
elderly_headed_hh,middle_quintile,1987,46200.0,24100.0,5700.0,,300.0,400.0,,100.0,400.0,400.0,100.0,6500.0,500.0,1000.0,1300.0,7600.0,22100.0,15800.0,6200.0,100.0,100.0
elderly_headed_hh,middle_quintile,1988,47000.0,25000.0,6000.0,,300.0,400.0,,100.0,300.0,200.0,100.0,6300.0,600.0,1200.0,1200.0,8200.0,22000.0,15800.0,6100.0,100.0,100.0
elderly_headed_hh,middle_quintile,1989,47400.0,24900.0,5500.0,,300.0,400.0,,100.0,400.0,300.0,100.0,6800.0,500.0,1200.0,1200.0,8100.0,22500.0,16000.0,6300.0,100.0,100.0
elderly_headed_hh,middle_quintile,1990,47700.0,25000.0,5700.0,,400.0,400.0,,100.0,500.0,100.0,100.0,6400.0,500.0,1100.0,1100.0,8600.0,22700.0,15900.0,6700.0,100.0,100.0
elderly_headed_hh,middle_quintile,1991,47200.0,23500.0,5200.0,,300.0,400.0,,,300.0,100.0,100.0,6000.0,500.0,1000.0,1000.0,8500.0,23700.0,16600.0,7000.0,100.0,100.0
elderly_headed_hh,middle_quintile,1992,46900.0,22100.0,4700.0,,300.0,400.0,,,400.0,200.0,100.0,4700.0,500.0,1100.0,1000.0,8700.0,24800.0,17100.0,7400.0,200.0,100.0
elderly_headed_hh,middle_quintile,1993,47500.0,21800.0,5100.0,,400.0,400.0,,100.0,400.0,300.0,100.0,3600.0,600.0,1100.0,1100.0,8600.0,25700.0,17200.0,8200.0,200.0,100.0
elderly_headed_hh,middle_quintile,1994,47500.0,22200.0,4700.0,,400.0,400.0,,100.0,300.0,200.0,200.0,3500.0,600.0,1200.0,1200.0,9500.0,25300.0,16900.0,8300.0,100.0,100.0
elderly_headed_hh,middle_quintile,1995,49000.0,23200.0,5400.0,100.0,400.0,400.0,,100.0,300.0,300.0,200.0,3600.0,600.0,1100.0,1300.0,9700.0,25800.0,16900.0,8700.0,100.0,100.0
elderly_headed_hh,middle_quintile,1996,49600.0,22800.0,5200.0,100.0,300.0,400.0,,100.0,300.0,300.0,100.0,3500.0,500.0,1100.0,1200.0,9700.0,26800.0,17400.0,9200.0,100.0,100.0
elderly_headed_hh,middle_quintile,1997,51000.0,23800.0,5600.0,100.0,300.0,400.0,,100.0,300.0,600.0,100.0,3500.0,500.0,1100.0,1200.0,10200.0,27100.0,17500.0,9500.0,100.0,100.0
elderly_headed_hh,middle_quintile,1998,53000.0,25800.0,5900.0,100.0,300.0,400.0,,100.0,300.0,700.0,100.0,3700.0,600.0,1100.0,1100.0,11300.0,27200.0,17900.0,9200.0,,100.0
elderly_headed_hh,middle_quintile,1999,54200.0,27500.0,6500.0,100.0,300.0,500.0,,100.0,400.0,700.0,100.0,3800.0,600.0,1200.0,1100.0,12000.0,26700.0,17700.0,8900.0,100.0,100.0
elderly_headed_hh,middle_quintile,2000,54900.0,28300.0,6400.0,100.0,400.0,500.0,,100.0,300.0,700.0,100.0,3500.0,500.0,1200.0,1000.0,13400.0,26600.0,17800.0,8700.0,100.0,100.0
elderly_headed_hh,middle_quintile,2001,55000.0,26900.0,6300.0,100.0,300.0,500.0,,,300.0,300.0,100.0,3800.0,600.0,1200.0,800.0,12500.0,28000.0,18300.0,9500.0,100.0,100.0
elderly_headed_hh,middle_quintile,2002,53500.0,24400.0,6000.0,100.0,300.0,400.0,,,300.0,,200.0,2800.0,600.0,1100.0,600.0,12000.0,29100.0,19000.0,9900.0,100.0,100.0
elderly_headed_hh,middle_quintile,2003,53700.0,24300.0,5800.0,100.0,400.0,400.0,,100.0,400.0,-100.0,200.0,2200.0,600.0,1100.0,700.0,12500.0,29400.0,19000.0,10200.0,200.0,100.0
elderly_headed_hh,middle_quintile,2004,55300.0,25400.0,6000.0,100.0,500.0,400.0,,100.0,400.0,100.0,200.0,1900.0,600.0,1100.0,800.0,13400.0,29900.0,19100.0,10700.0,100.0,100.0
elderly_headed_hh,middle_quintile,2005,57200.0,26600.0,6800.0,100.0,500.0,500.0,,100.0,400.0,200.0,100.0,1900.0,600.0,1000.0,1000.0,13300.0,30600.0,19400.0,11100.0,100.0,100.0
elderly_headed_hh,middle_quintile,2006,57900.0,26000.0,6600.0,100.0,500.0,500.0,,100.0,400.0,300.0,100.0,2200.0,500.0,900.0,1000.0,12600.0,31900.0,19400.0,12300.0,100.0,100.0
elderly_headed_hh,middle_quintile,2007,59900.0,28300.0,7200.0,100.0,500.0,500.0,,100.0,300.0,500.0,100.0,2400.0,600.0,1000.0,900.0,14000.0,31600.0,19300.0,12200.0,100.0,
elderly_headed_hh,middle_quintile,2008,58200.0,26000.0,6600.0,100.0,500.0,500.0,,100.0,200.0,,200.0,2200.0,600.0,1100.0,500.0,13500.0,32200.0,19500.0,12500.0,200.0,100.0
elderly_headed_hh,middle_quintile,2009,56900.0,22800.0,6100.0,100.0,400.0,500.0,,,300.0,-200.0,200.0,1700.0,500.0,900.0,400.0,11800.0,34200.0,20400.0,13300.0,400.0,
elderly_headed_hh,middle_quintile,2010,57200.0,23000.0,6200.0,100.0,400.0,500.0,,100.0,300.0,-100.0,200.0,1200.0,500.0,900.0,500.0,12300.0,34200.0,20700.0,12900.0,600.0,
elderly_headed_hh,middle_quintile,2011,56200.0,22700.0,5900.0,100.0,400.0,400.0,,100.0,300.0,-100.0,200.0,1000.0,500.0,900.0,400.0,12500.0,33500.0,20500.0,12500.0,400.0,100.0
elderly_headed_hh,middle_quintile,2012,56600.0,22700.0,6100.0,100.0,500.0,500.0,,100.0,400.0,,100.0,700.0,500.0,1000.0,400.0,12300.0,33900.0,21000.0,12600.0,300.0,
elderly_headed_hh,middle_quintile,2013,57300.0,24100.0,6600.0,100.0,500.0,500.0,,100.0,400.0,200.0,100.0,500.0,500.0,800.0,500.0,13300.0,33200.0,20800.0,12200.0,200.0,100.0
elderly_headed_hh,middle_quintile,2014,58200.0,24800.0,6900.0,100.0,500.0,500.0,,100.0,600.0,400.0,100.0,400.0,500.0,800.0,500.0,13400.0,33400.0,20900.0,12300.0,100.0,100.0
elderly_headed_hh,middle_quintile,2015,60800.0,26700.0,7500.0,100.0,600.0,600.0,,100.0,500.0,300.0,100.0,500.0,500.0,900.0,500.0,14600.0,34100.0,21300.0,12600.0,100.0,100.0
elderly_headed_hh,fourth_quintile,1979,62300.0,44400.0,14000.0,0.0,600.0,800.0,100.0,200.0,1400.0,1400.0,100.0,9600.0,1400.0,2100.0,3500.0,9300.0,17900.0,13800.0,3800.0,200.0,100.0
elderly_headed_hh,fourth_quintile,1980,60200.0,41700.0,12500.0,0.0,500.0,700.0,,100.0,1000.0,1000.0,100.0,10900.0,1300.0,2100.0,2700.0,8700.0,18500.0,14100.0,4200.0,100.0,100.0
elderly_headed_hh,fourth_quintile,1981,61100.0,41000.0,11100.0,0.0,500.0,700.0,,100.0,700.0,600.0,100.0,13400.0,1300.0,2200.0,2200.0,8200.0,20000.0,15100.0,4700.0,100.0,200.0
elderly_headed_hh,fourth_quintile,1982,60400.0,38800.0,10700.0,0.0,500.0,700.0,,100.0,200.0,500.0,100.0,13500.0,900.0,2000.0,1200.0,8300.0,21600.0,16200.0,5100.0,100.0,100.0
elderly_headed_hh,fourth_quintile,1983,61000.0,38700.0,10000.0,0.0,500.0,600.0,,100.0,700.0,800.0,100.0,12500.0,1000.0,2100.0,1600.0,8700.0,22300.0,16600.0,5500.0,100.0,100.0
elderly_headed_hh,fourth_quintile,1984,64300.0,42400.0,11100.0,,500.0,700.0,,100.0,800.0,900.0,200.0,13700.0,1000.0,2200.0,1900.0,9200.0,22000.0,16000.0,5700.0,100.0,100.0
elderly_headed_hh,fourth_quintile,1985,64900.0,41900.0,10600.0,100.0,500.0,700.0,,100.0,500.0,1000.0,100.0,13400.0,900.0,2100.0,1700.0,10100.0,23000.0,16600.0,6200.0,200.0,100.0
elderly_headed_hh,fourth_quintile,1986,67600.0,43700.0,11100.0,100.0,600.0,800.0,,100.0,700.0,1600.0,200.0,12300.0,1000.0,2200.0,1800.0,11400.0,23900.0,17200.0,6500.0,100.0,100.0
elderly_headed_hh,fourth_quintile,1987,67800.0,44900.0,11800.0,100.0,700.0,800.0,,100.0,700.0,1200.0,400.0,11400.0,900.0,2800.0,2500.0,11700.0,22900.0,16500.0,6200.0,100.0,100.0
elderly_headed_hh,fourth_quintile,1988,68200.0,45000.0,11100.0,100.0,600.0,800.0,,100.0,900.0,800.0,400.0,11000.0,900.0,2600.0,2300.0,13100.0,23200.0,16900.0,6200.0,100.0,
elderly_headed_hh,fourth_quintile,1989,69300.0,46200.0,10700.0,100.0,800.0,800.0,,100.0,700.0,900.0,400.0,12200.0,900.0,2600.0,2300.0,13500.0,23200.0,16700.0,6300.0,100.0,100.0
elderly_headed_hh,fourth_quintile,1990,69300.0,44800.0,10500.0,100.0,700.0,800.0,,100.0,800.0,500.0,500.0,11700.0,900.0,2500.0,2100.0,13700.0,24500.0,17400.0,6900.0,100.0,100.0
elderly_headed_hh,fourth_quintile,1991,68100.0,42800.0,9700.0,100.0,600.0,700.0,,100.0,700.0,500.0,500.0,10000.0,1000.0,2300.0,1900.0,14700.0,25300.0,17800.0,7300.0,100.0,100.0
elderly_headed_hh,fourth_quintile,1992,69200.0,42900.0,9900.0,100.0,700.0,800.0,,100.0,700.0,700.0,600.0,8400.0,800.0,2400.0,2000.0,15400.0,26400.0,18400.0,7700.0,200.0,100.0
elderly_headed_hh,fourth_quintile,1993,69500.0,41700.0,9700.0,100.0,700.0,700.0,,100.0,700.0,1100.0,700.0,5900.0,1000.0,2400.0,2200.0,16300.0,27900.0,18900.0,8700.0,200.0,100.0
elderly_headed_hh,fourth_quintile,1994,70700.0,43000.0,10600.0,100.0,800.0,800.0,,100.0,800.0,800.0,700.0,5600.0,1000.0,2600.0,2300.0,16800.0,27700.0,18700.0,8700.0,100.0,100.0
elderly_headed_hh,fourth_quintile,1995,72400.0,44000.0,10800.0,200.0,800.0,800.0,,100.0,700.0,1000.0,600.0,6400.0,1000.0,2300.0,2400.0,16900.0,28400.0,18900.0,9300.0,100.0,100.0
elderly_headed_hh,fourth_quintile,1996,73700.0,44400.0,10500.0,200.0,700.0,800.0,,100.0,500.0,1300.0,500.0,6600.0,1000.0,2400.0,2500.0,17300.0,29200.0,19400.0,9700.0,100.0,100.0
elderly_headed_hh,fourth_quintile,1997,75200.0,45700.0,10300.0,200.0,600.0,800.0,,100.0,700.0,1800.0,500.0,6300.0,1000.0,2600.0,2400.0,18300.0,29500.0,19300.0,10100.0,100.0,100.0
elderly_headed_hh,fourth_quintile,1998,78400.0,48800.0,11300.0,200.0,600.0,900.0,,100.0,700.0,2300.0,500.0,6800.0,900.0,2500.0,2300.0,19700.0,29500.0,19800.0,9600.0,100.0,100.0
elderly_headed_hh,fourth_quintile,1999,80300.0,52000.0,12400.0,300.0,700.0,900.0,,100.0,700.0,2500.0,600.0,6100.0,900.0,3000.0,2300.0,21400.0,28300.0,19000.0,9100.0,100.0,100.0
elderly_headed_hh,fourth_quintile,2000,82300.0,53300.0,13000.0,300.0,700.0,1000.0,,100.0,700.0,2400.0,500.0,6400.0,1000.0,2700.0,2100.0,22400.0,29000.0,19600.0,9200.0,100.0,100.0
elderly_headed_hh,fourth_quintile,2001,81100.0,51300.0,12400.0,300.0,800.0,1000.0,,100.0,700.0,1100.0,700.0,6500.0,1000.0,2500.0,1500.0,22800.0,29800.0,19900.0,9700.0,100.0,100.0
elderly_headed_hh,fourth_quintile,2002,79500.0,48000.0,11500.0,300.0,800.0,800.0,,100.0,600.0,400.0,700.0,4800.0,1100.0,2200.0,1300.0,23400.0,31500.0,20900.0,10400.0,200.0,100.0
elderly_headed_hh,fourth_quintile,2003,81000.0,49500.0,12600.0,400.0,1000.0,900.0,,100.0,900.0,300.0,800.0,3600.0,1000.0,2200.0,1400.0,24200.0,31500.0,20700.0,10500.0,200.0,100.0
elderly_headed_hh,fourth_quintile,2004,83500.0,50800.0,13200.0,400.0,1100.0,1000.0,,200.0,900.0,900.0,600.0,3100.0,1000.0,2400.0,1700.0,24200.0,32600.0,21400.0,11100.0,100.0,100.0
elderly_headed_hh,fourth_quintile,2005,86000.0,53000.0,13600.0,400.0,1300.0,1000.0,,200.0,1100.0,1300.0,500.0,3500.0,1100.0,2400.0,2100.0,24500.0,33000.0,21300.0,11400.0,100.0,200.0
elderly_headed_hh,fourth_quintile,2006,87400.0,53100.0,13500.0,400.0,1200.0,1000.0,,200.0,1100.0,1600.0,600.0,4200.0,1000.0,2300.0,2300.0,23800.0,34300.0,21300.0,12700.0,100.0,100.0
elderly_headed_hh,fourth_quintile,2007,89900.0,55000.0,14300.0,500.0,1100.0,1100.0,,200.0,800.0,1900.0,500.0,4500.0,1000.0,2300.0,1900.0,24900.0,34900.0,21900.0,12800.0,100.0,100.0
elderly_headed_hh,fourth_quintile,2008,87700.0,53200.0,14700.0,400.0,1300.0,1100.0,,100.0,800.0,400.0,600.0,4000.0,1100.0,2300.0,1100.0,25300.0,34400.0,21400.0,12700.0,200.0,100.0
elderly_headed_hh,fourth_quintile,2009,85800.0,47100.0,12400.0,300.0,1100.0,900.0,,100.0,700.0,,700.0,3100.0,1000.0,2000.0,800.0,24000.0,38700.0,24100.0,13900.0,500.0,200.0
elderly_headed_hh,fourth_quintile,2010,86400.0,48800.0,13000.0,400.0,1100.0,1000.0,,100.0,900.0,200.0,500.0,2200.0,1000.0,1700.0,1000.0,25800.0,37600.0,23200.0,13700.0,600.0,
elderly_headed_hh,fourth_quintile,2011,86600.0,50800.0,13600.0,400.0,1200.0,1000.0,,100.0,1000.0,400.0,600.0,1700.0,1100.0,2000.0,1000.0,26700.0,35800.0,22200.0,13100.0,500.0,100.0
elderly_headed_hh,fourth_quintile,2012,87200.0,50100.0,13500.0,400.0,1100.0,1000.0,,100.0,1100.0,500.0,500.0,1300.0,1100.0,2000.0,1000.0,26500.0,37100.0,23600.0,13100.0,300.0,100.0
elderly_headed_hh,fourth_quintile,2013,89200.0,52300.0,14500.0,500.0,1200.0,1100.0,,200.0,900.0,900.0,400.0,1000.0,1100.0,1800.0,1200.0,27500.0,36900.0,23400.0,13000.0,300.0,200.0
elderly_headed_hh,fourth_quintile,2014,90500.0,53700.0,14900.0,500.0,1300.0,1100.0,,200.0,1100.0,1400.0,300.0,800.0,1000.0,1900.0,1200.0,28000.0,36700.0,23600.0,12900.0,200.0,100.0
elderly_headed_hh,fourth_quintile,2015,93800.0,55700.0,15500.0,500.0,1300.0,1200.0,,200.0,1200.0,1300.0,300.0,900.0,1100.0,2000.0,1200.0,29100.0,38100.0,24500.0,13400.0,100.0,100.0
elderly_headed_hh,highest_quintile,1979,158900.0,142000.0,30500.0,0.0,900.0,1300.0,100.0,400.0,9900.0,22000.0,2400.0,22500.0,5600.0,16800.0,16600.0,13200.0,16900.0,12900.0,3700.0,100.0,100.0
elderly_headed_hh,highest_quintile,1980,149400.0,131800.0,28400.0,0.0,700.0,1200.0,100.0,300.0,7400.0,17600.0,2400.0,27100.0,5700.0,15800.0,12400.0,12600.0,17500.0,13200.0,4100.0,100.0,100.0
elderly_headed_hh,highest_quintile,1981,146400.0,127900.0,26900.0,0.0,800.0,1300.0,100.0,200.0,5700.0,15500.0,2400.0,32500.0,5500.0,14800.0,9100.0,13100.0,18500.0,13900.0,4400.0,100.0,
elderly_headed_hh,highest_quintile,1982,145800.0,125300.0,27300.0,0.0,800.0,1400.0,100.0,100.0,5300.0,15800.0,3000.0,32700.0,5100.0,14900.0,5400.0,13600.0,20600.0,15300.0,5000.0,100.0,100.0
elderly_headed_hh,highest_quintile,1983,147300.0,125800.0,25600.0,0.0,800.0,1300.0,100.0,200.0,5600.0,19900.0,3700.0,29100.0,4800.0,13400.0,6800.0,14600.0,21400.0,15900.0,5400.0,100.0,100.0
elderly_headed_hh,highest_quintile,1984,161000.0,138700.0,28300.0,200.0,800.0,1500.0,100.0,200.0,6600.0,22500.0,4500.0,31700.0,5000.0,13000.0,8300.0,15900.0,22200.0,16400.0,5600.0,100.0,100.0
elderly_headed_hh,highest_quintile,1985,168800.0,146100.0,29100.0,200.0,800.0,1500.0,100.0,200.0,6300.0,27100.0,5000.0,31200.0,5000.0,13400.0,7900.0,18300.0,22800.0,16600.0,6000.0,100.0,100.0
elderly_headed_hh,highest_quintile,1986,193100.0,170000.0,28600.0,200.0,900.0,1600.0,100.0,200.0,7200.0,51800.0,6300.0,28000.0,5000.0,14100.0,8800.0,17100.0,23100.0,16500.0,6200.0,100.0,300.0
elderly_headed_hh,highest_quintile,1987,175200.0,153100.0,29600.0,300.0,1100.0,1600.0,100.0,300.0,8300.0,23600.0,10700.0,26800.0,4300.0,15800.0,11900.0,18800.0,22100.0,15900.0,6100.0,100.0,100.0
elderly_headed_hh,highest_quintile,1988,188200.0,165200.0,30700.0,300.0,1300.0,1600.0,100.0,300.0,10400.0,25400.0,10500.0,28900.0,4300.0,17000.0,12400.0,22100.0,23000.0,16700.0,6100.0,100.0,
elderly_headed_hh,highest_quintile,1989,182300.0,159300.0,27500.0,300.0,1200.0,1600.0,,300.0,9200.0,21400.0,11000.0,32200.0,4400.0,16400.0,11600.0,22100.0,22900.0,16600.0,6100.0,100.0,200.0
elderly_headed_hh,highest_quintile,1990,174900.0,151200.0,29200.0,300.0,1200.0,1600.0,,300.0,9500.0,14300.0,10600.0,31300.0,4400.0,14700.0,10400.0,23300.0,23800.0,17000.0,6600.0,100.0,100.0
elderly_headed_hh,highest_quintile,1991,163500.0,138700.0,26800.0,300.0,1300.0,1600.0,,200.0,7100.0,11500.0,10900.0,27000.0,4400.0,13200.0,9100.0,25300.0,24700.0,17600.0,6900.0,100.0,100.0
elderly_headed_hh,highest_quintile,1992,172000.0,146700.0,30800.0,400.0,1400.0,1800.0,,300.0,9300.0,13900.0,11600.0,20300.0,4800.0,13900.0,10700.0,27500.0,25300.0,17700.0,7300.0,200.0,100.0
elderly_headed_hh,highest_quintile,1993,171700.0,144100.0,28900.0,400.0,1600.0,1700.0,,300.0,8600.0,16400.0,11200.0,16000.0,4900.0,13600.0,12400.0,28100.0,27600.0,19000.0,8100.0,100.0,300.0
elderly_headed_hh,highest_quintile,1994,180100.0,150700.0,29600.0,500.0,1800.0,1800.0,,300.0,10000.0,16400.0,11800.0,15200.0,5200.0,13600.0,13800.0,30700.0,29400.0,20400.0,8400.0,100.0,500.0
elderly_headed_hh,highest_quintile,1995,181200.0,152700.0,29600.0,700.0,1700.0,1800.0,,400.0,9300.0,17400.0,10200.0,17800.0,4900.0,14200.0,14200.0,30500.0,28500.0,19600.0,8800.0,100.0,100.0
elderly_headed_hh,highest_quintile,1996,198800.0,169200.0,31800.0,700.0,1500.0,1900.0,,400.0,10900.0,25100.0,10000.0,18800.0,5300.0,15000.0,15300.0,32400.0,29600.0,20000.0,9300.0,100.0,200.0
elderly_headed_hh,highest_quintile,1997,210000.0,179400.0,31500.0,700.0,1200.0,1900.0,,400.0,11700.0,33100.0,9700.0,18700.0,5200.0,16100.0,15300.0,33900.0,30600.0,20500.0,9800.0,100.0,200.0
elderly_headed_hh,highest_quintile,1998,223200.0,193400.0,34000.0,800.0,1300.0,2000.0,,400.0,12600.0,41400.0,9600.0,18300.0,5100.0,16000.0,14500.0,37300.0,29900.0,20500.0,9200.0,100.0,100.0
elderly_headed_hh,highest_quintile,1999,240200.0,211500.0,36100.0,1000.0,1400.0,2100.0,,400.0,14700.0,47700.0,10300.0,18300.0,5600.0,17700.0,15100.0,41100.0,28700.0,19500.0,8800.0,100.0,300.0
elderly_headed_hh,highest_quintile,2000,241200.0,210800.0,35700.0,1000.0,1400.0,2100.0,,400.0,14000.0,48300.0,9100.0,19300.0,5600.0,16800.0,13800.0,43200.0,30400.0,21100.0,8900.0,100.0,300.0
elderly_headed_hh,highest_quintile,2001,223900.0,192400.0,38500.0,1100.0,1700.0,2300.0,,300.0,14800.0,29400.0,9900.0,19700.0,6300.0,14600.0,10500.0,43200.0,31500.0,21800.0,9500.0,100.0,100.0
elderly_headed_hh,highest_quintile,2002,217800.0,185700.0,38800.0,1100.0,2000.0,2200.0,,300.0,16300.0,25600.0,10000.0,15300.0,6300.0,13400.0,10400.0,43800.0,32100.0,22000.0,9900.0,200.0,100.0
elderly_headed_hh,highest_quintile,2003,228500.0,195700.0,42200.0,1800.0,2300.0,2500.0,,400.0,17300.0,29700.0,9400.0,12400.0,6600.0,14500.0,13900.0,42600.0,32800.0,22400.0,10200.0,200.0,100.0
elderly_headed_hh,highest_quintile,2004,255100.0,222500.0,43600.0,2000.0,2400.0,2500.0,,500.0,19600.0,45800.0,8800.0,12000.0,6600.0,17200.0,17800.0,43700.0,32600.0,21800.0,10700.0,100.0,100.0
elderly_headed_hh,highest_quintile,2005,267600.0,234300.0,42700.0,2000.0,2700.0,2500.0,,700.0,21200.0,52400.0,8000.0,13100.0,6700.0,16900.0,20700.0,44700.0,33300.0,22000.0,11000.0,100.0,200.0
elderly_headed_hh,highest_quintile,2006,272400.0,237900.0,41200.0,2000.0,2600.0,2500.0,,700.0,18800.0,53900.0,8800.0,16100.0,6300.0,18300.0,21200.0,45400.0,34500.0,22200.0,12200.0,100.0,100.0
elderly_headed_hh,highest_quintile,2007,289300.0,254200.0,43600.0,2100.0,2200.0,2500.0,,600.0,19900.0,62600.0,8900.0,18500.0,6200.0,21000.0,18600.0,47600.0,35100.0,22600.0,12300.0,100.0,100.0
elderly_headed_hh,highest_quintile,2008,254300.0,218500.0,47900.0,2400.0,2700.0,2800.0,,400.0,20400.0,31000.0,9000.0,15200.0,7700.0,18900.0,11100.0,48900.0,35800.0,23000.0,12500.0,200.0,200.0
elderly_headed_hh,highest_quintile,2009,226100.0,186500.0,48100.0,2400.0,3000.0,2900.0,,300.0,19700.0,16600.0,8400.0,11500.0,6100.0,14100.0,8500.0,44700.0,39700.0,25800.0,13300.0,400.0,200.0
elderly_headed_hh,highest_quintile,2010,234200.0,197500.0,47400.0,2300.0,3100.0,2800.0,,400.0,19500.0,20800.0,8200.0,9000.0,6400.0,14200.0,10700.0,52600.0,36600.0,23300.0,12800.0,500.0,200.0
elderly_headed_hh,highest_quintile,2011,243400.0,208300.0,50800.0,2500.0,3200.0,2900.0,,500.0,23000.0,22600.0,7800.0,7900.0,6700.0,15100.0,11200.0,54200.0,35000.0,22400.0,12200.0,400.0,100.0
elderly_headed_hh,highest_quintile,2012,265000.0,229600.0,52200.0,2700.0,2900.0,3100.0,,600.0,24100.0,37100.0,6900.0,6700.0,6800.0,18600.0,13200.0,54700.0,35300.0,22600.0,12400.0,300.0,100.0
elderly_headed_hh,highest_quintile,2013,244900.0,209400.0,51300.0,2800.0,3000.0,3100.0,,600.0,23500.0,25800.0,6400.0,5600.0,6900.0,14700.0,13300.0,52400.0,35500.0,23000.0,12200.0,200.0,100.0
elderly_headed_hh,highest_quintile,2014,262200.0,226000.0,53000.0,2800.0,2600.0,3100.0,,700.0,24700.0,35300.0,5500.0,5100.0,7100.0,17300.0,14800.0,54000.0,36200.0,23500.0,12400.0,100.0,100.0
elderly_headed_hh,highest_quintile,2015,272000.0,235900.0,58300.0,3200.0,3000.0,3400.0,,700.0,27300.0,36000.0,5300.0,5100.0,6300.0,17500.0,14000.0,55900.0,36000.0,23000.0,12600.0,100.0,300.0
elderly_headed_hh,percentiles_81_90,1979,84800.0,67400.0,22000.0,0.0,900.0,1300.0,100.0,300.0,2800.0,2800.0,200.0,14200.0,2200.0,3900.0,5500.0,11200.0,17400.0,13300.0,3700.0,200.0,100.0
elderly_headed_hh,percentiles_81_90,1980,83400.0,65300.0,20300.0,0.0,700.0,1100.0,100.0,200.0,1700.0,2700.0,200.0,17200.0,2100.0,3500.0,4600.0,10900.0,18200.0,13700.0,4300.0,100.0,100.0
elderly_headed_hh,percentiles_81_90,1981,82000.0,63300.0,19100.0,0.0,700.0,1200.0,100.0,200.0,1300.0,1900.0,200.0,18400.0,1900.0,4100.0,3300.0,11000.0,18800.0,14200.0,4400.0,100.0,
elderly_headed_hh,percentiles_81_90,1982,81700.0,60900.0,18400.0,0.0,700.0,1200.0,100.0,100.0,1200.0,1500.0,300.0,19100.0,1500.0,4200.0,1900.0,10800.0,20900.0,15500.0,5000.0,200.0,200.0
elderly_headed_hh,percentiles_81_90,1983,83300.0,61300.0,17300.0,0.0,700.0,1100.0,100.0,100.0,1000.0,1800.0,300.0,18900.0,1700.0,3900.0,2500.0,11900.0,22000.0,16400.0,5400.0,100.0,100.0
elderly_headed_hh,percentiles_81_90,1984,88800.0,66400.0,18700.0,100.0,700.0,1200.0,100.0,200.0,1500.0,2100.0,400.0,20000.0,1800.0,4000.0,3000.0,12700.0,22400.0,16500.0,5600.0,200.0,
elderly_headed_hh,percentiles_81_90,1985,89100.0,65900.0,18600.0,100.0,700.0,1200.0,100.0,100.0,700.0,2600.0,300.0,18300.0,1600.0,4600.0,2700.0,14300.0,23100.0,16800.0,6000.0,200.0,200.0
elderly_headed_hh,percentiles_81_90,1986,93300.0,69200.0,17800.0,100.0,800.0,1200.0,100.0,100.0,1800.0,5000.0,600.0,17800.0,1600.0,4800.0,3000.0,14600.0,24100.0,17200.0,6500.0,200.0,300.0
elderly_headed_hh,percentiles_81_90,1987,94400.0,71700.0,19400.0,200.0,900.0,1300.0,100.0,200.0,1500.0,3200.0,1400.0,16200.0,1600.0,5600.0,4100.0,16000.0,22700.0,16400.0,6200.0,100.0,
elderly_headed_hh,percentiles_81_90,1988,96900.0,73400.0,19000.0,200.0,1100.0,1400.0,100.0,200.0,1500.0,2400.0,1700.0,17600.0,1400.0,5400.0,4200.0,17200.0,23500.0,17200.0,6200.0,100.0,
elderly_headed_hh,percentiles_81_90,1989,97400.0,73700.0,17600.0,300.0,1000.0,1300.0,,200.0,1700.0,2700.0,1700.0,18700.0,1500.0,5000.0,4000.0,18000.0,23700.0,17100.0,6200.0,100.0,300.0
elderly_headed_hh,percentiles_81_90,1990,95700.0,71500.0,17100.0,200.0,1000.0,1300.0,,200.0,1800.0,1600.0,1900.0,17900.0,1300.0,4700.0,3600.0,19000.0,24200.0,17200.0,6700.0,100.0,200.0
elderly_headed_hh,percentiles_81_90,1991,93600.0,68400.0,15100.0,200.0,900.0,1100.0,,100.0,1700.0,1700.0,1900.0,15600.0,1500.0,4400.0,3300.0,20800.0,25200.0,18000.0,7100.0,100.0,
elderly_headed_hh,percentiles_81_90,1992,96700.0,71000.0,18800.0,300.0,1100.0,1400.0,,200.0,1900.0,2400.0,2000.0,10900.0,1700.0,4600.0,3400.0,22300.0,25800.0,18000.0,7500.0,200.0,100.0
elderly_headed_hh,percentiles_81_90,1993,96800.0,69200.0,17000.0,300.0,1300.0,1300.0,,200.0,1100.0,3000.0,2200.0,8700.0,1700.0,5000.0,4000.0,23500.0,27600.0,19100.0,8300.0,100.0,100.0
elderly_headed_hh,percentiles_81_90,1994,100100.0,71200.0,18000.0,300.0,1300.0,1300.0,,200.0,1500.0,2600.0,2600.0,8000.0,1700.0,4800.0,4300.0,24500.0,28800.0,20000.0,8600.0,100.0,200.0
elderly_headed_hh,percentiles_81_90,1995,102000.0,73700.0,17300.0,500.0,1300.0,1300.0,,200.0,1400.0,2800.0,2300.0,10300.0,1500.0,4900.0,4700.0,25000.0,28300.0,19200.0,9000.0,100.0,100.0
elderly_headed_hh,percentiles_81_90,1996,104100.0,74600.0,18100.0,500.0,1200.0,1400.0,,200.0,1500.0,3500.0,1700.0,9900.0,2200.0,4900.0,4700.0,24800.0,29500.0,19700.0,9500.0,100.0,200.0
elderly_headed_hh,percentiles_81_90,1997,107200.0,76300.0,17700.0,500.0,900.0,1400.0,,200.0,1400.0,4900.0,2000.0,10400.0,1800.0,5300.0,4800.0,24900.0,30900.0,20400.0,10000.0,100.0,300.0
elderly_headed_hh,percentiles_81_90,1998,112400.0,82100.0,19500.0,600.0,1100.0,1500.0,,200.0,1900.0,5500.0,1700.0,10000.0,1700.0,5600.0,4300.0,28400.0,30200.0,20700.0,9300.0,100.0,200.0
elderly_headed_hh,percentiles_81_90,1999,115900.0,87500.0,20300.0,700.0,1100.0,1600.0,,200.0,1900.0,6600.0,1800.0,9700.0,2000.0,6300.0,4400.0,30900.0,28300.0,19000.0,8900.0,100.0,300.0
elderly_headed_hh,percentiles_81_90,2000,116900.0,87000.0,19000.0,700.0,1100.0,1500.0,,200.0,1700.0,6500.0,1800.0,10100.0,1900.0,5900.0,4100.0,32700.0,29900.0,20600.0,9000.0,100.0,100.0
elderly_headed_hh,percentiles_81_90,2001,117500.0,86300.0,23300.0,900.0,1400.0,1800.0,,200.0,2200.0,2500.0,1800.0,10100.0,2000.0,5000.0,2800.0,32200.0,31100.0,21300.0,9600.0,100.0,100.0
elderly_headed_hh,percentiles_81_90,2002,115300.0,83900.0,23000.0,900.0,1500.0,1700.0,,200.0,2000.0,2000.0,2000.0,7600.0,2100.0,5000.0,2600.0,33400.0,31400.0,21100.0,10100.0,200.0,
elderly_headed_hh,percentiles_81_90,2003,117600.0,85300.0,25100.0,1100.0,1800.0,1900.0,,200.0,2100.0,2200.0,2200.0,5300.0,2200.0,4300.0,2900.0,33900.0,32400.0,21900.0,10100.0,200.0,100.0
elderly_headed_hh,percentiles_81_90,2004,121500.0,88800.0,25300.0,1300.0,2000.0,1900.0,,300.0,2300.0,3100.0,2100.0,5300.0,1900.0,4600.0,3400.0,35500.0,32800.0,21700.0,10800.0,100.0,100.0
elderly_headed_hh,percentiles_81_90,2005,125000.0,91500.0,24100.0,1200.0,2000.0,1800.0,,400.0,2600.0,4200.0,1600.0,5500.0,2100.0,4800.0,4300.0,36700.0,33500.0,21900.0,11300.0,100.0,200.0
elderly_headed_hh,percentiles_81_90,2006,127700.0,93100.0,23500.0,1300.0,1900.0,1800.0,,400.0,2300.0,4900.0,1700.0,7000.0,1900.0,5200.0,4700.0,36400.0,34600.0,21900.0,12500.0,100.0,100.0
elderly_headed_hh,percentiles_81_90,2007,129400.0,93900.0,23800.0,1200.0,1800.0,1800.0,,300.0,2300.0,5200.0,1400.0,7400.0,1900.0,5200.0,3800.0,37600.0,35400.0,22800.0,12400.0,100.0,100.0
elderly_headed_hh,percentiles_81_90,2008,126400.0,90300.0,24600.0,1300.0,2200.0,1800.0,,200.0,2400.0,1800.0,1700.0,6200.0,2200.0,5000.0,2200.0,38400.0,36100.0,22900.0,12700.0,200.0,300.0
elderly_headed_hh,percentiles_81_90,2009,124600.0,84900.0,25400.0,1200.0,2200.0,1900.0,,200.0,2400.0,1100.0,1800.0,5100.0,2000.0,4000.0,1800.0,35700.0,39700.0,25500.0,13400.0,500.0,300.0
elderly_headed_hh,percentiles_81_90,2010,125900.0,88500.0,25100.0,1200.0,2400.0,1800.0,,200.0,2200.0,1100.0,1900.0,3800.0,2000.0,4000.0,2200.0,40600.0,37400.0,23600.0,13000.0,600.0,200.0
elderly_headed_hh,percentiles_81_90,2011,125200.0,89000.0,24800.0,1100.0,2200.0,1800.0,,200.0,2700.0,1300.0,1700.0,2900.0,2000.0,4200.0,2100.0,41900.0,36200.0,23000.0,12600.0,500.0,100.0
elderly_headed_hh,percentiles_81_90,2012,127700.0,91100.0,26800.0,1400.0,2300.0,2000.0,,300.0,2900.0,2000.0,1500.0,2200.0,2000.0,4400.0,2100.0,41200.0,36700.0,23600.0,12600.0,400.0,100.0
elderly_headed_hh,percentiles_81_90,2013,130600.0,94100.0,26800.0,1400.0,2200.0,2000.0,,300.0,3000.0,2700.0,1400.0,1900.0,2200.0,4300.0,2900.0,43000.0,36500.0,23700.0,12400.0,300.0,200.0
elderly_headed_hh,percentiles_81_90,2014,132900.0,96100.0,28100.0,1500.0,2200.0,2200.0,,400.0,3200.0,4100.0,1200.0,1600.0,2100.0,4400.0,3000.0,42200.0,36800.0,23900.0,12700.0,100.0,100.0
elderly_headed_hh,percentiles_81_90,2015,138400.0,101700.0,30800.0,1800.0,2400.0,2400.0,,400.0,3400.0,3800.0,1200.0,1600.0,2000.0,4300.0,2700.0,44900.0,36700.0,23400.0,13100.0,100.0,100.0
elderly_headed_hh,percentiles_91_95,1979,107300.0,90300.0,31100.0,0.0,1000.0,1700.0,100.0,400.0,5600.0,4500.0,600.0,16200.0,2500.0,7200.0,7400.0,11900.0,17000.0,13100.0,3600.0,100.0,200.0
elderly_headed_hh,percentiles_91_95,1980,104900.0,87200.0,26100.0,0.0,800.0,1400.0,100.0,300.0,2800.0,5600.0,400.0,21800.0,3600.0,6500.0,6800.0,10900.0,17700.0,13300.0,4100.0,300.0,
elderly_headed_hh,percentiles_91_95,1981,107600.0,87800.0,25200.0,0.0,800.0,1500.0,100.0,200.0,2400.0,3600.0,500.0,25900.0,2800.0,7400.0,5000.0,12500.0,19800.0,15100.0,4600.0,100.0,100.0
elderly_headed_hh,percentiles_91_95,1982,105500.0,84100.0,24300.0,0.0,700.0,1500.0,100.0,100.0,2200.0,2500.0,1000.0,26600.0,2900.0,6800.0,2800.0,12500.0,21300.0,15900.0,5100.0,100.0,200.0
elderly_headed_hh,percentiles_91_95,1983,107100.0,85900.0,23600.0,0.0,800.0,1500.0,100.0,200.0,2000.0,4600.0,900.0,24600.0,2900.0,6300.0,3700.0,14700.0,21300.0,15700.0,5300.0,100.0,100.0
elderly_headed_hh,percentiles_91_95,1984,116200.0,93900.0,26100.0,100.0,1000.0,1600.0,100.0,200.0,3600.0,4600.0,1000.0,27100.0,2000.0,6400.0,4400.0,15600.0,22300.0,16500.0,5500.0,100.0,100.0
elderly_headed_hh,percentiles_91_95,1985,116300.0,92700.0,25100.0,200.0,800.0,1600.0,100.0,200.0,2000.0,5000.0,1200.0,26600.0,2600.0,7300.0,4200.0,15900.0,23600.0,17500.0,6000.0,100.0,
elderly_headed_hh,percentiles_91_95,1986,119900.0,96500.0,24700.0,300.0,800.0,1600.0,100.0,200.0,2900.0,10600.0,1400.0,22600.0,2100.0,8700.0,4400.0,16200.0,23400.0,17000.0,6200.0,100.0,200.0
elderly_headed_hh,percentiles_91_95,1987,122700.0,100900.0,25400.0,300.0,1200.0,1600.0,100.0,300.0,3700.0,6400.0,3400.0,22200.0,2400.0,8700.0,6400.0,18900.0,21800.0,15600.0,5900.0,100.0,100.0
elderly_headed_hh,percentiles_91_95,1988,125600.0,102700.0,27500.0,300.0,1400.0,1900.0,100.0,300.0,3900.0,4900.0,4100.0,21200.0,2000.0,8900.0,6000.0,20200.0,22800.0,16500.0,6200.0,100.0,
elderly_headed_hh,percentiles_91_95,1989,126100.0,102900.0,22800.0,300.0,1200.0,1600.0,100.0,200.0,2500.0,5800.0,5100.0,24500.0,2300.0,9100.0,6300.0,21000.0,23200.0,17000.0,6100.0,100.0,
elderly_headed_hh,percentiles_91_95,1990,125100.0,100800.0,24800.0,400.0,1200.0,1700.0,100.0,200.0,3000.0,4600.0,4700.0,23500.0,2600.0,7800.0,5800.0,20300.0,24300.0,17500.0,6600.0,100.0,100.0
elderly_headed_hh,percentiles_91_95,1991,125200.0,100200.0,24700.0,300.0,1300.0,1800.0,100.0,200.0,2700.0,3500.0,4600.0,20900.0,2400.0,8300.0,5200.0,24300.0,25000.0,17800.0,7000.0,100.0,100.0
elderly_headed_hh,percentiles_91_95,1992,127100.0,101300.0,22500.0,400.0,1400.0,1600.0,,200.0,2600.0,5300.0,5400.0,16400.0,2800.0,9300.0,6300.0,27000.0,25800.0,17900.0,7400.0,200.0,300.0
elderly_headed_hh,percentiles_91_95,1993,128000.0,100100.0,24800.0,500.0,1700.0,1800.0,,300.0,2900.0,5900.0,5300.0,11300.0,3700.0,9200.0,6900.0,25800.0,27900.0,18800.0,8200.0,300.0,700.0
elderly_headed_hh,percentiles_91_95,1994,130500.0,101500.0,24000.0,500.0,1700.0,1700.0,,300.0,3100.0,5900.0,5800.0,11200.0,3200.0,8400.0,7500.0,28200.0,29000.0,20200.0,8500.0,100.0,200.0
elderly_headed_hh,percentiles_91_95,1995,132400.0,104200.0,25000.0,700.0,1600.0,1800.0,,300.0,2600.0,6500.0,5200.0,13000.0,2700.0,9700.0,8100.0,27000.0,28300.0,19500.0,8600.0,100.0,100.0
elderly_headed_hh,percentiles_91_95,1996,139600.0,109800.0,24900.0,800.0,1500.0,1800.0,,300.0,3100.0,7700.0,4400.0,14300.0,2800.0,9500.0,8200.0,30600.0,29700.0,20300.0,9300.0,100.0,100.0
elderly_headed_hh,percentiles_91_95,1997,144800.0,114700.0,23100.0,800.0,1200.0,1700.0,,300.0,3200.0,10200.0,4800.0,13600.0,3000.0,10000.0,8000.0,34900.0,30100.0,20500.0,9500.0,,200.0
elderly_headed_hh,percentiles_91_95,1998,150600.0,121200.0,26300.0,900.0,1300.0,2000.0,,300.0,3800.0,12600.0,4500.0,14100.0,3100.0,9900.0,7500.0,34900.0,29300.0,20000.0,9100.0,100.0,200.0
elderly_headed_hh,percentiles_91_95,1999,155600.0,126400.0,27500.0,1000.0,1400.0,2000.0,,300.0,4100.0,14900.0,4400.0,13500.0,2900.0,10300.0,7500.0,36600.0,29200.0,20200.0,8800.0,,200.0
elderly_headed_hh,percentiles_91_95,2000,160900.0,131000.0,28500.0,1000.0,1500.0,2100.0,,300.0,4600.0,15800.0,3700.0,14900.0,2900.0,9700.0,7100.0,38900.0,29900.0,20700.0,8800.0,100.0,200.0
elderly_headed_hh,percentiles_91_95,2001,157200.0,124500.0,32100.0,1300.0,1800.0,2400.0,,200.0,4600.0,6500.0,4800.0,14400.0,3400.0,8200.0,4900.0,39900.0,32700.0,23100.0,9300.0,200.0,
elderly_headed_hh,percentiles_91_95,2002,155100.0,121600.0,30500.0,1300.0,2200.0,2100.0,,200.0,5200.0,5500.0,4900.0,11100.0,3600.0,7200.0,4500.0,43300.0,33500.0,23200.0,10100.0,200.0,100.0
elderly_headed_hh,percentiles_91_95,2003,158300.0,124700.0,36500.0,2300.0,2200.0,2600.0,100.0,400.0,5400.0,5900.0,3900.0,8500.0,3300.0,7100.0,5200.0,41400.0,33600.0,23100.0,10300.0,200.0,
elderly_headed_hh,percentiles_91_95,2004,162900.0,129600.0,36300.0,2000.0,2300.0,2600.0,,400.0,5500.0,9300.0,3700.0,7600.0,4400.0,8700.0,6700.0,40000.0,33300.0,22400.0,10700.0,100.0,
elderly_headed_hh,percentiles_91_95,2005,169500.0,136400.0,35300.0,2400.0,2700.0,2500.0,,600.0,5300.0,11000.0,3400.0,8100.0,3700.0,9300.0,8000.0,44000.0,33100.0,21800.0,10900.0,100.0,300.0
elderly_headed_hh,percentiles_91_95,2006,175000.0,140500.0,33400.0,2100.0,2900.0,2500.0,,600.0,5200.0,10900.0,4500.0,11200.0,3600.0,10400.0,9100.0,44300.0,34500.0,22200.0,12100.0,100.0,100.0
elderly_headed_hh,percentiles_91_95,2007,178300.0,142500.0,33800.0,2300.0,2300.0,2500.0,,500.0,4800.0,13300.0,3600.0,12200.0,3300.0,10400.0,7500.0,45900.0,35800.0,23200.0,12500.0,100.0,
elderly_headed_hh,percentiles_91_95,2008,173300.0,136200.0,38100.0,2700.0,2800.0,2800.0,,300.0,4500.0,4400.0,4500.0,10100.0,3800.0,9900.0,4300.0,47800.0,37100.0,24000.0,12800.0,100.0,200.0
elderly_headed_hh,percentiles_91_95,2009,169700.0,128500.0,38900.0,2400.0,3100.0,2900.0,,300.0,4900.0,2400.0,4000.0,7700.0,3500.0,6400.0,3100.0,49000.0,41300.0,27200.0,13500.0,500.0,100.0
elderly_headed_hh,percentiles_91_95,2010,171900.0,135100.0,39700.0,2300.0,3100.0,2900.0,,400.0,5700.0,3400.0,4000.0,5400.0,3700.0,7400.0,4000.0,53000.0,36900.0,23600.0,12800.0,400.0,100.0
elderly_headed_hh,percentiles_91_95,2011,173300.0,138600.0,41800.0,2800.0,3400.0,3000.0,,400.0,6000.0,3600.0,4100.0,4600.0,3800.0,7700.0,4000.0,53300.0,34700.0,22500.0,11800.0,300.0,100.0
elderly_headed_hh,percentiles_91_95,2012,176700.0,140800.0,42500.0,2900.0,2900.0,3100.0,,500.0,5900.0,5300.0,3000.0,3400.0,3800.0,8100.0,4100.0,55300.0,35800.0,22900.0,12500.0,300.0,100.0
elderly_headed_hh,percentiles_91_95,2013,179500.0,144300.0,43300.0,3200.0,3100.0,3200.0,,500.0,7400.0,7400.0,2800.0,3000.0,4200.0,7800.0,5700.0,52600.0,35300.0,22600.0,12300.0,200.0,100.0
elderly_headed_hh,percentiles_91_95,2014,183300.0,146100.0,42900.0,2900.0,2500.0,3200.0,,500.0,6000.0,9000.0,2500.0,2400.0,3500.0,9200.0,5900.0,55500.0,37200.0,24100.0,12500.0,200.0,400.0
elderly_headed_hh,percentiles_91_95,2015,189600.0,153100.0,47000.0,3400.0,3100.0,3500.0,,600.0,8100.0,8300.0,2400.0,2600.0,3400.0,8600.0,5300.0,56600.0,36600.0,23300.0,12200.0,100.0,1000.0
elderly_headed_hh,percentiles_96_99,1979,155300.0,138800.0,29000.0,0.0,800.0,1300.0,100.0,400.0,10800.0,14600.0,1300.0,27200.0,6500.0,16500.0,15800.0,14600.0,16600.0,12700.0,3700.0,100.0,100.0
elderly_headed_hh,percentiles_96_99,1980,151700.0,134600.0,29600.0,0.0,700.0,1300.0,100.0,300.0,9000.0,12800.0,1900.0,31000.0,5600.0,15900.0,12100.0,14200.0,17100.0,12900.0,4000.0,100.0,100.0
elderly_headed_hh,percentiles_96_99,1981,152100.0,134700.0,27100.0,0.0,900.0,1400.0,100.0,200.0,6900.0,10600.0,1400.0,41000.0,5500.0,16100.0,9400.0,14200.0,17400.0,13100.0,4300.0,,
elderly_headed_hh,percentiles_96_99,1982,151800.0,131600.0,30100.0,0.0,900.0,1600.0,100.0,200.0,5800.0,7900.0,1600.0,40500.0,5400.0,15600.0,5100.0,16800.0,20200.0,15000.0,5000.0,,100.0
elderly_headed_hh,percentiles_96_99,1983,156400.0,135400.0,27100.0,0.0,800.0,1400.0,100.0,200.0,6400.0,14100.0,2200.0,38200.0,5600.0,15500.0,7300.0,16400.0,21000.0,15500.0,5400.0,,100.0
elderly_headed_hh,percentiles_96_99,1984,166300.0,143900.0,30400.0,200.0,800.0,1700.0,100.0,200.0,6800.0,14200.0,2100.0,39800.0,6700.0,14700.0,8300.0,18000.0,22300.0,16700.0,5600.0,100.0,
elderly_headed_hh,percentiles_96_99,1985,172700.0,150700.0,32200.0,300.0,1000.0,1800.0,100.0,200.0,6000.0,20100.0,2700.0,38500.0,5300.0,14500.0,7900.0,20200.0,21900.0,15900.0,5900.0,100.0,
elderly_headed_hh,percentiles_96_99,1986,185100.0,163400.0,33500.0,400.0,1100.0,2000.0,100.0,300.0,7100.0,32500.0,4400.0,32100.0,4800.0,16700.0,8200.0,20200.0,21700.0,15400.0,5900.0,100.0,400.0
elderly_headed_hh,percentiles_96_99,1987,186600.0,164700.0,33200.0,300.0,1400.0,1900.0,100.0,300.0,8200.0,21400.0,10800.0,30600.0,5200.0,18700.0,12700.0,20000.0,21900.0,15700.0,6100.0,,100.0
elderly_headed_hh,percentiles_96_99,1988,188400.0,166400.0,29900.0,300.0,1400.0,1700.0,,300.0,8900.0,15900.0,13500.0,32500.0,5500.0,19700.0,12700.0,24000.0,22000.0,15800.0,6000.0,100.0,100.0
elderly_headed_hh,percentiles_96_99,1989,194500.0,172700.0,31400.0,500.0,1400.0,1800.0,100.0,300.0,8800.0,16800.0,12700.0,37200.0,5700.0,19700.0,12500.0,23800.0,21800.0,15600.0,5900.0,100.0,200.0
elderly_headed_hh,percentiles_96_99,1990,186800.0,164600.0,33100.0,500.0,1500.0,2000.0,100.0,300.0,9100.0,10500.0,13000.0,35600.0,5300.0,17500.0,11100.0,25100.0,22200.0,15800.0,6400.0,,100.0
elderly_headed_hh,percentiles_96_99,1991,184400.0,161100.0,33500.0,500.0,1600.0,2000.0,,300.0,7300.0,11400.0,13300.0,32500.0,5600.0,15300.0,10500.0,27300.0,23300.0,16500.0,6500.0,100.0,100.0
elderly_headed_hh,percentiles_96_99,1992,190500.0,166800.0,38200.0,600.0,1800.0,2300.0,,300.0,8700.0,12200.0,15800.0,23300.0,6000.0,15600.0,11900.0,30000.0,23600.0,16500.0,6900.0,200.0,
elderly_headed_hh,percentiles_96_99,1993,190700.0,163700.0,34700.0,700.0,1800.0,2200.0,,400.0,8700.0,15400.0,14300.0,18900.0,5200.0,15900.0,13800.0,31700.0,27000.0,18900.0,7800.0,100.0,200.0
elderly_headed_hh,percentiles_96_99,1994,196200.0,165100.0,33800.0,700.0,2100.0,2200.0,,400.0,9500.0,13600.0,14100.0,16700.0,6000.0,15000.0,14200.0,36900.0,31100.0,21500.0,8200.0,100.0,1400.0
elderly_headed_hh,percentiles_96_99,1995,206700.0,176800.0,35700.0,1000.0,2000.0,2300.0,,400.0,10000.0,15900.0,12000.0,21100.0,7000.0,16200.0,15800.0,37400.0,29900.0,20900.0,8900.0,,100.0
elderly_headed_hh,percentiles_96_99,1996,214900.0,184200.0,36900.0,1000.0,1600.0,2300.0,,500.0,9600.0,20700.0,11000.0,21000.0,6800.0,16900.0,15900.0,39900.0,30800.0,21200.0,9100.0,100.0,300.0
elderly_headed_hh,percentiles_96_99,1997,230300.0,199300.0,37200.0,1000.0,1600.0,2300.0,,500.0,11300.0,29700.0,12200.0,21100.0,6600.0,20000.0,16800.0,39000.0,31000.0,21000.0,9700.0,100.0,200.0
elderly_headed_hh,percentiles_96_99,1998,241500.0,210500.0,37900.0,1000.0,1300.0,2400.0,,400.0,11500.0,35400.0,12500.0,20200.0,6700.0,20200.0,15600.0,45200.0,30900.0,21500.0,9300.0,100.0,100.0
elderly_headed_hh,percentiles_96_99,1999,254800.0,225800.0,38600.0,1200.0,1500.0,2400.0,,400.0,11000.0,42900.0,13600.0,19300.0,7600.0,20600.0,16200.0,50400.0,29000.0,20100.0,8800.0,,100.0
elderly_headed_hh,percentiles_96_99,2000,262500.0,231000.0,39600.0,1300.0,1700.0,2600.0,,400.0,12600.0,42500.0,11900.0,20900.0,7800.0,20700.0,15000.0,53900.0,31500.0,22000.0,8900.0,,700.0
elderly_headed_hh,percentiles_96_99,2001,249100.0,217800.0,42000.0,1300.0,1800.0,2700.0,,300.0,13200.0,24900.0,13600.0,23200.0,8900.0,18200.0,11600.0,56200.0,31300.0,21600.0,9600.0,100.0,
elderly_headed_hh,percentiles_96_99,2002,238800.0,206200.0,44400.0,1300.0,2400.0,2700.0,,300.0,15300.0,20700.0,12200.0,16800.0,8900.0,15400.0,10500.0,55300.0,32600.0,22800.0,9600.0,100.0,100.0
elderly_headed_hh,percentiles_96_99,2003,246300.0,213200.0,49400.0,2600.0,3000.0,3100.0,,500.0,16600.0,23100.0,10500.0,14100.0,9100.0,16000.0,13600.0,51500.0,33100.0,22800.0,10200.0,200.0,
elderly_headed_hh,percentiles_96_99,2004,261400.0,229200.0,50500.0,2900.0,3000.0,3100.0,,600.0,18100.0,32000.0,10000.0,12600.0,8300.0,19300.0,16200.0,52500.0,32200.0,21500.0,10500.0,100.0,
elderly_headed_hh,percentiles_96_99,2005,280100.0,247000.0,51500.0,3000.0,3400.0,3200.0,,800.0,20600.0,40900.0,10100.0,14700.0,9000.0,19200.0,20500.0,50100.0,33200.0,22200.0,10600.0,100.0,300.0
elderly_headed_hh,percentiles_96_99,2006,289400.0,254800.0,51700.0,3200.0,3200.0,3200.0,,900.0,17600.0,42400.0,10800.0,17700.0,8400.0,21400.0,21400.0,53000.0,34600.0,22600.0,11800.0,100.0,
elderly_headed_hh,percentiles_96_99,2007,298200.0,263700.0,52000.0,3300.0,2700.0,3100.0,,700.0,19100.0,43700.0,10800.0,20000.0,8700.0,24300.0,18000.0,57100.0,34500.0,22100.0,12100.0,100.0,100.0
elderly_headed_hh,percentiles_96_99,2008,275000.0,240300.0,62500.0,4200.0,3200.0,3800.0,,500.0,20400.0,15600.0,10900.0,17300.0,10700.0,21400.0,10000.0,59700.0,34700.0,22600.0,11900.0,100.0,100.0
elderly_headed_hh,percentiles_96_99,2009,257600.0,219100.0,67300.0,4600.0,4000.0,4300.0,,500.0,19600.0,11200.0,10200.0,13400.0,8600.0,16500.0,8100.0,50800.0,38500.0,25400.0,12800.0,300.0,
elderly_headed_hh,percentiles_96_99,2010,270100.0,234900.0,67200.0,4700.0,4300.0,4200.0,,600.0,21400.0,13100.0,10200.0,10100.0,9800.0,15200.0,10000.0,64000.0,35200.0,22400.0,12300.0,400.0,100.0
elderly_headed_hh,percentiles_96_99,2011,272800.0,239100.0,70300.0,4800.0,4600.0,4300.0,,700.0,23100.0,13600.0,8800.0,8000.0,9900.0,16400.0,9900.0,64700.0,33600.0,21600.0,11700.0,300.0,
elderly_headed_hh,percentiles_96_99,2012,283500.0,251000.0,72600.0,5000.0,4100.0,4400.0,,800.0,25300.0,19400.0,9200.0,7300.0,10200.0,18200.0,11100.0,63300.0,32500.0,20500.0,11800.0,200.0,
elderly_headed_hh,percentiles_96_99,2013,290300.0,256200.0,73000.0,5000.0,4400.0,4500.0,,800.0,26000.0,22400.0,8600.0,6000.0,10200.0,18200.0,14600.0,62400.0,34100.0,22200.0,11700.0,200.0,
elderly_headed_hh,percentiles_96_99,2014,297100.0,262300.0,69400.0,4900.0,3400.0,4300.0,,900.0,25100.0,28500.0,7600.0,5500.0,10300.0,20300.0,15600.0,66500.0,34800.0,22800.0,11800.0,100.0,
elderly_headed_hh,percentiles_96_99,2015,308500.0,273900.0,77800.0,5500.0,3700.0,4700.0,,900.0,25900.0,28800.0,7100.0,5300.0,9200.0,21500.0,14700.0,68600.0,34700.0,22300.0,12300.0,100.0,
elderly_headed_hh,top_1_percent,1979,532100.0,516500.0,63500.0,0.0,900.0,900.0,100.0,800.0,41700.0,142300.0,15900.0,53100.0,21100.0,81700.0,75400.0,19100.0,15700.0,11900.0,3800.0,,
elderly_headed_hh,top_1_percent,1980,494700.0,478600.0,61100.0,0.0,900.0,900.0,100.0,600.0,35200.0,114200.0,17100.0,66500.0,24000.0,83400.0,55800.0,18700.0,16100.0,12000.0,4000.0,,100.0
elderly_headed_hh,top_1_percent,1981,492700.0,475400.0,63200.0,0.0,1000.0,1300.0,100.0,500.0,28200.0,115700.0,19000.0,82900.0,27300.0,73700.0,42500.0,19900.0,17300.0,12700.0,4600.0,,
elderly_headed_hh,top_1_percent,1982,501400.0,482900.0,64900.0,0.0,1000.0,1600.0,,300.0,28900.0,129900.0,22700.0,84200.0,25300.0,77800.0,26800.0,19300.0,18500.0,13600.0,4800.0,,100.0
elderly_headed_hh,top_1_percent,1983,572000.0,552100.0,70700.0,0.0,1000.0,1800.0,100.0,500.0,37300.0,174800.0,34000.0,70100.0,23900.0,77500.0,37300.0,23200.0,19900.0,14500.0,5300.0,100.0,
elderly_headed_hh,top_1_percent,1984,610100.0,589100.0,73900.0,200.0,1100.0,1800.0,100.0,600.0,39000.0,189000.0,39600.0,79100.0,24700.0,69900.0,43900.0,26600.0,21000.0,15500.0,5400.0,,0.0
elderly_headed_hh,top_1_percent,1985,688700.0,667900.0,82600.0,200.0,1000.0,2000.0,100.0,600.0,45700.0,224400.0,44400.0,87000.0,27900.0,69700.0,43200.0,39100.0,20800.0,14600.0,5800.0,,300.0
elderly_headed_hh,top_1_percent,1986,824200.0,802200.0,72300.0,300.0,1400.0,1900.0,100.0,500.0,41500.0,405000.0,47900.0,74800.0,28000.0,60600.0,46200.0,21600.0,22000.0,15600.0,6000.0,,400.0
elderly_headed_hh,top_1_percent,1987,695700.0,675700.0,83000.0,300.0,1700.0,1900.0,,800.0,55500.0,180700.0,77000.0,82500.0,20900.0,78100.0,63700.0,29600.0,20000.0,14300.0,5700.0,,
elderly_headed_hh,top_1_percent,1988,895900.0,872300.0,109700.0,300.0,1800.0,2100.0,100.0,1000.0,84700.0,248800.0,69700.0,104300.0,23000.0,98900.0,77700.0,50100.0,23500.0,17300.0,6200.0,,
elderly_headed_hh,top_1_percent,1989,799900.0,778100.0,85300.0,400.0,2000.0,2100.0,100.0,800.0,74300.0,190400.0,77100.0,116800.0,23200.0,93600.0,68700.0,43200.0,21900.0,15800.0,6000.0,,
elderly_headed_hh,top_1_percent,1990,784000.0,759700.0,103700.0,400.0,1600.0,2300.0,,900.0,79100.0,136800.0,76300.0,123900.0,26300.0,90300.0,64800.0,53300.0,24300.0,17800.0,6400.0,,
elderly_headed_hh,top_1_percent,1991,679500.0,653300.0,87600.0,400.0,2100.0,2200.0,,700.0,57000.0,103300.0,83400.0,103700.0,25600.0,80200.0,56000.0,51300.0,26100.0,18600.0,6700.0,,800.0
elderly_headed_hh,top_1_percent,1992,778000.0,751400.0,115000.0,500.0,2200.0,3100.0,100.0,1000.0,84700.0,127900.0,84500.0,87100.0,28600.0,88200.0,71200.0,57300.0,26600.0,19100.0,7500.0,100.0,
elderly_headed_hh,top_1_percent,1993,749200.0,721300.0,101900.0,700.0,2700.0,2500.0,,1000.0,77600.0,142700.0,80800.0,70300.0,28300.0,77200.0,81000.0,54500.0,27900.0,20100.0,7800.0,,
elderly_headed_hh,top_1_percent,1994,776900.0,748500.0,104900.0,700.0,3300.0,3300.0,100.0,1100.0,86300.0,145000.0,79600.0,67200.0,30200.0,79500.0,90900.0,56400.0,28400.0,20500.0,7800.0,,100.0
elderly_headed_hh,top_1_percent,1995,834800.0,808600.0,113500.0,1000.0,3500.0,3800.0,,1300.0,86900.0,165700.0,79000.0,77200.0,29300.0,90100.0,98700.0,58500.0,26300.0,18500.0,7800.0,,
elderly_headed_hh,top_1_percent,1996,972000.0,946300.0,129500.0,1000.0,3100.0,4100.0,,1500.0,103500.0,241300.0,80600.0,85400.0,29300.0,95000.0,107700.0,64200.0,25700.0,17300.0,8400.0,,
elderly_headed_hh,top_1_percent,1997,1121100.0,1092600.0,142300.0,1000.0,2300.0,4300.0,,1600.0,118900.0,334600.0,74500.0,88700.0,33200.0,102400.0,113000.0,75800.0,28500.0,19100.0,9400.0,,
elderly_headed_hh,top_1_percent,1998,1224100.0,1198300.0,152300.0,1200.0,3000.0,4500.0,,1600.0,125300.0,427400.0,75400.0,85600.0,30900.0,98900.0,109700.0,82400.0,25900.0,17400.0,8400.0,,
elderly_headed_hh,top_1_percent,1999,1339100.0,1311400.0,165500.0,1500.0,3800.0,5100.0,,1700.0,152300.0,461500.0,78400.0,90800.0,33600.0,111200.0,111300.0,94800.0,27700.0,18400.0,8000.0,,1300.0
elderly_headed_hh,top_1_percent,2000,1415500.0,1383200.0,175100.0,1500.0,2700.0,5200.0,,1700.0,149200.0,514100.0,74700.0,101200.0,36700.0,113000.0,108700.0,99500.0,32300.0,23300.0,9000.0,,100.0
elderly_headed_hh,top_1_percent,2001,1235500.0,1205600.0,171400.0,1400.0,3400.0,5100.0,,1200.0,159400.0,346900.0,80100.0,103800.0,42700.0,103200.0,89500.0,97500.0,29900.0,20300.0,9200.0,200.0,300.0
elderly_headed_hh,top_1_percent,2002,1148800.0,1118000.0,169300.0,1900.0,4400.0,5000.0,,1100.0,168100.0,292200.0,82300.0,84000.0,39500.0,93200.0,90400.0,86700.0,30800.0,21600.0,9200.0,100.0,
elderly_headed_hh,top_1_percent,2003,1228600.0,1196500.0,163000.0,2400.0,4100.0,4900.0,,1400.0,173800.0,337900.0,77900.0,72900.0,42300.0,109700.0,125900.0,80200.0,32000.0,21700.0,10300.0,,
elderly_headed_hh,top_1_percent,2004,1448700.0,1417400.0,170300.0,4400.0,4600.0,4900.0,,1800.0,188700.0,498000.0,67400.0,69900.0,41200.0,124300.0,156600.0,85200.0,31200.0,21100.0,10100.0,,
elderly_headed_hh,top_1_percent,2005,1689300.0,1656100.0,182400.0,2800.0,5000.0,5200.0,,2600.0,227000.0,618100.0,67700.0,85200.0,45500.0,131200.0,194800.0,88600.0,33200.0,22500.0,10700.0,,
elderly_headed_hh,top_1_percent,2006,1692200.0,1658400.0,167600.0,3200.0,4700.0,5100.0,,2500.0,202700.0,636500.0,72500.0,98000.0,43700.0,137400.0,194100.0,90400.0,33800.0,21900.0,11800.0,,
elderly_headed_hh,top_1_percent,2007,1986000.0,1954000.0,209500.0,3200.0,3500.0,5700.0,,2600.0,225600.0,792700.0,82200.0,127300.0,42800.0,177600.0,183900.0,97300.0,32000.0,20300.0,11700.0,,
elderly_headed_hh,top_1_percent,2008,1585100.0,1552600.0,229900.0,3900.0,4800.0,6400.0,,1800.0,237500.0,440300.0,81500.0,104300.0,59400.0,163200.0,117500.0,102200.0,32500.0,20900.0,11500.0,,
elderly_headed_hh,top_1_percent,2009,1276900.0,1240700.0,227000.0,5100.0,6200.0,7000.0,,1400.0,239900.0,236200.0,81000.0,79300.0,45900.0,131200.0,92900.0,87500.0,36200.0,23300.0,12800.0,100.0,0.0
elderly_headed_hh,top_1_percent,2010,1384700.0,1351100.0,219200.0,5000.0,5400.0,6500.0,,1900.0,233800.0,307500.0,77700.0,69500.0,47200.0,134600.0,121400.0,121300.0,33600.0,21400.0,11800.0,300.0,100.0
elderly_headed_hh,top_1_percent,2011,1539200.0,1507800.0,258300.0,6000.0,6400.0,7400.0,,2200.0,285200.0,336600.0,76600.0,69000.0,52100.0,143600.0,131300.0,133100.0,31500.0,20200.0,11100.0,100.0,
elderly_headed_hh,top_1_percent,2012,1884000.0,1852800.0,258000.0,5400.0,4600.0,7200.0,,2500.0,302200.0,578000.0,67500.0,61000.0,52400.0,202000.0,166400.0,145700.0,31200.0,19300.0,11500.0,100.0,200.0
elderly_headed_hh,top_1_percent,2013,1460300.0,1428000.0,241200.0,5900.0,5200.0,7300.0,,2500.0,281300.0,340500.0,60800.0,51700.0,51600.0,132100.0,142500.0,105400.0,32300.0,20500.0,11600.0,100.0,
elderly_headed_hh,top_1_percent,2014,1647700.0,1617000.0,260200.0,5800.0,4600.0,7100.0,,3000.0,301700.0,460200.0,50200.0,46800.0,56400.0,158100.0,157600.0,105200.0,30700.0,19800.0,10800.0,,
elderly_headed_hh,top_1_percent,2015,1703000.0,1670800.0,285800.0,6500.0,5300.0,8200.0,,3000.0,330700.0,470600.0,49100.0,47400.0,46800.0,159900.0,150700.0,106700.0,32100.0,20700.0,11300.0,,100.0
nonelderly_childless_hh,all_quintiles,1979,65700.0,63900.0,46600.0,0.0,2000.0,2400.0,100.0,600.0,2900.0,2200.0,100.0,2200.0,400.0,900.0,1400.0,2000.0,1900.0,1200.0,200.0,300.0,100.0
nonelderly_childless_hh,all_quintiles,1980,64100.0,62000.0,45700.0,0.0,1700.0,2300.0,100.0,500.0,2300.0,2000.0,100.0,2700.0,400.0,1000.0,1100.0,2000.0,2100.0,1300.0,200.0,500.0,100.0
nonelderly_childless_hh,all_quintiles,1981,64100.0,62000.0,45700.0,0.0,1700.0,2500.0,100.0,400.0,1800.0,1900.0,100.0,3300.0,500.0,1100.0,900.0,2000.0,2100.0,1400.0,300.0,400.0,100.0
nonelderly_childless_hh,all_quintiles,1982,64800.0,62500.0,46000.0,0.0,1900.0,2600.0,100.0,200.0,1700.0,2100.0,200.0,3300.0,500.0,1200.0,600.0,2000.0,2300.0,1300.0,300.0,500.0,100.0
nonelderly_childless_hh,all_quintiles,1983,64900.0,62700.0,45600.0,0.0,2000.0,2600.0,100.0,300.0,2000.0,2700.0,200.0,2900.0,400.0,900.0,700.0,2100.0,2200.0,1300.0,300.0,500.0,200.0
nonelderly_childless_hh,all_quintiles,1984,67300.0,65300.0,46300.0,300.0,2000.0,2700.0,100.0,400.0,2800.0,2800.0,300.0,3200.0,500.0,800.0,800.0,2300.0,2100.0,1300.0,300.0,300.0,200.0
nonelderly_childless_hh,all_quintiles,1985,69600.0,67600.0,47900.0,400.0,2100.0,2900.0,100.0,400.0,2500.0,3500.0,300.0,3100.0,400.0,1000.0,800.0,2200.0,2000.0,1200.0,300.0,300.0,200.0
nonelderly_childless_hh,all_quintiles,1986,74000.0,71900.0,49400.0,500.0,2100.0,3100.0,100.0,400.0,2700.0,6200.0,400.0,2700.0,400.0,1000.0,800.0,2100.0,2000.0,1200.0,300.0,300.0,200.0
nonelderly_childless_hh,all_quintiles,1987,73400.0,71400.0,51000.0,500.0,2400.0,3200.0,100.0,500.0,3200.0,2500.0,400.0,2700.0,500.0,1100.0,1100.0,2400.0,2000.0,1200.0,300.0,300.0,200.0
nonelderly_childless_hh,all_quintiles,1988,77600.0,75600.0,52400.0,600.0,2500.0,3300.0,100.0,500.0,4100.0,2800.0,500.0,2900.0,500.0,1200.0,1200.0,2900.0,2000.0,1200.0,300.0,200.0,200.0
nonelderly_childless_hh,all_quintiles,1989,76800.0,74800.0,51900.0,700.0,2600.0,3300.0,100.0,500.0,3900.0,2400.0,500.0,3100.0,500.0,1100.0,1100.0,3000.0,2000.0,1200.0,300.0,200.0,300.0
nonelderly_childless_hh,all_quintiles,1990,77600.0,75400.0,52600.0,700.0,2600.0,3400.0,100.0,500.0,4100.0,2000.0,500.0,3200.0,500.0,1100.0,1100.0,2900.0,2200.0,1300.0,300.0,300.0,200.0
nonelderly_childless_hh,all_quintiles,1991,75400.0,73000.0,51600.0,700.0,2600.0,3400.0,100.0,400.0,3800.0,1700.0,500.0,2700.0,500.0,1000.0,900.0,3000.0,2300.0,1300.0,400.0,400.0,300.0
nonelderly_childless_hh,all_quintiles,1992,77700.0,75100.0,52800.0,900.0,2900.0,3500.0,100.0,500.0,4300.0,1800.0,500.0,2000.0,500.0,1000.0,1000.0,3300.0,2600.0,1400.0,400.0,600.0,300.0
nonelderly_childless_hh,all_quintiles,1993,77000.0,74500.0,51800.0,900.0,3200.0,3400.0,100.0,500.0,4200.0,2100.0,500.0,1600.0,600.0,900.0,1200.0,3300.0,2600.0,1400.0,400.0,500.0,200.0
nonelderly_childless_hh,all_quintiles,1994,77700.0,75300.0,52200.0,1000.0,3400.0,3500.0,100.0,600.0,4400.0,2100.0,500.0,1500.0,600.0,900.0,1300.0,3200.0,2400.0,1400.0,400.0,300.0,200.0
nonelderly_childless_hh,all_quintiles,1995,79000.0,76500.0,52700.0,1200.0,3300.0,3600.0,100.0,600.0,4200.0,2200.0,500.0,1700.0,600.0,1000.0,1400.0,3400.0,2400.0,1400.0,500.0,300.0,200.0
nonelderly_childless_hh,all_quintiles,1996,82000.0,79600.0,54100.0,1400.0,3200.0,3700.0,100.0,700.0,4500.0,3300.0,400.0,1700.0,500.0,1000.0,1400.0,3500.0,2500.0,1500.0,500.0,300.0,100.0
nonelderly_childless_hh,all_quintiles,1997,85100.0,82600.0,55400.0,1400.0,2900.0,3700.0,100.0,700.0,4800.0,4400.0,400.0,1700.0,500.0,1200.0,1500.0,3800.0,2500.0,1400.0,600.0,300.0,200.0
nonelderly_childless_hh,all_quintiles,1998,88600.0,86100.0,57300.0,1600.0,2900.0,3900.0,100.0,700.0,5100.0,5300.0,400.0,1700.0,500.0,1100.0,1400.0,4200.0,2500.0,1500.0,600.0,300.0,200.0
nonelderly_childless_hh,all_quintiles,1999,92300.0,89800.0,59400.0,1700.0,2900.0,4000.0,100.0,700.0,5200.0,6300.0,400.0,1600.0,600.0,1200.0,1400.0,4400.0,2500.0,1500.0,500.0,300.0,200.0
nonelderly_childless_hh,all_quintiles,2000,94500.0,91900.0,60200.0,1800.0,2900.0,4000.0,100.0,600.0,5100.0,6500.0,400.0,1800.0,500.0,1400.0,1400.0,5000.0,2600.0,1600.0,600.0,200.0,200.0
nonelderly_childless_hh,all_quintiles,2001,89900.0,87100.0,60300.0,1900.0,3100.0,4100.0,100.0,500.0,5000.0,3200.0,400.0,1600.0,600.0,1000.0,900.0,4700.0,2800.0,1600.0,600.0,400.0,200.0
nonelderly_childless_hh,all_quintiles,2002,85100.0,81900.0,57400.0,1800.0,3300.0,3900.0,100.0,400.0,4800.0,2100.0,300.0,1100.0,500.0,700.0,800.0,4800.0,3200.0,1700.0,700.0,600.0,200.0
nonelderly_childless_hh,all_quintiles,2003,86700.0,83500.0,57300.0,2100.0,3700.0,3900.0,100.0,500.0,4800.0,2500.0,300.0,900.0,500.0,800.0,1100.0,4800.0,3200.0,1700.0,700.0,600.0,200.0
nonelderly_childless_hh,all_quintiles,2004,90000.0,86800.0,57600.0,2200.0,4100.0,3900.0,100.0,700.0,5500.0,3900.0,300.0,900.0,500.0,1000.0,1400.0,4800.0,3200.0,1800.0,800.0,400.0,200.0
nonelderly_childless_hh,all_quintiles,2005,95200.0,92000.0,58000.0,2200.0,4300.0,3900.0,100.0,900.0,6500.0,5800.0,400.0,1200.0,600.0,1200.0,1900.0,4900.0,3200.0,1900.0,800.0,300.0,200.0
nonelderly_childless_hh,all_quintiles,2006,97400.0,93900.0,59200.0,2300.0,4200.0,4000.0,100.0,1000.0,6300.0,6000.0,400.0,1500.0,500.0,1300.0,2000.0,4900.0,3400.0,2000.0,900.0,300.0,200.0
nonelderly_childless_hh,all_quintiles,2007,97600.0,94200.0,60300.0,2400.0,4000.0,4100.0,100.0,800.0,5800.0,6000.0,400.0,1700.0,500.0,1400.0,1600.0,5100.0,3400.0,2000.0,1000.0,300.0,100.0
nonelderly_childless_hh,all_quintiles,2008,92100.0,88500.0,59600.0,2400.0,4000.0,4100.0,100.0,500.0,5200.0,3100.0,400.0,1400.0,600.0,1300.0,1000.0,5000.0,3600.0,1900.0,1000.0,500.0,100.0
nonelderly_childless_hh,all_quintiles,2009,87300.0,82800.0,57400.0,2200.0,4000.0,4000.0,100.0,400.0,4800.0,1500.0,400.0,1000.0,500.0,1000.0,700.0,4900.0,4500.0,2100.0,1000.0,1300.0,100.0
nonelderly_childless_hh,all_quintiles,2010,86700.0,81900.0,56100.0,2100.0,3900.0,3900.0,100.0,500.0,4800.0,2100.0,400.0,700.0,500.0,1000.0,900.0,5100.0,4800.0,2300.0,1100.0,1300.0,100.0
nonelderly_childless_hh,all_quintiles,2011,86800.0,82400.0,56200.0,2200.0,3900.0,3900.0,100.0,500.0,5100.0,2200.0,300.0,600.0,500.0,1100.0,900.0,4900.0,4400.0,2200.0,1100.0,900.0,100.0
nonelderly_childless_hh,all_quintiles,2012,90300.0,86100.0,57400.0,2200.0,3800.0,3900.0,100.0,600.0,5900.0,3500.0,300.0,600.0,600.0,1400.0,1100.0,4700.0,4200.0,2200.0,1200.0,700.0,100.0
nonelderly_childless_hh,all_quintiles,2013,88900.0,84900.0,57800.0,2200.0,3700.0,4000.0,100.0,700.0,5600.0,2600.0,300.0,500.0,600.0,1000.0,1100.0,4700.0,4000.0,2300.0,1100.0,500.0,100.0
nonelderly_childless_hh,all_quintiles,2014,92200.0,88400.0,59500.0,2300.0,3700.0,4100.0,100.0,700.0,6000.0,3700.0,200.0,400.0,600.0,1200.0,1300.0,4600.0,3800.0,2300.0,1100.0,300.0,100.0
nonelderly_childless_hh,all_quintiles,2015,93700.0,90100.0,61200.0,2500.0,3900.0,4300.0,100.0,700.0,5800.0,3400.0,200.0,400.0,500.0,1100.0,1100.0,4800.0,3600.0,2200.0,1000.0,300.0,100.0
nonelderly_childless_hh,lowest_quintile,1979,12000.0,9600.0,6400.0,0.0,400.0,400.0,,100.0,300.0,,0.0,400.0,100.0,100.0,100.0,1200.0,2400.0,1800.0,400.0,100.0,100.0
nonelderly_childless_hh,lowest_quintile,1980,11500.0,8800.0,6000.0,0.0,300.0,400.0,,100.0,100.0,100.0,0.0,400.0,100.0,100.0,100.0,1200.0,2700.0,1900.0,400.0,200.0,100.0
nonelderly_childless_hh,lowest_quintile,1981,11400.0,8800.0,6000.0,0.0,300.0,400.0,,100.0,,,,500.0,100.0,100.0,100.0,1100.0,2600.0,1800.0,500.0,200.0,100.0
nonelderly_childless_hh,lowest_quintile,1982,11400.0,8800.0,6100.0,0.0,400.0,400.0,,,100.0,100.0,,600.0,100.0,100.0,100.0,900.0,2600.0,1700.0,400.0,300.0,100.0
nonelderly_childless_hh,lowest_quintile,1983,10600.0,8500.0,5800.0,0.0,300.0,400.0,,,100.0,100.0,,600.0,100.0,100.0,100.0,900.0,2100.0,1400.0,400.0,300.0,100.0
nonelderly_childless_hh,lowest_quintile,1984,11500.0,9400.0,5800.0,,400.0,400.0,,,100.0,100.0,,900.0,100.0,100.0,100.0,1100.0,2100.0,1400.0,400.0,200.0,100.0
nonelderly_childless_hh,lowest_quintile,1985,11700.0,9400.0,6400.0,,300.0,400.0,,,300.0,,,700.0,100.0,100.0,100.0,800.0,2300.0,1500.0,500.0,200.0,100.0
nonelderly_childless_hh,lowest_quintile,1986,11600.0,9600.0,6300.0,,400.0,400.0,,100.0,300.0,100.0,,600.0,100.0,100.0,100.0,1000.0,2000.0,1400.0,400.0,200.0,100.0
nonelderly_childless_hh,lowest_quintile,1987,11700.0,9600.0,6400.0,,300.0,400.0,,100.0,300.0,100.0,,600.0,100.0,100.0,100.0,900.0,2100.0,1500.0,400.0,100.0,100.0
nonelderly_childless_hh,lowest_quintile,1988,11900.0,9500.0,6600.0,,300.0,500.0,,100.0,300.0,,,500.0,100.0,100.0,100.0,900.0,2400.0,1700.0,500.0,100.0,100.0
nonelderly_childless_hh,lowest_quintile,1989,12300.0,10100.0,7100.0,,300.0,500.0,100.0,100.0,200.0,100.0,,500.0,100.0,100.0,100.0,1000.0,2200.0,1400.0,400.0,200.0,100.0
nonelderly_childless_hh,lowest_quintile,1990,12800.0,10400.0,7400.0,,400.0,600.0,100.0,100.0,400.0,,,500.0,100.0,100.0,100.0,900.0,2300.0,1500.0,500.0,200.0,100.0
nonelderly_childless_hh,lowest_quintile,1991,12800.0,10500.0,7400.0,,400.0,600.0,100.0,100.0,400.0,,,500.0,100.0,100.0,100.0,900.0,2200.0,1300.0,500.0,300.0,100.0
nonelderly_childless_hh,lowest_quintile,1992,12700.0,10400.0,7500.0,,400.0,600.0,,100.0,400.0,,,400.0,100.0,100.0,100.0,700.0,2300.0,1300.0,500.0,400.0,100.0
nonelderly_childless_hh,lowest_quintile,1993,12100.0,9700.0,6900.0,,400.0,500.0,,100.0,400.0,100.0,,300.0,100.0,100.0,100.0,800.0,2400.0,1400.0,600.0,300.0,100.0
nonelderly_childless_hh,lowest_quintile,1994,12300.0,9800.0,6800.0,,500.0,500.0,,100.0,500.0,,,200.0,100.0,100.0,100.0,900.0,2500.0,1500.0,600.0,200.0,200.0
nonelderly_childless_hh,lowest_quintile,1995,12900.0,10300.0,7200.0,,500.0,500.0,,100.0,500.0,,,300.0,100.0,100.0,100.0,800.0,2600.0,1600.0,700.0,200.0,100.0
nonelderly_childless_hh,lowest_quintile,1996,12400.0,9700.0,6700.0,,400.0,500.0,,100.0,400.0,100.0,,200.0,100.0,100.0,100.0,900.0,2700.0,1700.0,700.0,200.0,100.0
nonelderly_childless_hh,lowest_quintile,1997,12800.0,10000.0,7000.0,,500.0,500.0,,100.0,500.0,100.0,,200.0,100.0,100.0,100.0,800.0,2900.0,1700.0,900.0,200.0,100.0
nonelderly_childless_hh,lowest_quintile,1998,13600.0,10700.0,7500.0,,500.0,600.0,,100.0,400.0,100.0,,200.0,100.0,100.0,100.0,1000.0,2900.0,1700.0,900.0,200.0,100.0
nonelderly_childless_hh,lowest_quintile,1999,14700.0,11700.0,8100.0,100.0,500.0,600.0,,100.0,600.0,100.0,,200.0,100.0,100.0,100.0,1100.0,3000.0,1900.0,900.0,200.0,100.0
nonelderly_childless_hh,lowest_quintile,2000,14100.0,11000.0,7800.0,100.0,400.0,600.0,,100.0,500.0,100.0,,200.0,100.0,100.0,100.0,1000.0,3100.0,1900.0,1000.0,100.0,100.0
nonelderly_childless_hh,lowest_quintile,2001,14300.0,11100.0,7900.0,100.0,500.0,600.0,,100.0,600.0,,,200.0,100.0,100.0,100.0,1000.0,3200.0,1900.0,1000.0,200.0,100.0
nonelderly_childless_hh,lowest_quintile,2002,13400.0,10300.0,7100.0,,500.0,500.0,,,500.0,,,200.0,100.0,100.0,100.0,1100.0,3100.0,1800.0,900.0,300.0,100.0
nonelderly_childless_hh,lowest_quintile,2003,13600.0,10500.0,7200.0,,500.0,500.0,,100.0,600.0,,,100.0,100.0,100.0,100.0,1100.0,3100.0,1700.0,1000.0,300.0,100.0
nonelderly_childless_hh,lowest_quintile,2004,13600.0,10600.0,7300.0,,600.0,500.0,,100.0,600.0,,,100.0,100.0,100.0,100.0,900.0,3100.0,1700.0,1000.0,300.0,100.0
nonelderly_childless_hh,lowest_quintile,2005,14400.0,11400.0,8000.0,,700.0,600.0,,100.0,500.0,,,200.0,100.0,100.0,100.0,1000.0,3000.0,1700.0,1000.0,200.0,100.0
nonelderly_childless_hh,lowest_quintile,2006,15300.0,12400.0,8600.0,,700.0,600.0,,100.0,800.0,,,200.0,100.0,100.0,100.0,1000.0,2900.0,1500.0,1100.0,200.0,100.0
nonelderly_childless_hh,lowest_quintile,2007,16600.0,13600.0,9600.0,,700.0,700.0,,100.0,800.0,100.0,,200.0,100.0,100.0,100.0,1100.0,2900.0,1600.0,1100.0,200.0,100.0
nonelderly_childless_hh,lowest_quintile,2008,16200.0,13300.0,9500.0,,700.0,700.0,,100.0,700.0,,,200.0,100.0,100.0,100.0,1000.0,2900.0,1400.0,1100.0,400.0,100.0
nonelderly_childless_hh,lowest_quintile,2009,15600.0,12300.0,8800.0,,600.0,700.0,,100.0,800.0,,,200.0,100.0,100.0,,900.0,3300.0,1300.0,1100.0,900.0,100.0
nonelderly_childless_hh,lowest_quintile,2010,15300.0,12000.0,8600.0,,500.0,600.0,,100.0,900.0,,,100.0,100.0,100.0,100.0,800.0,3400.0,1400.0,900.0,1000.0,100.0
nonelderly_childless_hh,lowest_quintile,2011,15100.0,12000.0,8500.0,,600.0,600.0,,100.0,900.0,,,100.0,100.0,100.0,100.0,900.0,3200.0,1300.0,1100.0,700.0,
nonelderly_childless_hh,lowest_quintile,2012,14600.0,11400.0,8100.0,,600.0,600.0,,100.0,900.0,,,100.0,100.0,100.0,100.0,700.0,3200.0,1400.0,1200.0,500.0,100.0
nonelderly_childless_hh,lowest_quintile,2013,15300.0,12600.0,9000.0,,600.0,700.0,,100.0,1000.0,,,100.0,100.0,100.0,100.0,900.0,2700.0,1400.0,900.0,400.0,100.0
nonelderly_childless_hh,lowest_quintile,2014,14500.0,11800.0,8300.0,,500.0,600.0,,100.0,1000.0,,,100.0,100.0,100.0,100.0,800.0,2700.0,1600.0,900.0,200.0,
nonelderly_childless_hh,lowest_quintile,2015,15200.0,12300.0,8700.0,,600.0,600.0,,100.0,1000.0,,,100.0,100.0,100.0,100.0,900.0,3000.0,1800.0,1000.0,100.0,100.0
nonelderly_childless_hh,second_quintile,1979,29400.0,26500.0,19800.0,0.0,1100.0,1200.0,100.0,300.0,800.0,100.0,,800.0,100.0,100.0,300.0,2100.0,2900.0,2100.0,300.0,300.0,200.0
nonelderly_childless_hh,second_quintile,1980,28400.0,25300.0,18900.0,0.0,800.0,1100.0,100.0,200.0,700.0,100.0,,900.0,100.0,100.0,200.0,2000.0,3000.0,2100.0,300.0,500.0,200.0
nonelderly_childless_hh,second_quintile,1981,28400.0,25200.0,18700.0,0.0,800.0,1200.0,100.0,200.0,700.0,100.0,,1000.0,100.0,200.0,200.0,2000.0,3200.0,2300.0,300.0,400.0,100.0
nonelderly_childless_hh,second_quintile,1982,28200.0,24900.0,18500.0,0.0,1000.0,1200.0,100.0,100.0,700.0,100.0,,1200.0,100.0,200.0,100.0,1600.0,3300.0,2200.0,400.0,600.0,100.0
nonelderly_childless_hh,second_quintile,1983,27500.0,24300.0,17400.0,0.0,1000.0,1100.0,100.0,100.0,800.0,100.0,,1300.0,100.0,200.0,200.0,1800.0,3300.0,2100.0,400.0,600.0,200.0
nonelderly_childless_hh,second_quintile,1984,29600.0,26500.0,18600.0,,1100.0,1200.0,100.0,200.0,1000.0,100.0,,1300.0,200.0,200.0,200.0,2300.0,3100.0,2100.0,400.0,400.0,200.0
nonelderly_childless_hh,second_quintile,1985,29400.0,26500.0,19000.0,100.0,1100.0,1300.0,100.0,100.0,700.0,100.0,,1200.0,100.0,200.0,200.0,2100.0,2900.0,1900.0,400.0,400.0,200.0
nonelderly_childless_hh,second_quintile,1986,29800.0,26600.0,19200.0,100.0,1100.0,1300.0,100.0,200.0,800.0,200.0,,1000.0,200.0,200.0,200.0,2100.0,3300.0,2100.0,500.0,400.0,200.0
nonelderly_childless_hh,second_quintile,1987,29300.0,26200.0,18800.0,100.0,1100.0,1300.0,100.0,200.0,900.0,100.0,,900.0,100.0,200.0,200.0,2000.0,3200.0,2100.0,500.0,300.0,200.0
nonelderly_childless_hh,second_quintile,1988,29900.0,26900.0,19400.0,100.0,1100.0,1400.0,100.0,200.0,1000.0,100.0,,800.0,100.0,200.0,200.0,2100.0,3000.0,2100.0,500.0,300.0,200.0
nonelderly_childless_hh,second_quintile,1989,30600.0,27500.0,19800.0,100.0,1100.0,1400.0,100.0,200.0,1000.0,100.0,,900.0,100.0,200.0,200.0,2300.0,3100.0,2100.0,500.0,300.0,300.0
nonelderly_childless_hh,second_quintile,1990,31300.0,28000.0,20000.0,100.0,1100.0,1500.0,100.0,200.0,1000.0,,,900.0,100.0,200.0,200.0,2400.0,3300.0,2200.0,600.0,300.0,200.0
nonelderly_childless_hh,second_quintile,1991,30500.0,26900.0,19200.0,100.0,1100.0,1400.0,100.0,200.0,1100.0,100.0,,800.0,100.0,200.0,200.0,2300.0,3700.0,2300.0,600.0,500.0,200.0
nonelderly_childless_hh,second_quintile,1992,30300.0,26000.0,18600.0,100.0,1100.0,1400.0,100.0,200.0,900.0,100.0,,600.0,100.0,100.0,200.0,2500.0,4200.0,2500.0,700.0,700.0,300.0
nonelderly_childless_hh,second_quintile,1993,30600.0,26500.0,18700.0,100.0,1300.0,1400.0,100.0,200.0,1200.0,100.0,,500.0,200.0,200.0,200.0,2400.0,4100.0,2500.0,800.0,600.0,200.0
nonelderly_childless_hh,second_quintile,1994,31000.0,27100.0,19200.0,100.0,1500.0,1400.0,100.0,200.0,1000.0,100.0,,400.0,200.0,200.0,200.0,2400.0,3900.0,2500.0,800.0,400.0,200.0
nonelderly_childless_hh,second_quintile,1995,32700.0,28600.0,20300.0,200.0,1500.0,1500.0,100.0,200.0,900.0,100.0,,500.0,200.0,200.0,200.0,2700.0,4000.0,2500.0,900.0,400.0,200.0
nonelderly_childless_hh,second_quintile,1996,32400.0,28500.0,20300.0,200.0,1500.0,1500.0,100.0,300.0,1100.0,100.0,,500.0,100.0,200.0,200.0,2400.0,3900.0,2400.0,1000.0,400.0,100.0
nonelderly_childless_hh,second_quintile,1997,33400.0,29300.0,20900.0,200.0,1400.0,1600.0,100.0,300.0,1100.0,200.0,,500.0,100.0,200.0,200.0,2600.0,4100.0,2500.0,1000.0,300.0,200.0
nonelderly_childless_hh,second_quintile,1998,34900.0,30700.0,22000.0,200.0,1500.0,1700.0,100.0,300.0,1100.0,200.0,,400.0,100.0,200.0,200.0,2800.0,4200.0,2700.0,1000.0,300.0,200.0
nonelderly_childless_hh,second_quintile,1999,36100.0,32200.0,23100.0,300.0,1500.0,1700.0,100.0,300.0,1100.0,300.0,,400.0,100.0,200.0,200.0,2900.0,3900.0,2500.0,900.0,300.0,200.0
nonelderly_childless_hh,second_quintile,2000,36400.0,32300.0,23100.0,300.0,1500.0,1700.0,100.0,300.0,1100.0,200.0,,500.0,100.0,200.0,200.0,3000.0,4100.0,2700.0,1000.0,300.0,200.0
nonelderly_childless_hh,second_quintile,2001,36000.0,31100.0,22400.0,300.0,1500.0,1700.0,100.0,200.0,1200.0,,,500.0,100.0,200.0,100.0,2900.0,4800.0,3100.0,1200.0,400.0,200.0
nonelderly_childless_hh,second_quintile,2002,35500.0,30600.0,21900.0,100.0,1700.0,1600.0,100.0,200.0,1100.0,,,300.0,100.0,200.0,100.0,3200.0,4900.0,3000.0,1200.0,600.0,200.0
nonelderly_childless_hh,second_quintile,2003,35000.0,29700.0,21200.0,200.0,1700.0,1600.0,100.0,200.0,900.0,,,300.0,200.0,100.0,100.0,3000.0,5400.0,3200.0,1300.0,700.0,200.0
nonelderly_childless_hh,second_quintile,2004,35900.0,30600.0,21700.0,200.0,2000.0,1600.0,100.0,300.0,1200.0,100.0,,200.0,200.0,100.0,100.0,2900.0,5300.0,3200.0,1400.0,500.0,200.0
nonelderly_childless_hh,second_quintile,2005,36400.0,31000.0,22100.0,200.0,2000.0,1700.0,100.0,300.0,1000.0,100.0,,200.0,100.0,200.0,200.0,2800.0,5400.0,3400.0,1400.0,400.0,200.0
nonelderly_childless_hh,second_quintile,2006,37400.0,31600.0,22500.0,200.0,2100.0,1700.0,100.0,400.0,1100.0,100.0,,300.0,100.0,100.0,200.0,2700.0,5700.0,3500.0,1800.0,300.0,100.0
nonelderly_childless_hh,second_quintile,2007,38800.0,33000.0,23700.0,200.0,1900.0,1800.0,100.0,300.0,1200.0,200.0,,300.0,100.0,100.0,200.0,2900.0,5800.0,3500.0,1800.0,400.0,200.0
nonelderly_childless_hh,second_quintile,2008,37600.0,31700.0,23000.0,200.0,1900.0,1700.0,100.0,200.0,1100.0,,,300.0,100.0,200.0,100.0,2700.0,5900.0,3400.0,1900.0,500.0,200.0
nonelderly_childless_hh,second_quintile,2009,36700.0,29700.0,21400.0,200.0,1800.0,1600.0,100.0,100.0,1100.0,,,300.0,100.0,200.0,100.0,2800.0,7000.0,3400.0,1900.0,1600.0,100.0
nonelderly_childless_hh,second_quintile,2010,36900.0,29500.0,21400.0,200.0,1700.0,1600.0,100.0,200.0,1100.0,,,200.0,100.0,100.0,100.0,2800.0,7400.0,3700.0,1900.0,1600.0,100.0
nonelderly_childless_hh,second_quintile,2011,36100.0,29000.0,21100.0,200.0,1700.0,1600.0,100.0,200.0,1100.0,100.0,,100.0,100.0,200.0,100.0,2400.0,7100.0,3700.0,2100.0,1200.0,100.0
nonelderly_childless_hh,second_quintile,2012,36000.0,29200.0,21100.0,200.0,1800.0,1600.0,,200.0,1300.0,,,100.0,100.0,200.0,100.0,2500.0,6700.0,3700.0,2100.0,800.0,100.0
nonelderly_childless_hh,second_quintile,2013,36800.0,30100.0,21700.0,200.0,1700.0,1600.0,,200.0,1200.0,100.0,,100.0,100.0,100.0,100.0,2800.0,6700.0,4100.0,2000.0,500.0,100.0
nonelderly_childless_hh,second_quintile,2014,36800.0,30600.0,22500.0,200.0,1600.0,1700.0,,300.0,1200.0,100.0,,100.0,100.0,100.0,100.0,2400.0,6200.0,3800.0,1900.0,300.0,100.0
nonelderly_childless_hh,second_quintile,2015,38800.0,32900.0,24000.0,200.0,1800.0,1800.0,,300.0,1300.0,100.0,,100.0,100.0,100.0,100.0,2900.0,5900.0,3700.0,1900.0,300.0,100.0
nonelderly_childless_hh,middle_quintile,1979,44900.0,42900.0,33400.0,0.0,1800.0,1900.0,100.0,400.0,1300.0,100.0,,1000.0,200.0,200.0,400.0,2000.0,2000.0,1400.0,200.0,300.0,100.0
nonelderly_childless_hh,middle_quintile,1980,43600.0,41300.0,32400.0,0.0,1400.0,1900.0,100.0,400.0,1000.0,200.0,,1300.0,200.0,200.0,300.0,1900.0,2300.0,1400.0,200.0,500.0,100.0
nonelderly_childless_hh,middle_quintile,1981,43700.0,41200.0,32100.0,0.0,1400.0,2000.0,100.0,300.0,900.0,200.0,,1600.0,100.0,200.0,300.0,1900.0,2500.0,1600.0,200.0,500.0,100.0
nonelderly_childless_hh,middle_quintile,1982,43700.0,41100.0,31900.0,0.0,1600.0,2000.0,100.0,200.0,800.0,100.0,,1800.0,100.0,300.0,200.0,1900.0,2600.0,1400.0,200.0,700.0,200.0
nonelderly_childless_hh,middle_quintile,1983,43800.0,41100.0,31200.0,0.0,1700.0,2000.0,100.0,200.0,1100.0,300.0,,1600.0,200.0,200.0,200.0,2200.0,2700.0,1500.0,300.0,700.0,200.0
nonelderly_childless_hh,middle_quintile,1984,46200.0,44100.0,32400.0,100.0,1800.0,2100.0,100.0,300.0,1700.0,300.0,,1900.0,200.0,300.0,300.0,2500.0,2200.0,1200.0,300.0,400.0,300.0
nonelderly_childless_hh,middle_quintile,1985,46500.0,44400.0,33600.0,100.0,1800.0,2300.0,100.0,300.0,1300.0,200.0,,1700.0,100.0,300.0,200.0,2400.0,2100.0,1200.0,300.0,400.0,200.0
nonelderly_childless_hh,middle_quintile,1986,47700.0,45600.0,34100.0,200.0,1800.0,2300.0,100.0,300.0,1500.0,400.0,100.0,1500.0,200.0,400.0,300.0,2500.0,2100.0,1200.0,300.0,400.0,200.0
nonelderly_childless_hh,middle_quintile,1987,47500.0,45200.0,33900.0,200.0,1900.0,2300.0,100.0,300.0,1500.0,300.0,,1300.0,200.0,300.0,300.0,2400.0,2300.0,1400.0,300.0,300.0,200.0
nonelderly_childless_hh,middle_quintile,1988,48200.0,45800.0,33600.0,300.0,2000.0,2400.0,100.0,300.0,1600.0,200.0,,1400.0,200.0,400.0,300.0,3000.0,2400.0,1400.0,300.0,300.0,300.0
nonelderly_childless_hh,middle_quintile,1989,48700.0,46500.0,34300.0,300.0,2100.0,2500.0,100.0,300.0,1600.0,200.0,,1300.0,200.0,300.0,300.0,3000.0,2200.0,1300.0,300.0,300.0,300.0
nonelderly_childless_hh,middle_quintile,1990,49000.0,46600.0,34500.0,300.0,2100.0,2500.0,100.0,300.0,1500.0,100.0,,1300.0,200.0,300.0,300.0,3100.0,2500.0,1500.0,400.0,400.0,200.0
nonelderly_childless_hh,middle_quintile,1991,48800.0,46200.0,34100.0,300.0,2100.0,2500.0,100.0,300.0,1400.0,200.0,,1300.0,200.0,300.0,300.0,3200.0,2600.0,1400.0,400.0,600.0,200.0
nonelderly_childless_hh,middle_quintile,1992,49300.0,46200.0,33900.0,400.0,2200.0,2500.0,100.0,300.0,1700.0,100.0,,900.0,200.0,300.0,300.0,3300.0,3100.0,1600.0,400.0,800.0,300.0
nonelderly_childless_hh,middle_quintile,1993,48700.0,45600.0,33400.0,400.0,2500.0,2500.0,100.0,400.0,1500.0,200.0,,700.0,200.0,300.0,300.0,3300.0,3100.0,1700.0,500.0,600.0,300.0
nonelderly_childless_hh,middle_quintile,1994,48800.0,46300.0,33900.0,400.0,2600.0,2500.0,100.0,400.0,1400.0,200.0,,600.0,200.0,300.0,300.0,3500.0,2500.0,1400.0,400.0,400.0,300.0
nonelderly_childless_hh,middle_quintile,1995,50800.0,48100.0,35000.0,500.0,2600.0,2600.0,100.0,400.0,1400.0,200.0,,700.0,200.0,300.0,300.0,3600.0,2700.0,1600.0,500.0,400.0,200.0
nonelderly_childless_hh,middle_quintile,1996,51900.0,49100.0,36000.0,600.0,2700.0,2700.0,100.0,500.0,1300.0,300.0,,700.0,200.0,300.0,300.0,3500.0,2800.0,1600.0,600.0,400.0,200.0
nonelderly_childless_hh,middle_quintile,1997,52800.0,50400.0,37200.0,600.0,2500.0,2800.0,100.0,500.0,1300.0,300.0,,600.0,200.0,300.0,300.0,3600.0,2400.0,1400.0,500.0,400.0,200.0
nonelderly_childless_hh,middle_quintile,1998,54600.0,52100.0,38300.0,800.0,2400.0,2900.0,100.0,400.0,1600.0,400.0,,700.0,200.0,300.0,300.0,3900.0,2500.0,1500.0,500.0,300.0,200.0
nonelderly_childless_hh,middle_quintile,1999,56000.0,53400.0,39700.0,800.0,2400.0,3000.0,100.0,500.0,1300.0,500.0,,600.0,200.0,300.0,300.0,3700.0,2600.0,1500.0,500.0,300.0,200.0
nonelderly_childless_hh,middle_quintile,2000,56900.0,54300.0,39700.0,900.0,2500.0,3000.0,100.0,400.0,1400.0,400.0,,700.0,200.0,300.0,300.0,4300.0,2700.0,1700.0,500.0,300.0,200.0
nonelderly_childless_hh,middle_quintile,2001,56500.0,53400.0,39600.0,900.0,2500.0,3000.0,100.0,300.0,1400.0,100.0,,600.0,200.0,300.0,200.0,4200.0,3100.0,1700.0,600.0,500.0,200.0
nonelderly_childless_hh,middle_quintile,2002,55900.0,52300.0,39000.0,500.0,2800.0,2900.0,100.0,300.0,1400.0,,,500.0,200.0,200.0,200.0,4100.0,3600.0,2000.0,700.0,600.0,200.0
nonelderly_childless_hh,middle_quintile,2003,55800.0,51900.0,38100.0,600.0,3000.0,2900.0,100.0,400.0,1300.0,100.0,100.0,400.0,200.0,200.0,200.0,4400.0,3900.0,2100.0,800.0,700.0,300.0
nonelderly_childless_hh,middle_quintile,2004,57100.0,53400.0,39000.0,600.0,3400.0,2900.0,100.0,500.0,1500.0,100.0,,400.0,200.0,200.0,200.0,4400.0,3600.0,2200.0,800.0,500.0,200.0
nonelderly_childless_hh,middle_quintile,2005,58100.0,54200.0,39100.0,700.0,3700.0,2900.0,100.0,600.0,1500.0,200.0,,400.0,200.0,200.0,300.0,4400.0,3900.0,2400.0,900.0,400.0,200.0
nonelderly_childless_hh,middle_quintile,2006,59000.0,55200.0,40000.0,700.0,3600.0,3000.0,100.0,700.0,1400.0,300.0,,500.0,200.0,300.0,300.0,4300.0,3800.0,2200.0,1000.0,400.0,200.0
nonelderly_childless_hh,middle_quintile,2007,61600.0,57500.0,42100.0,800.0,3400.0,3200.0,100.0,600.0,1300.0,300.0,,600.0,200.0,300.0,300.0,4500.0,4200.0,2400.0,1100.0,400.0,200.0
nonelderly_childless_hh,middle_quintile,2008,59600.0,55200.0,40800.0,700.0,3400.0,3100.0,100.0,300.0,1200.0,100.0,,500.0,200.0,300.0,100.0,4400.0,4400.0,2500.0,1200.0,600.0,200.0
nonelderly_childless_hh,middle_quintile,2009,58900.0,53100.0,39200.0,600.0,3400.0,2900.0,100.0,300.0,1200.0,,,400.0,200.0,200.0,100.0,4500.0,5800.0,2900.0,1200.0,1600.0,200.0
nonelderly_childless_hh,middle_quintile,2010,59000.0,52400.0,38200.0,600.0,3300.0,2900.0,100.0,400.0,1300.0,,,300.0,200.0,200.0,100.0,4600.0,6700.0,3400.0,1500.0,1600.0,200.0
nonelderly_childless_hh,middle_quintile,2011,58000.0,52500.0,38100.0,600.0,3300.0,2900.0,100.0,400.0,1500.0,100.0,,200.0,200.0,300.0,200.0,4700.0,5600.0,2900.0,1400.0,1100.0,200.0
nonelderly_childless_hh,middle_quintile,2012,58300.0,52900.0,38600.0,700.0,3300.0,2900.0,100.0,400.0,1500.0,100.0,,200.0,200.0,200.0,100.0,4500.0,5400.0,3000.0,1400.0,900.0,100.0
nonelderly_childless_hh,middle_quintile,2013,59400.0,54400.0,39900.0,700.0,3200.0,3000.0,100.0,500.0,1600.0,200.0,,100.0,200.0,200.0,200.0,4600.0,5100.0,3000.0,1300.0,600.0,100.0
nonelderly_childless_hh,middle_quintile,2014,60000.0,55000.0,40700.0,700.0,3300.0,3100.0,100.0,500.0,1400.0,200.0,,100.0,200.0,200.0,200.0,4400.0,5000.0,3100.0,1400.0,400.0,100.0
nonelderly_childless_hh,middle_quintile,2015,62700.0,58200.0,42900.0,800.0,3500.0,3200.0,100.0,500.0,1600.0,200.0,,100.0,200.0,200.0,200.0,4600.0,4500.0,2800.0,1200.0,300.0,200.0
nonelderly_childless_hh,fourth_quintile,1979,64200.0,62500.0,50200.0,0.0,2400.0,2800.0,200.0,700.0,1500.0,300.0,,1500.0,200.0,300.0,600.0,1900.0,1600.0,1000.0,200.0,300.0,200.0
nonelderly_childless_hh,fourth_quintile,1980,63300.0,61400.0,49300.0,0.0,2000.0,2800.0,200.0,500.0,1500.0,300.0,,1900.0,200.0,300.0,500.0,2000.0,1900.0,1000.0,200.0,500.0,200.0
nonelderly_childless_hh,fourth_quintile,1981,64000.0,62200.0,49700.0,0.0,2100.0,3100.0,100.0,400.0,1200.0,300.0,,2200.0,200.0,400.0,400.0,2100.0,1800.0,1000.0,200.0,500.0,100.0
nonelderly_childless_hh,fourth_quintile,1982,64100.0,62100.0,49100.0,0.0,2300.0,3000.0,200.0,300.0,1200.0,300.0,,2500.0,200.0,500.0,300.0,2300.0,2100.0,1000.0,200.0,700.0,200.0
nonelderly_childless_hh,fourth_quintile,1983,64400.0,62500.0,49000.0,0.0,2400.0,3100.0,200.0,400.0,1400.0,400.0,,2300.0,200.0,400.0,300.0,2400.0,1900.0,1000.0,200.0,600.0,100.0
nonelderly_childless_hh,fourth_quintile,1984,67800.0,66000.0,50900.0,300.0,2400.0,3300.0,200.0,400.0,2100.0,400.0,100.0,2400.0,300.0,400.0,400.0,2500.0,1800.0,1000.0,200.0,400.0,200.0
nonelderly_childless_hh,fourth_quintile,1985,68000.0,66500.0,51800.0,400.0,2500.0,3500.0,200.0,400.0,1400.0,400.0,100.0,2400.0,200.0,500.0,300.0,2500.0,1500.0,800.0,200.0,300.0,200.0
nonelderly_childless_hh,fourth_quintile,1986,70700.0,68900.0,53700.0,500.0,2500.0,3700.0,200.0,400.0,1500.0,600.0,100.0,2200.0,100.0,400.0,300.0,2500.0,1800.0,1000.0,200.0,400.0,200.0
nonelderly_childless_hh,fourth_quintile,1987,71200.0,69600.0,53400.0,500.0,2900.0,3600.0,200.0,500.0,1800.0,400.0,100.0,1900.0,300.0,500.0,500.0,2900.0,1600.0,900.0,200.0,400.0,200.0
nonelderly_childless_hh,fourth_quintile,1988,72100.0,70400.0,53700.0,600.0,3000.0,3800.0,200.0,500.0,1900.0,300.0,100.0,1900.0,200.0,500.0,400.0,3200.0,1600.0,800.0,200.0,300.0,300.0
nonelderly_childless_hh,fourth_quintile,1989,72800.0,71200.0,53700.0,700.0,3100.0,3800.0,100.0,500.0,1900.0,400.0,100.0,2000.0,200.0,500.0,400.0,3500.0,1600.0,900.0,200.0,300.0,300.0
nonelderly_childless_hh,fourth_quintile,1990,72000.0,70000.0,53400.0,700.0,3100.0,3900.0,100.0,500.0,1600.0,200.0,100.0,1900.0,200.0,500.0,400.0,3400.0,2000.0,1100.0,300.0,400.0,200.0
nonelderly_childless_hh,fourth_quintile,1991,71700.0,69600.0,52600.0,700.0,3100.0,3900.0,100.0,400.0,1800.0,300.0,100.0,1800.0,300.0,500.0,400.0,3700.0,2100.0,1000.0,300.0,500.0,300.0
nonelderly_childless_hh,fourth_quintile,1992,72300.0,69800.0,52900.0,800.0,3400.0,3900.0,100.0,500.0,1700.0,300.0,100.0,1300.0,300.0,400.0,400.0,3800.0,2400.0,1200.0,300.0,600.0,300.0
nonelderly_childless_hh,fourth_quintile,1993,72700.0,70300.0,52500.0,900.0,3800.0,3800.0,100.0,600.0,1700.0,400.0,100.0,1000.0,300.0,400.0,500.0,4100.0,2400.0,1200.0,400.0,600.0,200.0
nonelderly_childless_hh,fourth_quintile,1994,73300.0,71300.0,53400.0,1000.0,4000.0,3900.0,100.0,600.0,1600.0,400.0,100.0,900.0,300.0,400.0,500.0,4000.0,2000.0,1100.0,300.0,400.0,200.0
nonelderly_childless_hh,fourth_quintile,1995,74800.0,72900.0,54200.0,1200.0,4000.0,4000.0,100.0,700.0,1800.0,300.0,100.0,1100.0,300.0,500.0,500.0,4100.0,2000.0,1100.0,300.0,400.0,200.0
nonelderly_childless_hh,fourth_quintile,1996,76900.0,75000.0,55800.0,1500.0,3900.0,4200.0,100.0,700.0,1800.0,500.0,100.0,1000.0,200.0,500.0,500.0,4300.0,1900.0,1000.0,400.0,400.0,100.0
nonelderly_childless_hh,fourth_quintile,1997,78800.0,76900.0,57100.0,1500.0,3500.0,4300.0,100.0,700.0,2000.0,700.0,100.0,1000.0,200.0,500.0,500.0,4500.0,1900.0,1000.0,400.0,300.0,200.0
nonelderly_childless_hh,fourth_quintile,1998,81700.0,79800.0,59800.0,1800.0,3500.0,4500.0,100.0,700.0,2000.0,700.0,100.0,1000.0,300.0,400.0,400.0,4600.0,1900.0,1100.0,400.0,300.0,200.0
nonelderly_childless_hh,fourth_quintile,1999,83900.0,81900.0,60900.0,2000.0,3400.0,4600.0,100.0,700.0,2000.0,900.0,100.0,1000.0,200.0,500.0,400.0,5200.0,1900.0,1000.0,300.0,300.0,300.0
nonelderly_childless_hh,fourth_quintile,2000,85400.0,83400.0,61300.0,2100.0,3600.0,4600.0,100.0,700.0,2000.0,900.0,100.0,1000.0,300.0,600.0,400.0,5900.0,2000.0,1100.0,400.0,300.0,200.0
nonelderly_childless_hh,fourth_quintile,2001,84600.0,82500.0,61500.0,2100.0,3700.0,4700.0,100.0,500.0,1800.0,300.0,100.0,900.0,300.0,400.0,300.0,5800.0,2100.0,1100.0,400.0,400.0,100.0
nonelderly_childless_hh,fourth_quintile,2002,83400.0,80600.0,60600.0,1500.0,4000.0,4500.0,100.0,400.0,1700.0,100.0,100.0,700.0,300.0,400.0,300.0,5900.0,2800.0,1400.0,500.0,700.0,200.0
nonelderly_childless_hh,fourth_quintile,2003,83900.0,81300.0,60300.0,1700.0,4500.0,4500.0,100.0,600.0,1800.0,100.0,100.0,600.0,300.0,400.0,300.0,5900.0,2600.0,1300.0,500.0,700.0,200.0
nonelderly_childless_hh,fourth_quintile,2004,87200.0,84500.0,61900.0,1800.0,5100.0,4600.0,100.0,700.0,2100.0,300.0,100.0,500.0,300.0,400.0,400.0,6200.0,2700.0,1400.0,600.0,500.0,200.0
nonelderly_childless_hh,fourth_quintile,2005,88100.0,85500.0,62000.0,1900.0,5400.0,4700.0,100.0,1000.0,2000.0,500.0,100.0,500.0,300.0,400.0,400.0,6300.0,2700.0,1500.0,600.0,400.0,200.0
nonelderly_childless_hh,fourth_quintile,2006,90600.0,87700.0,63600.0,2000.0,5500.0,4800.0,100.0,1100.0,2100.0,600.0,100.0,700.0,300.0,400.0,500.0,6000.0,2900.0,1700.0,600.0,400.0,200.0
nonelderly_childless_hh,fourth_quintile,2007,93200.0,90300.0,65700.0,2000.0,5200.0,5000.0,100.0,900.0,2000.0,800.0,100.0,900.0,300.0,500.0,400.0,6400.0,2900.0,1600.0,700.0,400.0,200.0
nonelderly_childless_hh,fourth_quintile,2008,91200.0,88000.0,64900.0,2000.0,5200.0,4900.0,100.0,600.0,1700.0,200.0,100.0,700.0,300.0,500.0,200.0,6700.0,3200.0,1700.0,700.0,600.0,200.0
nonelderly_childless_hh,fourth_quintile,2009,89300.0,85000.0,62900.0,1800.0,5200.0,4700.0,100.0,400.0,1900.0,,100.0,500.0,300.0,400.0,200.0,6400.0,4300.0,1900.0,800.0,1400.0,200.0
nonelderly_childless_hh,fourth_quintile,2010,89400.0,85100.0,62400.0,1800.0,5100.0,4700.0,100.0,600.0,2100.0,100.0,100.0,400.0,200.0,400.0,200.0,6800.0,4300.0,2000.0,800.0,1300.0,100.0
nonelderly_childless_hh,fourth_quintile,2011,88900.0,85000.0,62100.0,1800.0,5200.0,4700.0,100.0,600.0,2100.0,300.0,100.0,300.0,300.0,500.0,300.0,6800.0,3900.0,1900.0,800.0,1000.0,100.0
nonelderly_childless_hh,fourth_quintile,2012,89700.0,86100.0,62800.0,1900.0,5100.0,4700.0,100.0,700.0,2200.0,300.0,100.0,300.0,400.0,400.0,300.0,7000.0,3600.0,1800.0,900.0,800.0,100.0
nonelderly_childless_hh,fourth_quintile,2013,91900.0,88400.0,65000.0,2000.0,5100.0,4900.0,100.0,800.0,2100.0,400.0,100.0,200.0,400.0,400.0,400.0,6800.0,3500.0,1900.0,800.0,600.0,200.0
nonelderly_childless_hh,fourth_quintile,2014,94000.0,90700.0,66700.0,2000.0,5000.0,5000.0,100.0,800.0,2300.0,600.0,,200.0,300.0,400.0,300.0,6700.0,3300.0,1900.0,800.0,400.0,200.0
nonelderly_childless_hh,fourth_quintile,2015,97100.0,94300.0,69700.0,2200.0,5300.0,5300.0,100.0,800.0,2400.0,600.0,100.0,200.0,300.0,400.0,300.0,6700.0,2800.0,1700.0,700.0,300.0,100.0
nonelderly_childless_hh,highest_quintile,1979,126900.0,125800.0,86900.0,0.0,3200.0,4000.0,200.0,1100.0,7700.0,6900.0,400.0,5000.0,1000.0,2700.0,3900.0,2700.0,1100.0,600.0,100.0,300.0,100.0
nonelderly_childless_hh,highest_quintile,1980,124500.0,123100.0,86400.0,0.0,2800.0,4000.0,200.0,900.0,6400.0,6200.0,300.0,6200.0,1100.0,2800.0,3100.0,2900.0,1400.0,700.0,100.0,500.0,100.0
nonelderly_childless_hh,highest_quintile,1981,124900.0,123600.0,86900.0,0.0,2900.0,4400.0,200.0,700.0,5200.0,5900.0,400.0,7500.0,1200.0,3000.0,2400.0,2900.0,1300.0,700.0,100.0,300.0,100.0
nonelderly_childless_hh,highest_quintile,1982,127200.0,125600.0,88300.0,0.0,3200.0,4600.0,200.0,500.0,5100.0,6600.0,600.0,7200.0,1300.0,3200.0,1500.0,3300.0,1600.0,900.0,200.0,400.0,200.0
nonelderly_childless_hh,highest_quintile,1983,130900.0,129400.0,90100.0,0.0,3300.0,4800.0,200.0,600.0,5600.0,8500.0,700.0,6300.0,1100.0,2500.0,1900.0,3700.0,1500.0,900.0,200.0,400.0,100.0
nonelderly_childless_hh,highest_quintile,1984,141000.0,139500.0,94400.0,700.0,3300.0,5200.0,200.0,800.0,7800.0,9500.0,800.0,7100.0,1100.0,2400.0,2300.0,3900.0,1500.0,900.0,200.0,300.0,200.0
nonelderly_childless_hh,highest_quintile,1985,143500.0,142000.0,94500.0,1000.0,3400.0,5300.0,200.0,700.0,7100.0,11600.0,1100.0,7000.0,1100.0,2900.0,2300.0,3900.0,1500.0,900.0,200.0,200.0,200.0
nonelderly_childless_hh,highest_quintile,1986,155800.0,154300.0,97900.0,1200.0,3500.0,5600.0,200.0,800.0,7600.0,20500.0,1100.0,5900.0,1000.0,2800.0,2400.0,4000.0,1500.0,900.0,200.0,300.0,200.0
nonelderly_childless_hh,highest_quintile,1987,150400.0,149200.0,101200.0,1300.0,4100.0,5800.0,200.0,1000.0,8900.0,8000.0,1300.0,6100.0,1100.0,2800.0,2900.0,4500.0,1200.0,700.0,200.0,200.0,200.0
nonelderly_childless_hh,highest_quintile,1988,163300.0,161900.0,105200.0,1500.0,4400.0,6100.0,200.0,1000.0,12100.0,9200.0,1500.0,6900.0,1200.0,3500.0,3200.0,6000.0,1300.0,700.0,200.0,200.0,200.0
nonelderly_childless_hh,highest_quintile,1989,161400.0,160000.0,104300.0,1700.0,4500.0,6100.0,200.0,1000.0,11800.0,7900.0,1500.0,7600.0,1200.0,3300.0,3000.0,6000.0,1400.0,700.0,200.0,200.0,300.0
nonelderly_childless_hh,highest_quintile,1990,161600.0,160200.0,104700.0,1700.0,4500.0,6200.0,200.0,900.0,12400.0,6500.0,1700.0,7800.0,1300.0,3200.0,3000.0,6000.0,1500.0,700.0,200.0,300.0,300.0
nonelderly_childless_hh,highest_quintile,1991,155700.0,154100.0,103200.0,1700.0,4500.0,6200.0,100.0,800.0,11300.0,5400.0,1600.0,6400.0,1300.0,2900.0,2600.0,6100.0,1600.0,700.0,200.0,400.0,300.0
nonelderly_childless_hh,highest_quintile,1992,162700.0,161100.0,107500.0,2100.0,5100.0,6400.0,100.0,1000.0,12900.0,5900.0,1600.0,4800.0,1400.0,2700.0,2900.0,6600.0,1600.0,700.0,200.0,400.0,300.0
nonelderly_childless_hh,highest_quintile,1993,160700.0,159100.0,105300.0,2200.0,5600.0,6400.0,100.0,1100.0,12200.0,6700.0,1600.0,3800.0,1600.0,2600.0,3400.0,6200.0,1600.0,800.0,200.0,400.0,200.0
nonelderly_childless_hh,highest_quintile,1994,163800.0,162100.0,106200.0,2500.0,6100.0,6700.0,100.0,1200.0,13400.0,6700.0,1500.0,3600.0,1500.0,2600.0,3800.0,6300.0,1700.0,900.0,200.0,300.0,200.0
nonelderly_childless_hh,highest_quintile,1995,169600.0,168000.0,109200.0,3000.0,5800.0,6900.0,100.0,1300.0,12800.0,7500.0,1600.0,4200.0,1700.0,3000.0,4100.0,6900.0,1500.0,900.0,300.0,200.0,200.0
nonelderly_childless_hh,highest_quintile,1996,178700.0,177000.0,112500.0,3500.0,5800.0,7000.0,100.0,1400.0,13800.0,11000.0,1400.0,4300.0,1500.0,3100.0,4300.0,7200.0,1700.0,1000.0,300.0,300.0,100.0
nonelderly_childless_hh,highest_quintile,1997,190300.0,188600.0,117500.0,3500.0,5200.0,7200.0,100.0,1500.0,15000.0,15300.0,1300.0,4400.0,1500.0,3700.0,4700.0,7800.0,1700.0,900.0,300.0,200.0,300.0
nonelderly_childless_hh,highest_quintile,1998,201400.0,199800.0,122400.0,3800.0,5000.0,7500.0,100.0,1400.0,16300.0,18800.0,1400.0,4500.0,1500.0,3500.0,4500.0,8900.0,1600.0,1000.0,300.0,200.0,100.0
nonelderly_childless_hh,highest_quintile,1999,211600.0,210000.0,127700.0,4200.0,5100.0,7800.0,100.0,1400.0,16700.0,22000.0,1300.0,4400.0,1600.0,3700.0,4600.0,9300.0,1500.0,900.0,300.0,200.0,100.0
nonelderly_childless_hh,highest_quintile,2000,221100.0,219500.0,132600.0,4400.0,5200.0,8000.0,100.0,1400.0,16600.0,23700.0,1600.0,5000.0,1600.0,4400.0,4600.0,10200.0,1600.0,900.0,300.0,200.0,200.0
nonelderly_childless_hh,highest_quintile,2001,202200.0,200600.0,130900.0,4500.0,5500.0,8200.0,100.0,1000.0,16400.0,11500.0,1400.0,4300.0,1600.0,2900.0,3000.0,9300.0,1700.0,900.0,300.0,300.0,200.0
nonelderly_childless_hh,highest_quintile,2002,191700.0,189700.0,125800.0,5100.0,6000.0,8000.0,100.0,900.0,16100.0,7700.0,1200.0,2900.0,1400.0,2200.0,2500.0,9700.0,2000.0,1000.0,300.0,600.0,200.0
nonelderly_childless_hh,highest_quintile,2003,196500.0,194600.0,125800.0,6300.0,6900.0,8100.0,100.0,1200.0,16400.0,9300.0,1200.0,2500.0,1500.0,2500.0,3500.0,9500.0,1900.0,900.0,300.0,500.0,100.0
nonelderly_childless_hh,highest_quintile,2004,211500.0,209700.0,128600.0,6500.0,7600.0,8100.0,100.0,1500.0,18800.0,14900.0,1100.0,2500.0,1600.0,3300.0,4700.0,10200.0,1900.0,1000.0,400.0,400.0,200.0
nonelderly_childless_hh,highest_quintile,2005,233600.0,231600.0,131200.0,6800.0,8100.0,8200.0,100.0,2000.0,23700.0,22700.0,1400.0,3700.0,1800.0,4100.0,7000.0,10900.0,1900.0,1000.0,400.0,300.0,300.0
nonelderly_childless_hh,highest_quintile,2006,237200.0,235000.0,132600.0,7100.0,7700.0,8300.0,100.0,2200.0,22700.0,23400.0,1700.0,4800.0,1700.0,4700.0,7200.0,10900.0,2200.0,1200.0,500.0,300.0,300.0
nonelderly_childless_hh,highest_quintile,2007,241100.0,239300.0,137500.0,7500.0,7600.0,8600.0,100.0,1900.0,21600.0,23600.0,1700.0,5200.0,1600.0,5100.0,5700.0,11500.0,1900.0,1100.0,400.0,200.0,100.0
nonelderly_childless_hh,highest_quintile,2008,224800.0,222700.0,137300.0,7400.0,7600.0,8700.0,100.0,1200.0,20700.0,12300.0,1700.0,4100.0,1900.0,4600.0,3500.0,11700.0,2000.0,1100.0,500.0,400.0,100.0
nonelderly_childless_hh,highest_quintile,2009,208300.0,205600.0,132500.0,7000.0,7800.0,8600.0,100.0,900.0,19000.0,6100.0,1400.0,2800.0,1500.0,3300.0,2600.0,11900.0,2700.0,1200.0,400.0,1000.0,100.0
nonelderly_childless_hh,highest_quintile,2010,213600.0,210800.0,133600.0,7100.0,7700.0,8600.0,100.0,1300.0,18600.0,8700.0,1400.0,2200.0,1600.0,3500.0,3500.0,13100.0,2800.0,1200.0,500.0,900.0,100.0
nonelderly_childless_hh,highest_quintile,2011,216600.0,213900.0,135500.0,7200.0,7700.0,8600.0,100.0,1200.0,19500.0,9000.0,1300.0,1900.0,1700.0,3600.0,3500.0,13100.0,2700.0,1400.0,500.0,700.0,100.0
nonelderly_childless_hh,highest_quintile,2012,230000.0,227300.0,138800.0,7200.0,7400.0,8700.0,100.0,1500.0,21900.0,14700.0,1200.0,1800.0,1900.0,5100.0,4300.0,12700.0,2700.0,1400.0,600.0,500.0,100.0
nonelderly_childless_hh,highest_quintile,2013,225000.0,222800.0,139900.0,7500.0,7400.0,9000.0,100.0,1600.0,21500.0,10800.0,1100.0,1600.0,1800.0,3900.0,4400.0,12200.0,2300.0,1300.0,400.0,400.0,200.0
nonelderly_childless_hh,highest_quintile,2014,236100.0,233800.0,143900.0,7700.0,7500.0,9200.0,100.0,1800.0,22700.0,14900.0,1000.0,1500.0,2000.0,4400.0,4900.0,12300.0,2300.0,1400.0,500.0,300.0,200.0
nonelderly_childless_hh,highest_quintile,2015,239200.0,237100.0,148000.0,8100.0,7700.0,9500.0,100.0,1700.0,22300.0,14500.0,900.0,1400.0,1700.0,4100.0,4400.0,12800.0,2100.0,1300.0,500.0,300.0,100.0
nonelderly_childless_hh,percentiles_81_90,1979,87900.0,86700.0,69400.0,0.0,3000.0,3700.0,200.0,900.0,2400.0,700.0,,2400.0,300.0,500.0,1000.0,2100.0,1200.0,700.0,100.0,300.0,100.0
nonelderly_childless_hh,percentiles_81_90,1980,86300.0,84700.0,67600.0,0.0,2600.0,3700.0,200.0,700.0,2200.0,700.0,,3000.0,300.0,600.0,800.0,2200.0,1600.0,700.0,100.0,600.0,100.0
nonelderly_childless_hh,percentiles_81_90,1981,87200.0,85700.0,68300.0,0.0,2700.0,4100.0,200.0,600.0,1900.0,500.0,100.0,3600.0,300.0,600.0,600.0,2300.0,1500.0,800.0,200.0,400.0,100.0
nonelderly_childless_hh,percentiles_81_90,1982,88000.0,86200.0,68100.0,0.0,2900.0,4100.0,200.0,400.0,1700.0,500.0,100.0,3800.0,600.0,900.0,400.0,2500.0,1800.0,900.0,200.0,600.0,200.0
nonelderly_childless_hh,percentiles_81_90,1983,89200.0,87600.0,69700.0,0.0,3000.0,4300.0,200.0,500.0,1900.0,700.0,100.0,3200.0,300.0,600.0,500.0,2600.0,1600.0,800.0,200.0,500.0,100.0
nonelderly_childless_hh,percentiles_81_90,1984,95000.0,93600.0,73200.0,500.0,3100.0,4700.0,200.0,600.0,2600.0,700.0,100.0,3700.0,300.0,600.0,600.0,2800.0,1400.0,800.0,200.0,300.0,200.0
nonelderly_childless_hh,percentiles_81_90,1985,93800.0,92300.0,71900.0,800.0,3100.0,4700.0,200.0,500.0,2300.0,800.0,100.0,3300.0,300.0,700.0,500.0,3100.0,1500.0,900.0,200.0,300.0,200.0
nonelderly_childless_hh,percentiles_81_90,1986,98400.0,96800.0,75100.0,900.0,3200.0,5100.0,200.0,600.0,2700.0,1500.0,100.0,3100.0,300.0,600.0,500.0,3000.0,1500.0,900.0,200.0,300.0,100.0
nonelderly_childless_hh,percentiles_81_90,1987,99600.0,98300.0,76100.0,1000.0,3700.0,5100.0,200.0,800.0,2600.0,800.0,200.0,2700.0,300.0,900.0,700.0,3300.0,1300.0,700.0,200.0,300.0,200.0
nonelderly_childless_hh,percentiles_81_90,1988,100400.0,98900.0,75400.0,1100.0,3900.0,5300.0,200.0,800.0,2800.0,500.0,200.0,2600.0,300.0,900.0,700.0,4200.0,1500.0,800.0,200.0,200.0,300.0
nonelderly_childless_hh,percentiles_81_90,1989,102700.0,101200.0,76400.0,1300.0,4000.0,5400.0,200.0,700.0,3200.0,700.0,200.0,3000.0,400.0,800.0,700.0,4200.0,1500.0,800.0,200.0,200.0,300.0
nonelderly_childless_hh,percentiles_81_90,1990,101000.0,99400.0,75400.0,1300.0,4000.0,5400.0,200.0,700.0,2800.0,400.0,200.0,2900.0,400.0,700.0,600.0,4400.0,1600.0,800.0,200.0,300.0,200.0
nonelderly_childless_hh,percentiles_81_90,1991,99100.0,97300.0,73800.0,1300.0,4000.0,5300.0,100.0,600.0,2700.0,500.0,200.0,2500.0,400.0,700.0,600.0,4600.0,1800.0,800.0,200.0,500.0,300.0
nonelderly_childless_hh,percentiles_81_90,1992,99700.0,97900.0,74500.0,1600.0,4400.0,5400.0,100.0,700.0,2600.0,600.0,200.0,1700.0,300.0,600.0,600.0,4600.0,1800.0,800.0,200.0,500.0,300.0
nonelderly_childless_hh,percentiles_81_90,1993,100800.0,99100.0,75000.0,1700.0,5000.0,5500.0,100.0,800.0,2500.0,700.0,200.0,1400.0,400.0,600.0,700.0,4500.0,1700.0,800.0,200.0,500.0,200.0
nonelderly_childless_hh,percentiles_81_90,1994,103000.0,101500.0,76500.0,1900.0,5300.0,5600.0,100.0,900.0,2700.0,500.0,200.0,1200.0,400.0,600.0,700.0,4800.0,1500.0,800.0,200.0,300.0,200.0
nonelderly_childless_hh,percentiles_81_90,1995,105400.0,103700.0,77100.0,2300.0,5100.0,5700.0,100.0,900.0,2500.0,600.0,300.0,1600.0,600.0,800.0,900.0,5200.0,1700.0,1000.0,300.0,300.0,100.0
nonelderly_childless_hh,percentiles_81_90,1996,108900.0,106900.0,78800.0,2800.0,5100.0,5800.0,100.0,1000.0,2500.0,1000.0,300.0,1600.0,400.0,900.0,900.0,5700.0,2000.0,1200.0,400.0,300.0,200.0
nonelderly_childless_hh,percentiles_81_90,1997,111300.0,109500.0,81000.0,2800.0,4500.0,6000.0,100.0,1000.0,3000.0,1400.0,100.0,1500.0,400.0,1000.0,800.0,5700.0,1800.0,900.0,300.0,300.0,200.0
nonelderly_childless_hh,percentiles_81_90,1998,115900.0,114100.0,84600.0,3200.0,4400.0,6300.0,100.0,1000.0,3100.0,1500.0,100.0,1500.0,400.0,800.0,700.0,6300.0,1800.0,1100.0,300.0,200.0,100.0
nonelderly_childless_hh,percentiles_81_90,1999,120200.0,118500.0,87200.0,3600.0,4500.0,6500.0,100.0,1000.0,3500.0,2100.0,100.0,1400.0,400.0,900.0,800.0,6400.0,1600.0,1000.0,300.0,200.0,100.0
nonelderly_childless_hh,percentiles_81_90,2000,122100.0,120300.0,87700.0,3700.0,4500.0,6600.0,100.0,1000.0,3200.0,2000.0,100.0,1600.0,400.0,1100.0,800.0,7400.0,1800.0,1000.0,300.0,300.0,200.0
nonelderly_childless_hh,percentiles_81_90,2001,120200.0,118300.0,87900.0,3700.0,4800.0,6600.0,100.0,700.0,3400.0,700.0,200.0,1500.0,500.0,700.0,500.0,6900.0,1900.0,1000.0,300.0,400.0,200.0
nonelderly_childless_hh,percentiles_81_90,2002,118400.0,116300.0,87100.0,3300.0,5200.0,6500.0,100.0,600.0,2900.0,500.0,200.0,1100.0,400.0,600.0,400.0,7400.0,2200.0,1000.0,400.0,700.0,100.0
nonelderly_childless_hh,percentiles_81_90,2003,120800.0,118700.0,87400.0,3800.0,6000.0,6500.0,100.0,800.0,3600.0,400.0,200.0,800.0,500.0,600.0,500.0,7500.0,2100.0,900.0,400.0,600.0,200.0
nonelderly_childless_hh,percentiles_81_90,2004,124800.0,122600.0,88800.0,4100.0,6700.0,6600.0,100.0,1100.0,3500.0,800.0,100.0,700.0,400.0,700.0,600.0,8400.0,2100.0,1100.0,500.0,400.0,200.0
nonelderly_childless_hh,percentiles_81_90,2005,127900.0,125800.0,89800.0,4300.0,7200.0,6800.0,100.0,1400.0,3800.0,1200.0,100.0,1000.0,400.0,800.0,800.0,8100.0,2000.0,1000.0,400.0,300.0,300.0
nonelderly_childless_hh,percentiles_81_90,2006,131000.0,128500.0,91500.0,4400.0,7000.0,6900.0,100.0,1500.0,3500.0,1600.0,200.0,1300.0,400.0,900.0,1000.0,8000.0,2500.0,1400.0,600.0,300.0,300.0
nonelderly_childless_hh,percentiles_81_90,2007,134800.0,132700.0,94800.0,4700.0,6700.0,7200.0,100.0,1400.0,4000.0,1700.0,100.0,1400.0,500.0,900.0,800.0,8400.0,2000.0,1100.0,500.0,300.0,200.0
nonelderly_childless_hh,percentiles_81_90,2008,132000.0,129400.0,94000.0,4600.0,6800.0,7100.0,100.0,800.0,3200.0,500.0,200.0,1200.0,500.0,900.0,500.0,9200.0,2500.0,1400.0,600.0,500.0,100.0
nonelderly_childless_hh,percentiles_81_90,2009,128200.0,125100.0,91800.0,4100.0,7000.0,6900.0,100.0,600.0,3000.0,200.0,200.0,800.0,500.0,700.0,400.0,8900.0,3100.0,1400.0,500.0,1100.0,100.0
nonelderly_childless_hh,percentiles_81_90,2010,128900.0,125600.0,90900.0,4100.0,6800.0,6900.0,100.0,900.0,3500.0,300.0,200.0,600.0,500.0,800.0,500.0,9400.0,3300.0,1500.0,600.0,1100.0,100.0
nonelderly_childless_hh,percentiles_81_90,2011,130000.0,126900.0,91600.0,4300.0,6900.0,6900.0,100.0,900.0,3700.0,500.0,200.0,500.0,500.0,900.0,500.0,9700.0,3000.0,1500.0,600.0,800.0,100.0
nonelderly_childless_hh,percentiles_81_90,2012,132000.0,128900.0,93500.0,4400.0,6800.0,7100.0,100.0,1000.0,3800.0,600.0,100.0,400.0,600.0,800.0,500.0,9300.0,3100.0,1600.0,700.0,600.0,200.0
nonelderly_childless_hh,percentiles_81_90,2013,134300.0,131700.0,95800.0,4600.0,6700.0,7300.0,100.0,1100.0,4000.0,800.0,100.0,400.0,500.0,800.0,600.0,8900.0,2600.0,1400.0,500.0,500.0,200.0
nonelderly_childless_hh,percentiles_81_90,2014,138100.0,135400.0,97800.0,4700.0,6700.0,7400.0,100.0,1200.0,4100.0,1300.0,100.0,300.0,600.0,900.0,700.0,9300.0,2600.0,1500.0,600.0,300.0,200.0
nonelderly_childless_hh,percentiles_81_90,2015,143500.0,141000.0,101800.0,5000.0,7000.0,7800.0,100.0,1200.0,4400.0,1200.0,100.0,300.0,600.0,900.0,700.0,10000.0,2500.0,1500.0,600.0,300.0,100.0
nonelderly_childless_hh,percentiles_91_95,1979,112100.0,111100.0,86700.0,0.0,3400.0,4400.0,200.0,1100.0,4300.0,1500.0,,3800.0,500.0,1000.0,1700.0,2400.0,1000.0,500.0,100.0,200.0,200.0
nonelderly_childless_hh,percentiles_91_95,1980,110700.0,109500.0,85400.0,0.0,2900.0,4300.0,200.0,900.0,3600.0,1500.0,,4900.0,500.0,1000.0,1400.0,2800.0,1300.0,600.0,100.0,400.0,100.0
nonelderly_childless_hh,percentiles_91_95,1981,111500.0,110300.0,86300.0,0.0,3000.0,4800.0,200.0,700.0,3300.0,800.0,100.0,5500.0,500.0,1400.0,1100.0,2700.0,1200.0,700.0,100.0,200.0,100.0
nonelderly_childless_hh,percentiles_91_95,1982,111500.0,110000.0,87300.0,0.0,3300.0,5000.0,200.0,500.0,2800.0,700.0,100.0,4900.0,400.0,1500.0,600.0,2800.0,1400.0,800.0,100.0,300.0,200.0
nonelderly_childless_hh,percentiles_91_95,1983,115000.0,113500.0,88200.0,0.0,3500.0,5100.0,200.0,600.0,3400.0,1400.0,200.0,4900.0,600.0,1200.0,800.0,3400.0,1400.0,900.0,200.0,300.0,100.0
nonelderly_childless_hh,percentiles_91_95,1984,123300.0,121800.0,93300.0,800.0,3400.0,5600.0,200.0,800.0,4300.0,1500.0,200.0,5300.0,500.0,1200.0,900.0,3900.0,1500.0,900.0,200.0,300.0,200.0
nonelderly_childless_hh,percentiles_91_95,1985,121800.0,120300.0,92100.0,1100.0,3500.0,5800.0,200.0,700.0,3300.0,1900.0,200.0,5100.0,600.0,1200.0,900.0,3800.0,1500.0,800.0,200.0,200.0,200.0
nonelderly_childless_hh,percentiles_91_95,1986,128600.0,127200.0,96700.0,1300.0,3500.0,6100.0,200.0,800.0,4000.0,3400.0,300.0,4200.0,600.0,1200.0,900.0,3900.0,1400.0,800.0,200.0,300.0,200.0
nonelderly_childless_hh,percentiles_91_95,1987,130700.0,129400.0,98200.0,1400.0,4200.0,6200.0,200.0,1000.0,3800.0,1900.0,300.0,4200.0,500.0,1400.0,1300.0,4800.0,1300.0,700.0,200.0,200.0,200.0
nonelderly_childless_hh,percentiles_91_95,1988,133700.0,132400.0,99500.0,1700.0,4600.0,6600.0,200.0,1000.0,4300.0,1500.0,400.0,4200.0,500.0,1500.0,1200.0,5300.0,1300.0,700.0,200.0,200.0,200.0
nonelderly_childless_hh,percentiles_91_95,1989,135200.0,133700.0,99200.0,1900.0,4700.0,6600.0,200.0,1000.0,5000.0,1500.0,500.0,4600.0,600.0,1600.0,1200.0,5200.0,1400.0,700.0,200.0,200.0,400.0
nonelderly_childless_hh,percentiles_91_95,1990,132100.0,130800.0,97200.0,1900.0,4600.0,6700.0,200.0,900.0,4700.0,1100.0,400.0,4800.0,600.0,1400.0,1200.0,5300.0,1300.0,700.0,200.0,200.0,200.0
nonelderly_childless_hh,percentiles_91_95,1991,130000.0,128400.0,96000.0,1900.0,4600.0,6700.0,200.0,800.0,4500.0,1200.0,500.0,4000.0,600.0,1300.0,1100.0,5100.0,1600.0,800.0,200.0,300.0,400.0
nonelderly_childless_hh,percentiles_91_95,1992,132800.0,131100.0,97200.0,2400.0,5300.0,6800.0,100.0,900.0,4400.0,1200.0,600.0,3000.0,700.0,1300.0,1100.0,6200.0,1700.0,700.0,200.0,500.0,300.0
nonelderly_childless_hh,percentiles_91_95,1993,134300.0,132600.0,97600.0,2500.0,5700.0,6800.0,100.0,1000.0,5100.0,1600.0,400.0,2200.0,900.0,1400.0,1300.0,5900.0,1800.0,900.0,300.0,400.0,200.0
nonelderly_childless_hh,percentiles_91_95,1994,135100.0,133400.0,99000.0,2700.0,6100.0,7000.0,100.0,1100.0,5400.0,1100.0,500.0,1900.0,700.0,1200.0,1200.0,5300.0,1700.0,1000.0,200.0,300.0,200.0
nonelderly_childless_hh,percentiles_91_95,1995,139300.0,137700.0,100700.0,3400.0,5800.0,7300.0,100.0,1200.0,4600.0,1400.0,500.0,2200.0,900.0,1400.0,1500.0,6600.0,1600.0,1000.0,200.0,300.0,100.0
nonelderly_childless_hh,percentiles_91_95,1996,145000.0,143300.0,104300.0,3900.0,5800.0,7400.0,100.0,1300.0,5100.0,2200.0,400.0,2700.0,900.0,1400.0,1600.0,6300.0,1700.0,1000.0,300.0,300.0,100.0
nonelderly_childless_hh,percentiles_91_95,1997,150600.0,148600.0,108200.0,4000.0,5300.0,7600.0,100.0,1400.0,5200.0,2900.0,400.0,2600.0,900.0,1700.0,1600.0,6600.0,2000.0,900.0,300.0,200.0,600.0
nonelderly_childless_hh,percentiles_91_95,1998,156300.0,154700.0,110600.0,4400.0,5100.0,7900.0,100.0,1300.0,6500.0,3700.0,300.0,2400.0,900.0,1700.0,1500.0,8300.0,1500.0,900.0,300.0,200.0,200.0
nonelderly_childless_hh,percentiles_91_95,1999,162200.0,160600.0,114700.0,4800.0,5100.0,8100.0,100.0,1300.0,6200.0,4700.0,400.0,2300.0,700.0,1900.0,1600.0,8700.0,1600.0,1000.0,300.0,200.0,100.0
nonelderly_childless_hh,percentiles_91_95,2000,165800.0,164300.0,117300.0,4900.0,5200.0,8200.0,100.0,1300.0,6400.0,4300.0,300.0,2700.0,800.0,2100.0,1500.0,9100.0,1500.0,800.0,300.0,200.0,200.0
nonelderly_childless_hh,percentiles_91_95,2001,161100.0,159600.0,117300.0,5100.0,5400.0,8500.0,100.0,900.0,6000.0,1500.0,400.0,2500.0,800.0,1300.0,900.0,8800.0,1500.0,900.0,300.0,300.0,100.0
nonelderly_childless_hh,percentiles_91_95,2002,157300.0,155200.0,114300.0,5600.0,6100.0,8300.0,100.0,800.0,5700.0,1000.0,300.0,1700.0,700.0,1000.0,700.0,8800.0,2100.0,1100.0,300.0,500.0,200.0
nonelderly_childless_hh,percentiles_91_95,2003,161300.0,159500.0,116000.0,6800.0,6900.0,8500.0,100.0,1100.0,5700.0,1100.0,300.0,1200.0,700.0,900.0,900.0,9200.0,1800.0,900.0,300.0,400.0,100.0
nonelderly_childless_hh,percentiles_91_95,2004,166300.0,164700.0,116800.0,7200.0,7700.0,8500.0,100.0,1400.0,6500.0,2200.0,300.0,1200.0,800.0,1300.0,1200.0,9500.0,1600.0,900.0,300.0,300.0,200.0
nonelderly_childless_hh,percentiles_91_95,2005,175300.0,173400.0,119500.0,7800.0,8400.0,8700.0,100.0,1900.0,7300.0,3600.0,300.0,1700.0,900.0,1500.0,1800.0,10100.0,1900.0,1100.0,300.0,300.0,200.0
nonelderly_childless_hh,percentiles_91_95,2006,178600.0,176500.0,120700.0,7900.0,8000.0,8800.0,100.0,2000.0,7700.0,3700.0,400.0,2100.0,800.0,1800.0,1900.0,10600.0,2100.0,1100.0,400.0,300.0,300.0
nonelderly_childless_hh,percentiles_91_95,2007,185200.0,183500.0,125500.0,8400.0,8000.0,9200.0,100.0,1800.0,7400.0,4000.0,300.0,2800.0,800.0,2100.0,1700.0,11300.0,1800.0,1000.0,500.0,200.0,100.0
nonelderly_childless_hh,percentiles_91_95,2008,177000.0,175200.0,124200.0,7900.0,7900.0,9100.0,100.0,1100.0,6700.0,1300.0,400.0,2100.0,1000.0,1800.0,900.0,10500.0,1800.0,900.0,400.0,400.0,200.0
nonelderly_childless_hh,percentiles_91_95,2009,172600.0,169900.0,121000.0,7400.0,8100.0,9000.0,100.0,800.0,6200.0,700.0,400.0,1400.0,900.0,1300.0,700.0,12000.0,2700.0,1200.0,400.0,1000.0,100.0
nonelderly_childless_hh,percentiles_91_95,2010,175200.0,172700.0,121500.0,7500.0,8000.0,9000.0,100.0,1200.0,6500.0,1100.0,400.0,1100.0,900.0,1400.0,900.0,13200.0,2500.0,1200.0,500.0,800.0,100.0
nonelderly_childless_hh,percentiles_91_95,2011,178000.0,175200.0,124000.0,7600.0,8000.0,9100.0,100.0,1200.0,7300.0,1000.0,400.0,800.0,900.0,1400.0,800.0,12600.0,2800.0,1500.0,600.0,700.0,100.0
nonelderly_childless_hh,percentiles_91_95,2012,180400.0,177800.0,126200.0,7900.0,7700.0,9300.0,100.0,1400.0,7800.0,1400.0,400.0,700.0,1100.0,1600.0,900.0,11500.0,2600.0,1400.0,500.0,500.0,100.0
nonelderly_childless_hh,percentiles_91_95,2013,184500.0,182400.0,128100.0,8200.0,7800.0,9600.0,100.0,1500.0,7800.0,2500.0,300.0,600.0,1000.0,1400.0,1300.0,12300.0,2000.0,1200.0,400.0,400.0,100.0
nonelderly_childless_hh,percentiles_91_95,2014,190100.0,187900.0,132000.0,8400.0,7900.0,9800.0,100.0,1700.0,8300.0,3000.0,200.0,500.0,1000.0,1800.0,1400.0,11800.0,2200.0,1200.0,400.0,300.0,200.0
nonelderly_childless_hh,percentiles_91_95,2015,195000.0,193200.0,136800.0,8900.0,8100.0,10100.0,100.0,1600.0,7500.0,2800.0,300.0,600.0,1000.0,1800.0,1400.0,12300.0,1800.0,1100.0,500.0,200.0,100.0
nonelderly_childless_hh,percentiles_96_99,1979,161300.0,160400.0,107300.0,0.0,3600.0,4200.0,200.0,1400.0,14000.0,7500.0,400.0,8000.0,1600.0,3400.0,5100.0,3800.0,900.0,500.0,100.0,200.0,100.0
nonelderly_childless_hh,percentiles_96_99,1980,157000.0,155900.0,107400.0,0.0,3100.0,4300.0,200.0,1100.0,10700.0,5800.0,300.0,10200.0,1500.0,3500.0,3900.0,3900.0,1100.0,600.0,100.0,300.0,100.0
nonelderly_childless_hh,percentiles_96_99,1981,157100.0,156000.0,107900.0,0.0,3200.0,4900.0,200.0,900.0,9100.0,5200.0,400.0,11900.0,1500.0,4400.0,3100.0,3500.0,1100.0,600.0,100.0,200.0,100.0
nonelderly_childless_hh,percentiles_96_99,1982,157900.0,156400.0,110800.0,0.0,3600.0,5200.0,200.0,600.0,8200.0,4300.0,600.0,10700.0,1700.0,4100.0,1600.0,4800.0,1500.0,900.0,200.0,300.0,100.0
nonelderly_childless_hh,percentiles_96_99,1983,162100.0,160600.0,112700.0,0.0,3700.0,5400.0,200.0,800.0,8500.0,7200.0,700.0,9300.0,1500.0,3400.0,2200.0,5000.0,1500.0,1000.0,200.0,200.0,100.0
nonelderly_childless_hh,percentiles_96_99,1984,176800.0,175300.0,119000.0,900.0,3500.0,5800.0,200.0,1000.0,13600.0,7100.0,900.0,10000.0,1800.0,3400.0,2600.0,5600.0,1500.0,1000.0,200.0,200.0,200.0
nonelderly_childless_hh,percentiles_96_99,1985,178400.0,176900.0,121800.0,1400.0,3900.0,6200.0,200.0,900.0,10700.0,9300.0,900.0,9700.0,1600.0,3300.0,2400.0,4700.0,1500.0,1000.0,200.0,200.0,100.0
nonelderly_childless_hh,percentiles_96_99,1986,193600.0,192000.0,126500.0,1500.0,4000.0,6500.0,200.0,1000.0,12400.0,17300.0,1200.0,8200.0,1600.0,3500.0,2600.0,5600.0,1600.0,1000.0,200.0,200.0,200.0
nonelderly_childless_hh,percentiles_96_99,1987,190700.0,189700.0,128700.0,1800.0,4700.0,6700.0,200.0,1200.0,13300.0,7700.0,1800.0,8400.0,1800.0,3900.0,3500.0,5800.0,1100.0,700.0,200.0,100.0,100.0
nonelderly_childless_hh,percentiles_96_99,1988,197800.0,196700.0,130800.0,1900.0,5200.0,7000.0,200.0,1300.0,16000.0,7200.0,1800.0,9200.0,1900.0,3900.0,3500.0,7000.0,1100.0,700.0,200.0,100.0,100.0
nonelderly_childless_hh,percentiles_96_99,1989,202100.0,200900.0,134100.0,2300.0,5400.0,7100.0,200.0,1300.0,15200.0,6600.0,2100.0,9600.0,1700.0,4100.0,3300.0,7900.0,1200.0,700.0,200.0,100.0,200.0
nonelderly_childless_hh,percentiles_96_99,1990,195400.0,193900.0,131300.0,2400.0,5300.0,7300.0,100.0,1200.0,13900.0,4400.0,2500.0,9700.0,1600.0,3800.0,3100.0,7300.0,1400.0,700.0,200.0,200.0,400.0
nonelderly_childless_hh,percentiles_96_99,1991,192600.0,191400.0,131100.0,2300.0,5300.0,7600.0,100.0,1100.0,14700.0,4200.0,1700.0,7600.0,1800.0,3300.0,2700.0,8000.0,1200.0,600.0,200.0,200.0,200.0
nonelderly_childless_hh,percentiles_96_99,1992,197700.0,196600.0,133700.0,2800.0,6100.0,7900.0,100.0,1200.0,16200.0,4700.0,2000.0,5500.0,2000.0,3100.0,3000.0,8300.0,1100.0,500.0,100.0,300.0,200.0
nonelderly_childless_hh,percentiles_96_99,1993,198600.0,197200.0,133000.0,3100.0,6600.0,7800.0,100.0,1400.0,15700.0,5600.0,1900.0,4700.0,2400.0,3500.0,3700.0,7800.0,1400.0,700.0,200.0,200.0,300.0
nonelderly_childless_hh,percentiles_96_99,1994,204700.0,202700.0,137400.0,3300.0,7400.0,8100.0,100.0,1500.0,16700.0,4700.0,1700.0,4100.0,2000.0,3300.0,3600.0,8700.0,2000.0,1100.0,200.0,200.0,500.0
nonelderly_childless_hh,percentiles_96_99,1995,213700.0,212500.0,142100.0,4000.0,6700.0,8400.0,100.0,1700.0,16500.0,6300.0,1800.0,5000.0,2900.0,4000.0,4500.0,8400.0,1200.0,600.0,200.0,200.0,200.0
nonelderly_childless_hh,percentiles_96_99,1996,221700.0,220400.0,143600.0,4500.0,6700.0,8400.0,100.0,1800.0,19500.0,7900.0,1900.0,5500.0,2100.0,4400.0,4500.0,9500.0,1300.0,800.0,300.0,200.0,
nonelderly_childless_hh,percentiles_96_99,1997,235100.0,233600.0,150500.0,4400.0,5900.0,8700.0,100.0,1900.0,19700.0,12000.0,1600.0,5500.0,2200.0,5200.0,4900.0,11000.0,1500.0,900.0,300.0,200.0,100.0
nonelderly_childless_hh,percentiles_96_99,1998,247300.0,246000.0,157100.0,4700.0,5900.0,8900.0,100.0,1800.0,23400.0,13500.0,1400.0,5700.0,2200.0,4700.0,4400.0,12000.0,1400.0,900.0,200.0,200.0,100.0
nonelderly_childless_hh,percentiles_96_99,1999,258900.0,257500.0,161000.0,4900.0,6100.0,9300.0,100.0,1800.0,24500.0,17200.0,1400.0,5800.0,2500.0,5100.0,4800.0,12900.0,1400.0,900.0,300.0,200.0,100.0
nonelderly_childless_hh,percentiles_96_99,2000,266200.0,264900.0,169400.0,5200.0,6200.0,9700.0,100.0,1800.0,22300.0,16300.0,1700.0,6400.0,2400.0,5600.0,4500.0,13500.0,1400.0,900.0,300.0,200.0,100.0
nonelderly_childless_hh,percentiles_96_99,2001,251000.0,249400.0,170100.0,5300.0,6600.0,10000.0,100.0,1200.0,21400.0,7400.0,1200.0,5000.0,2400.0,3700.0,2700.0,12100.0,1600.0,1000.0,200.0,200.0,200.0
nonelderly_childless_hh,percentiles_96_99,2002,240600.0,238900.0,164300.0,7800.0,7100.0,10000.0,100.0,1100.0,20400.0,4700.0,1100.0,3300.0,1900.0,2700.0,2200.0,12300.0,1800.0,800.0,200.0,500.0,300.0
nonelderly_childless_hh,percentiles_96_99,2003,249100.0,247400.0,166400.0,10200.0,8500.0,10300.0,100.0,1600.0,20900.0,6400.0,1100.0,2800.0,2100.0,2900.0,3100.0,11100.0,1800.0,800.0,300.0,500.0,100.0
nonelderly_childless_hh,percentiles_96_99,2004,262100.0,260400.0,167400.0,10600.0,9100.0,10100.0,100.0,2000.0,23900.0,10700.0,1100.0,2700.0,2500.0,3600.0,4200.0,12300.0,1700.0,1000.0,300.0,300.0,200.0
nonelderly_childless_hh,percentiles_96_99,2005,281400.0,279600.0,167900.0,11000.0,9400.0,9800.0,100.0,2600.0,28700.0,16900.0,1400.0,4000.0,2700.0,4600.0,6300.0,14300.0,1800.0,1000.0,400.0,200.0,200.0
nonelderly_childless_hh,percentiles_96_99,2006,293900.0,292100.0,175200.0,12000.0,8800.0,10100.0,100.0,2900.0,30500.0,16800.0,1700.0,5500.0,2700.0,5500.0,6700.0,13600.0,1800.0,1100.0,400.0,200.0,100.0
nonelderly_childless_hh,percentiles_96_99,2007,304000.0,302400.0,182100.0,12500.0,8900.0,10400.0,100.0,2600.0,30500.0,17900.0,1900.0,6400.0,2500.0,6500.0,5700.0,14300.0,1600.0,1000.0,300.0,200.0,100.0
nonelderly_childless_hh,percentiles_96_99,2008,280400.0,279100.0,180400.0,12700.0,8900.0,10700.0,100.0,1500.0,25600.0,6700.0,1800.0,4800.0,2900.0,5100.0,2900.0,15000.0,1300.0,600.0,300.0,300.0,100.0
nonelderly_childless_hh,percentiles_96_99,2009,264600.0,262700.0,176800.0,12400.0,9200.0,11000.0,100.0,1200.0,21700.0,3000.0,1500.0,3300.0,2100.0,3500.0,2000.0,14900.0,1900.0,700.0,300.0,800.0,100.0
nonelderly_childless_hh,percentiles_96_99,2010,273400.0,271000.0,181500.0,12200.0,9000.0,11000.0,100.0,1700.0,22300.0,4200.0,1500.0,2500.0,2300.0,3600.0,2600.0,16500.0,2400.0,1000.0,400.0,800.0,200.0
nonelderly_childless_hh,percentiles_96_99,2011,278100.0,276000.0,184200.0,12300.0,9000.0,10900.0,100.0,1700.0,23900.0,4500.0,1400.0,2100.0,2600.0,4000.0,2700.0,16500.0,2100.0,1200.0,400.0,500.0,100.0
nonelderly_childless_hh,percentiles_96_99,2012,292000.0,290100.0,190000.0,12300.0,8500.0,11000.0,100.0,2100.0,28200.0,7400.0,1500.0,1800.0,2700.0,4900.0,3300.0,16400.0,1900.0,1100.0,400.0,400.0,100.0
nonelderly_childless_hh,percentiles_96_99,2013,294800.0,293000.0,192400.0,12700.0,8700.0,11400.0,100.0,2200.0,28400.0,7800.0,1300.0,1700.0,2700.0,4600.0,4100.0,14900.0,1800.0,1000.0,400.0,300.0,100.0
nonelderly_childless_hh,percentiles_96_99,2014,307900.0,306000.0,196500.0,13200.0,8500.0,11600.0,100.0,2400.0,29900.0,11400.0,1400.0,1700.0,2900.0,5700.0,4900.0,16000.0,1900.0,1200.0,400.0,200.0,100.0
nonelderly_childless_hh,percentiles_96_99,2015,318000.0,316300.0,204600.0,13800.0,8700.0,11900.0,100.0,2300.0,32500.0,11000.0,1300.0,1800.0,2600.0,5400.0,4500.0,15900.0,1700.0,1000.0,400.0,200.0,
nonelderly_childless_hh,top_1_percent,1979,517300.0,516500.0,192900.0,0.0,3500.0,2800.0,200.0,2400.0,61600.0,114000.0,6200.0,29300.0,11300.0,37600.0,48100.0,6500.0,700.0,400.0,100.0,100.0,100.0
nonelderly_childless_hh,top_1_percent,1980,503300.0,502300.0,206100.0,0.0,3100.0,3000.0,100.0,2100.0,52400.0,105700.0,5200.0,34200.0,11100.0,37000.0,36300.0,6100.0,1000.0,600.0,100.0,100.0,100.0
nonelderly_childless_hh,top_1_percent,1981,489000.0,488100.0,200900.0,0.0,3300.0,3700.0,100.0,1600.0,36500.0,107600.0,5900.0,44000.0,14100.0,34300.0,28800.0,7200.0,900.0,600.0,200.0,100.0,
nonelderly_childless_hh,top_1_percent,1982,546100.0,544800.0,220100.0,0.0,3800.0,4900.0,100.0,1100.0,45100.0,133100.0,9500.0,45400.0,13400.0,39200.0,20100.0,9000.0,1300.0,900.0,100.0,200.0,
nonelderly_childless_hh,top_1_percent,1983,549600.0,548100.0,216500.0,0.0,3700.0,4900.0,200.0,1500.0,47600.0,150300.0,10900.0,36000.0,12100.0,29200.0,23900.0,11400.0,1500.0,1100.0,200.0,100.0,200.0
nonelderly_childless_hh,top_1_percent,1984,621200.0,619500.0,227600.0,600.0,3200.0,5000.0,100.0,1700.0,63700.0,180700.0,14000.0,44400.0,12000.0,26500.0,30700.0,9200.0,1700.0,1200.0,200.0,200.0,100.0
nonelderly_childless_hh,top_1_percent,1985,687700.0,686000.0,237200.0,900.0,3900.0,5100.0,100.0,1700.0,69400.0,211600.0,19000.0,47800.0,11500.0,36200.0,30800.0,10800.0,1700.0,1200.0,200.0,100.0,200.0
nonelderly_childless_hh,top_1_percent,1986,834800.0,833700.0,232700.0,1000.0,4000.0,5100.0,100.0,1800.0,66500.0,380300.0,18500.0,39300.0,8900.0,34600.0,32800.0,8000.0,1100.0,800.0,100.0,200.0,
nonelderly_childless_hh,top_1_percent,1987,694100.0,692800.0,287500.0,1300.0,4600.0,6000.0,100.0,2600.0,96900.0,136300.0,19600.0,49700.0,11700.0,30500.0,35900.0,10200.0,1300.0,800.0,200.0,100.0,100.0
nonelderly_childless_hh,top_1_percent,1988,888400.0,887300.0,355900.0,1600.0,5800.0,6600.0,100.0,3300.0,146300.0,163300.0,21100.0,60100.0,12100.0,42900.0,42600.0,25700.0,1100.0,600.0,200.0,100.0,300.0
nonelderly_childless_hh,top_1_percent,1989,814600.0,813400.0,318900.0,1700.0,6100.0,6700.0,100.0,2900.0,137800.0,136900.0,20800.0,70000.0,12400.0,38600.0,38600.0,22000.0,1100.0,800.0,100.0,100.0,100.0
nonelderly_childless_hh,top_1_percent,1990,862800.0,861200.0,355000.0,1700.0,5700.0,6900.0,100.0,3000.0,158500.0,116500.0,23600.0,73300.0,15000.0,40000.0,40400.0,21800.0,1600.0,500.0,100.0,200.0,900.0
nonelderly_childless_hh,top_1_percent,1991,736400.0,735300.0,326100.0,2000.0,5700.0,7000.0,100.0,2500.0,126400.0,87500.0,23100.0,57300.0,13400.0,32400.0,32600.0,19200.0,1100.0,700.0,200.0,100.0,100.0
nonelderly_childless_hh,top_1_percent,1992,833600.0,832300.0,391200.0,2500.0,6300.0,8900.0,100.0,3200.0,154600.0,94500.0,21300.0,44500.0,14900.0,30400.0,37500.0,22400.0,1300.0,900.0,200.0,200.0,
nonelderly_childless_hh,top_1_percent,1993,773400.0,772300.0,343800.0,2300.0,6900.0,7200.0,100.0,3300.0,140800.0,105300.0,21500.0,35400.0,16100.0,27400.0,43400.0,18800.0,1100.0,600.0,100.0,200.0,200.0
nonelderly_childless_hh,top_1_percent,1994,821600.0,820100.0,333300.0,2800.0,8700.0,9900.0,100.0,3400.0,165100.0,118800.0,22000.0,37800.0,15400.0,31400.0,53800.0,17500.0,1500.0,1000.0,100.0,100.0,300.0
nonelderly_childless_hh,top_1_percent,1995,872200.0,870700.0,364900.0,3000.0,9600.0,10800.0,100.0,4100.0,163100.0,130700.0,21300.0,41500.0,14000.0,32500.0,55500.0,19700.0,1600.0,400.0,100.0,100.0,900.0
nonelderly_childless_hh,top_1_percent,1996,968200.0,967300.0,396400.0,3300.0,9400.0,11400.0,100.0,4600.0,167900.0,192200.0,18500.0,40200.0,14100.0,31500.0,58700.0,19100.0,800.0,500.0,200.0,100.0,
nonelderly_childless_hh,top_1_percent,1997,1153500.0,1152700.0,449500.0,3100.0,8800.0,12200.0,100.0,5200.0,194200.0,269100.0,19700.0,45000.0,15700.0,40100.0,66900.0,23100.0,800.0,500.0,100.0,100.0,100.0
nonelderly_childless_hh,top_1_percent,1998,1315100.0,1313900.0,491900.0,3300.0,8500.0,12900.0,100.0,5100.0,207100.0,354000.0,22800.0,48900.0,16100.0,42400.0,70700.0,30200.0,1200.0,800.0,300.0,100.0,100.0
nonelderly_childless_hh,top_1_percent,1999,1321900.0,1321400.0,506700.0,3800.0,8300.0,13800.0,100.0,5200.0,194200.0,375300.0,20500.0,42700.0,15700.0,40600.0,65600.0,28800.0,500.0,300.0,100.0,100.0,
nonelderly_childless_hh,top_1_percent,2000,1425100.0,1424300.0,547100.0,3900.0,9200.0,14500.0,100.0,5400.0,197200.0,408100.0,25300.0,50100.0,15500.0,48500.0,65600.0,33800.0,800.0,500.0,200.0,100.0,
nonelderly_childless_hh,top_1_percent,2001,1119900.0,1118900.0,500400.0,4100.0,9400.0,14300.0,100.0,3400.0,197800.0,208700.0,21000.0,42600.0,15600.0,33600.0,43200.0,24600.0,1000.0,700.0,200.0,100.0,
nonelderly_childless_hh,top_1_percent,2002,975900.0,974500.0,438000.0,7500.0,9500.0,13200.0,100.0,2800.0,205300.0,145200.0,18500.0,29700.0,14800.0,24900.0,37600.0,27400.0,1300.0,800.0,300.0,300.0,
nonelderly_childless_hh,top_1_percent,2003,1029800.0,1028900.0,433900.0,12600.0,10000.0,13100.0,100.0,3800.0,206700.0,176100.0,18000.0,27300.0,15300.0,31100.0,55100.0,25900.0,900.0,400.0,100.0,200.0,100.0
nonelderly_childless_hh,top_1_percent,2004,1249100.0,1248300.0,474700.0,10500.0,10300.0,13500.0,100.0,5100.0,247500.0,277100.0,17500.0,30800.0,15800.0,43800.0,75600.0,26000.0,800.0,400.0,200.0,200.0,
nonelderly_childless_hh,top_1_percent,2005,1597900.0,1596400.0,515300.0,11000.0,10100.0,13900.0,100.0,7200.0,331400.0,416700.0,23200.0,47000.0,19000.0,57400.0,113300.0,30900.0,1600.0,1000.0,400.0,100.0,100.0
nonelderly_childless_hh,top_1_percent,2006,1665800.0,1664400.0,510500.0,11200.0,9700.0,13800.0,100.0,7700.0,322400.0,459400.0,27900.0,61200.0,17600.0,66300.0,120800.0,35900.0,1500.0,900.0,400.0,100.0,
nonelderly_childless_hh,top_1_percent,2007,1600400.0,1599000.0,523800.0,11800.0,10300.0,14400.0,100.0,6700.0,286200.0,445200.0,28300.0,61700.0,16000.0,67200.0,90100.0,37300.0,1400.0,1000.0,300.0,100.0,
nonelderly_childless_hh,top_1_percent,2008,1366500.0,1365300.0,527500.0,12200.0,9800.0,14700.0,100.0,4100.0,296100.0,251300.0,26500.0,47500.0,19600.0,63600.0,57800.0,34400.0,1200.0,600.0,400.0,200.0,
nonelderly_childless_hh,top_1_percent,2009,1125900.0,1124800.0,474500.0,13100.0,9700.0,14300.0,100.0,2900.0,286100.0,128300.0,22400.0,34200.0,15900.0,46900.0,43900.0,32300.0,1100.0,400.0,200.0,500.0,
nonelderly_childless_hh,top_1_percent,2010,1199600.0,1198700.0,489500.0,13300.0,9500.0,14400.0,100.0,4200.0,263800.0,184900.0,21300.0,28200.0,16500.0,51600.0,61300.0,40000.0,900.0,300.0,200.0,400.0,
nonelderly_childless_hh,top_1_percent,2011,1204400.0,1203300.0,496300.0,13100.0,9300.0,14500.0,100.0,4200.0,267200.0,186200.0,19400.0,25800.0,16900.0,48400.0,61200.0,40700.0,1200.0,700.0,100.0,300.0,
nonelderly_childless_hh,top_1_percent,2012,1503300.0,1501700.0,544300.0,12900.0,8500.0,15000.0,100.0,5400.0,316800.0,321300.0,18800.0,27700.0,19000.0,84200.0,82000.0,45800.0,1600.0,900.0,400.0,200.0,100.0
nonelderly_childless_hh,top_1_percent,2013,1291300.0,1289600.0,514100.0,13700.0,7600.0,15000.0,100.0,5400.0,298500.0,206600.0,17800.0,23900.0,19900.0,54700.0,72800.0,39600.0,1700.0,1200.0,300.0,100.0,100.0
nonelderly_childless_hh,top_1_percent,2014,1434500.0,1433600.0,546200.0,13500.0,8300.0,15100.0,100.0,6200.0,322100.0,286900.0,15300.0,22100.0,21900.0,59700.0,80700.0,35400.0,900.0,500.0,200.0,100.0,100.0
nonelderly_childless_hh,top_1_percent,2015,1440500.0,1439200.0,558600.0,14900.0,8600.0,15900.0,100.0,5800.0,316500.0,295100.0,14200.0,21000.0,16300.0,56900.0,76600.0,38600.0,1300.0,1000.0,300.0,100.0,
