household_type,income_group,year,federal_taxes,individual_income_tax,payroll_taxes,corporate_income_tax,excise_taxes
all_households,all_quintiles,1979,14600.0,7300.0,4500.0,2200.0,600.0
all_households,all_quintiles,1980,14200.0,7500.0,4400.0,1800.0,500.0
all_households,all_quintiles,1981,14400.0,7700.0,4800.0,1400.0,500.0
all_households,all_quintiles,1982,13300.0,7100.0,4800.0,900.0,500.0
all_households,all_quintiles,1983,13200.0,6600.0,4900.0,1100.0,600.0
all_households,all_quintiles,1984,14200.0,6900.0,5300.0,1400.0,700.0
all_households,all_quintiles,1985,14500.0,7100.0,5500.0,1300.0,700.0
all_households,all_quintiles,1986,15500.0,7700.0,5700.0,1400.0,700.0
all_households,all_quintiles,1987,15500.0,7400.0,5800.0,1700.0,700.0
all_households,all_quintiles,1988,16300.0,7800.0,6100.0,1800.0,700.0
all_households,all_quintiles,1989,16200.0,7700.0,6100.0,1700.0,600.0
all_households,all_quintiles,1990,16100.0,7600.0,6300.0,1600.0,600.0
all_households,all_quintiles,1991,15700.0,7200.0,6300.0,1500.0,700.0
all_households,all_quintiles,1992,16200.0,7400.0,6300.0,1600.0,700.0
all_households,all_quintiles,1993,16600.0,7600.0,6400.0,1900.0,800.0
all_households,all_quintiles,1994,17000.0,7600.0,6500.0,2000.0,800.0
all_households,all_quintiles,1995,17900.0,8100.0,6700.0,2200.0,800.0
all_households,all_quintiles,1996,18800.0,8800.0,6800.0,2400.0,800.0
all_households,all_quintiles,1997,19800.0,9500.0,7000.0,2500.0,800.0
all_households,all_quintiles,1998,20500.0,10000.0,7400.0,2300.0,800.0
all_households,all_quintiles,1999,21900.0,10900.0,7700.0,2400.0,900.0
all_households,all_quintiles,2000,22500.0,11500.0,7800.0,2400.0,800.0
all_households,all_quintiles,2001,19900.0,9600.0,7800.0,1600.0,800.0
all_households,all_quintiles,2002,18400.0,8600.0,7600.0,1400.0,800.0
all_households,all_quintiles,2003,17900.0,7700.0,7600.0,2000.0,800.0
all_households,all_quintiles,2004,19300.0,8400.0,7700.0,2500.0,800.0
all_households,all_quintiles,2005,20900.0,9100.0,7700.0,3300.0,800.0
all_households,all_quintiles,2006,21800.0,9600.0,7800.0,3600.0,700.0
all_households,all_quintiles,2007,22000.0,10100.0,8100.0,3200.0,600.0
all_households,all_quintiles,2008,18500.0,8000.0,8000.0,1900.0,600.0
all_households,all_quintiles,2009,16800.0,7000.0,7700.0,1400.0,600.0
all_households,all_quintiles,2010,17900.0,7600.0,7600.0,2000.0,600.0
all_households,all_quintiles,2011,17500.0,8300.0,6600.0,1900.0,600.0
all_households,all_quintiles,2012,18900.0,9200.0,6600.0,2300.0,700.0
all_households,all_quintiles,2013,20400.0,9400.0,7800.0,2500.0,700.0
all_households,all_quintiles,2014,21600.0,10200.0,7900.0,2700.0,800.0
all_households,all_quintiles,2015,22200.0,10600.0,8200.0,2600.0,800.0
all_households,lowest_quintile,1979,1400.0,,900.0,200.0,300.0
all_households,lowest_quintile,1980,1300.0,,900.0,200.0,200.0
all_households,lowest_quintile,1981,1400.0,100.0,1000.0,100.0,200.0
all_households,lowest_quintile,1982,1400.0,100.0,1000.0,100.0,200.0
all_households,lowest_quintile,1983,1500.0,100.0,1000.0,100.0,300.0
all_households,lowest_quintile,1984,1700.0,100.0,1100.0,100.0,400.0
all_households,lowest_quintile,1985,1700.0,100.0,1100.0,100.0,400.0
all_households,lowest_quintile,1986,1700.0,100.0,1100.0,100.0,300.0
all_households,lowest_quintile,1987,1500.0,-100.0,1100.0,200.0,400.0
all_households,lowest_quintile,1988,1400.0,-200.0,1100.0,200.0,300.0
all_households,lowest_quintile,1989,1400.0,-300.0,1200.0,200.0,300.0
all_households,lowest_quintile,1990,1600.0,-200.0,1300.0,100.0,300.0
all_households,lowest_quintile,1991,1600.0,-300.0,1400.0,100.0,400.0
all_households,lowest_quintile,1992,1500.0,-400.0,1400.0,200.0,400.0
all_households,lowest_quintile,1993,1500.0,-500.0,1400.0,200.0,500.0
all_households,lowest_quintile,1994,1300.0,-800.0,1400.0,200.0,500.0
all_households,lowest_quintile,1995,1300.0,-900.0,1500.0,200.0,500.0
all_households,lowest_quintile,1996,1100.0,-1100.0,1500.0,200.0,400.0
all_households,lowest_quintile,1997,1200.0,-1100.0,1600.0,200.0,500.0
all_households,lowest_quintile,1998,1300.0,-1100.0,1800.0,200.0,500.0
all_households,lowest_quintile,1999,1400.0,-1100.0,1800.0,200.0,500.0
all_households,lowest_quintile,2000,1300.0,-1200.0,1800.0,200.0,500.0
all_households,lowest_quintile,2001,1100.0,-1200.0,1800.0,100.0,500.0
all_households,lowest_quintile,2002,1000.0,-1300.0,1700.0,100.0,500.0
all_households,lowest_quintile,2003,1000.0,-1300.0,1700.0,100.0,500.0
all_households,lowest_quintile,2004,1000.0,-1300.0,1700.0,200.0,400.0
all_households,lowest_quintile,2005,1000.0,-1400.0,1800.0,200.0,500.0
all_households,lowest_quintile,2006,1200.0,-1500.0,2000.0,300.0,500.0
all_households,lowest_quintile,2007,1100.0,-1600.0,2100.0,200.0,400.0
all_households,lowest_quintile,2008,200.0,-2400.0,2100.0,200.0,400.0
all_households,lowest_quintile,2009,-100.0,-2600.0,2000.0,100.0,400.0
all_households,lowest_quintile,2010,,-2600.0,2000.0,200.0,500.0
all_households,lowest_quintile,2011,100.0,-2200.0,1700.0,100.0,500.0
all_households,lowest_quintile,2012,200.0,-2100.0,1600.0,200.0,500.0
all_households,lowest_quintile,2013,500.0,-2200.0,2000.0,200.0,500.0
all_households,lowest_quintile,2014,400.0,-2200.0,1900.0,200.0,500.0
all_households,lowest_quintile,2015,300.0,-2300.0,2000.0,200.0,500.0
all_households,second_quintile,1979,5500.0,1500.0,2800.0,700.0,500.0
all_households,second_quintile,1980,5200.0,1600.0,2700.0,500.0,400.0
all_households,second_quintile,1981,5300.0,1700.0,2900.0,400.0,400.0
all_households,second_quintile,1982,4800.0,1500.0,2700.0,200.0,400.0
all_households,second_quintile,1983,4700.0,1300.0,2600.0,300.0,400.0
all_households,second_quintile,1984,5300.0,1500.0,3000.0,400.0,500.0
all_households,second_quintile,1985,5400.0,1400.0,3100.0,300.0,500.0
all_households,second_quintile,1986,5400.0,1500.0,3100.0,300.0,500.0
all_households,second_quintile,1987,5000.0,1100.0,3000.0,400.0,500.0
all_households,second_quintile,1988,5200.0,1100.0,3200.0,400.0,500.0
all_households,second_quintile,1989,5100.0,1100.0,3200.0,400.0,400.0
all_households,second_quintile,1990,5600.0,1300.0,3400.0,400.0,500.0
all_households,second_quintile,1991,5200.0,1100.0,3300.0,400.0,500.0
all_households,second_quintile,1992,5000.0,900.0,3100.0,400.0,500.0
all_households,second_quintile,1993,5000.0,900.0,3100.0,400.0,600.0
all_households,second_quintile,1994,4900.0,700.0,3100.0,400.0,600.0
all_households,second_quintile,1995,5300.0,800.0,3400.0,500.0,600.0
all_households,second_quintile,1996,5200.0,800.0,3400.0,500.0,600.0
all_households,second_quintile,1997,5600.0,900.0,3600.0,500.0,600.0
all_households,second_quintile,1998,5500.0,700.0,3800.0,500.0,600.0
all_households,second_quintile,1999,5900.0,700.0,4000.0,500.0,700.0
all_households,second_quintile,2000,5800.0,800.0,4000.0,500.0,600.0
all_households,second_quintile,2001,5000.0,200.0,3900.0,300.0,600.0
all_households,second_quintile,2002,4600.0,,3700.0,300.0,600.0
all_households,second_quintile,2003,4100.0,-400.0,3600.0,400.0,600.0
all_households,second_quintile,2004,4300.0,-300.0,3600.0,400.0,500.0
all_households,second_quintile,2005,4500.0,-300.0,3700.0,500.0,500.0
all_households,second_quintile,2006,4600.0,-300.0,3800.0,600.0,500.0
all_households,second_quintile,2007,5000.0,-100.0,4100.0,500.0,400.0
all_households,second_quintile,2008,3400.0,-1200.0,3800.0,300.0,400.0
all_households,second_quintile,2009,3100.0,-1200.0,3600.0,200.0,400.0
all_households,second_quintile,2010,3300.0,-1000.0,3600.0,300.0,500.0
all_households,second_quintile,2011,3200.0,-600.0,3000.0,300.0,500.0
all_households,second_quintile,2012,3200.0,-600.0,3000.0,300.0,500.0
all_households,second_quintile,2013,3800.0,-600.0,3500.0,400.0,500.0
all_households,second_quintile,2014,3800.0,-700.0,3600.0,400.0,500.0
all_households,second_quintile,2015,4100.0,-600.0,3700.0,400.0,500.0
all_households,middle_quintile,1979,10800.0,4200.0,4800.0,1100.0,600.0
all_households,middle_quintile,1980,10400.0,4300.0,4600.0,900.0,500.0
all_households,middle_quintile,1981,10500.0,4400.0,4900.0,700.0,500.0
all_households,middle_quintile,1982,9700.0,4000.0,4800.0,500.0,500.0
all_households,middle_quintile,1983,9200.0,3500.0,4600.0,600.0,600.0
all_households,middle_quintile,1984,10000.0,3600.0,5100.0,700.0,600.0
all_households,middle_quintile,1985,10100.0,3700.0,5200.0,600.0,600.0
all_households,middle_quintile,1986,10300.0,3700.0,5400.0,700.0,600.0
all_households,middle_quintile,1987,10100.0,3300.0,5300.0,900.0,600.0
all_households,middle_quintile,1988,10500.0,3400.0,5600.0,900.0,600.0
all_households,middle_quintile,1989,10500.0,3500.0,5600.0,800.0,600.0
all_households,middle_quintile,1990,10600.0,3500.0,5700.0,800.0,600.0
all_households,middle_quintile,1991,10200.0,3300.0,5500.0,700.0,700.0
all_households,middle_quintile,1992,10200.0,3200.0,5600.0,800.0,700.0
all_households,middle_quintile,1993,10200.0,3100.0,5500.0,800.0,700.0
all_households,middle_quintile,1994,10300.0,3100.0,5500.0,900.0,800.0
all_households,middle_quintile,1995,10700.0,3200.0,5800.0,1000.0,800.0
all_households,middle_quintile,1996,10900.0,3300.0,5900.0,1000.0,700.0
all_households,middle_quintile,1997,11300.0,3500.0,6100.0,1000.0,700.0
all_households,middle_quintile,1998,11200.0,3300.0,6300.0,900.0,700.0
all_households,middle_quintile,1999,11600.0,3400.0,6500.0,1000.0,800.0
all_households,middle_quintile,2000,11500.0,3400.0,6500.0,900.0,800.0
all_households,middle_quintile,2001,10400.0,2600.0,6500.0,600.0,700.0
all_households,middle_quintile,2002,9800.0,2400.0,6200.0,600.0,700.0
all_households,middle_quintile,2003,9300.0,1800.0,6100.0,700.0,700.0
all_households,middle_quintile,2004,9800.0,2000.0,6300.0,800.0,700.0
all_households,middle_quintile,2005,10100.0,2000.0,6300.0,1100.0,700.0
all_households,middle_quintile,2006,10300.0,2100.0,6400.0,1100.0,600.0
all_households,middle_quintile,2007,10600.0,2400.0,6600.0,1000.0,600.0
all_households,middle_quintile,2008,8500.0,900.0,6400.0,600.0,600.0
all_households,middle_quintile,2009,8000.0,1000.0,6000.0,500.0,600.0
all_households,middle_quintile,2010,8200.0,1200.0,5900.0,600.0,600.0
all_households,middle_quintile,2011,8000.0,1800.0,5000.0,600.0,600.0
all_households,middle_quintile,2012,8100.0,1800.0,5000.0,600.0,600.0
all_households,middle_quintile,2013,9300.0,2000.0,6000.0,700.0,600.0
all_households,middle_quintile,2014,9600.0,2000.0,6200.0,800.0,700.0
all_households,middle_quintile,2015,9900.0,2200.0,6300.0,800.0,700.0
all_households,fourth_quintile,1979,16600.0,7700.0,6500.0,1700.0,700.0
all_households,fourth_quintile,1980,16200.0,7900.0,6300.0,1400.0,600.0
all_households,fourth_quintile,1981,16800.0,8300.0,6800.0,1100.0,600.0
all_households,fourth_quintile,1982,15400.0,7400.0,6700.0,700.0,600.0
all_households,fourth_quintile,1983,14900.0,6700.0,6600.0,900.0,700.0
all_households,fourth_quintile,1984,15900.0,6900.0,7200.0,1100.0,700.0
all_households,fourth_quintile,1985,16000.0,6900.0,7400.0,1000.0,700.0
all_households,fourth_quintile,1986,16700.0,7100.0,7800.0,1100.0,700.0
all_households,fourth_quintile,1987,16700.0,6600.0,7900.0,1400.0,700.0
all_households,fourth_quintile,1988,17100.0,6800.0,8300.0,1300.0,700.0
all_households,fourth_quintile,1989,17300.0,6900.0,8300.0,1300.0,700.0
all_households,fourth_quintile,1990,17100.0,6800.0,8400.0,1200.0,700.0
all_households,fourth_quintile,1991,16800.0,6600.0,8300.0,1100.0,800.0
all_households,fourth_quintile,1992,16700.0,6400.0,8300.0,1200.0,800.0
all_households,fourth_quintile,1993,16900.0,6400.0,8300.0,1400.0,800.0
all_households,fourth_quintile,1994,17400.0,6500.0,8500.0,1400.0,900.0
all_households,fourth_quintile,1995,17800.0,6700.0,8700.0,1600.0,900.0
all_households,fourth_quintile,1996,18200.0,6900.0,8800.0,1600.0,800.0
all_households,fourth_quintile,1997,18700.0,7200.0,9000.0,1600.0,800.0
all_households,fourth_quintile,1998,19200.0,7400.0,9500.0,1500.0,900.0
all_households,fourth_quintile,1999,19900.0,7700.0,9700.0,1500.0,1000.0
all_households,fourth_quintile,2000,20200.0,7900.0,9900.0,1500.0,900.0
all_households,fourth_quintile,2001,18600.0,6900.0,9800.0,1000.0,900.0
all_households,fourth_quintile,2002,17600.0,6400.0,9400.0,900.0,900.0
all_households,fourth_quintile,2003,17100.0,5600.0,9500.0,1100.0,800.0
all_households,fourth_quintile,2004,17800.0,5800.0,9700.0,1400.0,900.0
all_households,fourth_quintile,2005,18400.0,6000.0,9800.0,1800.0,800.0
all_households,fourth_quintile,2006,18800.0,6200.0,9900.0,2000.0,800.0
all_households,fourth_quintile,2007,19100.0,6500.0,10100.0,1700.0,700.0
all_households,fourth_quintile,2008,16500.0,4900.0,9900.0,1000.0,600.0
all_households,fourth_quintile,2009,15600.0,4800.0,9400.0,800.0,600.0
all_households,fourth_quintile,2010,16100.0,5100.0,9300.0,1000.0,600.0
all_households,fourth_quintile,2011,15700.0,6000.0,8100.0,1000.0,700.0
all_households,fourth_quintile,2012,16000.0,6100.0,8100.0,1100.0,700.0
all_households,fourth_quintile,2013,17900.0,6400.0,9500.0,1300.0,700.0
all_households,fourth_quintile,2014,18600.0,6700.0,9700.0,1400.0,800.0
all_households,fourth_quintile,2015,19300.0,7100.0,10100.0,1400.0,800.0
all_households,highest_quintile,1979,39300.0,23000.0,8000.0,7300.0,1100.0
all_households,highest_quintile,1980,38000.0,23500.0,7900.0,5800.0,900.0
all_households,highest_quintile,1981,37500.0,23500.0,8600.0,4500.0,800.0
all_households,highest_quintile,1982,34200.0,21700.0,8900.0,2700.0,800.0
all_households,highest_quintile,1983,34600.0,20800.0,9200.0,3600.0,1000.0
all_households,highest_quintile,1984,37800.0,22200.0,10100.0,4400.0,1100.0
all_households,highest_quintile,1985,38100.0,22500.0,10400.0,4100.0,1100.0
all_households,highest_quintile,1986,42400.0,25600.0,11100.0,4600.0,1100.0
all_households,highest_quintile,1987,43600.0,25400.0,11500.0,5600.0,1100.0
all_households,highest_quintile,1988,46300.0,27200.0,12000.0,5900.0,1100.0
all_households,highest_quintile,1989,45600.0,26700.0,12100.0,5700.0,1100.0
all_households,highest_quintile,1990,44300.0,25700.0,12300.0,5300.0,1000.0
all_households,highest_quintile,1991,43200.0,24700.0,12800.0,4700.0,1100.0
all_households,highest_quintile,1992,45500.0,26000.0,12900.0,5300.0,1200.0
all_households,highest_quintile,1993,47400.0,26800.0,13100.0,6300.0,1200.0
all_households,highest_quintile,1994,49600.0,27700.0,13800.0,6800.0,1300.0
all_households,highest_quintile,1995,52800.0,30000.0,13900.0,7600.0,1300.0
all_households,highest_quintile,1996,56300.0,32800.0,14100.0,8200.0,1200.0
all_households,highest_quintile,1997,59800.0,35500.0,14500.0,8600.0,1200.0
all_households,highest_quintile,1998,63100.0,38300.0,15200.0,8200.0,1300.0
all_households,highest_quintile,1999,68300.0,42300.0,15900.0,8600.0,1500.0
all_households,highest_quintile,2000,71600.0,45400.0,16300.0,8500.0,1400.0
all_households,highest_quintile,2001,62500.0,38700.0,16800.0,5800.0,1300.0
all_households,highest_quintile,2002,57800.0,34900.0,16500.0,5200.0,1200.0
all_households,highest_quintile,2003,57200.0,32000.0,16800.0,7300.0,1200.0
all_households,highest_quintile,2004,63000.0,35300.0,16900.0,9500.0,1300.0
all_households,highest_quintile,2005,69500.0,38800.0,16800.0,12700.0,1300.0
all_households,highest_quintile,2006,72600.0,40600.0,17000.0,13900.0,1200.0
all_households,highest_quintile,2007,73200.0,42800.0,17300.0,12000.0,1100.0
all_households,highest_quintile,2008,63500.0,37700.0,17600.0,7200.0,1000.0
all_households,highest_quintile,2009,56300.0,32600.0,17500.0,5300.0,900.0
all_households,highest_quintile,2010,61200.0,35300.0,17300.0,7700.0,1000.0
all_households,highest_quintile,2011,60300.0,36500.0,15200.0,7500.0,1000.0
all_households,highest_quintile,2012,66300.0,40600.0,15400.0,9200.0,1100.0
all_households,highest_quintile,2013,70100.0,41400.0,18000.0,9500.0,1100.0
all_households,highest_quintile,2014,75300.0,45200.0,18200.0,10700.0,1300.0
all_households,highest_quintile,2015,77800.0,47400.0,18900.0,10200.0,1300.0
all_households,percentiles_81_90,1979,23500.0,12200.0,7800.0,2600.0,800.0
all_households,percentiles_81_90,1980,23300.0,12700.0,7700.0,2200.0,700.0
all_households,percentiles_81_90,1981,23800.0,13100.0,8300.0,1700.0,600.0
all_households,percentiles_81_90,1982,21900.0,11900.0,8300.0,1100.0,700.0
all_households,percentiles_81_90,1983,21600.0,10800.0,8600.0,1300.0,800.0
all_households,percentiles_81_90,1984,23200.0,11300.0,9500.0,1600.0,900.0
all_households,percentiles_81_90,1985,23100.0,11200.0,9600.0,1400.0,800.0
all_households,percentiles_81_90,1986,24500.0,11700.0,10400.0,1500.0,800.0
all_households,percentiles_81_90,1987,25000.0,11600.0,10500.0,2000.0,900.0
all_households,percentiles_81_90,1988,25600.0,11800.0,11000.0,2000.0,900.0
all_households,percentiles_81_90,1989,26000.0,12100.0,11000.0,2000.0,900.0
all_households,percentiles_81_90,1990,25700.0,11800.0,11100.0,1800.0,800.0
all_households,percentiles_81_90,1991,25100.0,11500.0,11000.0,1700.0,900.0
all_households,percentiles_81_90,1992,25300.0,11300.0,11200.0,1800.0,1000.0
all_households,percentiles_81_90,1993,25600.0,11300.0,11200.0,2000.0,1000.0
all_households,percentiles_81_90,1994,26600.0,11700.0,11600.0,2200.0,1100.0
all_households,percentiles_81_90,1995,27600.0,12300.0,11700.0,2500.0,1100.0
all_households,percentiles_81_90,1996,28000.0,12600.0,11900.0,2600.0,1000.0
all_households,percentiles_81_90,1997,29000.0,13200.0,12200.0,2600.0,1000.0
all_households,percentiles_81_90,1998,30200.0,13900.0,12800.0,2400.0,1100.0
all_households,percentiles_81_90,1999,31800.0,14800.0,13400.0,2500.0,1200.0
all_households,percentiles_81_90,2000,32400.0,15400.0,13500.0,2400.0,1100.0
all_households,percentiles_81_90,2001,30500.0,14000.0,13900.0,1600.0,1000.0
all_households,percentiles_81_90,2002,29000.0,13000.0,13600.0,1400.0,1000.0
all_households,percentiles_81_90,2003,28000.0,11500.0,13700.0,1800.0,1000.0
all_households,percentiles_81_90,2004,29200.0,12100.0,13800.0,2300.0,1000.0
all_households,percentiles_81_90,2005,30000.0,12300.0,13800.0,3000.0,1000.0
all_households,percentiles_81_90,2006,30900.0,12700.0,14000.0,3300.0,900.0
all_households,percentiles_81_90,2007,31200.0,13300.0,14200.0,2800.0,800.0
all_households,percentiles_81_90,2008,28300.0,11600.0,14200.0,1700.0,800.0
all_households,percentiles_81_90,2009,26900.0,11000.0,13900.0,1300.0,700.0
all_households,percentiles_81_90,2010,27900.0,11700.0,13700.0,1700.0,700.0
all_households,percentiles_81_90,2011,27200.0,12800.0,11900.0,1700.0,800.0
all_households,percentiles_81_90,2012,27900.0,13200.0,12000.0,1900.0,800.0
all_households,percentiles_81_90,2013,30900.0,13700.0,14000.0,2300.0,900.0
all_households,percentiles_81_90,2014,32100.0,14200.0,14300.0,2500.0,1000.0
all_households,percentiles_81_90,2015,33400.0,15200.0,14700.0,2400.0,1000.0
all_households,percentiles_91_95,1979,30900.0,17400.0,8700.0,3800.0,1000.0
all_households,percentiles_91_95,1980,30800.0,18100.0,8500.0,3300.0,800.0
all_households,percentiles_91_95,1981,31200.0,18600.0,9300.0,2500.0,800.0
all_households,percentiles_91_95,1982,28400.0,16600.0,9700.0,1400.0,800.0
all_households,percentiles_91_95,1983,28100.0,15500.0,9800.0,2000.0,900.0
all_households,percentiles_91_95,1984,30400.0,16300.0,10800.0,2400.0,1000.0
all_households,percentiles_91_95,1985,30600.0,16300.0,11100.0,2200.0,1000.0
all_households,percentiles_91_95,1986,32300.0,17200.0,11900.0,2300.0,1000.0
all_households,percentiles_91_95,1987,34500.0,18100.0,12300.0,3100.0,1100.0
all_households,percentiles_91_95,1988,35000.0,18000.0,13000.0,3000.0,1000.0
all_households,percentiles_91_95,1989,35300.0,18400.0,12800.0,3100.0,1000.0
all_households,percentiles_91_95,1990,34400.0,17600.0,12900.0,2900.0,1000.0
all_households,percentiles_91_95,1991,34300.0,17300.0,13400.0,2600.0,1100.0
all_households,percentiles_91_95,1992,34800.0,17400.0,13400.0,2900.0,1100.0
all_households,percentiles_91_95,1993,35500.0,17400.0,13500.0,3400.0,1200.0
all_households,percentiles_91_95,1994,36800.0,18100.0,14000.0,3400.0,1200.0
all_households,percentiles_91_95,1995,38300.0,18800.0,14400.0,3900.0,1200.0
all_households,percentiles_91_95,1996,39700.0,20000.0,14400.0,4100.0,1100.0
all_households,percentiles_91_95,1997,41400.0,21200.0,14700.0,4300.0,1200.0
all_households,percentiles_91_95,1998,43000.0,22500.0,15300.0,4000.0,1200.0
all_households,percentiles_91_95,1999,45400.0,24100.0,15900.0,4000.0,1300.0
all_households,percentiles_91_95,2000,46800.0,25200.0,16500.0,3900.0,1300.0
all_households,percentiles_91_95,2001,43700.0,22900.0,17100.0,2600.0,1200.0
all_households,percentiles_91_95,2002,41800.0,21500.0,16800.0,2300.0,1100.0
all_households,percentiles_91_95,2003,40700.0,19500.0,17200.0,2900.0,1100.0
all_households,percentiles_91_95,2004,42400.0,20200.0,17400.0,3700.0,1100.0
all_households,percentiles_91_95,2005,44200.0,21000.0,17200.0,5000.0,1100.0
all_households,percentiles_91_95,2006,45700.0,21800.0,17200.0,5600.0,1000.0
all_households,percentiles_91_95,2007,46100.0,22700.0,17500.0,4900.0,1000.0
all_households,percentiles_91_95,2008,42800.0,21200.0,18000.0,2800.0,900.0
all_households,percentiles_91_95,2009,40400.0,19600.0,17800.0,2100.0,900.0
all_households,percentiles_91_95,2010,42000.0,20800.0,17500.0,2800.0,900.0
all_households,percentiles_91_95,2011,41300.0,22100.0,15400.0,2800.0,900.0
all_households,percentiles_91_95,2012,42700.0,23000.0,15500.0,3100.0,1000.0
all_households,percentiles_91_95,2013,47100.0,23700.0,18500.0,4000.0,1000.0
all_households,percentiles_91_95,2014,48400.0,24700.0,18300.0,4300.0,1200.0
all_households,percentiles_91_95,2015,50600.0,26200.0,19200.0,4100.0,1200.0
all_households,percentiles_96_99,1979,48300.0,29900.0,7900.0,9200.0,1300.0
all_households,percentiles_96_99,1980,47000.0,30700.0,8000.0,7200.0,1100.0
all_households,percentiles_96_99,1981,46300.0,30900.0,8800.0,5600.0,900.0
all_households,percentiles_96_99,1982,41900.0,28300.0,9500.0,3100.0,900.0
all_households,percentiles_96_99,1983,41400.0,26100.0,10100.0,4200.0,1100.0
all_households,percentiles_96_99,1984,44800.0,27700.0,11000.0,4900.0,1200.0
all_households,percentiles_96_99,1985,45600.0,28200.0,11500.0,4600.0,1200.0
all_households,percentiles_96_99,1986,49400.0,31000.0,12100.0,5000.0,1300.0
all_households,percentiles_96_99,1987,54100.0,33200.0,12700.0,6900.0,1300.0
all_households,percentiles_96_99,1988,54900.0,33500.0,13300.0,6800.0,1300.0
all_households,percentiles_96_99,1989,55600.0,34200.0,13400.0,6700.0,1200.0
all_households,percentiles_96_99,1990,53800.0,32700.0,13800.0,6100.0,1200.0
all_households,percentiles_96_99,1991,53400.0,31500.0,15100.0,5500.0,1300.0
all_households,percentiles_96_99,1992,55400.0,32600.0,15300.0,6100.0,1400.0
all_households,percentiles_96_99,1993,57800.0,33200.0,16000.0,7200.0,1500.0
all_households,percentiles_96_99,1994,59900.0,34500.0,16300.0,7500.0,1500.0
all_households,percentiles_96_99,1995,64100.0,37500.0,16400.0,8700.0,1500.0
all_households,percentiles_96_99,1996,67200.0,40300.0,16500.0,9000.0,1400.0
all_households,percentiles_96_99,1997,72100.0,44000.0,17000.0,9600.0,1500.0
all_households,percentiles_96_99,1998,75700.0,47500.0,17800.0,8900.0,1500.0
all_households,percentiles_96_99,1999,81000.0,51300.0,18600.0,9200.0,1800.0
all_households,percentiles_96_99,2000,83400.0,53900.0,19100.0,8800.0,1600.0
all_households,percentiles_96_99,2001,75300.0,48000.0,19900.0,5800.0,1500.0
all_households,percentiles_96_99,2002,70500.0,44000.0,20100.0,5000.0,1400.0
all_households,percentiles_96_99,2003,70000.0,40900.0,20700.0,7000.0,1400.0
all_households,percentiles_96_99,2004,75300.0,44400.0,20500.0,8900.0,1500.0
all_households,percentiles_96_99,2005,82800.0,48800.0,20200.0,12300.0,1500.0
all_households,percentiles_96_99,2006,85600.0,50600.0,20300.0,13300.0,1400.0
all_households,percentiles_96_99,2007,86600.0,53200.0,20600.0,11500.0,1300.0
all_households,percentiles_96_99,2008,77700.0,48700.0,21500.0,6200.0,1200.0
all_households,percentiles_96_99,2009,71600.0,43500.0,22300.0,4700.0,1100.0
all_households,percentiles_96_99,2010,76100.0,46600.0,22100.0,6200.0,1100.0
all_households,percentiles_96_99,2011,75700.0,48800.0,19400.0,6300.0,1200.0
all_households,percentiles_96_99,2012,81000.0,52700.0,19500.0,7500.0,1300.0
all_households,percentiles_96_99,2013,86800.0,53300.0,22800.0,9400.0,1400.0
all_households,percentiles_96_99,2014,91600.0,56800.0,22900.0,10400.0,1500.0
all_households,percentiles_96_99,2015,95100.0,60200.0,23600.0,9800.0,1600.0
all_households,top_1_percent,1979,195400.0,126100.0,5600.0,61100.0,2600.0
all_households,top_1_percent,1980,176700.0,122600.0,6000.0,45900.0,2200.0
all_households,top_1_percent,1981,162300.0,116700.0,7000.0,36600.0,1900.0
all_households,top_1_percent,1982,150100.0,115600.0,8700.0,23900.0,1900.0
all_households,top_1_percent,1983,164600.0,121100.0,9400.0,31500.0,2600.0
all_households,top_1_percent,1984,183800.0,132900.0,9700.0,38300.0,2900.0
all_households,top_1_percent,1985,189800.0,139400.0,10200.0,37200.0,3100.0
all_households,top_1_percent,1986,235200.0,177400.0,10200.0,44000.0,3700.0
all_households,top_1_percent,1987,229800.0,166900.0,12000.0,47700.0,3100.0
all_households,top_1_percent,1988,274200.0,202000.0,12900.0,55900.0,3400.0
all_households,top_1_percent,1989,248700.0,181400.0,13300.0,51300.0,2700.0
all_households,top_1_percent,1990,239300.0,174700.0,13800.0,48200.0,2600.0
all_households,top_1_percent,1991,224500.0,162800.0,17300.0,41500.0,2900.0
all_households,top_1_percent,1992,259100.0,189100.0,17000.0,50100.0,2900.0
all_households,top_1_percent,1993,279200.0,199600.0,17700.0,58700.0,3100.0
all_households,top_1_percent,1994,298500.0,205300.0,23500.0,66600.0,3100.0
all_households,top_1_percent,1995,335600.0,234500.0,23400.0,74400.0,3300.0
all_households,top_1_percent,1996,371300.0,264600.0,24200.0,79500.0,3100.0
all_households,top_1_percent,1997,416000.0,300300.0,25800.0,86500.0,3300.0
all_households,top_1_percent,1998,453300.0,333800.0,27700.0,88400.0,3500.0
all_households,top_1_percent,1999,497700.0,373600.0,30200.0,89900.0,4000.0
all_households,top_1_percent,2000,541400.0,414200.0,32700.0,90700.0,3700.0
all_households,top_1_percent,2001,429500.0,330100.0,31800.0,64400.0,3200.0
all_households,top_1_percent,2002,379200.0,287700.0,30100.0,58300.0,3100.0
all_households,top_1_percent,2003,383500.0,265100.0,29800.0,85100.0,3400.0
all_households,top_1_percent,2004,452200.0,304900.0,30400.0,112900.0,4000.0
all_households,top_1_percent,2005,550100.0,360800.0,31300.0,153600.0,4500.0
all_households,top_1_percent,2006,588100.0,383700.0,32000.0,168500.0,3900.0
all_households,top_1_percent,2007,586400.0,405300.0,33400.0,144700.0,3000.0
all_households,top_1_percent,2008,476000.0,347400.0,34300.0,90700.0,3600.0
all_households,top_1_percent,2009,380700.0,279000.0,33300.0,65700.0,2700.0
all_households,top_1_percent,2010,448500.0,310400.0,33500.0,101400.0,3200.0
all_households,top_1_percent,2011,441300.0,308600.0,31500.0,98100.0,3200.0
all_households,top_1_percent,2012,536100.0,374300.0,32400.0,125600.0,3700.0
all_households,top_1_percent,2013,531600.0,375000.0,38300.0,114700.0,3700.0
all_households,top_1_percent,2014,597700.0,425900.0,38100.0,130200.0,3500.0
all_households,top_1_percent,2015,617600.0,445100.0,41500.0,127600.0,3500.0
hh_with_children,all_quintiles,1979,16100.0,7800.0,5800.0,1800.0,700.0
hh_with_children,all_quintiles,1980,15600.0,7900.0,5700.0,1400.0,600.0
hh_with_children,all_quintiles,1981,16000.0,8100.0,6200.0,1100.0,500.0
hh_with_children,all_quintiles,1982,14600.0,7200.0,6200.0,700.0,500.0
hh_with_children,all_quintiles,1983,14700.0,6900.0,6200.0,900.0,700.0
hh_with_children,all_quintiles,1984,16100.0,7300.0,6900.0,1100.0,800.0
hh_with_children,all_quintiles,1985,15900.0,7100.0,7100.0,1000.0,700.0
hh_with_children,all_quintiles,1986,17200.0,8100.0,7300.0,1100.0,700.0
hh_with_children,all_quintiles,1987,17000.0,7600.0,7300.0,1400.0,700.0
hh_with_children,all_quintiles,1988,17500.0,7800.0,7700.0,1400.0,700.0
hh_with_children,all_quintiles,1989,17900.0,7900.0,7900.0,1400.0,700.0
hh_with_children,all_quintiles,1990,17600.0,7600.0,8100.0,1200.0,700.0
hh_with_children,all_quintiles,1991,17500.0,7400.0,8200.0,1200.0,800.0
hh_with_children,all_quintiles,1992,17600.0,7400.0,8100.0,1300.0,800.0
hh_with_children,all_quintiles,1993,18400.0,7800.0,8200.0,1500.0,900.0
hh_with_children,all_quintiles,1994,18800.0,7800.0,8500.0,1600.0,900.0
hh_with_children,all_quintiles,1995,20200.0,8600.0,8800.0,1900.0,900.0
hh_with_children,all_quintiles,1996,20400.0,8800.0,8800.0,1900.0,800.0
hh_with_children,all_quintiles,1997,21700.0,9600.0,9200.0,2000.0,900.0
hh_with_children,all_quintiles,1998,22700.0,10100.0,9700.0,2000.0,900.0
hh_with_children,all_quintiles,1999,24700.0,11400.0,10100.0,2100.0,1000.0
hh_with_children,all_quintiles,2000,26000.0,12500.0,10300.0,2200.0,900.0
hh_with_children,all_quintiles,2001,22900.0,10100.0,10300.0,1500.0,900.0
hh_with_children,all_quintiles,2002,21600.0,9200.0,10100.0,1400.0,900.0
hh_with_children,all_quintiles,2003,20700.0,7900.0,10000.0,1900.0,900.0
hh_with_children,all_quintiles,2004,22400.0,8800.0,10200.0,2500.0,900.0
hh_with_children,all_quintiles,2005,23700.0,9400.0,10300.0,3200.0,900.0
hh_with_children,all_quintiles,2006,25200.0,10300.0,10400.0,3700.0,800.0
hh_with_children,all_quintiles,2007,26000.0,11200.0,10800.0,3300.0,700.0
hh_with_children,all_quintiles,2008,22200.0,8700.0,10800.0,2000.0,700.0
hh_with_children,all_quintiles,2009,19800.0,7200.0,10500.0,1500.0,700.0
hh_with_children,all_quintiles,2010,22000.0,8400.0,10500.0,2300.0,700.0
hh_with_children,all_quintiles,2011,21100.0,9100.0,9100.0,2100.0,700.0
hh_with_children,all_quintiles,2012,22700.0,10300.0,9100.0,2500.0,800.0
hh_with_children,all_quintiles,2013,25300.0,11000.0,10800.0,2700.0,800.0
hh_with_children,all_quintiles,2014,26700.0,11800.0,11000.0,3000.0,900.0
hh_with_children,all_quintiles,2015,28400.0,13000.0,11500.0,3000.0,900.0
hh_with_children,lowest_quintile,1979,2300.0,-100.0,1700.0,300.0,400.0
hh_with_children,lowest_quintile,1980,2100.0,-100.0,1600.0,200.0,300.0
hh_with_children,lowest_quintile,1981,2200.0,,1700.0,200.0,300.0
hh_with_children,lowest_quintile,1982,2100.0,,1600.0,100.0,300.0
hh_with_children,lowest_quintile,1983,2100.0,,1500.0,100.0,400.0
hh_with_children,lowest_quintile,1984,2700.0,100.0,1800.0,200.0,500.0
hh_with_children,lowest_quintile,1985,2400.0,,1800.0,100.0,500.0
hh_with_children,lowest_quintile,1986,2300.0,,1700.0,100.0,400.0
hh_with_children,lowest_quintile,1987,1800.0,-200.0,1500.0,200.0,400.0
hh_with_children,lowest_quintile,1988,1800.0,-400.0,1700.0,200.0,400.0
hh_with_children,lowest_quintile,1989,1800.0,-600.0,1800.0,200.0,400.0
hh_with_children,lowest_quintile,1990,2100.0,-400.0,2000.0,200.0,400.0
hh_with_children,lowest_quintile,1991,2000.0,-700.0,2000.0,200.0,500.0
hh_with_children,lowest_quintile,1992,1800.0,-800.0,2000.0,200.0,500.0
hh_with_children,lowest_quintile,1993,1800.0,-900.0,2000.0,200.0,600.0
hh_with_children,lowest_quintile,1994,1400.0,-1400.0,2000.0,200.0,600.0
hh_with_children,lowest_quintile,1995,1300.0,-1800.0,2300.0,200.0,600.0
hh_with_children,lowest_quintile,1996,1100.0,-2000.0,2300.0,200.0,600.0
hh_with_children,lowest_quintile,1997,1200.0,-2100.0,2500.0,300.0,600.0
hh_with_children,lowest_quintile,1998,1300.0,-2300.0,2800.0,300.0,600.0
hh_with_children,lowest_quintile,1999,1500.0,-2300.0,2800.0,300.0,700.0
hh_with_children,lowest_quintile,2000,1200.0,-2400.0,2800.0,200.0,600.0
hh_with_children,lowest_quintile,2001,1000.0,-2500.0,2800.0,200.0,600.0
hh_with_children,lowest_quintile,2002,900.0,-2700.0,2800.0,200.0,600.0
hh_with_children,lowest_quintile,2003,900.0,-2600.0,2700.0,200.0,600.0
hh_with_children,lowest_quintile,2004,800.0,-2700.0,2700.0,200.0,500.0
hh_with_children,lowest_quintile,2005,700.0,-3000.0,2800.0,300.0,600.0
hh_with_children,lowest_quintile,2006,900.0,-2900.0,2900.0,300.0,500.0
hh_with_children,lowest_quintile,2007,700.0,-3300.0,3200.0,300.0,400.0
hh_with_children,lowest_quintile,2008,-800.0,-4600.0,3200.0,200.0,500.0
hh_with_children,lowest_quintile,2009,-1200.0,-4700.0,2900.0,200.0,500.0
hh_with_children,lowest_quintile,2010,-1200.0,-4900.0,3000.0,200.0,500.0
hh_with_children,lowest_quintile,2011,-1100.0,-4400.0,2600.0,200.0,500.0
hh_with_children,lowest_quintile,2012,-1000.0,-4200.0,2400.0,200.0,500.0
hh_with_children,lowest_quintile,2013,-700.0,-4400.0,2900.0,200.0,500.0
hh_with_children,lowest_quintile,2014,-700.0,-4400.0,2900.0,300.0,500.0
hh_with_children,lowest_quintile,2015,-800.0,-4700.0,3200.0,200.0,600.0
hh_with_children,second_quintile,1979,8100.0,2400.0,4400.0,700.0,600.0
hh_with_children,second_quintile,1980,7800.0,2500.0,4200.0,600.0,500.0
hh_with_children,second_quintile,1981,8200.0,2700.0,4600.0,500.0,400.0
hh_with_children,second_quintile,1982,7500.0,2300.0,4400.0,300.0,500.0
hh_with_children,second_quintile,1983,7400.0,2100.0,4400.0,400.0,500.0
hh_with_children,second_quintile,1984,8300.0,2300.0,4900.0,400.0,600.0
hh_with_children,second_quintile,1985,8300.0,2300.0,5000.0,400.0,600.0
hh_with_children,second_quintile,1986,8500.0,2300.0,5100.0,400.0,600.0
hh_with_children,second_quintile,1987,8000.0,1800.0,5100.0,500.0,600.0
hh_with_children,second_quintile,1988,8300.0,1800.0,5400.0,500.0,600.0
hh_with_children,second_quintile,1989,8000.0,1600.0,5400.0,500.0,600.0
hh_with_children,second_quintile,1990,8700.0,2000.0,5700.0,500.0,600.0
hh_with_children,second_quintile,1991,8300.0,1700.0,5500.0,400.0,700.0
hh_with_children,second_quintile,1992,7900.0,1400.0,5300.0,500.0,700.0
hh_with_children,second_quintile,1993,7900.0,1400.0,5300.0,500.0,700.0
hh_with_children,second_quintile,1994,7700.0,1100.0,5400.0,600.0,800.0
hh_with_children,second_quintile,1995,8200.0,1100.0,5700.0,600.0,800.0
hh_with_children,second_quintile,1996,8000.0,1000.0,5600.0,600.0,700.0
hh_with_children,second_quintile,1997,8300.0,1200.0,5800.0,600.0,700.0
hh_with_children,second_quintile,1998,8200.0,700.0,6200.0,600.0,700.0
hh_with_children,second_quintile,1999,8500.0,700.0,6400.0,600.0,800.0
hh_with_children,second_quintile,2000,8400.0,700.0,6400.0,600.0,800.0
hh_with_children,second_quintile,2001,7300.0,-200.0,6300.0,400.0,700.0
hh_with_children,second_quintile,2002,6700.0,-500.0,6100.0,400.0,700.0
hh_with_children,second_quintile,2003,6000.0,-1300.0,6100.0,500.0,700.0
hh_with_children,second_quintile,2004,6200.0,-1200.0,6100.0,600.0,700.0
hh_with_children,second_quintile,2005,6300.0,-1400.0,6300.0,800.0,700.0
hh_with_children,second_quintile,2006,6500.0,-1300.0,6400.0,800.0,600.0
hh_with_children,second_quintile,2007,7100.0,-1000.0,6800.0,800.0,500.0
hh_with_children,second_quintile,2008,4800.0,-2700.0,6500.0,500.0,600.0
hh_with_children,second_quintile,2009,4100.0,-2900.0,6200.0,300.0,600.0
hh_with_children,second_quintile,2010,4500.0,-2600.0,6100.0,500.0,600.0
hh_with_children,second_quintile,2011,4400.0,-1900.0,5300.0,400.0,600.0
hh_with_children,second_quintile,2012,4300.0,-2000.0,5200.0,500.0,600.0
hh_with_children,second_quintile,2013,5500.0,-1900.0,6200.0,600.0,600.0
hh_with_children,second_quintile,2014,5600.0,-2100.0,6300.0,600.0,700.0
hh_with_children,second_quintile,2015,6100.0,-1900.0,6600.0,600.0,700.0
hh_with_children,middle_quintile,1979,13900.0,5600.0,6500.0,1100.0,700.0
hh_with_children,middle_quintile,1980,13600.0,5800.0,6300.0,900.0,600.0
hh_with_children,middle_quintile,1981,14200.0,6100.0,6900.0,700.0,500.0
hh_with_children,middle_quintile,1982,13400.0,5500.0,6800.0,400.0,600.0
hh_with_children,middle_quintile,1983,12900.0,5000.0,6800.0,500.0,600.0
hh_with_children,middle_quintile,1984,14000.0,5200.0,7400.0,700.0,700.0
hh_with_children,middle_quintile,1985,14200.0,5100.0,7800.0,600.0,700.0
hh_with_children,middle_quintile,1986,14700.0,5300.0,8100.0,600.0,700.0
hh_with_children,middle_quintile,1987,14300.0,4600.0,8100.0,800.0,700.0
hh_with_children,middle_quintile,1988,14800.0,4700.0,8500.0,800.0,700.0
hh_with_children,middle_quintile,1989,14900.0,4800.0,8600.0,800.0,700.0
hh_with_children,middle_quintile,1990,15100.0,4900.0,8700.0,700.0,700.0
hh_with_children,middle_quintile,1991,14800.0,4700.0,8600.0,700.0,800.0
hh_with_children,middle_quintile,1992,14600.0,4500.0,8600.0,700.0,800.0
hh_with_children,middle_quintile,1993,14600.0,4400.0,8500.0,800.0,800.0
hh_with_children,middle_quintile,1994,15000.0,4500.0,8700.0,900.0,900.0
hh_with_children,middle_quintile,1995,15400.0,4500.0,9000.0,1000.0,900.0
hh_with_children,middle_quintile,1996,15600.0,4600.0,9100.0,1000.0,800.0
hh_with_children,middle_quintile,1997,16100.0,4900.0,9300.0,1100.0,800.0
hh_with_children,middle_quintile,1998,15900.0,4300.0,9800.0,1000.0,900.0
hh_with_children,middle_quintile,1999,16400.0,4300.0,10100.0,1000.0,1000.0
hh_with_children,middle_quintile,2000,16400.0,4400.0,10200.0,1000.0,900.0
hh_with_children,middle_quintile,2001,14900.0,3200.0,10200.0,700.0,900.0
hh_with_children,middle_quintile,2002,14100.0,2900.0,9700.0,600.0,900.0
hh_with_children,middle_quintile,2003,13100.0,1900.0,9600.0,800.0,800.0
hh_with_children,middle_quintile,2004,13800.0,2100.0,9800.0,1000.0,800.0
hh_with_children,middle_quintile,2005,14100.0,2100.0,9900.0,1300.0,800.0
hh_with_children,middle_quintile,2006,14400.0,2200.0,10100.0,1400.0,700.0
hh_with_children,middle_quintile,2007,14900.0,2500.0,10500.0,1300.0,700.0
hh_with_children,middle_quintile,2008,12300.0,600.0,10300.0,700.0,700.0
hh_with_children,middle_quintile,2009,11700.0,600.0,9800.0,600.0,700.0
hh_with_children,middle_quintile,2010,12200.0,900.0,9800.0,800.0,700.0
hh_with_children,middle_quintile,2011,11800.0,1900.0,8400.0,800.0,700.0
hh_with_children,middle_quintile,2012,12000.0,1900.0,8500.0,800.0,700.0
hh_with_children,middle_quintile,2013,13800.0,2200.0,9900.0,1000.0,700.0
hh_with_children,middle_quintile,2014,14300.0,2200.0,10200.0,1100.0,900.0
hh_with_children,middle_quintile,2015,14900.0,2500.0,10500.0,1000.0,900.0
hh_with_children,fourth_quintile,1979,20400.0,9800.0,8200.0,1600.0,800.0
hh_with_children,fourth_quintile,1980,20300.0,10200.0,8100.0,1300.0,700.0
hh_with_children,fourth_quintile,1981,21500.0,10800.0,9100.0,1100.0,600.0
hh_with_children,fourth_quintile,1982,20200.0,9800.0,9100.0,700.0,700.0
hh_with_children,fourth_quintile,1983,19700.0,8900.0,9200.0,800.0,800.0
hh_with_children,fourth_quintile,1984,21200.0,9200.0,10100.0,1000.0,900.0
hh_with_children,fourth_quintile,1985,21200.0,9000.0,10400.0,900.0,900.0
hh_with_children,fourth_quintile,1986,22100.0,9400.0,10900.0,1000.0,800.0
hh_with_children,fourth_quintile,1987,21700.0,8600.0,11000.0,1300.0,800.0
hh_with_children,fourth_quintile,1988,22400.0,8800.0,11600.0,1200.0,800.0
hh_with_children,fourth_quintile,1989,22700.0,8900.0,11800.0,1200.0,800.0
hh_with_children,fourth_quintile,1990,22900.0,8900.0,12000.0,1200.0,800.0
hh_with_children,fourth_quintile,1991,22600.0,8600.0,12000.0,1100.0,900.0
hh_with_children,fourth_quintile,1992,22500.0,8400.0,12000.0,1100.0,1000.0
hh_with_children,fourth_quintile,1993,22900.0,8500.0,12100.0,1300.0,1000.0
hh_with_children,fourth_quintile,1994,23500.0,8600.0,12400.0,1400.0,1100.0
hh_with_children,fourth_quintile,1995,24100.0,8800.0,12600.0,1600.0,1100.0
hh_with_children,fourth_quintile,1996,24600.0,9100.0,12900.0,1600.0,900.0
hh_with_children,fourth_quintile,1997,25400.0,9500.0,13300.0,1600.0,900.0
hh_with_children,fourth_quintile,1998,25900.0,9400.0,14000.0,1500.0,1000.0
hh_with_children,fourth_quintile,1999,26500.0,9500.0,14300.0,1600.0,1100.0
hh_with_children,fourth_quintile,2000,27200.0,9900.0,14600.0,1600.0,1100.0
hh_with_children,fourth_quintile,2001,25300.0,8500.0,14700.0,1100.0,1000.0
hh_with_children,fourth_quintile,2002,24100.0,7900.0,14100.0,1000.0,1000.0
hh_with_children,fourth_quintile,2003,22900.0,6500.0,14200.0,1200.0,1000.0
hh_with_children,fourth_quintile,2004,23500.0,6700.0,14300.0,1500.0,1000.0
hh_with_children,fourth_quintile,2005,24400.0,6900.0,14400.0,2100.0,1000.0
hh_with_children,fourth_quintile,2006,25100.0,7200.0,14800.0,2300.0,900.0
hh_with_children,fourth_quintile,2007,25800.0,7800.0,15200.0,2000.0,800.0
hh_with_children,fourth_quintile,2008,22800.0,5800.0,15000.0,1200.0,700.0
hh_with_children,fourth_quintile,2009,21800.0,5600.0,14600.0,1000.0,700.0
hh_with_children,fourth_quintile,2010,22800.0,6200.0,14600.0,1300.0,700.0
hh_with_children,fourth_quintile,2011,22000.0,7400.0,12700.0,1200.0,800.0
hh_with_children,fourth_quintile,2012,22700.0,7700.0,12800.0,1400.0,800.0
hh_with_children,fourth_quintile,2013,25600.0,8100.0,15000.0,1600.0,800.0
hh_with_children,fourth_quintile,2014,26600.0,8500.0,15300.0,1700.0,1000.0
hh_with_children,fourth_quintile,2015,27700.0,9100.0,15900.0,1700.0,1000.0
hh_with_children,highest_quintile,1979,45100.0,27600.0,9400.0,7000.0,1200.0
hh_with_children,highest_quintile,1980,44400.0,28300.0,9600.0,5600.0,1000.0
hh_with_children,highest_quintile,1981,44500.0,28600.0,10600.0,4500.0,900.0
hh_with_children,highest_quintile,1982,40600.0,25900.0,11200.0,2600.0,900.0
hh_with_children,highest_quintile,1983,42700.0,26100.0,11800.0,3700.0,1100.0
hh_with_children,highest_quintile,1984,45900.0,27300.0,13000.0,4300.0,1300.0
hh_with_children,highest_quintile,1985,44900.0,26500.0,13300.0,3800.0,1300.0
hh_with_children,highest_quintile,1986,52500.0,32400.0,14000.0,4900.0,1300.0
hh_with_children,highest_quintile,1987,53900.0,32700.0,14500.0,5400.0,1300.0
hh_with_children,highest_quintile,1988,55700.0,33900.0,15100.0,5400.0,1300.0
hh_with_children,highest_quintile,1989,56500.0,34400.0,15400.0,5500.0,1200.0
hh_with_children,highest_quintile,1990,53500.0,31700.0,15800.0,4700.0,1200.0
hh_with_children,highest_quintile,1991,54200.0,31500.0,16800.0,4500.0,1400.0
hh_with_children,highest_quintile,1992,56000.0,32800.0,16800.0,5000.0,1400.0
hh_with_children,highest_quintile,1993,59800.0,35100.0,17200.0,6000.0,1400.0
hh_with_children,highest_quintile,1994,61800.0,35800.0,18100.0,6400.0,1500.0
hh_with_children,highest_quintile,1995,68200.0,40500.0,18600.0,7600.0,1500.0
hh_with_children,highest_quintile,1996,72600.0,44300.0,19000.0,7900.0,1400.0
hh_with_children,highest_quintile,1997,77200.0,47600.0,19600.0,8600.0,1400.0
hh_with_children,highest_quintile,1998,83200.0,52500.0,20800.0,8500.0,1500.0
hh_with_children,highest_quintile,1999,91200.0,58800.0,21600.0,9100.0,1700.0
hh_with_children,highest_quintile,2000,97400.0,64000.0,22300.0,9500.0,1700.0
hh_with_children,highest_quintile,2001,85000.0,54300.0,22500.0,6600.0,1600.0
hh_with_children,highest_quintile,2002,77600.0,48600.0,22000.0,5700.0,1400.0
hh_with_children,highest_quintile,2003,77500.0,45500.0,22100.0,8600.0,1400.0
hh_with_children,highest_quintile,2004,83900.0,49300.0,22400.0,10800.0,1400.0
hh_with_children,highest_quintile,2005,92500.0,54200.0,22600.0,14300.0,1400.0
hh_with_children,highest_quintile,2006,102200.0,60400.0,23300.0,17300.0,1300.0
hh_with_children,highest_quintile,2007,106600.0,66000.0,24000.0,15500.0,1200.0
hh_with_children,highest_quintile,2008,89700.0,55700.0,23800.0,9000.0,1200.0
hh_with_children,highest_quintile,2009,79100.0,47700.0,23900.0,6400.0,1000.0
hh_with_children,highest_quintile,2010,89400.0,53600.0,23900.0,10700.0,1100.0
hh_with_children,highest_quintile,2011,85100.0,53400.0,20900.0,9600.0,1200.0
hh_with_children,highest_quintile,2012,96200.0,61600.0,21500.0,11800.0,1300.0
hh_with_children,highest_quintile,2013,103000.0,63900.0,25400.0,12400.0,1300.0
hh_with_children,highest_quintile,2014,111200.0,70000.0,25800.0,14000.0,1500.0
hh_with_children,highest_quintile,2015,117700.0,75500.0,26900.0,13900.0,1500.0
hh_with_children,percentiles_81_90,1979,29000.0,15700.0,9500.0,2800.0,900.0
hh_with_children,percentiles_81_90,1980,29200.0,16500.0,9700.0,2200.0,800.0
hh_with_children,percentiles_81_90,1981,30100.0,17100.0,10600.0,1700.0,700.0
hh_with_children,percentiles_81_90,1982,28000.0,15300.0,10900.0,1000.0,800.0
hh_with_children,percentiles_81_90,1983,27800.0,14200.0,11300.0,1300.0,900.0
hh_with_children,percentiles_81_90,1984,29500.0,14400.0,12500.0,1600.0,1000.0
hh_with_children,percentiles_81_90,1985,29700.0,14500.0,12800.0,1400.0,1000.0
hh_with_children,percentiles_81_90,1986,31300.0,15200.0,13600.0,1500.0,1000.0
hh_with_children,percentiles_81_90,1987,31700.0,15000.0,13800.0,2000.0,1000.0
hh_with_children,percentiles_81_90,1988,32500.0,15200.0,14300.0,1900.0,1000.0
hh_with_children,percentiles_81_90,1989,33100.0,15500.0,14600.0,2000.0,1000.0
hh_with_children,percentiles_81_90,1990,33200.0,15400.0,15000.0,1900.0,1000.0
hh_with_children,percentiles_81_90,1991,33000.0,15000.0,15300.0,1700.0,1100.0
hh_with_children,percentiles_81_90,1992,33000.0,14800.0,15400.0,1700.0,1100.0
hh_with_children,percentiles_81_90,1993,33100.0,14800.0,15200.0,2000.0,1100.0
hh_with_children,percentiles_81_90,1994,34200.0,15200.0,15700.0,2200.0,1200.0
hh_with_children,percentiles_81_90,1995,36100.0,16000.0,16400.0,2400.0,1300.0
hh_with_children,percentiles_81_90,1996,36800.0,16600.0,16600.0,2500.0,1100.0
hh_with_children,percentiles_81_90,1997,38200.0,17500.0,17000.0,2600.0,1100.0
hh_with_children,percentiles_81_90,1998,39600.0,18000.0,17900.0,2400.0,1200.0
hh_with_children,percentiles_81_90,1999,41400.0,19000.0,18500.0,2500.0,1400.0
hh_with_children,percentiles_81_90,2000,42500.0,19900.0,18800.0,2500.0,1400.0
hh_with_children,percentiles_81_90,2001,40600.0,18200.0,19500.0,1700.0,1200.0
hh_with_children,percentiles_81_90,2002,38000.0,16700.0,18700.0,1500.0,1100.0
hh_with_children,percentiles_81_90,2003,36400.0,14500.0,18700.0,2100.0,1100.0
hh_with_children,percentiles_81_90,2004,37800.0,15100.0,19000.0,2600.0,1200.0
hh_with_children,percentiles_81_90,2005,39300.0,15700.0,19100.0,3300.0,1100.0
hh_with_children,percentiles_81_90,2006,40800.0,16500.0,19600.0,3700.0,1000.0
hh_with_children,percentiles_81_90,2007,41700.0,17400.0,20100.0,3300.0,1000.0
hh_with_children,percentiles_81_90,2008,37900.0,15100.0,20000.0,1900.0,900.0
hh_with_children,percentiles_81_90,2009,36900.0,14600.0,19900.0,1500.0,900.0
hh_with_children,percentiles_81_90,2010,38200.0,15400.0,19900.0,2000.0,900.0
hh_with_children,percentiles_81_90,2011,37000.0,16900.0,17100.0,2000.0,900.0
hh_with_children,percentiles_81_90,2012,38300.0,17700.0,17500.0,2200.0,1000.0
hh_with_children,percentiles_81_90,2013,42700.0,18500.0,20400.0,2700.0,1000.0
hh_with_children,percentiles_81_90,2014,44200.0,19400.0,20800.0,2800.0,1200.0
hh_with_children,percentiles_81_90,2015,46400.0,20900.0,21500.0,2800.0,1300.0
hh_with_children,percentiles_91_95,1979,38200.0,22700.0,9900.0,4500.0,1100.0
hh_with_children,percentiles_91_95,1980,38300.0,23900.0,9800.0,3700.0,1000.0
hh_with_children,percentiles_91_95,1981,39200.0,24400.0,11200.0,2700.0,900.0
hh_with_children,percentiles_91_95,1982,36100.0,21900.0,11800.0,1500.0,900.0
hh_with_children,percentiles_91_95,1983,35800.0,20400.0,12300.0,2100.0,1000.0
hh_with_children,percentiles_91_95,1984,38100.0,20800.0,13800.0,2400.0,1200.0
hh_with_children,percentiles_91_95,1985,38400.0,21100.0,13900.0,2200.0,1200.0
hh_with_children,percentiles_91_95,1986,40300.0,22300.0,14600.0,2300.0,1200.0
hh_with_children,percentiles_91_95,1987,43300.0,23500.0,15300.0,3200.0,1300.0
hh_with_children,percentiles_91_95,1988,43700.0,23500.0,16000.0,3000.0,1300.0
hh_with_children,percentiles_91_95,1989,44000.0,23900.0,16000.0,3000.0,1200.0
hh_with_children,percentiles_91_95,1990,43600.0,23000.0,16700.0,2800.0,1200.0
hh_with_children,percentiles_91_95,1991,44200.0,22900.0,17400.0,2600.0,1300.0
hh_with_children,percentiles_91_95,1992,44500.0,23000.0,17400.0,2800.0,1300.0
hh_with_children,percentiles_91_95,1993,46100.0,23400.0,17900.0,3400.0,1400.0
hh_with_children,percentiles_91_95,1994,47100.0,24000.0,18000.0,3500.0,1500.0
hh_with_children,percentiles_91_95,1995,49600.0,25400.0,19000.0,3700.0,1500.0
hh_with_children,percentiles_91_95,1996,51100.0,26700.0,19200.0,3900.0,1300.0
hh_with_children,percentiles_91_95,1997,53600.0,28200.0,19700.0,4300.0,1400.0
hh_with_children,percentiles_91_95,1998,56400.0,30500.0,20600.0,3900.0,1400.0
hh_with_children,percentiles_91_95,1999,59600.0,32700.0,21200.0,4100.0,1600.0
hh_with_children,percentiles_91_95,2000,62000.0,34200.0,22000.0,4100.0,1600.0
hh_with_children,percentiles_91_95,2001,58000.0,31200.0,22500.0,2700.0,1500.0
hh_with_children,percentiles_91_95,2002,55000.0,29000.0,22200.0,2500.0,1400.0
hh_with_children,percentiles_91_95,2003,52800.0,26000.0,22200.0,3300.0,1300.0
hh_with_children,percentiles_91_95,2004,55300.0,27100.0,22700.0,4200.0,1300.0
hh_with_children,percentiles_91_95,2005,57800.0,28700.0,22500.0,5300.0,1300.0
hh_with_children,percentiles_91_95,2006,60600.0,30300.0,23000.0,6100.0,1200.0
hh_with_children,percentiles_91_95,2007,62000.0,32000.0,23600.0,5300.0,1100.0
hh_with_children,percentiles_91_95,2008,58000.0,30100.0,23800.0,3000.0,1100.0
hh_with_children,percentiles_91_95,2009,55300.0,27700.0,24200.0,2400.0,1000.0
hh_with_children,percentiles_91_95,2010,57100.0,29000.0,24000.0,3100.0,1000.0
hh_with_children,percentiles_91_95,2011,55600.0,30500.0,20700.0,3200.0,1100.0
hh_with_children,percentiles_91_95,2012,58200.0,32300.0,21100.0,3600.0,1200.0
hh_with_children,percentiles_91_95,2013,64000.0,33400.0,25200.0,4200.0,1200.0
hh_with_children,percentiles_91_95,2014,66700.0,35300.0,25300.0,4800.0,1400.0
hh_with_children,percentiles_91_95,2015,69300.0,37200.0,26000.0,4700.0,1400.0
hh_with_children,percentiles_96_99,1979,61700.0,41400.0,8600.0,10200.0,1500.0
hh_with_children,percentiles_96_99,1980,60900.0,42400.0,9300.0,7900.0,1300.0
hh_with_children,percentiles_96_99,1981,59200.0,42000.0,10200.0,6000.0,1100.0
hh_with_children,percentiles_96_99,1982,54500.0,38800.0,11300.0,3300.0,1100.0
hh_with_children,percentiles_96_99,1983,54100.0,35900.0,12400.0,4600.0,1300.0
hh_with_children,percentiles_96_99,1984,57400.0,37100.0,13600.0,5100.0,1600.0
hh_with_children,percentiles_96_99,1985,57100.0,36700.0,14100.0,4800.0,1500.0
hh_with_children,percentiles_96_99,1986,63900.0,42800.0,14400.0,5100.0,1500.0
hh_with_children,percentiles_96_99,1987,68900.0,45400.0,15000.0,6900.0,1500.0
hh_with_children,percentiles_96_99,1988,71000.0,47000.0,15900.0,6500.0,1500.0
hh_with_children,percentiles_96_99,1989,70900.0,46700.0,16500.0,6300.0,1400.0
hh_with_children,percentiles_96_99,1990,70600.0,46400.0,16700.0,6000.0,1500.0
hh_with_children,percentiles_96_99,1991,71800.0,45000.0,19500.0,5600.0,1700.0
hh_with_children,percentiles_96_99,1992,73900.0,46700.0,19500.0,5900.0,1700.0
hh_with_children,percentiles_96_99,1993,77000.0,47700.0,20800.0,6800.0,1700.0
hh_with_children,percentiles_96_99,1994,80100.0,49300.0,21800.0,7200.0,1800.0
hh_with_children,percentiles_96_99,1995,84300.0,53500.0,20900.0,8100.0,1800.0
hh_with_children,percentiles_96_99,1996,91300.0,59300.0,21700.0,8700.0,1600.0
hh_with_children,percentiles_96_99,1997,97500.0,64100.0,22500.0,9100.0,1700.0
hh_with_children,percentiles_96_99,1998,104000.0,69900.0,23900.0,8600.0,1600.0
hh_with_children,percentiles_96_99,1999,112000.0,75800.0,24800.0,9200.0,2200.0
hh_with_children,percentiles_96_99,2000,114300.0,78100.0,25400.0,8800.0,2000.0
hh_with_children,percentiles_96_99,2001,103100.0,70200.0,25100.0,5900.0,1800.0
hh_with_children,percentiles_96_99,2002,96800.0,64600.0,25400.0,5200.0,1600.0
hh_with_children,percentiles_96_99,2003,95700.0,60800.0,25700.0,7600.0,1600.0
hh_with_children,percentiles_96_99,2004,102700.0,65800.0,26000.0,9200.0,1700.0
hh_with_children,percentiles_96_99,2005,114000.0,73500.0,26100.0,12800.0,1600.0
hh_with_children,percentiles_96_99,2006,118300.0,76000.0,26900.0,13900.0,1500.0
hh_with_children,percentiles_96_99,2007,121300.0,80600.0,27400.0,11900.0,1300.0
hh_with_children,percentiles_96_99,2008,108500.0,73100.0,27400.0,6600.0,1300.0
hh_with_children,percentiles_96_99,2009,100100.0,65500.0,28400.0,5000.0,1200.0
hh_with_children,percentiles_96_99,2010,104900.0,68900.0,28000.0,6800.0,1200.0
hh_with_children,percentiles_96_99,2011,105700.0,72700.0,24900.0,6800.0,1300.0
hh_with_children,percentiles_96_99,2012,113200.0,78700.0,25300.0,7800.0,1400.0
hh_with_children,percentiles_96_99,2013,121100.0,80000.0,29900.0,9700.0,1400.0
hh_with_children,percentiles_96_99,2014,128500.0,85500.0,30700.0,10600.0,1600.0
hh_with_children,percentiles_96_99,2015,132700.0,90000.0,31400.0,9600.0,1700.0
hh_with_children,top_1_percent,1979,218000.0,146800.0,7100.0,61400.0,2600.0
hh_with_children,top_1_percent,1980,196500.0,139400.0,8100.0,46600.0,2300.0
hh_with_children,top_1_percent,1981,190000.0,138900.0,9100.0,39800.0,2300.0
hh_with_children,top_1_percent,1982,168600.0,130500.0,11500.0,24600.0,2100.0
hh_with_children,top_1_percent,1983,207400.0,156200.0,12500.0,35500.0,3200.0
hh_with_children,top_1_percent,1984,224500.0,166100.0,13800.0,40600.0,4100.0
hh_with_children,top_1_percent,1985,213700.0,157900.0,13800.0,37500.0,4500.0
hh_with_children,top_1_percent,1986,328400.0,252100.0,14100.0,57900.0,4300.0
hh_with_children,top_1_percent,1987,287600.0,220300.0,16400.0,47100.0,3800.0
hh_with_children,top_1_percent,1988,327600.0,253600.0,16300.0,53900.0,3800.0
hh_with_children,top_1_percent,1989,308100.0,236100.0,17100.0,51900.0,3000.0
hh_with_children,top_1_percent,1990,258200.0,196300.0,17600.0,41100.0,3100.0
hh_with_children,top_1_percent,1991,274300.0,207700.0,22100.0,40900.0,3700.0
hh_with_children,top_1_percent,1992,312700.0,238400.0,20200.0,50300.0,3900.0
hh_with_children,top_1_percent,1993,359500.0,271100.0,23300.0,61300.0,3800.0
hh_with_children,top_1_percent,1994,359300.0,262400.0,31900.0,61300.0,3600.0
hh_with_children,top_1_percent,1995,432400.0,319200.0,31800.0,77800.0,3600.0
hh_with_children,top_1_percent,1996,470800.0,354400.0,33600.0,79600.0,3200.0
hh_with_children,top_1_percent,1997,504800.0,380000.0,34800.0,86400.0,3500.0
hh_with_children,top_1_percent,1998,559800.0,429300.0,38500.0,88600.0,3400.0
hh_with_children,top_1_percent,1999,688700.0,538100.0,43800.0,102800.0,4100.0
hh_with_children,top_1_percent,2000,767000.0,605600.0,47800.0,109800.0,3900.0
hh_with_children,top_1_percent,2001,592400.0,468000.0,43700.0,76600.0,4000.0
hh_with_children,top_1_percent,2002,518400.0,408900.0,41400.0,64900.0,3200.0
hh_with_children,top_1_percent,2003,521300.0,378800.0,41000.0,98300.0,3200.0
hh_with_children,top_1_percent,2004,598200.0,424900.0,41900.0,127700.0,3600.0
hh_with_children,top_1_percent,2005,705500.0,485900.0,43000.0,172600.0,4000.0
hh_with_children,top_1_percent,2006,797600.0,544200.0,45800.0,203900.0,3700.0
hh_with_children,top_1_percent,2007,825100.0,593100.0,48100.0,180900.0,2900.0
hh_with_children,top_1_percent,2008,647400.0,485500.0,46800.0,111500.0,3500.0
hh_with_children,top_1_percent,2009,480500.0,363600.0,43400.0,71200.0,2400.0
hh_with_children,top_1_percent,2010,624700.0,443000.0,45100.0,133400.0,3200.0
hh_with_children,top_1_percent,2011,579800.0,417500.0,42300.0,117100.0,2900.0
hh_with_children,top_1_percent,2012,690200.0,500200.0,44100.0,142300.0,3500.0
hh_with_children,top_1_percent,2013,708700.0,516700.0,52500.0,136400.0,3100.0
hh_with_children,top_1_percent,2014,805200.0,590000.0,52700.0,158900.0,3600.0
hh_with_children,top_1_percent,2015,850000.0,630400.0,58400.0,158100.0,3100.0
elderly_headed_hh,all_quintiles,1979,8700.0,3900.0,900.0,3400.0,500.0
elderly_headed_hh,all_quintiles,1980,8200.0,4200.0,900.0,2700.0,400.0
elderly_headed_hh,all_quintiles,1981,8100.0,4600.0,1000.0,2200.0,400.0
elderly_headed_hh,all_quintiles,1982,7300.0,4600.0,1000.0,1400.0,400.0
elderly_headed_hh,all_quintiles,1983,7500.0,4200.0,1000.0,1800.0,500.0
elderly_headed_hh,all_quintiles,1984,8500.0,4800.0,1100.0,2200.0,500.0
elderly_headed_hh,all_quintiles,1985,8700.0,5000.0,1100.0,2000.0,500.0
elderly_headed_hh,all_quintiles,1986,9200.0,5300.0,1200.0,2100.0,600.0
elderly_headed_hh,all_quintiles,1987,8800.0,4500.0,1100.0,2700.0,500.0
elderly_headed_hh,all_quintiles,1988,9400.0,4900.0,1200.0,2700.0,500.0
elderly_headed_hh,all_quintiles,1989,9200.0,4900.0,1200.0,2700.0,500.0
elderly_headed_hh,all_quintiles,1990,8900.0,4700.0,1200.0,2400.0,500.0
elderly_headed_hh,all_quintiles,1991,8000.0,4100.0,1100.0,2100.0,600.0
elderly_headed_hh,all_quintiles,1992,8600.0,4300.0,1200.0,2500.0,600.0
elderly_headed_hh,all_quintiles,1993,8900.0,4300.0,1200.0,2800.0,600.0
elderly_headed_hh,all_quintiles,1994,9300.0,4500.0,1200.0,3000.0,600.0
elderly_headed_hh,all_quintiles,1995,10300.0,5000.0,1300.0,3300.0,700.0
elderly_headed_hh,all_quintiles,1996,12000.0,6200.0,1400.0,3800.0,600.0
elderly_headed_hh,all_quintiles,1997,12600.0,6700.0,1400.0,3800.0,700.0
elderly_headed_hh,all_quintiles,1998,13100.0,7300.0,1500.0,3600.0,700.0
elderly_headed_hh,all_quintiles,1999,14000.0,7900.0,1600.0,3600.0,800.0
elderly_headed_hh,all_quintiles,2000,13600.0,8000.0,1600.0,3300.0,700.0
elderly_headed_hh,all_quintiles,2001,11300.0,6600.0,1700.0,2400.0,700.0
elderly_headed_hh,all_quintiles,2002,10300.0,5900.0,1500.0,2200.0,700.0
elderly_headed_hh,all_quintiles,2003,10400.0,5300.0,1600.0,2800.0,600.0
elderly_headed_hh,all_quintiles,2004,12000.0,6000.0,1700.0,3600.0,700.0
elderly_headed_hh,all_quintiles,2005,13900.0,6800.0,1800.0,4600.0,700.0
elderly_headed_hh,all_quintiles,2006,14800.0,7300.0,1900.0,5000.0,600.0
elderly_headed_hh,all_quintiles,2007,15800.0,8600.0,2000.0,4600.0,600.0
elderly_headed_hh,all_quintiles,2008,11400.0,6300.0,2000.0,2600.0,500.0
elderly_headed_hh,all_quintiles,2009,10200.0,5700.0,2000.0,2000.0,500.0
elderly_headed_hh,all_quintiles,2010,11600.0,6400.0,2100.0,2600.0,500.0
elderly_headed_hh,all_quintiles,2011,11900.0,6900.0,1800.0,2600.0,500.0
elderly_headed_hh,all_quintiles,2012,13600.0,7900.0,2000.0,3200.0,600.0
elderly_headed_hh,all_quintiles,2013,14200.0,7900.0,2300.0,3300.0,600.0
elderly_headed_hh,all_quintiles,2014,15400.0,8800.0,2400.0,3700.0,600.0
elderly_headed_hh,all_quintiles,2015,15800.0,9200.0,2500.0,3400.0,600.0
elderly_headed_hh,lowest_quintile,1979,400.0,,100.0,100.0,200.0
elderly_headed_hh,lowest_quintile,1980,300.0,,100.0,100.0,100.0
elderly_headed_hh,lowest_quintile,1981,200.0,,,100.0,100.0
elderly_headed_hh,lowest_quintile,1982,200.0,,,,100.0
elderly_headed_hh,lowest_quintile,1983,200.0,,,,200.0
elderly_headed_hh,lowest_quintile,1984,300.0,,,100.0,200.0
elderly_headed_hh,lowest_quintile,1985,300.0,,100.0,100.0,200.0
elderly_headed_hh,lowest_quintile,1986,300.0,,100.0,,200.0
elderly_headed_hh,lowest_quintile,1987,300.0,,100.0,100.0,200.0
elderly_headed_hh,lowest_quintile,1988,300.0,,100.0,100.0,200.0
elderly_headed_hh,lowest_quintile,1989,300.0,,100.0,100.0,200.0
elderly_headed_hh,lowest_quintile,1990,300.0,,100.0,100.0,200.0
elderly_headed_hh,lowest_quintile,1991,300.0,,100.0,100.0,200.0
elderly_headed_hh,lowest_quintile,1992,300.0,,100.0,100.0,200.0
elderly_headed_hh,lowest_quintile,1993,400.0,,100.0,100.0,200.0
elderly_headed_hh,lowest_quintile,1994,400.0,,100.0,100.0,200.0
elderly_headed_hh,lowest_quintile,1995,400.0,0.0,100.0,100.0,200.0
elderly_headed_hh,lowest_quintile,1996,400.0,,100.0,100.0,200.0
elderly_headed_hh,lowest_quintile,1997,400.0,,100.0,100.0,200.0
elderly_headed_hh,lowest_quintile,1998,400.0,,100.0,100.0,200.0
elderly_headed_hh,lowest_quintile,1999,500.0,,100.0,100.0,300.0
elderly_headed_hh,lowest_quintile,2000,500.0,,100.0,100.0,300.0
elderly_headed_hh,lowest_quintile,2001,400.0,,100.0,100.0,300.0
elderly_headed_hh,lowest_quintile,2002,400.0,,100.0,100.0,300.0
elderly_headed_hh,lowest_quintile,2003,400.0,,100.0,100.0,300.0
elderly_headed_hh,lowest_quintile,2004,400.0,,100.0,100.0,200.0
elderly_headed_hh,lowest_quintile,2005,400.0,,100.0,100.0,200.0
elderly_headed_hh,lowest_quintile,2006,400.0,,100.0,100.0,200.0
elderly_headed_hh,lowest_quintile,2007,400.0,,100.0,100.0,200.0
elderly_headed_hh,lowest_quintile,2008,100.0,-300.0,100.0,100.0,200.0
elderly_headed_hh,lowest_quintile,2009,400.0,,100.0,100.0,200.0
elderly_headed_hh,lowest_quintile,2010,400.0,,100.0,100.0,300.0
elderly_headed_hh,lowest_quintile,2011,400.0,,100.0,100.0,200.0
elderly_headed_hh,lowest_quintile,2012,500.0,,100.0,100.0,300.0
elderly_headed_hh,lowest_quintile,2013,500.0,,100.0,100.0,300.0
elderly_headed_hh,lowest_quintile,2014,400.0,-100.0,100.0,100.0,300.0
elderly_headed_hh,lowest_quintile,2015,400.0,-100.0,100.0,100.0,300.0
elderly_headed_hh,second_quintile,1979,1600.0,100.0,400.0,800.0,300.0
elderly_headed_hh,second_quintile,1980,1200.0,100.0,300.0,500.0,200.0
elderly_headed_hh,second_quintile,1981,1100.0,200.0,300.0,300.0,200.0
elderly_headed_hh,second_quintile,1982,800.0,100.0,300.0,200.0,200.0
elderly_headed_hh,second_quintile,1983,900.0,100.0,300.0,200.0,300.0
elderly_headed_hh,second_quintile,1984,1100.0,100.0,300.0,300.0,300.0
elderly_headed_hh,second_quintile,1985,1000.0,100.0,300.0,300.0,300.0
elderly_headed_hh,second_quintile,1986,1000.0,100.0,300.0,300.0,300.0
elderly_headed_hh,second_quintile,1987,1100.0,100.0,300.0,400.0,400.0
elderly_headed_hh,second_quintile,1988,1200.0,200.0,300.0,400.0,300.0
elderly_headed_hh,second_quintile,1989,1200.0,200.0,300.0,400.0,300.0
elderly_headed_hh,second_quintile,1990,1200.0,200.0,300.0,400.0,300.0
elderly_headed_hh,second_quintile,1991,1100.0,100.0,300.0,300.0,400.0
elderly_headed_hh,second_quintile,1992,1100.0,100.0,300.0,300.0,400.0
elderly_headed_hh,second_quintile,1993,1000.0,100.0,200.0,300.0,400.0
elderly_headed_hh,second_quintile,1994,1000.0,100.0,200.0,300.0,400.0
elderly_headed_hh,second_quintile,1995,1100.0,100.0,300.0,300.0,400.0
elderly_headed_hh,second_quintile,1996,1000.0,100.0,300.0,300.0,400.0
elderly_headed_hh,second_quintile,1997,1100.0,100.0,300.0,300.0,400.0
elderly_headed_hh,second_quintile,1998,1200.0,100.0,400.0,300.0,400.0
elderly_headed_hh,second_quintile,1999,1500.0,200.0,400.0,300.0,500.0
elderly_headed_hh,second_quintile,2000,1500.0,200.0,500.0,400.0,500.0
elderly_headed_hh,second_quintile,2001,1200.0,100.0,400.0,200.0,400.0
elderly_headed_hh,second_quintile,2002,1100.0,100.0,300.0,200.0,500.0
elderly_headed_hh,second_quintile,2003,1000.0,,300.0,200.0,400.0
elderly_headed_hh,second_quintile,2004,1000.0,100.0,300.0,200.0,400.0
elderly_headed_hh,second_quintile,2005,1100.0,100.0,300.0,300.0,400.0
elderly_headed_hh,second_quintile,2006,1000.0,100.0,300.0,300.0,400.0
elderly_headed_hh,second_quintile,2007,1200.0,100.0,400.0,300.0,300.0
elderly_headed_hh,second_quintile,2008,400.0,-400.0,400.0,200.0,300.0
elderly_headed_hh,second_quintile,2009,700.0,,300.0,100.0,300.0
elderly_headed_hh,second_quintile,2010,800.0,,300.0,200.0,300.0
elderly_headed_hh,second_quintile,2011,800.0,,300.0,100.0,300.0
elderly_headed_hh,second_quintile,2012,800.0,100.0,300.0,100.0,300.0
elderly_headed_hh,second_quintile,2013,900.0,,300.0,200.0,400.0
elderly_headed_hh,second_quintile,2014,900.0,,300.0,200.0,400.0
elderly_headed_hh,second_quintile,2015,900.0,,400.0,200.0,400.0
elderly_headed_hh,middle_quintile,1979,4700.0,1100.0,1100.0,2100.0,500.0
elderly_headed_hh,middle_quintile,1980,4000.0,1100.0,900.0,1600.0,400.0
elderly_headed_hh,middle_quintile,1981,3600.0,1100.0,900.0,1200.0,400.0
elderly_headed_hh,middle_quintile,1982,2900.0,1000.0,800.0,700.0,400.0
elderly_headed_hh,middle_quintile,1983,2900.0,900.0,800.0,900.0,400.0
elderly_headed_hh,middle_quintile,1984,3300.0,900.0,900.0,1100.0,500.0
elderly_headed_hh,middle_quintile,1985,3200.0,900.0,800.0,1000.0,500.0
elderly_headed_hh,middle_quintile,1986,3500.0,900.0,1000.0,1000.0,500.0
elderly_headed_hh,middle_quintile,1987,3700.0,900.0,900.0,1300.0,500.0
elderly_headed_hh,middle_quintile,1988,3900.0,1100.0,1000.0,1300.0,500.0
elderly_headed_hh,middle_quintile,1989,3800.0,1100.0,900.0,1300.0,500.0
elderly_headed_hh,middle_quintile,1990,3800.0,1200.0,1000.0,1100.0,500.0
elderly_headed_hh,middle_quintile,1991,3500.0,1000.0,900.0,1000.0,600.0
elderly_headed_hh,middle_quintile,1992,3300.0,900.0,800.0,1100.0,600.0
elderly_headed_hh,middle_quintile,1993,3400.0,800.0,900.0,1200.0,600.0
elderly_headed_hh,middle_quintile,1994,3600.0,900.0,800.0,1200.0,700.0
elderly_headed_hh,middle_quintile,1995,3800.0,900.0,900.0,1300.0,600.0
elderly_headed_hh,middle_quintile,1996,3700.0,900.0,900.0,1300.0,600.0
elderly_headed_hh,middle_quintile,1997,3800.0,1000.0,900.0,1200.0,600.0
elderly_headed_hh,middle_quintile,1998,4000.0,1200.0,1000.0,1200.0,700.0
elderly_headed_hh,middle_quintile,1999,4400.0,1300.0,1100.0,1200.0,800.0
elderly_headed_hh,middle_quintile,2000,4300.0,1400.0,1100.0,1100.0,700.0
elderly_headed_hh,middle_quintile,2001,3600.0,1100.0,1100.0,800.0,700.0
elderly_headed_hh,middle_quintile,2002,3100.0,800.0,1000.0,700.0,600.0
elderly_headed_hh,middle_quintile,2003,3100.0,800.0,1000.0,800.0,600.0
elderly_headed_hh,middle_quintile,2004,3300.0,800.0,1000.0,900.0,600.0
elderly_headed_hh,middle_quintile,2005,3700.0,900.0,1100.0,1100.0,600.0
elderly_headed_hh,middle_quintile,2006,3700.0,900.0,1100.0,1100.0,600.0
elderly_headed_hh,middle_quintile,2007,3800.0,1100.0,1200.0,1000.0,500.0
elderly_headed_hh,middle_quintile,2008,2400.0,200.0,1100.0,600.0,500.0
elderly_headed_hh,middle_quintile,2009,2500.0,500.0,1000.0,400.0,500.0
elderly_headed_hh,middle_quintile,2010,2600.0,600.0,1000.0,500.0,500.0
elderly_headed_hh,middle_quintile,2011,2600.0,800.0,900.0,500.0,500.0
elderly_headed_hh,middle_quintile,2012,2700.0,800.0,900.0,500.0,500.0
elderly_headed_hh,middle_quintile,2013,3200.0,900.0,1100.0,600.0,600.0
elderly_headed_hh,middle_quintile,2014,3300.0,900.0,1200.0,600.0,600.0
elderly_headed_hh,middle_quintile,2015,3500.0,1100.0,1200.0,600.0,600.0
elderly_headed_hh,fourth_quintile,1979,9200.0,3200.0,1800.0,3600.0,600.0
elderly_headed_hh,fourth_quintile,1980,8300.0,3300.0,1600.0,2800.0,500.0
elderly_headed_hh,fourth_quintile,1981,7700.0,3400.0,1500.0,2300.0,500.0
elderly_headed_hh,fourth_quintile,1982,6300.0,3100.0,1500.0,1300.0,500.0
elderly_headed_hh,fourth_quintile,1983,6500.0,2800.0,1400.0,1600.0,600.0
elderly_headed_hh,fourth_quintile,1984,7300.0,3100.0,1600.0,2000.0,700.0
elderly_headed_hh,fourth_quintile,1985,7100.0,3000.0,1600.0,1800.0,600.0
elderly_headed_hh,fourth_quintile,1986,7400.0,3100.0,1700.0,1900.0,700.0
elderly_headed_hh,fourth_quintile,1987,8300.0,3200.0,1800.0,2600.0,700.0
elderly_headed_hh,fourth_quintile,1988,8400.0,3500.0,1800.0,2400.0,700.0
elderly_headed_hh,fourth_quintile,1989,8500.0,3700.0,1800.0,2400.0,600.0
elderly_headed_hh,fourth_quintile,1990,8200.0,3600.0,1700.0,2200.0,700.0
elderly_headed_hh,fourth_quintile,1991,7600.0,3300.0,1600.0,1900.0,700.0
elderly_headed_hh,fourth_quintile,1992,7700.0,3200.0,1700.0,2100.0,700.0
elderly_headed_hh,fourth_quintile,1993,7600.0,3000.0,1600.0,2300.0,800.0
elderly_headed_hh,fourth_quintile,1994,8200.0,3200.0,1700.0,2400.0,800.0
elderly_headed_hh,fourth_quintile,1995,8500.0,3400.0,1800.0,2600.0,800.0
elderly_headed_hh,fourth_quintile,1996,8700.0,3500.0,1700.0,2700.0,800.0
elderly_headed_hh,fourth_quintile,1997,8900.0,3900.0,1700.0,2500.0,800.0
elderly_headed_hh,fourth_quintile,1998,9400.0,4300.0,1900.0,2400.0,800.0
elderly_headed_hh,fourth_quintile,1999,10300.0,4900.0,2000.0,2400.0,1000.0
elderly_headed_hh,fourth_quintile,2000,10500.0,5300.0,2100.0,2200.0,900.0
elderly_headed_hh,fourth_quintile,2001,9100.0,4500.0,2100.0,1600.0,800.0
elderly_headed_hh,fourth_quintile,2002,7900.0,3900.0,1800.0,1300.0,800.0
elderly_headed_hh,fourth_quintile,2003,8100.0,3700.0,2100.0,1600.0,800.0
elderly_headed_hh,fourth_quintile,2004,8700.0,3900.0,2200.0,1800.0,800.0
elderly_headed_hh,fourth_quintile,2005,9400.0,4000.0,2300.0,2300.0,800.0
elderly_headed_hh,fourth_quintile,2006,9700.0,4200.0,2200.0,2500.0,700.0
elderly_headed_hh,fourth_quintile,2007,9700.0,4500.0,2400.0,2100.0,700.0
elderly_headed_hh,fourth_quintile,2008,7600.0,3300.0,2400.0,1200.0,600.0
elderly_headed_hh,fourth_quintile,2009,6800.0,3300.0,2100.0,900.0,600.0
elderly_headed_hh,fourth_quintile,2010,7400.0,3600.0,2100.0,1100.0,600.0
elderly_headed_hh,fourth_quintile,2011,7800.0,4100.0,1900.0,1100.0,600.0
elderly_headed_hh,fourth_quintile,2012,7900.0,4100.0,2000.0,1100.0,600.0
elderly_headed_hh,fourth_quintile,2013,8800.0,4300.0,2400.0,1400.0,700.0
elderly_headed_hh,fourth_quintile,2014,9200.0,4600.0,2500.0,1400.0,700.0
elderly_headed_hh,fourth_quintile,2015,9600.0,4900.0,2600.0,1400.0,700.0
elderly_headed_hh,highest_quintile,1979,44800.0,23600.0,3100.0,17000.0,1200.0
elderly_headed_hh,highest_quintile,1980,39800.0,23300.0,2800.0,12700.0,1000.0
elderly_headed_hh,highest_quintile,1981,36300.0,23100.0,3000.0,9300.0,900.0
elderly_headed_hh,highest_quintile,1982,31300.0,21800.0,3100.0,5500.0,900.0
elderly_headed_hh,highest_quintile,1983,30500.0,19500.0,3000.0,7000.0,1000.0
elderly_headed_hh,highest_quintile,1984,35700.0,22800.0,3300.0,8500.0,1000.0
elderly_headed_hh,highest_quintile,1985,36600.0,24000.0,3500.0,8100.0,1000.0
elderly_headed_hh,highest_quintile,1986,40700.0,26700.0,3600.0,9000.0,1300.0
elderly_headed_hh,highest_quintile,1987,41600.0,24500.0,3700.0,12200.0,1200.0
elderly_headed_hh,highest_quintile,1988,44500.0,26700.0,3800.0,12700.0,1300.0
elderly_headed_hh,highest_quintile,1989,41800.0,25200.0,3600.0,11900.0,1100.0
elderly_headed_hh,highest_quintile,1990,39100.0,23600.0,3800.0,10700.0,1100.0
elderly_headed_hh,highest_quintile,1991,35000.0,20800.0,3700.0,9300.0,1200.0
elderly_headed_hh,highest_quintile,1992,38100.0,21800.0,4100.0,11000.0,1200.0
elderly_headed_hh,highest_quintile,1993,39500.0,21600.0,3900.0,12700.0,1300.0
elderly_headed_hh,highest_quintile,1994,43400.0,23800.0,4200.0,14100.0,1300.0
elderly_headed_hh,highest_quintile,1995,44900.0,24900.0,4200.0,14600.0,1300.0
elderly_headed_hh,highest_quintile,1996,50400.0,29100.0,4400.0,15700.0,1300.0
elderly_headed_hh,highest_quintile,1997,52100.0,30900.0,4300.0,15700.0,1300.0
elderly_headed_hh,highest_quintile,1998,53900.0,33000.0,4600.0,14900.0,1500.0
elderly_headed_hh,highest_quintile,1999,59500.0,37400.0,4900.0,15500.0,1700.0
elderly_headed_hh,highest_quintile,2000,58400.0,38000.0,4900.0,14200.0,1400.0
elderly_headed_hh,highest_quintile,2001,50900.0,33500.0,5400.0,10800.0,1200.0
elderly_headed_hh,highest_quintile,2002,48600.0,31500.0,5200.0,10700.0,1300.0
elderly_headed_hh,highest_quintile,2003,49500.0,28100.0,5900.0,14300.0,1300.0
elderly_headed_hh,highest_quintile,2004,57300.0,31600.0,5900.0,18300.0,1500.0
elderly_headed_hh,highest_quintile,2005,61600.0,33100.0,5800.0,21300.0,1400.0
elderly_headed_hh,highest_quintile,2006,62500.0,33600.0,5700.0,21900.0,1300.0
elderly_headed_hh,highest_quintile,2007,63200.0,37000.0,5800.0,19200.0,1200.0
elderly_headed_hh,highest_quintile,2008,50700.0,31700.0,6400.0,11500.0,1100.0
elderly_headed_hh,highest_quintile,2009,42800.0,26400.0,6600.0,8800.0,900.0
elderly_headed_hh,highest_quintile,2010,46900.0,28300.0,6400.0,11100.0,1000.0
elderly_headed_hh,highest_quintile,2011,49600.0,31000.0,6000.0,11600.0,1000.0
elderly_headed_hh,highest_quintile,2012,55700.0,34500.0,6200.0,13800.0,1200.0
elderly_headed_hh,highest_quintile,2013,55900.0,33600.0,7200.0,13900.0,1100.0
elderly_headed_hh,highest_quintile,2014,61400.0,37500.0,7300.0,15400.0,1200.0
elderly_headed_hh,highest_quintile,2015,63800.0,39800.0,8000.0,14700.0,1200.0
elderly_headed_hh,percentiles_81_90,1979,16000.0,6600.0,2800.0,5800.0,800.0
elderly_headed_hh,percentiles_81_90,1980,15000.0,7100.0,2500.0,4800.0,700.0
elderly_headed_hh,percentiles_81_90,1981,14000.0,7400.0,2600.0,3400.0,600.0
elderly_headed_hh,percentiles_81_90,1982,11900.0,6800.0,2500.0,2000.0,600.0
elderly_headed_hh,percentiles_81_90,1983,12000.0,6200.0,2400.0,2600.0,700.0
elderly_headed_hh,percentiles_81_90,1984,13700.0,7100.0,2700.0,3200.0,800.0
elderly_headed_hh,percentiles_81_90,1985,13200.0,6900.0,2700.0,2800.0,800.0
elderly_headed_hh,percentiles_81_90,1986,13800.0,7100.0,2800.0,3100.0,800.0
elderly_headed_hh,percentiles_81_90,1987,15700.0,7700.0,3000.0,4300.0,800.0
elderly_headed_hh,percentiles_81_90,1988,16200.0,8000.0,3000.0,4400.0,800.0
elderly_headed_hh,percentiles_81_90,1989,16200.0,8300.0,2900.0,4200.0,800.0
elderly_headed_hh,percentiles_81_90,1990,15500.0,8100.0,2800.0,3800.0,800.0
elderly_headed_hh,percentiles_81_90,1991,14300.0,7500.0,2500.0,3400.0,900.0
elderly_headed_hh,percentiles_81_90,1992,15100.0,7500.0,3100.0,3600.0,900.0
elderly_headed_hh,percentiles_81_90,1993,15000.0,7100.0,2700.0,4200.0,900.0
elderly_headed_hh,percentiles_81_90,1994,16300.0,7900.0,2900.0,4500.0,1000.0
elderly_headed_hh,percentiles_81_90,1995,17600.0,8800.0,2900.0,5000.0,1000.0
elderly_headed_hh,percentiles_81_90,1996,17800.0,8900.0,3000.0,4900.0,900.0
elderly_headed_hh,percentiles_81_90,1997,18200.0,9300.0,3000.0,5000.0,1000.0
elderly_headed_hh,percentiles_81_90,1998,19400.0,10600.0,3300.0,4500.0,1100.0
elderly_headed_hh,percentiles_81_90,1999,20900.0,11600.0,3400.0,4700.0,1200.0
elderly_headed_hh,percentiles_81_90,2000,20600.0,12000.0,3200.0,4300.0,1000.0
elderly_headed_hh,percentiles_81_90,2001,18900.0,11100.0,3900.0,3000.0,1000.0
elderly_headed_hh,percentiles_81_90,2002,17600.0,10200.0,3700.0,2700.0,1000.0
elderly_headed_hh,percentiles_81_90,2003,16800.0,8600.0,4100.0,3200.0,900.0
elderly_headed_hh,percentiles_81_90,2004,18100.0,9300.0,4100.0,3700.0,1000.0
elderly_headed_hh,percentiles_81_90,2005,19100.0,9500.0,4000.0,4600.0,1000.0
elderly_headed_hh,percentiles_81_90,2006,19800.0,9900.0,3900.0,5100.0,900.0
elderly_headed_hh,percentiles_81_90,2007,19100.0,10200.0,3900.0,4200.0,900.0
elderly_headed_hh,percentiles_81_90,2008,15900.0,8600.0,4100.0,2500.0,700.0
elderly_headed_hh,percentiles_81_90,2009,15200.0,8300.0,4200.0,2000.0,700.0
elderly_headed_hh,percentiles_81_90,2010,16100.0,9100.0,4000.0,2400.0,700.0
elderly_headed_hh,percentiles_81_90,2011,16300.0,9700.0,3600.0,2300.0,800.0
elderly_headed_hh,percentiles_81_90,2012,17200.0,10000.0,3900.0,2400.0,800.0
elderly_headed_hh,percentiles_81_90,2013,18900.0,10400.0,4500.0,3200.0,800.0
elderly_headed_hh,percentiles_81_90,2014,19600.0,10600.0,4800.0,3400.0,900.0
elderly_headed_hh,percentiles_81_90,2015,20800.0,11600.0,5200.0,3100.0,900.0
elderly_headed_hh,percentiles_91_95,1979,23300.0,10700.0,3800.0,7800.0,1000.0
elderly_headed_hh,percentiles_91_95,1980,22400.0,11300.0,3100.0,7100.0,800.0
elderly_headed_hh,percentiles_91_95,1981,21400.0,12100.0,3200.0,5200.0,800.0
elderly_headed_hh,percentiles_91_95,1982,18300.0,11300.0,3300.0,3000.0,700.0
elderly_headed_hh,percentiles_91_95,1983,18300.0,10400.0,3200.0,3900.0,800.0
elderly_headed_hh,percentiles_91_95,1984,21600.0,12600.0,3500.0,4600.0,900.0
elderly_headed_hh,percentiles_91_95,1985,21700.0,12900.0,3600.0,4400.0,900.0
elderly_headed_hh,percentiles_91_95,1986,21900.0,12700.0,3700.0,4600.0,1000.0
elderly_headed_hh,percentiles_91_95,1987,25100.0,13700.0,3800.0,6600.0,1000.0
elderly_headed_hh,percentiles_91_95,1988,25100.0,13500.0,4300.0,6300.0,1000.0
elderly_headed_hh,percentiles_91_95,1989,25000.0,13900.0,3600.0,6600.0,900.0
elderly_headed_hh,percentiles_91_95,1990,24200.0,13300.0,3900.0,6000.0,1000.0
elderly_headed_hh,percentiles_91_95,1991,23600.0,13100.0,4000.0,5400.0,1100.0
elderly_headed_hh,percentiles_91_95,1992,24400.0,13100.0,3700.0,6500.0,1100.0
elderly_headed_hh,percentiles_91_95,1993,24300.0,11900.0,4000.0,7200.0,1100.0
elderly_headed_hh,percentiles_91_95,1994,26600.0,13700.0,3900.0,7700.0,1200.0
elderly_headed_hh,percentiles_91_95,1995,27900.0,14300.0,4000.0,8400.0,1200.0
elderly_headed_hh,percentiles_91_95,1996,29200.0,15500.0,4200.0,8500.0,1100.0
elderly_headed_hh,percentiles_91_95,1997,30000.0,16700.0,3900.0,8300.0,1100.0
elderly_headed_hh,percentiles_91_95,1998,31100.0,17600.0,4400.0,7800.0,1300.0
elderly_headed_hh,percentiles_91_95,1999,32700.0,18900.0,4700.0,7800.0,1400.0
elderly_headed_hh,percentiles_91_95,2000,33500.0,20100.0,4800.0,7400.0,1200.0
elderly_headed_hh,percentiles_91_95,2001,29700.0,18100.0,5400.0,5100.0,1100.0
elderly_headed_hh,percentiles_91_95,2002,28000.0,17300.0,4900.0,4700.0,1100.0
elderly_headed_hh,percentiles_91_95,2003,27600.0,15000.0,5900.0,5600.0,1100.0
elderly_headed_hh,percentiles_91_95,2004,29700.0,15300.0,5900.0,7100.0,1300.0
elderly_headed_hh,percentiles_91_95,2005,31500.0,15900.0,5800.0,8600.0,1200.0
elderly_headed_hh,percentiles_91_95,2006,32900.0,16600.0,5600.0,9600.0,1100.0
elderly_headed_hh,percentiles_91_95,2007,32300.0,17600.0,5700.0,8000.0,1000.0
elderly_headed_hh,percentiles_91_95,2008,27900.0,16000.0,6300.0,4600.0,900.0
elderly_headed_hh,percentiles_91_95,2009,25400.0,14900.0,6400.0,3300.0,800.0
elderly_headed_hh,percentiles_91_95,2010,27900.0,16200.0,6500.0,4400.0,900.0
elderly_headed_hh,percentiles_91_95,2011,28600.0,17400.0,5800.0,4400.0,900.0
elderly_headed_hh,percentiles_91_95,2012,29800.0,18100.0,6100.0,4600.0,1000.0
elderly_headed_hh,percentiles_91_95,2013,32800.0,18200.0,7300.0,6200.0,1100.0
elderly_headed_hh,percentiles_91_95,2014,33000.0,18500.0,7100.0,6400.0,1100.0
elderly_headed_hh,percentiles_91_95,2015,35000.0,20100.0,7900.0,5900.0,1100.0
elderly_headed_hh,percentiles_96_99,1979,41000.0,20400.0,3200.0,16100.0,1300.0
elderly_headed_hh,percentiles_96_99,1980,38800.0,22200.0,3100.0,12400.0,1100.0
elderly_headed_hh,percentiles_96_99,1981,38200.0,24300.0,3400.0,9600.0,900.0
elderly_headed_hh,percentiles_96_99,1982,33400.0,23500.0,3700.0,5300.0,900.0
elderly_headed_hh,percentiles_96_99,1983,33000.0,21100.0,3300.0,7400.0,1100.0
elderly_headed_hh,percentiles_96_99,1984,37900.0,24400.0,3900.0,8600.0,1100.0
elderly_headed_hh,percentiles_96_99,1985,38500.0,25000.0,4200.0,8100.0,1100.0
elderly_headed_hh,percentiles_96_99,1986,39400.0,24900.0,4500.0,8500.0,1500.0
elderly_headed_hh,percentiles_96_99,1987,45800.0,26800.0,4400.0,13000.0,1500.0
elderly_headed_hh,percentiles_96_99,1988,45300.0,26600.0,4300.0,13000.0,1500.0
elderly_headed_hh,percentiles_96_99,1989,46400.0,28000.0,4400.0,12800.0,1200.0
elderly_headed_hh,percentiles_96_99,1990,43500.0,26100.0,4800.0,11400.0,1200.0
elderly_headed_hh,percentiles_96_99,1991,41500.0,24500.0,4900.0,10800.0,1300.0
elderly_headed_hh,percentiles_96_99,1992,43000.0,24100.0,5300.0,12200.0,1400.0
elderly_headed_hh,percentiles_96_99,1993,44400.0,23500.0,5200.0,14100.0,1600.0
elderly_headed_hh,percentiles_96_99,1994,46200.0,25000.0,5200.0,14600.0,1400.0
elderly_headed_hh,percentiles_96_99,1995,51100.0,27900.0,5500.0,16200.0,1500.0
elderly_headed_hh,percentiles_96_99,1996,53800.0,30500.0,5600.0,16300.0,1400.0
elderly_headed_hh,percentiles_96_99,1997,57400.0,33000.0,5700.0,17200.0,1500.0
elderly_headed_hh,percentiles_96_99,1998,58300.0,34800.0,5700.0,16100.0,1700.0
elderly_headed_hh,percentiles_96_99,1999,62900.0,38400.0,5700.0,16700.0,2000.0
elderly_headed_hh,percentiles_96_99,2000,63900.0,40600.0,6100.0,15500.0,1700.0
elderly_headed_hh,percentiles_96_99,2001,56900.0,37100.0,6400.0,11900.0,1500.0
elderly_headed_hh,percentiles_96_99,2002,53000.0,34200.0,6600.0,10800.0,1300.0
elderly_headed_hh,percentiles_96_99,2003,53400.0,30200.0,7600.0,14000.0,1500.0
elderly_headed_hh,percentiles_96_99,2004,57900.0,31600.0,7600.0,16800.0,1800.0
elderly_headed_hh,percentiles_96_99,2005,65400.0,34700.0,7700.0,21300.0,1700.0
elderly_headed_hh,percentiles_96_99,2006,67500.0,36100.0,7600.0,22200.0,1500.0
elderly_headed_hh,percentiles_96_99,2007,66700.0,38900.0,7600.0,18700.0,1500.0
elderly_headed_hh,percentiles_96_99,2008,56900.0,36000.0,9100.0,10500.0,1300.0
elderly_headed_hh,percentiles_96_99,2009,50200.0,30400.0,10100.0,8600.0,1100.0
elderly_headed_hh,percentiles_96_99,2010,56800.0,35000.0,9900.0,10700.0,1200.0
elderly_headed_hh,percentiles_96_99,2011,56800.0,36100.0,9000.0,10500.0,1200.0
elderly_headed_hh,percentiles_96_99,2012,61200.0,38500.0,9300.0,11900.0,1400.0
elderly_headed_hh,percentiles_96_99,2013,66700.0,39100.0,10700.0,15500.0,1400.0
elderly_headed_hh,percentiles_96_99,2014,69300.0,41200.0,10200.0,16400.0,1500.0
elderly_headed_hh,percentiles_96_99,2015,71800.0,43600.0,11000.0,15600.0,1500.0
elderly_headed_hh,top_1_percent,1979,198500.0,116500.0,2600.0,76200.0,3100.0
elderly_headed_hh,top_1_percent,1980,176300.0,114800.0,2700.0,56500.0,2300.0
elderly_headed_hh,top_1_percent,1981,160100.0,111700.0,3400.0,43100.0,1900.0
elderly_headed_hh,top_1_percent,1982,140000.0,106900.0,3900.0,27200.0,2000.0
elderly_headed_hh,top_1_percent,1983,156100.0,111300.0,4500.0,37800.0,2500.0
elderly_headed_hh,top_1_percent,1984,171800.0,120800.0,4400.0,44500.0,2200.0
elderly_headed_hh,top_1_percent,1985,186100.0,134600.0,5300.0,43700.0,2500.0
elderly_headed_hh,top_1_percent,1986,206600.0,151000.0,4900.0,46800.0,3900.0
elderly_headed_hh,top_1_percent,1987,205400.0,132600.0,5000.0,64500.0,3300.0
elderly_headed_hh,top_1_percent,1988,261700.0,173500.0,5600.0,78700.0,3900.0
elderly_headed_hh,top_1_percent,1989,224300.0,146900.0,5500.0,69400.0,2500.0
elderly_headed_hh,top_1_percent,1990,218400.0,144200.0,5900.0,65700.0,2600.0
elderly_headed_hh,top_1_percent,1991,187400.0,120900.0,6800.0,56700.0,2900.0
elderly_headed_hh,top_1_percent,1992,225300.0,142400.0,7600.0,72100.0,3200.0
elderly_headed_hh,top_1_percent,1993,236000.0,143500.0,7300.0,82000.0,3200.0
elderly_headed_hh,top_1_percent,1994,254700.0,150500.0,9200.0,92000.0,3000.0
elderly_headed_hh,top_1_percent,1995,279900.0,167300.0,9500.0,99900.0,3200.0
elderly_headed_hh,top_1_percent,1996,326700.0,204000.0,10100.0,109200.0,3500.0
elderly_headed_hh,top_1_percent,1997,360300.0,231400.0,10600.0,114700.0,3700.0
elderly_headed_hh,top_1_percent,1998,370400.0,243900.0,11100.0,111300.0,4100.0
elderly_headed_hh,top_1_percent,1999,406300.0,275600.0,12800.0,113000.0,4900.0
elderly_headed_hh,top_1_percent,2000,421400.0,294100.0,12800.0,110400.0,4100.0
elderly_headed_hh,top_1_percent,2001,365400.0,258500.0,12800.0,90700.0,3400.0
elderly_headed_hh,top_1_percent,2002,342800.0,234500.0,12800.0,91400.0,4000.0
elderly_headed_hh,top_1_percent,2003,353100.0,209300.0,12700.0,127300.0,3700.0
elderly_headed_hh,top_1_percent,2004,413300.0,236800.0,12600.0,158500.0,5400.0
elderly_headed_hh,top_1_percent,2005,488800.0,273300.0,13500.0,197300.0,4700.0
elderly_headed_hh,top_1_percent,2006,484900.0,270400.0,13200.0,196600.0,4700.0
elderly_headed_hh,top_1_percent,2007,528100.0,323300.0,14600.0,186600.0,3700.0
elderly_headed_hh,top_1_percent,2008,414200.0,275000.0,16500.0,119200.0,3400.0
elderly_headed_hh,top_1_percent,2009,340400.0,226000.0,17600.0,94300.0,2600.0
elderly_headed_hh,top_1_percent,2010,380000.0,237000.0,16800.0,123200.0,2900.0
elderly_headed_hh,top_1_percent,2011,424500.0,270300.0,17500.0,133500.0,3200.0
elderly_headed_hh,top_1_percent,2012,513900.0,323900.0,17100.0,168900.0,3900.0
elderly_headed_hh,top_1_percent,2013,471500.0,302800.0,20200.0,145000.0,3500.0
elderly_headed_hh,top_1_percent,2014,535000.0,350800.0,20100.0,160500.0,3600.0
elderly_headed_hh,top_1_percent,2015,546500.0,366300.0,23000.0,153700.0,3400.0
nonelderly_childless_hh,all_quintiles,1979,16200.0,8500.0,5000.0,2000.0,600.0
nonelderly_childless_hh,all_quintiles,1980,15900.0,8700.0,5000.0,1600.0,500.0
nonelderly_childless_hh,all_quintiles,1981,16100.0,8900.0,5400.0,1300.0,500.0
nonelderly_childless_hh,all_quintiles,1982,15100.0,8200.0,5500.0,800.0,500.0
nonelderly_childless_hh,all_quintiles,1983,14700.0,7500.0,5500.0,1000.0,600.0
nonelderly_childless_hh,all_quintiles,1984,15200.0,7600.0,5800.0,1200.0,600.0
nonelderly_childless_hh,all_quintiles,1985,16100.0,8000.0,6200.0,1200.0,600.0
nonelderly_childless_hh,all_quintiles,1986,17100.0,8600.0,6600.0,1200.0,600.0
nonelderly_childless_hh,all_quintiles,1987,17600.0,8600.0,6700.0,1600.0,700.0
nonelderly_childless_hh,all_quintiles,1988,18700.0,9200.0,7100.0,1700.0,700.0
nonelderly_childless_hh,all_quintiles,1989,18300.0,9000.0,7100.0,1600.0,700.0
nonelderly_childless_hh,all_quintiles,1990,18600.0,9100.0,7300.0,1500.0,700.0
nonelderly_childless_hh,all_quintiles,1991,18100.0,8700.0,7300.0,1400.0,700.0
nonelderly_childless_hh,all_quintiles,1992,18700.0,9100.0,7400.0,1500.0,700.0
nonelderly_childless_hh,all_quintiles,1993,18900.0,9000.0,7400.0,1700.0,800.0
nonelderly_childless_hh,all_quintiles,1994,19400.0,9100.0,7600.0,1900.0,800.0
nonelderly_childless_hh,all_quintiles,1995,19800.0,9300.0,7700.0,2000.0,800.0
nonelderly_childless_hh,all_quintiles,1996,20700.0,10100.0,7800.0,2100.0,700.0
nonelderly_childless_hh,all_quintiles,1997,21600.0,10800.0,8000.0,2200.0,700.0
nonelderly_childless_hh,all_quintiles,1998,22200.0,11200.0,8200.0,2000.0,800.0
nonelderly_childless_hh,all_quintiles,1999,23400.0,11900.0,8500.0,2100.0,800.0
nonelderly_childless_hh,all_quintiles,2000,23800.0,12400.0,8600.0,2000.0,800.0
nonelderly_childless_hh,all_quintiles,2001,21500.0,10700.0,8700.0,1400.0,700.0
nonelderly_childless_hh,all_quintiles,2002,19600.0,9400.0,8300.0,1200.0,700.0
nonelderly_childless_hh,all_quintiles,2003,19300.0,8600.0,8400.0,1600.0,700.0
nonelderly_childless_hh,all_quintiles,2004,20200.0,9100.0,8400.0,2000.0,700.0
nonelderly_childless_hh,all_quintiles,2005,21800.0,9900.0,8400.0,2800.0,700.0
nonelderly_childless_hh,all_quintiles,2006,22300.0,10000.0,8600.0,3000.0,700.0
nonelderly_childless_hh,all_quintiles,2007,21800.0,10000.0,8800.0,2400.0,600.0
nonelderly_childless_hh,all_quintiles,2008,19100.0,8400.0,8700.0,1500.0,600.0
nonelderly_childless_hh,all_quintiles,2009,17700.0,7500.0,8500.0,1100.0,600.0
nonelderly_childless_hh,all_quintiles,2010,17900.0,7700.0,8200.0,1400.0,600.0
nonelderly_childless_hh,all_quintiles,2011,17600.0,8400.0,7200.0,1500.0,600.0
nonelderly_childless_hh,all_quintiles,2012,18800.0,9200.0,7300.0,1700.0,700.0
nonelderly_childless_hh,all_quintiles,2013,20100.0,9100.0,8500.0,1800.0,700.0
nonelderly_childless_hh,all_quintiles,2014,21300.0,9800.0,8700.0,2000.0,700.0
nonelderly_childless_hh,all_quintiles,2015,21400.0,9800.0,9000.0,1800.0,800.0
nonelderly_childless_hh,lowest_quintile,1979,1500.0,100.0,800.0,200.0,300.0
nonelderly_childless_hh,lowest_quintile,1980,1300.0,100.0,800.0,200.0,200.0
nonelderly_childless_hh,lowest_quintile,1981,1400.0,200.0,900.0,200.0,200.0
nonelderly_childless_hh,lowest_quintile,1982,1300.0,100.0,900.0,100.0,200.0
nonelderly_childless_hh,lowest_quintile,1983,1400.0,100.0,800.0,100.0,300.0
nonelderly_childless_hh,lowest_quintile,1984,1500.0,200.0,900.0,200.0,300.0
nonelderly_childless_hh,lowest_quintile,1985,1600.0,200.0,1000.0,100.0,300.0
nonelderly_childless_hh,lowest_quintile,1986,1600.0,100.0,1000.0,200.0,300.0
nonelderly_childless_hh,lowest_quintile,1987,1700.0,,1000.0,200.0,400.0
nonelderly_childless_hh,lowest_quintile,1988,1700.0,,1100.0,200.0,400.0
nonelderly_childless_hh,lowest_quintile,1989,1700.0,,1200.0,200.0,300.0
nonelderly_childless_hh,lowest_quintile,1990,1900.0,100.0,1300.0,200.0,400.0
nonelderly_childless_hh,lowest_quintile,1991,1900.0,,1300.0,200.0,400.0
nonelderly_childless_hh,lowest_quintile,1992,1900.0,,1300.0,200.0,400.0
nonelderly_childless_hh,lowest_quintile,1993,1700.0,,1200.0,200.0,400.0
nonelderly_childless_hh,lowest_quintile,1994,1600.0,-200.0,1200.0,200.0,500.0
nonelderly_childless_hh,lowest_quintile,1995,1700.0,-200.0,1200.0,200.0,400.0
nonelderly_childless_hh,lowest_quintile,1996,1500.0,-200.0,1200.0,200.0,400.0
nonelderly_childless_hh,lowest_quintile,1997,1600.0,-200.0,1200.0,200.0,400.0
nonelderly_childless_hh,lowest_quintile,1998,1700.0,-200.0,1300.0,200.0,400.0
nonelderly_childless_hh,lowest_quintile,1999,1800.0,-300.0,1400.0,200.0,400.0
nonelderly_childless_hh,lowest_quintile,2000,1700.0,-200.0,1300.0,200.0,400.0
nonelderly_childless_hh,lowest_quintile,2001,1600.0,-300.0,1300.0,100.0,400.0
nonelderly_childless_hh,lowest_quintile,2002,1400.0,-300.0,1200.0,100.0,400.0
nonelderly_childless_hh,lowest_quintile,2003,1500.0,-400.0,1200.0,100.0,400.0
nonelderly_childless_hh,lowest_quintile,2004,1400.0,-400.0,1300.0,200.0,400.0
nonelderly_childless_hh,lowest_quintile,2005,1600.0,-400.0,1400.0,200.0,400.0
nonelderly_childless_hh,lowest_quintile,2006,1800.0,-400.0,1500.0,200.0,500.0
nonelderly_childless_hh,lowest_quintile,2007,1800.0,-400.0,1600.0,200.0,400.0
nonelderly_childless_hh,lowest_quintile,2008,1300.0,-900.0,1600.0,100.0,400.0
nonelderly_childless_hh,lowest_quintile,2009,1000.0,-1000.0,1500.0,100.0,400.0
nonelderly_childless_hh,lowest_quintile,2010,1100.0,-1000.0,1500.0,100.0,500.0
nonelderly_childless_hh,lowest_quintile,2011,1200.0,-700.0,1300.0,100.0,500.0
nonelderly_childless_hh,lowest_quintile,2012,1200.0,-600.0,1200.0,100.0,500.0
nonelderly_childless_hh,lowest_quintile,2013,1500.0,-700.0,1500.0,200.0,500.0
nonelderly_childless_hh,lowest_quintile,2014,1300.0,-800.0,1400.0,200.0,500.0
nonelderly_childless_hh,lowest_quintile,2015,1200.0,-900.0,1500.0,200.0,500.0
nonelderly_childless_hh,second_quintile,1979,4900.0,1400.0,2500.0,500.0,500.0
nonelderly_childless_hh,second_quintile,1980,4700.0,1500.0,2400.0,400.0,400.0
nonelderly_childless_hh,second_quintile,1981,4900.0,1600.0,2600.0,300.0,400.0
nonelderly_childless_hh,second_quintile,1982,4600.0,1400.0,2600.0,200.0,400.0
nonelderly_childless_hh,second_quintile,1983,4400.0,1300.0,2400.0,300.0,400.0
nonelderly_childless_hh,second_quintile,1984,4900.0,1400.0,2700.0,400.0,400.0
nonelderly_childless_hh,second_quintile,1985,5100.0,1500.0,2900.0,300.0,400.0
nonelderly_childless_hh,second_quintile,1986,5100.0,1400.0,2900.0,300.0,500.0
nonelderly_childless_hh,second_quintile,1987,5000.0,1200.0,2900.0,400.0,500.0
nonelderly_childless_hh,second_quintile,1988,5200.0,1200.0,3100.0,400.0,500.0
nonelderly_childless_hh,second_quintile,1989,5200.0,1300.0,3200.0,400.0,400.0
nonelderly_childless_hh,second_quintile,1990,5500.0,1400.0,3300.0,400.0,500.0
nonelderly_childless_hh,second_quintile,1991,5200.0,1200.0,3200.0,300.0,500.0
nonelderly_childless_hh,second_quintile,1992,5000.0,1100.0,3000.0,300.0,500.0
nonelderly_childless_hh,second_quintile,1993,5100.0,1100.0,3100.0,400.0,500.0
nonelderly_childless_hh,second_quintile,1994,5100.0,1000.0,3100.0,400.0,600.0
nonelderly_childless_hh,second_quintile,1995,5500.0,1100.0,3300.0,500.0,600.0
nonelderly_childless_hh,second_quintile,1996,5400.0,1100.0,3400.0,500.0,500.0
nonelderly_childless_hh,second_quintile,1997,5700.0,1200.0,3400.0,500.0,600.0
nonelderly_childless_hh,second_quintile,1998,5700.0,1100.0,3600.0,400.0,600.0
nonelderly_childless_hh,second_quintile,1999,5900.0,1100.0,3800.0,400.0,600.0
nonelderly_childless_hh,second_quintile,2000,6000.0,1300.0,3800.0,400.0,500.0
nonelderly_childless_hh,second_quintile,2001,5200.0,700.0,3700.0,300.0,500.0
nonelderly_childless_hh,second_quintile,2002,4900.0,500.0,3600.0,300.0,600.0
nonelderly_childless_hh,second_quintile,2003,4700.0,300.0,3500.0,300.0,500.0
nonelderly_childless_hh,second_quintile,2004,4800.0,400.0,3500.0,400.0,500.0
nonelderly_childless_hh,second_quintile,2005,5100.0,500.0,3600.0,500.0,500.0
nonelderly_childless_hh,second_quintile,2006,5200.0,400.0,3700.0,500.0,500.0
nonelderly_childless_hh,second_quintile,2007,5400.0,600.0,3900.0,500.0,400.0
nonelderly_childless_hh,second_quintile,2008,4100.0,-400.0,3700.0,300.0,400.0
nonelderly_childless_hh,second_quintile,2009,3700.0,-500.0,3500.0,200.0,400.0
nonelderly_childless_hh,second_quintile,2010,3800.0,-400.0,3500.0,300.0,400.0
nonelderly_childless_hh,second_quintile,2011,3800.0,,3000.0,300.0,500.0
nonelderly_childless_hh,second_quintile,2012,3800.0,100.0,3000.0,300.0,500.0
nonelderly_childless_hh,second_quintile,2013,4500.0,100.0,3500.0,400.0,500.0
nonelderly_childless_hh,second_quintile,2014,4500.0,-100.0,3600.0,400.0,500.0
nonelderly_childless_hh,second_quintile,2015,4800.0,,3900.0,400.0,500.0
nonelderly_childless_hh,middle_quintile,1979,9100.0,3600.0,4100.0,800.0,600.0
nonelderly_childless_hh,middle_quintile,1980,8900.0,3800.0,4000.0,700.0,500.0
nonelderly_childless_hh,middle_quintile,1981,9200.0,3900.0,4200.0,600.0,400.0
nonelderly_childless_hh,middle_quintile,1982,8600.0,3600.0,4300.0,300.0,400.0
nonelderly_childless_hh,middle_quintile,1983,8400.0,3300.0,4200.0,400.0,500.0
nonelderly_childless_hh,middle_quintile,1984,9000.0,3400.0,4500.0,600.0,500.0
nonelderly_childless_hh,middle_quintile,1985,9400.0,3500.0,4900.0,500.0,500.0
nonelderly_childless_hh,middle_quintile,1986,9700.0,3600.0,5000.0,500.0,500.0
nonelderly_childless_hh,middle_quintile,1987,9600.0,3300.0,5000.0,700.0,600.0
nonelderly_childless_hh,middle_quintile,1988,9800.0,3300.0,5200.0,700.0,600.0
nonelderly_childless_hh,middle_quintile,1989,9900.0,3400.0,5300.0,600.0,500.0
nonelderly_childless_hh,middle_quintile,1990,10100.0,3500.0,5500.0,600.0,600.0
nonelderly_childless_hh,middle_quintile,1991,9900.0,3400.0,5400.0,600.0,600.0
nonelderly_childless_hh,middle_quintile,1992,9900.0,3300.0,5400.0,600.0,600.0
nonelderly_childless_hh,middle_quintile,1993,9700.0,3200.0,5300.0,600.0,600.0
nonelderly_childless_hh,middle_quintile,1994,9900.0,3200.0,5300.0,700.0,700.0
nonelderly_childless_hh,middle_quintile,1995,10400.0,3300.0,5600.0,800.0,700.0
nonelderly_childless_hh,middle_quintile,1996,10600.0,3400.0,5700.0,800.0,700.0
nonelderly_childless_hh,middle_quintile,1997,10900.0,3600.0,5900.0,800.0,600.0
nonelderly_childless_hh,middle_quintile,1998,11100.0,3600.0,6100.0,700.0,700.0
nonelderly_childless_hh,middle_quintile,1999,11500.0,3700.0,6300.0,700.0,700.0
nonelderly_childless_hh,middle_quintile,2000,11500.0,3800.0,6400.0,700.0,700.0
nonelderly_childless_hh,middle_quintile,2001,10500.0,3000.0,6400.0,500.0,600.0
nonelderly_childless_hh,middle_quintile,2002,10100.0,2800.0,6200.0,400.0,700.0
nonelderly_childless_hh,middle_quintile,2003,9800.0,2500.0,6100.0,600.0,600.0
nonelderly_childless_hh,middle_quintile,2004,10100.0,2600.0,6200.0,700.0,600.0
nonelderly_childless_hh,middle_quintile,2005,10400.0,2700.0,6200.0,900.0,600.0
nonelderly_childless_hh,middle_quintile,2006,10700.0,2800.0,6400.0,1000.0,600.0
nonelderly_childless_hh,middle_quintile,2007,11000.0,3000.0,6700.0,900.0,500.0
nonelderly_childless_hh,middle_quintile,2008,9100.0,1600.0,6500.0,500.0,500.0
nonelderly_childless_hh,middle_quintile,2009,8600.0,1500.0,6200.0,400.0,500.0
nonelderly_childless_hh,middle_quintile,2010,8800.0,1700.0,6100.0,500.0,500.0
nonelderly_childless_hh,middle_quintile,2011,8700.0,2300.0,5300.0,500.0,500.0
nonelderly_childless_hh,middle_quintile,2012,8900.0,2400.0,5300.0,600.0,600.0
nonelderly_childless_hh,middle_quintile,2013,10100.0,2500.0,6300.0,600.0,600.0
nonelderly_childless_hh,middle_quintile,2014,10300.0,2500.0,6400.0,700.0,600.0
nonelderly_childless_hh,middle_quintile,2015,10800.0,2600.0,6800.0,700.0,700.0
nonelderly_childless_hh,fourth_quintile,1979,14700.0,6800.0,6000.0,1200.0,600.0
nonelderly_childless_hh,fourth_quintile,1980,14600.0,7200.0,5900.0,1000.0,500.0
nonelderly_childless_hh,fourth_quintile,1981,15300.0,7500.0,6400.0,800.0,500.0
nonelderly_childless_hh,fourth_quintile,1982,14400.0,6900.0,6400.0,500.0,500.0
nonelderly_childless_hh,fourth_quintile,1983,14100.0,6300.0,6500.0,700.0,600.0
nonelderly_childless_hh,fourth_quintile,1984,14800.0,6400.0,6900.0,800.0,700.0
nonelderly_childless_hh,fourth_quintile,1985,15300.0,6500.0,7300.0,700.0,700.0
nonelderly_childless_hh,fourth_quintile,1986,16000.0,6800.0,7800.0,800.0,600.0
nonelderly_childless_hh,fourth_quintile,1987,15800.0,6300.0,7700.0,1000.0,700.0
nonelderly_childless_hh,fourth_quintile,1988,16300.0,6400.0,8100.0,1000.0,700.0
nonelderly_childless_hh,fourth_quintile,1989,16400.0,6600.0,8200.0,1000.0,700.0
nonelderly_childless_hh,fourth_quintile,1990,16200.0,6400.0,8300.0,900.0,700.0
nonelderly_childless_hh,fourth_quintile,1991,16100.0,6400.0,8100.0,800.0,700.0
nonelderly_childless_hh,fourth_quintile,1992,16000.0,6200.0,8200.0,900.0,800.0
nonelderly_childless_hh,fourth_quintile,1993,16000.0,6200.0,8100.0,1000.0,800.0
nonelderly_childless_hh,fourth_quintile,1994,16400.0,6200.0,8200.0,1100.0,800.0
nonelderly_childless_hh,fourth_quintile,1995,16900.0,6400.0,8500.0,1200.0,800.0
nonelderly_childless_hh,fourth_quintile,1996,17400.0,6700.0,8700.0,1200.0,800.0
nonelderly_childless_hh,fourth_quintile,1997,17900.0,6900.0,9000.0,1200.0,800.0
nonelderly_childless_hh,fourth_quintile,1998,18600.0,7200.0,9400.0,1100.0,800.0
nonelderly_childless_hh,fourth_quintile,1999,19000.0,7400.0,9600.0,1100.0,900.0
nonelderly_childless_hh,fourth_quintile,2000,19200.0,7600.0,9700.0,1100.0,800.0
nonelderly_childless_hh,fourth_quintile,2001,18000.0,6700.0,9700.0,800.0,800.0
nonelderly_childless_hh,fourth_quintile,2002,17200.0,6300.0,9400.0,700.0,800.0
nonelderly_childless_hh,fourth_quintile,2003,17000.0,5900.0,9500.0,900.0,800.0
nonelderly_childless_hh,fourth_quintile,2004,17700.0,6100.0,9700.0,1100.0,800.0
nonelderly_childless_hh,fourth_quintile,2005,18100.0,6200.0,9800.0,1400.0,800.0
nonelderly_childless_hh,fourth_quintile,2006,18700.0,6400.0,10000.0,1600.0,700.0
nonelderly_childless_hh,fourth_quintile,2007,19000.0,6700.0,10400.0,1400.0,600.0
nonelderly_childless_hh,fourth_quintile,2008,16700.0,5200.0,10200.0,800.0,600.0
nonelderly_childless_hh,fourth_quintile,2009,16100.0,5000.0,9900.0,600.0,600.0
nonelderly_childless_hh,fourth_quintile,2010,16500.0,5300.0,9800.0,800.0,600.0
nonelderly_childless_hh,fourth_quintile,2011,16100.0,6200.0,8500.0,900.0,600.0
nonelderly_childless_hh,fourth_quintile,2012,16600.0,6300.0,8600.0,1000.0,700.0
nonelderly_childless_hh,fourth_quintile,2013,18600.0,6600.0,10200.0,1100.0,700.0
nonelderly_childless_hh,fourth_quintile,2014,19300.0,6800.0,10500.0,1200.0,800.0
nonelderly_childless_hh,fourth_quintile,2015,20000.0,7100.0,11000.0,1100.0,800.0
nonelderly_childless_hh,highest_quintile,1979,35000.0,20600.0,8500.0,5000.0,1000.0
nonelderly_childless_hh,highest_quintile,1980,34400.0,21200.0,8400.0,4000.0,800.0
nonelderly_childless_hh,highest_quintile,1981,34600.0,21400.0,9300.0,3200.0,700.0
nonelderly_childless_hh,highest_quintile,1982,32300.0,19900.0,9700.0,2000.0,800.0
nonelderly_childless_hh,highest_quintile,1983,32200.0,18700.0,10100.0,2500.0,900.0
nonelderly_childless_hh,highest_quintile,1984,34500.0,19500.0,10900.0,3100.0,1000.0
nonelderly_childless_hh,highest_quintile,1985,35400.0,20200.0,11300.0,3000.0,1000.0
nonelderly_childless_hh,highest_quintile,1986,38200.0,22000.0,12000.0,3100.0,1000.0
nonelderly_childless_hh,highest_quintile,1987,39400.0,22400.0,12200.0,3800.0,1000.0
nonelderly_childless_hh,highest_quintile,1988,42500.0,24400.0,12900.0,4300.0,1000.0
nonelderly_childless_hh,highest_quintile,1989,41600.0,23700.0,13000.0,4000.0,1000.0
nonelderly_childless_hh,highest_quintile,1990,41700.0,23600.0,13200.0,4000.0,900.0
nonelderly_childless_hh,highest_quintile,1991,40600.0,22700.0,13500.0,3400.0,1000.0
nonelderly_childless_hh,highest_quintile,1992,42700.0,24100.0,13600.0,3900.0,1100.0
nonelderly_childless_hh,highest_quintile,1993,43700.0,24200.0,13800.0,4500.0,1100.0
nonelderly_childless_hh,highest_quintile,1994,45300.0,24800.0,14400.0,4900.0,1200.0
nonelderly_childless_hh,highest_quintile,1995,47400.0,26100.0,14700.0,5400.0,1200.0
nonelderly_childless_hh,highest_quintile,1996,50300.0,28500.0,15000.0,5700.0,1100.0
nonelderly_childless_hh,highest_quintile,1997,53900.0,31200.0,15400.0,6100.0,1100.0
nonelderly_childless_hh,highest_quintile,1998,56400.0,33200.0,16100.0,5900.0,1200.0
nonelderly_childless_hh,highest_quintile,1999,59800.0,35800.0,16700.0,6000.0,1300.0
nonelderly_childless_hh,highest_quintile,2000,62600.0,38300.0,17000.0,6000.0,1200.0
nonelderly_childless_hh,highest_quintile,2001,54800.0,32400.0,17400.0,3900.0,1100.0
nonelderly_childless_hh,highest_quintile,2002,50400.0,29000.0,17000.0,3400.0,1100.0
nonelderly_childless_hh,highest_quintile,2003,49500.0,26500.0,17200.0,4700.0,1100.0
nonelderly_childless_hh,highest_quintile,2004,53700.0,29000.0,17300.0,6200.0,1100.0
nonelderly_childless_hh,highest_quintile,2005,60400.0,32700.0,17500.0,9000.0,1200.0
nonelderly_childless_hh,highest_quintile,2006,61200.0,33100.0,17700.0,9300.0,1100.0
nonelderly_childless_hh,highest_quintile,2007,60700.0,33800.0,18400.0,7600.0,900.0
nonelderly_childless_hh,highest_quintile,2008,54500.0,30500.0,18400.0,4600.0,1000.0
nonelderly_childless_hh,highest_quintile,2009,49600.0,27100.0,18200.0,3400.0,900.0
nonelderly_childless_hh,highest_quintile,2010,52200.0,28500.0,18100.0,4700.0,900.0
nonelderly_childless_hh,highest_quintile,2011,51600.0,29900.0,16000.0,4800.0,900.0
nonelderly_childless_hh,highest_quintile,2012,55900.0,32700.0,16300.0,5800.0,1000.0
nonelderly_childless_hh,highest_quintile,2013,59600.0,33300.0,19200.0,6000.0,1100.0
nonelderly_childless_hh,highest_quintile,2014,63500.0,36000.0,19600.0,6700.0,1200.0
nonelderly_childless_hh,highest_quintile,2015,64000.0,36400.0,20200.0,6100.0,1200.0
nonelderly_childless_hh,percentiles_81_90,1979,21800.0,11300.0,7900.0,1900.0,800.0
nonelderly_childless_hh,percentiles_81_90,1980,21800.0,11800.0,7800.0,1600.0,700.0
nonelderly_childless_hh,percentiles_81_90,1981,22600.0,12300.0,8500.0,1200.0,600.0
nonelderly_childless_hh,percentiles_81_90,1982,21300.0,11400.0,8500.0,800.0,600.0
nonelderly_childless_hh,percentiles_81_90,1983,21000.0,10400.0,8900.0,1000.0,700.0
nonelderly_childless_hh,percentiles_81_90,1984,22500.0,10700.0,9800.0,1200.0,800.0
nonelderly_childless_hh,percentiles_81_90,1985,22400.0,10600.0,9900.0,1100.0,800.0
nonelderly_childless_hh,percentiles_81_90,1986,23600.0,11100.0,10600.0,1100.0,800.0
nonelderly_childless_hh,percentiles_81_90,1987,24000.0,10900.0,10700.0,1500.0,800.0
nonelderly_childless_hh,percentiles_81_90,1988,24500.0,11000.0,11200.0,1500.0,800.0
nonelderly_childless_hh,percentiles_81_90,1989,25000.0,11400.0,11300.0,1500.0,800.0
nonelderly_childless_hh,percentiles_81_90,1990,24600.0,11100.0,11400.0,1300.0,800.0
nonelderly_childless_hh,percentiles_81_90,1991,23900.0,10700.0,11100.0,1200.0,900.0
nonelderly_childless_hh,percentiles_81_90,1992,24000.0,10600.0,11300.0,1300.0,900.0
nonelderly_childless_hh,percentiles_81_90,1993,24300.0,10500.0,11400.0,1500.0,900.0
nonelderly_childless_hh,percentiles_81_90,1994,25100.0,10900.0,11700.0,1500.0,1000.0
nonelderly_childless_hh,percentiles_81_90,1995,25800.0,11200.0,11900.0,1800.0,1000.0
nonelderly_childless_hh,percentiles_81_90,1996,26700.0,11600.0,12200.0,1900.0,900.0
nonelderly_childless_hh,percentiles_81_90,1997,27700.0,12200.0,12600.0,1900.0,900.0
nonelderly_childless_hh,percentiles_81_90,1998,28800.0,12800.0,13200.0,1700.0,1000.0
nonelderly_childless_hh,percentiles_81_90,1999,30000.0,13500.0,13600.0,1800.0,1000.0
nonelderly_childless_hh,percentiles_81_90,2000,30400.0,14000.0,13700.0,1800.0,1000.0
nonelderly_childless_hh,percentiles_81_90,2001,28500.0,12500.0,13900.0,1200.0,900.0
nonelderly_childless_hh,percentiles_81_90,2002,27300.0,11800.0,13500.0,1000.0,900.0
nonelderly_childless_hh,percentiles_81_90,2003,26800.0,10800.0,13700.0,1300.0,900.0
nonelderly_childless_hh,percentiles_81_90,2004,27700.0,11200.0,13900.0,1700.0,900.0
nonelderly_childless_hh,percentiles_81_90,2005,28600.0,11400.0,14100.0,2200.0,900.0
nonelderly_childless_hh,percentiles_81_90,2006,29500.0,11700.0,14400.0,2600.0,800.0
nonelderly_childless_hh,percentiles_81_90,2007,30200.0,12300.0,15000.0,2200.0,800.0
nonelderly_childless_hh,percentiles_81_90,2008,27500.0,10800.0,14700.0,1300.0,700.0
nonelderly_childless_hh,percentiles_81_90,2009,26100.0,10100.0,14400.0,1000.0,700.0
nonelderly_childless_hh,percentiles_81_90,2010,27200.0,10800.0,14300.0,1300.0,700.0
nonelderly_childless_hh,percentiles_81_90,2011,26400.0,11900.0,12500.0,1300.0,700.0
nonelderly_childless_hh,percentiles_81_90,2012,27300.0,12300.0,12800.0,1500.0,800.0
nonelderly_childless_hh,percentiles_81_90,2013,30400.0,12800.0,15100.0,1700.0,800.0
nonelderly_childless_hh,percentiles_81_90,2014,31700.0,13300.0,15500.0,2000.0,900.0
nonelderly_childless_hh,percentiles_81_90,2015,33100.0,14200.0,16100.0,1800.0,1000.0
nonelderly_childless_hh,percentiles_91_95,1979,29400.0,16500.0,9200.0,2800.0,900.0
nonelderly_childless_hh,percentiles_91_95,1980,29600.0,17400.0,9100.0,2400.0,800.0
nonelderly_childless_hh,percentiles_91_95,1981,30600.0,18000.0,10100.0,1800.0,700.0
nonelderly_childless_hh,percentiles_91_95,1982,28200.0,16000.0,10500.0,1000.0,700.0
nonelderly_childless_hh,percentiles_91_95,1983,28100.0,15100.0,10800.0,1400.0,800.0
nonelderly_childless_hh,percentiles_91_95,1984,30000.0,15600.0,11800.0,1700.0,900.0
nonelderly_childless_hh,percentiles_91_95,1985,30000.0,15400.0,12100.0,1600.0,900.0
nonelderly_childless_hh,percentiles_91_95,1986,31800.0,16300.0,12900.0,1700.0,900.0
nonelderly_childless_hh,percentiles_91_95,1987,33200.0,17000.0,13000.0,2200.0,1000.0
nonelderly_childless_hh,percentiles_91_95,1988,34000.0,17000.0,13900.0,2200.0,1000.0
nonelderly_childless_hh,percentiles_91_95,1989,34300.0,17300.0,13900.0,2200.0,900.0
nonelderly_childless_hh,percentiles_91_95,1990,33700.0,16700.0,14000.0,2100.0,900.0
nonelderly_childless_hh,percentiles_91_95,1991,33200.0,16200.0,14200.0,1900.0,1000.0
nonelderly_childless_hh,percentiles_91_95,1992,33400.0,16200.0,14200.0,2000.0,1000.0
nonelderly_childless_hh,percentiles_91_95,1993,34200.0,16400.0,14400.0,2400.0,1100.0
nonelderly_childless_hh,percentiles_91_95,1994,34900.0,16600.0,14800.0,2400.0,1100.0
nonelderly_childless_hh,percentiles_91_95,1995,36400.0,17300.0,15200.0,2700.0,1100.0
nonelderly_childless_hh,percentiles_91_95,1996,38100.0,18500.0,15600.0,2900.0,1000.0
nonelderly_childless_hh,percentiles_91_95,1997,39700.0,19700.0,16000.0,3000.0,1100.0
nonelderly_childless_hh,percentiles_91_95,1998,41200.0,20600.0,16600.0,2800.0,1100.0
nonelderly_childless_hh,percentiles_91_95,1999,43200.0,22000.0,17100.0,2900.0,1200.0
nonelderly_childless_hh,percentiles_91_95,2000,43800.0,22600.0,17300.0,2800.0,1100.0
nonelderly_childless_hh,percentiles_91_95,2001,41300.0,20600.0,17800.0,1800.0,1000.0
nonelderly_childless_hh,percentiles_91_95,2002,39000.0,19100.0,17300.0,1500.0,1000.0
nonelderly_childless_hh,percentiles_91_95,2003,38400.0,17600.0,17800.0,2000.0,1000.0
nonelderly_childless_hh,percentiles_91_95,2004,39600.0,18100.0,17900.0,2600.0,1000.0
nonelderly_childless_hh,percentiles_91_95,2005,42000.0,19000.0,18400.0,3700.0,1000.0
nonelderly_childless_hh,percentiles_91_95,2006,43100.0,19700.0,18500.0,4000.0,1000.0
nonelderly_childless_hh,percentiles_91_95,2007,44200.0,20500.0,19300.0,3500.0,900.0
nonelderly_childless_hh,percentiles_91_95,2008,40600.0,18600.0,19100.0,2000.0,900.0
nonelderly_childless_hh,percentiles_91_95,2009,38600.0,17600.0,18700.0,1500.0,800.0
nonelderly_childless_hh,percentiles_91_95,2010,40200.0,18600.0,18700.0,2100.0,800.0
nonelderly_childless_hh,percentiles_91_95,2011,39500.0,20000.0,16600.0,2000.0,900.0
nonelderly_childless_hh,percentiles_91_95,2012,41000.0,20800.0,16900.0,2300.0,900.0
nonelderly_childless_hh,percentiles_91_95,2013,45000.0,21200.0,19900.0,2800.0,1000.0
nonelderly_childless_hh,percentiles_91_95,2014,47300.0,22700.0,20300.0,3100.0,1100.0
nonelderly_childless_hh,percentiles_91_95,2015,48700.0,23600.0,21000.0,3000.0,1200.0
nonelderly_childless_hh,percentiles_96_99,1979,44900.0,28200.0,9100.0,6500.0,1200.0
nonelderly_childless_hh,percentiles_96_99,1980,44400.0,29000.0,9300.0,5100.0,1000.0
nonelderly_childless_hh,percentiles_96_99,1981,44700.0,29500.0,10400.0,4000.0,900.0
nonelderly_childless_hh,percentiles_96_99,1982,40600.0,26400.0,11100.0,2200.0,900.0
nonelderly_childless_hh,percentiles_96_99,1983,39700.0,24200.0,11600.0,3000.0,1000.0
nonelderly_childless_hh,percentiles_96_99,1984,42200.0,25100.0,12500.0,3500.0,1200.0
nonelderly_childless_hh,percentiles_96_99,1985,43800.0,26100.0,13200.0,3300.0,1200.0
nonelderly_childless_hh,percentiles_96_99,1986,47500.0,28700.0,14000.0,3600.0,1200.0
nonelderly_childless_hh,percentiles_96_99,1987,50800.0,30300.0,14600.0,4800.0,1200.0
nonelderly_childless_hh,percentiles_96_99,1988,51700.0,30400.0,15300.0,4800.0,1200.0
nonelderly_childless_hh,percentiles_96_99,1989,52400.0,31300.0,15400.0,4600.0,1200.0
nonelderly_childless_hh,percentiles_96_99,1990,50700.0,29500.0,15800.0,4300.0,1100.0
nonelderly_childless_hh,percentiles_96_99,1991,50500.0,28800.0,16700.0,3800.0,1200.0
nonelderly_childless_hh,percentiles_96_99,1992,52100.0,29700.0,16900.0,4200.0,1300.0
nonelderly_childless_hh,percentiles_96_99,1993,53600.0,29800.0,17300.0,5100.0,1400.0
nonelderly_childless_hh,percentiles_96_99,1994,55800.0,31300.0,17900.0,5200.0,1500.0
nonelderly_childless_hh,percentiles_96_99,1995,59200.0,33300.0,18200.0,6200.0,1400.0
nonelderly_childless_hh,percentiles_96_99,1996,61600.0,35500.0,18400.0,6300.0,1300.0
nonelderly_childless_hh,percentiles_96_99,1997,65700.0,38700.0,18900.0,6700.0,1400.0
nonelderly_childless_hh,percentiles_96_99,1998,68900.0,41700.0,19600.0,6200.0,1400.0
nonelderly_childless_hh,percentiles_96_99,1999,73200.0,44800.0,20400.0,6600.0,1600.0
nonelderly_childless_hh,percentiles_96_99,2000,75700.0,47000.0,21000.0,6300.0,1400.0
nonelderly_childless_hh,percentiles_96_99,2001,68300.0,41300.0,21700.0,4000.0,1400.0
nonelderly_childless_hh,percentiles_96_99,2002,63800.0,37600.0,21600.0,3300.0,1300.0
nonelderly_childless_hh,percentiles_96_99,2003,63100.0,34900.0,22200.0,4700.0,1300.0
nonelderly_childless_hh,percentiles_96_99,2004,66900.0,37600.0,21800.0,6200.0,1400.0
nonelderly_childless_hh,percentiles_96_99,2005,72600.0,40800.0,21500.0,8900.0,1400.0
nonelderly_childless_hh,percentiles_96_99,2006,76600.0,43700.0,22000.0,9600.0,1300.0
nonelderly_childless_hh,percentiles_96_99,2007,78000.0,45700.0,22800.0,8300.0,1100.0
nonelderly_childless_hh,percentiles_96_99,2008,69800.0,41000.0,23100.0,4500.0,1200.0
nonelderly_childless_hh,percentiles_96_99,2009,65000.0,37200.0,23600.0,3200.0,1100.0
nonelderly_childless_hh,percentiles_96_99,2010,68700.0,39800.0,23500.0,4300.0,1100.0
nonelderly_childless_hh,percentiles_96_99,2011,67800.0,41600.0,20600.0,4400.0,1100.0
nonelderly_childless_hh,percentiles_96_99,2012,73000.0,45400.0,21000.0,5300.0,1200.0
nonelderly_childless_hh,percentiles_96_99,2013,78300.0,46000.0,24700.0,6300.0,1300.0
nonelderly_childless_hh,percentiles_96_99,2014,83100.0,49200.0,25100.0,7300.0,1500.0
nonelderly_childless_hh,percentiles_96_99,2015,85800.0,51700.0,25700.0,6800.0,1500.0
nonelderly_childless_hh,top_1_percent,1979,180700.0,121300.0,6700.0,50500.0,2200.0
nonelderly_childless_hh,top_1_percent,1980,165900.0,118500.0,7100.0,38400.0,1900.0
nonelderly_childless_hh,top_1_percent,1981,148600.0,108200.0,8300.0,30500.0,1700.0
nonelderly_childless_hh,top_1_percent,1982,148300.0,114400.0,10900.0,21200.0,1700.0
nonelderly_childless_hh,top_1_percent,1983,147300.0,108600.0,11000.0,25300.0,2300.0
nonelderly_childless_hh,top_1_percent,1984,168100.0,121800.0,11100.0,32500.0,2700.0
nonelderly_childless_hh,top_1_percent,1985,179700.0,132900.0,11600.0,32500.0,2700.0
nonelderly_childless_hh,top_1_percent,1986,206800.0,157100.0,12000.0,34600.0,3300.0
nonelderly_childless_hh,top_1_percent,1987,211000.0,156400.0,13600.0,38500.0,2500.0
nonelderly_childless_hh,top_1_percent,1988,254600.0,191000.0,14800.0,45900.0,2900.0
nonelderly_childless_hh,top_1_percent,1989,228800.0,169300.0,15300.0,41500.0,2700.0
nonelderly_childless_hh,top_1_percent,1990,240000.0,178700.0,15600.0,43300.0,2400.0
nonelderly_childless_hh,top_1_percent,1991,216200.0,159100.0,19500.0,35100.0,2500.0
nonelderly_childless_hh,top_1_percent,1992,248300.0,185700.0,19500.0,40700.0,2400.0
nonelderly_childless_hh,top_1_percent,1993,257700.0,188600.0,19600.0,46700.0,2800.0
nonelderly_childless_hh,top_1_percent,1994,284700.0,199000.0,25600.0,57300.0,2900.0
nonelderly_childless_hh,top_1_percent,1995,304000.0,216100.0,25200.0,59600.0,3200.0
nonelderly_childless_hh,top_1_percent,1996,338700.0,246200.0,26400.0,63200.0,2800.0
nonelderly_childless_hh,top_1_percent,1997,392500.0,288900.0,28400.0,72100.0,3000.0
nonelderly_childless_hh,top_1_percent,1998,431600.0,322700.0,29900.0,75800.0,3300.0
nonelderly_childless_hh,top_1_percent,1999,435700.0,330000.0,31400.0,70800.0,3500.0
nonelderly_childless_hh,top_1_percent,2000,464400.0,357100.0,32900.0,71000.0,3400.0
nonelderly_childless_hh,top_1_percent,2001,361800.0,279800.0,32700.0,46700.0,2600.0
nonelderly_childless_hh,top_1_percent,2002,311400.0,237700.0,30600.0,40400.0,2700.0
nonelderly_childless_hh,top_1_percent,2003,312800.0,220100.0,30500.0,58800.0,3300.0
nonelderly_childless_hh,top_1_percent,2004,376900.0,261000.0,31700.0,80600.0,3500.0
nonelderly_childless_hh,top_1_percent,2005,485800.0,327800.0,33000.0,120500.0,4600.0
nonelderly_childless_hh,top_1_percent,2006,498800.0,334000.0,32700.0,128500.0,3600.0
nonelderly_childless_hh,top_1_percent,2007,457100.0,323700.0,33900.0,96800.0,2700.0
nonelderly_childless_hh,top_1_percent,2008,389900.0,289400.0,34900.0,61900.0,3700.0
nonelderly_childless_hh,top_1_percent,2009,327900.0,244200.0,33900.0,46800.0,3000.0
nonelderly_childless_hh,top_1_percent,2010,354200.0,251500.0,34000.0,65500.0,3300.0
nonelderly_childless_hh,top_1_percent,2011,352400.0,252200.0,31500.0,65400.0,3300.0
nonelderly_childless_hh,top_1_percent,2012,434200.0,310300.0,32800.0,87400.0,3800.0
nonelderly_childless_hh,top_1_percent,2013,430800.0,309700.0,38600.0,78200.0,4300.0
nonelderly_childless_hh,top_1_percent,2014,479500.0,350000.0,39100.0,86900.0,3400.0
nonelderly_childless_hh,top_1_percent,2015,476800.0,349400.0,41200.0,82400.0,3800.0
