household_type,income_group,year,federal_taxes,individual_income_tax,payroll_taxes,corporate_income_tax,excise_taxes
all_households,all_quintiles,1979,14600.0,7300.0,4500.0,2200.0,600.0
all_households,all_quintiles,1980,14200.0,7500.0,4400.0,1800.0,500.0
all_households,all_quintiles,1981,14400.0,7700.0,4800.0,1400.0,500.0
all_households,all_quintiles,1982,13300.0,7100.0,4800.0,900.0,500.0
all_households,all_quintiles,1983,13200.0,6600.0,4900.0,1100.0,600.0
all_households,all_quintiles,1984,14200.0,6900.0,5300.0,1400.0,700.0
all_households,all_quintiles,1985,14500.0,7100.0,5500.0,1300.0,700.0
all_households,all_quintiles,1986,15500.0,7700.0,5700.0,1400.0,700.0
all_households,all_quintiles,1987,15500.0,7400.0,5800.0,1700.0,700.0
all_households,all_quintiles,1988,16300.0,7800.0,6100.0,1800.0,700.0
all_households,all_quintiles,1989,16200.0,7700.0,6100.0,1700.0,600.0
all_households,all_quintiles,1990,16100.0,7600.0,6300.0,1600.0,600.0
all_households,all_quintiles,1991,15700.0,7200.0,6300.0,1500.0,700.0
all_households,all_quintiles,1992,16200.0,7400.0,6300.0,1600.0,700.0
all_households,all_quintiles,1993,16600.0,7600.0,6400.0,1900.0,800.0
all_households,all_quintiles,1994,17000.0,7600.0,6500.0,2000.0,800.0
all_households,all_quintiles,1995,17900.0,8100.0,6700.0,2200.0,800.0
all_households,all_quintiles,1996,18800.0,8800.0,6800.0,2400.0,800.0
all_households,all_quintiles,1997,19800.0,9500.0,7000.0,2500.0,800.0
all_households,all_quintiles,1998,20500.0,10000.0,7400.0,2300.0,800.0
all_households,all_quintiles,1999,21900.0,10900.0,7700.0,2400.0,900.0
all_households,all_quintiles,2000,22500.0,11500.0,7800.0,2400.0,800.0
all_households,all_quintiles,2001,19900.0,9600.0,7800.0,1600.0,800.0
all_households,all_quintiles,2002,18400.0,8600.0,7600.0,1400.0,800.0
all_households,all_quintiles,2003,17900.0,7700.0,7600.0,2000.0,800.0
all_households,all_quintiles,2004,19300.0,8400.0,7700.0,2500.0,800.0
all_households,all_quintiles,2005,20900.0,9100.0,7700.0,3300.0,800.0
all_households,all_quintiles,2006,21800.0,9600.0,7800.0,3600.0,700.0
all_households,all_quintiles,2007,22000.0,10100.0,8100.0,3200.0,600.0
all_households,all_quintiles,2008,18500.0,8000.0,8000.0,1900.0,600.0
all_households,all_quintiles,2009,16800.0,7000.0,7700.0,1400.0,600.0
all_households,all_quintiles,2010,17900.0,7600.0,7600.0,2000.0,600.0
all_households,all_quintiles,2011,17500.0,8300.0,6600.0,1900.0,600.0
all_households,all_quintiles,2012,18900.0,9200.0,6600.0,2300.0,700.0
all_households,all_quintiles,2013,20400.0,9400.0,7800.0,2500.0,700.0
all_households,all_quintiles,2014,21600.0,10200.0,7900.0,2700.0,800.0
all_households,all_quintiles,2015,22200.0,10600.0,8200.0,2600.0,800.0
all_households,lowest_quintile,1979,1900.0,200.0,1200.0,300.0,300.0
all_households,lowest_quintile,1980,1900.0,200.0,1200.0,200.0,300.0
all_households,lowest_quintile,1981,2000.0,300.0,1300.0,200.0,200.0
all_households,lowest_quintile,1982,2000.0,300.0,1400.0,100.0,300.0
all_households,lowest_quintile,1983,2100.0,200.0,1400.0,100.0,300.0
all_households,lowest_quintile,1984,2300.0,300.0,1500.0,200.0,400.0
all_households,lowest_quintile,1985,2400.0,300.0,1600.0,200.0,400.0
all_households,lowest_quintile,1986,2300.0,300.0,1500.0,200.0,400.0
all_households,lowest_quintile,1987,2000.0,,1500.0,200.0,400.0
all_households,lowest_quintile,1988,2100.0,-100.0,1600.0,200.0,400.0
all_households,lowest_quintile,1989,2100.0,-100.0,1700.0,200.0,300.0
all_households,lowest_quintile,1990,2400.0,,1800.0,200.0,400.0
all_households,lowest_quintile,1991,2400.0,-100.0,1900.0,200.0,400.0
all_households,lowest_quintile,1992,2400.0,-100.0,1900.0,200.0,400.0
all_households,lowest_quintile,1993,2500.0,-200.0,2000.0,200.0,500.0
all_households,lowest_quintile,1994,2200.0,-400.0,1900.0,200.0,500.0
all_households,lowest_quintile,1995,2300.0,-500.0,2100.0,300.0,500.0
all_households,lowest_quintile,1996,2200.0,-600.0,2100.0,300.0,400.0
all_households,lowest_quintile,1997,2400.0,-600.0,2200.0,300.0,500.0
all_households,lowest_quintile,1998,2400.0,-700.0,2400.0,300.0,500.0
all_households,lowest_quintile,1999,2500.0,-700.0,2400.0,300.0,500.0
all_households,lowest_quintile,2000,2300.0,-800.0,2400.0,200.0,500.0
all_households,lowest_quintile,2001,2100.0,-900.0,2300.0,200.0,500.0
all_households,lowest_quintile,2002,2000.0,-1000.0,2300.0,200.0,500.0
all_households,lowest_quintile,2003,1900.0,-1000.0,2200.0,200.0,500.0
all_households,lowest_quintile,2004,1900.0,-1000.0,2200.0,200.0,400.0
all_households,lowest_quintile,2005,2000.0,-1100.0,2300.0,300.0,500.0
all_households,lowest_quintile,2006,2200.0,-1200.0,2500.0,400.0,500.0
all_households,lowest_quintile,2007,2100.0,-1200.0,2600.0,300.0,400.0
all_households,lowest_quintile,2008,1200.0,-1900.0,2500.0,200.0,400.0
all_households,lowest_quintile,2009,1100.0,-2000.0,2500.0,200.0,400.0
all_households,lowest_quintile,2010,1200.0,-1900.0,2500.0,200.0,500.0
all_households,lowest_quintile,2011,1200.0,-1500.0,2100.0,200.0,500.0
all_households,lowest_quintile,2012,1300.0,-1500.0,2000.0,200.0,500.0
all_households,lowest_quintile,2013,1700.0,-1500.0,2400.0,200.0,500.0
all_households,lowest_quintile,2014,1700.0,-1400.0,2400.0,300.0,500.0
all_households,lowest_quintile,2015,1700.0,-1500.0,2500.0,200.0,500.0
all_households,second_quintile,1979,5800.0,1700.0,3000.0,600.0,500.0
all_households,second_quintile,1980,5400.0,1800.0,2800.0,500.0,400.0
all_households,second_quintile,1981,5600.0,1900.0,3000.0,400.0,400.0
all_households,second_quintile,1982,5100.0,1700.0,2900.0,200.0,400.0
all_households,second_quintile,1983,4900.0,1500.0,2800.0,300.0,400.0
all_households,second_quintile,1984,5500.0,1600.0,3100.0,300.0,500.0
all_households,second_quintile,1985,5500.0,1600.0,3100.0,300.0,500.0
all_households,second_quintile,1986,5600.0,1600.0,3200.0,300.0,500.0
all_households,second_quintile,1987,5200.0,1300.0,3100.0,400.0,500.0
all_households,second_quintile,1988,5400.0,1300.0,3300.0,400.0,500.0
all_households,second_quintile,1989,5400.0,1300.0,3300.0,400.0,400.0
all_households,second_quintile,1990,5800.0,1400.0,3600.0,400.0,500.0
all_households,second_quintile,1991,5600.0,1300.0,3400.0,300.0,500.0
all_households,second_quintile,1992,5500.0,1200.0,3400.0,400.0,500.0
all_households,second_quintile,1993,5500.0,1100.0,3400.0,400.0,600.0
all_households,second_quintile,1994,5400.0,1000.0,3400.0,400.0,600.0
all_households,second_quintile,1995,5800.0,1100.0,3600.0,500.0,600.0
all_households,second_quintile,1996,5800.0,1000.0,3700.0,500.0,600.0
all_households,second_quintile,1997,6100.0,1100.0,3900.0,500.0,600.0
all_households,second_quintile,1998,6100.0,1000.0,4100.0,500.0,600.0
all_households,second_quintile,1999,6400.0,900.0,4300.0,500.0,700.0
all_households,second_quintile,2000,6400.0,1000.0,4300.0,500.0,600.0
all_households,second_quintile,2001,5600.0,500.0,4200.0,300.0,600.0
all_households,second_quintile,2002,5300.0,300.0,4100.0,300.0,600.0
all_households,second_quintile,2003,4900.0,-100.0,4000.0,400.0,600.0
all_households,second_quintile,2004,5200.0,,4100.0,400.0,600.0
all_households,second_quintile,2005,5200.0,-100.0,4200.0,600.0,600.0
all_households,second_quintile,2006,5500.0,,4300.0,600.0,500.0
all_households,second_quintile,2007,5900.0,200.0,4600.0,600.0,500.0
all_households,second_quintile,2008,4200.0,-1000.0,4400.0,300.0,500.0
all_households,second_quintile,2009,4000.0,-1000.0,4200.0,300.0,500.0
all_households,second_quintile,2010,4200.0,-900.0,4200.0,400.0,500.0
all_households,second_quintile,2011,4000.0,-400.0,3500.0,300.0,500.0
all_households,second_quintile,2012,4000.0,-400.0,3500.0,400.0,500.0
all_households,second_quintile,2013,4900.0,-300.0,4200.0,400.0,500.0
all_households,second_quintile,2014,4900.0,-300.0,4200.0,400.0,600.0
all_households,second_quintile,2015,5200.0,-300.0,4400.0,400.0,600.0
all_households,middle_quintile,1979,10800.0,4300.0,4800.0,1100.0,600.0
all_households,middle_quintile,1980,10600.0,4500.0,4700.0,900.0,500.0
all_households,middle_quintile,1981,10900.0,4700.0,5000.0,700.0,500.0
all_households,middle_quintile,1982,9900.0,4200.0,4900.0,400.0,500.0
all_households,middle_quintile,1983,9400.0,3600.0,4700.0,500.0,500.0
all_households,middle_quintile,1984,10300.0,3800.0,5200.0,600.0,600.0
all_households,middle_quintile,1985,10400.0,3800.0,5400.0,600.0,600.0
all_households,middle_quintile,1986,10600.0,3900.0,5500.0,600.0,600.0
all_households,middle_quintile,1987,10200.0,3400.0,5400.0,800.0,600.0
all_households,middle_quintile,1988,10600.0,3500.0,5700.0,800.0,600.0
all_households,middle_quintile,1989,10700.0,3500.0,5800.0,800.0,600.0
all_households,middle_quintile,1990,10700.0,3500.0,5800.0,700.0,600.0
all_households,middle_quintile,1991,10400.0,3400.0,5700.0,700.0,700.0
all_households,middle_quintile,1992,10100.0,3200.0,5600.0,700.0,700.0
all_households,middle_quintile,1993,10200.0,3100.0,5600.0,800.0,700.0
all_households,middle_quintile,1994,10300.0,3100.0,5600.0,800.0,800.0
all_households,middle_quintile,1995,10800.0,3200.0,5900.0,900.0,700.0
all_households,middle_quintile,1996,10900.0,3300.0,6000.0,900.0,700.0
all_households,middle_quintile,1997,11200.0,3500.0,6200.0,900.0,700.0
all_households,middle_quintile,1998,11300.0,3300.0,6400.0,900.0,700.0
all_households,middle_quintile,1999,11700.0,3400.0,6600.0,900.0,800.0
all_households,middle_quintile,2000,11600.0,3400.0,6500.0,800.0,800.0
all_households,middle_quintile,2001,10600.0,2700.0,6600.0,600.0,700.0
all_households,middle_quintile,2002,9900.0,2400.0,6300.0,500.0,700.0
all_households,middle_quintile,2003,9400.0,2000.0,6200.0,600.0,700.0
all_households,middle_quintile,2004,9800.0,2000.0,6300.0,800.0,700.0
all_households,middle_quintile,2005,10200.0,2100.0,6400.0,1000.0,700.0
all_households,middle_quintile,2006,10300.0,2200.0,6400.0,1100.0,600.0
all_households,middle_quintile,2007,10800.0,2400.0,6800.0,1000.0,600.0
all_households,middle_quintile,2008,8700.0,1100.0,6500.0,600.0,500.0
all_households,middle_quintile,2009,8200.0,1100.0,6200.0,400.0,500.0
all_households,middle_quintile,2010,8500.0,1300.0,6100.0,600.0,600.0
all_households,middle_quintile,2011,8100.0,1800.0,5200.0,600.0,600.0
all_households,middle_quintile,2012,8200.0,1900.0,5100.0,600.0,600.0
all_households,middle_quintile,2013,9500.0,2000.0,6100.0,700.0,600.0
all_households,middle_quintile,2014,9800.0,2000.0,6400.0,800.0,700.0
all_households,middle_quintile,2015,10300.0,2200.0,6600.0,700.0,700.0
all_households,fourth_quintile,1979,16400.0,7700.0,6400.0,1700.0,700.0
all_households,fourth_quintile,1980,16000.0,7900.0,6100.0,1400.0,600.0
all_households,fourth_quintile,1981,16400.0,8200.0,6600.0,1100.0,500.0
all_households,fourth_quintile,1982,15100.0,7300.0,6500.0,700.0,600.0
all_households,fourth_quintile,1983,14700.0,6600.0,6500.0,900.0,700.0
all_households,fourth_quintile,1984,15600.0,6800.0,7000.0,1100.0,700.0
all_households,fourth_quintile,1985,15800.0,6800.0,7300.0,1000.0,700.0
all_households,fourth_quintile,1986,16400.0,7000.0,7600.0,1000.0,700.0
all_households,fourth_quintile,1987,16400.0,6600.0,7700.0,1400.0,700.0
all_households,fourth_quintile,1988,16800.0,6700.0,8100.0,1300.0,700.0
all_households,fourth_quintile,1989,16900.0,6900.0,8100.0,1300.0,700.0
all_households,fourth_quintile,1990,16800.0,6700.0,8200.0,1200.0,700.0
all_households,fourth_quintile,1991,16300.0,6400.0,8000.0,1100.0,800.0
all_households,fourth_quintile,1992,16400.0,6300.0,8100.0,1200.0,800.0
all_households,fourth_quintile,1993,16500.0,6300.0,8100.0,1300.0,800.0
all_households,fourth_quintile,1994,16900.0,6400.0,8200.0,1400.0,900.0
all_households,fourth_quintile,1995,17200.0,6500.0,8300.0,1600.0,900.0
all_households,fourth_quintile,1996,17700.0,6700.0,8500.0,1600.0,800.0
all_households,fourth_quintile,1997,18000.0,7000.0,8700.0,1600.0,800.0
all_households,fourth_quintile,1998,18700.0,7200.0,9200.0,1500.0,900.0
all_households,fourth_quintile,1999,19400.0,7500.0,9400.0,1500.0,1000.0
all_households,fourth_quintile,2000,19700.0,7800.0,9600.0,1500.0,900.0
all_households,fourth_quintile,2001,18200.0,6800.0,9500.0,1000.0,900.0
all_households,fourth_quintile,2002,17100.0,6200.0,9100.0,900.0,800.0
all_households,fourth_quintile,2003,16600.0,5400.0,9200.0,1100.0,800.0
all_households,fourth_quintile,2004,17300.0,5700.0,9500.0,1300.0,800.0
all_households,fourth_quintile,2005,18000.0,5800.0,9600.0,1800.0,800.0
all_households,fourth_quintile,2006,18300.0,6000.0,9600.0,1900.0,800.0
all_households,fourth_quintile,2007,18600.0,6400.0,9800.0,1700.0,700.0
all_households,fourth_quintile,2008,16100.0,4900.0,9700.0,1000.0,600.0
all_households,fourth_quintile,2009,15200.0,4600.0,9200.0,800.0,600.0
all_households,fourth_quintile,2010,15500.0,4900.0,9000.0,1000.0,600.0
all_households,fourth_quintile,2011,15200.0,5700.0,7800.0,1000.0,700.0
all_households,fourth_quintile,2012,15600.0,6000.0,7900.0,1100.0,700.0
all_households,fourth_quintile,2013,17500.0,6200.0,9300.0,1300.0,700.0
all_households,fourth_quintile,2014,18200.0,6500.0,9600.0,1400.0,800.0
all_households,fourth_quintile,2015,19000.0,6900.0,9900.0,1300.0,800.0
all_households,highest_quintile,1979,38900.0,22800.0,7700.0,7400.0,1100.0
all_households,highest_quintile,1980,37300.0,23000.0,7600.0,5800.0,900.0
all_households,highest_quintile,1981,36400.0,22900.0,8100.0,4600.0,800.0
all_households,highest_quintile,1982,33100.0,21100.0,8400.0,2800.0,800.0
all_households,highest_quintile,1983,33500.0,20200.0,8700.0,3700.0,1000.0
all_households,highest_quintile,1984,36600.0,21500.0,9500.0,4500.0,1100.0
all_households,highest_quintile,1985,37000.0,21900.0,9800.0,4200.0,1100.0
all_households,highest_quintile,1986,41200.0,25000.0,10500.0,4700.0,1100.0
all_households,highest_quintile,1987,42800.0,25000.0,11000.0,5600.0,1100.0
all_households,highest_quintile,1988,45400.0,26900.0,11500.0,5900.0,1100.0
all_households,highest_quintile,1989,44500.0,26200.0,11500.0,5800.0,1100.0
all_households,highest_quintile,1990,43100.0,25100.0,11600.0,5300.0,1000.0
all_households,highest_quintile,1991,42100.0,24200.0,12100.0,4700.0,1100.0
all_households,highest_quintile,1992,44300.0,25500.0,12200.0,5400.0,1200.0
all_households,highest_quintile,1993,46200.0,26200.0,12400.0,6300.0,1200.0
all_households,highest_quintile,1994,48400.0,27200.0,13100.0,6800.0,1300.0
all_households,highest_quintile,1995,51500.0,29400.0,13200.0,7600.0,1300.0
all_households,highest_quintile,1996,54900.0,32200.0,13400.0,8100.0,1200.0
all_households,highest_quintile,1997,58400.0,34900.0,13700.0,8500.0,1200.0
all_households,highest_quintile,1998,61900.0,37800.0,14500.0,8300.0,1300.0
all_households,highest_quintile,1999,67200.0,41900.0,15300.0,8600.0,1500.0
all_households,highest_quintile,2000,70300.0,44800.0,15600.0,8500.0,1400.0
all_households,highest_quintile,2001,61200.0,38100.0,16100.0,5800.0,1300.0
all_households,highest_quintile,2002,56600.0,34500.0,15700.0,5200.0,1200.0
all_households,highest_quintile,2003,56300.0,31700.0,16100.0,7300.0,1200.0
all_households,highest_quintile,2004,62000.0,35000.0,16200.0,9500.0,1300.0
all_households,highest_quintile,2005,68500.0,38400.0,16100.0,12700.0,1300.0
all_households,highest_quintile,2006,71600.0,40200.0,16200.0,13900.0,1200.0
all_households,highest_quintile,2007,72100.0,42400.0,16500.0,12100.0,1100.0
all_households,highest_quintile,2008,62200.0,37200.0,16800.0,7200.0,1000.0
all_households,highest_quintile,2009,54700.0,32000.0,16600.0,5300.0,900.0
all_households,highest_quintile,2010,59800.0,34800.0,16400.0,7700.0,1000.0
all_households,highest_quintile,2011,59100.0,36000.0,14600.0,7500.0,1000.0
all_households,highest_quintile,2012,65000.0,40100.0,14700.0,9100.0,1100.0
all_households,highest_quintile,2013,68400.0,40700.0,17100.0,9500.0,1100.0
all_households,highest_quintile,2014,73500.0,44400.0,17200.0,10600.0,1300.0
all_households,highest_quintile,2015,75900.0,46600.0,17900.0,10100.0,1300.0
all_households,percentiles_81_90,1979,23300.0,12200.0,7700.0,2700.0,800.0
all_households,percentiles_81_90,1980,23100.0,12700.0,7500.0,2200.0,700.0
all_households,percentiles_81_90,1981,23300.0,13000.0,8000.0,1700.0,600.0
all_households,percentiles_81_90,1982,21400.0,11700.0,8000.0,1100.0,700.0
all_households,percentiles_81_90,1983,21000.0,10600.0,8200.0,1400.0,800.0
all_households,percentiles_81_90,1984,22500.0,11000.0,9000.0,1700.0,900.0
all_households,percentiles_81_90,1985,22300.0,10900.0,9100.0,1500.0,800.0
all_households,percentiles_81_90,1986,23600.0,11400.0,9800.0,1600.0,800.0
all_households,percentiles_81_90,1987,24600.0,11500.0,10100.0,2100.0,900.0
all_households,percentiles_81_90,1988,25100.0,11600.0,10600.0,2000.0,900.0
all_households,percentiles_81_90,1989,25200.0,11800.0,10500.0,2000.0,900.0
all_households,percentiles_81_90,1990,24700.0,11500.0,10500.0,1900.0,800.0
all_households,percentiles_81_90,1991,24300.0,11200.0,10500.0,1700.0,900.0
all_households,percentiles_81_90,1992,24400.0,11000.0,10600.0,1800.0,900.0
all_households,percentiles_81_90,1993,24700.0,11000.0,10600.0,2100.0,1000.0
all_households,percentiles_81_90,1994,25700.0,11400.0,11000.0,2200.0,1000.0
all_households,percentiles_81_90,1995,26500.0,11900.0,11100.0,2500.0,1100.0
all_households,percentiles_81_90,1996,26900.0,12200.0,11100.0,2600.0,1000.0
all_households,percentiles_81_90,1997,27900.0,12800.0,11500.0,2600.0,1000.0
all_households,percentiles_81_90,1998,29300.0,13600.0,12200.0,2400.0,1100.0
all_households,percentiles_81_90,1999,30900.0,14500.0,12800.0,2400.0,1200.0
all_households,percentiles_81_90,2000,31500.0,15100.0,12900.0,2400.0,1100.0
all_households,percentiles_81_90,2001,29600.0,13600.0,13300.0,1600.0,1000.0
all_households,percentiles_81_90,2002,28000.0,12700.0,12900.0,1400.0,1000.0
all_households,percentiles_81_90,2003,27400.0,11400.0,13200.0,1800.0,1000.0
all_households,percentiles_81_90,2004,28400.0,11900.0,13300.0,2200.0,1000.0
all_households,percentiles_81_90,2005,29200.0,12000.0,13300.0,2900.0,1000.0
all_households,percentiles_81_90,2006,30100.0,12500.0,13400.0,3300.0,900.0
all_households,percentiles_81_90,2007,30100.0,12900.0,13600.0,2800.0,800.0
all_households,percentiles_81_90,2008,27300.0,11300.0,13600.0,1600.0,800.0
all_households,percentiles_81_90,2009,25900.0,10700.0,13200.0,1300.0,700.0
all_households,percentiles_81_90,2010,26900.0,11400.0,13100.0,1700.0,700.0
all_households,percentiles_81_90,2011,26400.0,12500.0,11400.0,1700.0,800.0
all_households,percentiles_81_90,2012,27000.0,12900.0,11500.0,1800.0,800.0
all_households,percentiles_81_90,2013,29700.0,13300.0,13200.0,2300.0,900.0
all_households,percentiles_81_90,2014,30700.0,13800.0,13500.0,2400.0,1000.0
all_households,percentiles_81_90,2015,32000.0,14700.0,13900.0,2300.0,1000.0
all_households,percentiles_91_95,1979,30600.0,17200.0,8300.0,4000.0,1000.0
all_households,percentiles_91_95,1980,30100.0,17800.0,8000.0,3500.0,800.0
all_households,percentiles_91_95,1981,30200.0,18200.0,8600.0,2700.0,800.0
all_households,percentiles_91_95,1982,27300.0,16100.0,8900.0,1500.0,800.0
all_households,percentiles_91_95,1983,27000.0,14900.0,9100.0,2100.0,900.0
all_households,percentiles_91_95,1984,29500.0,15900.0,10000.0,2600.0,1000.0
all_households,percentiles_91_95,1985,29700.0,16000.0,10400.0,2300.0,1000.0
all_households,percentiles_91_95,1986,31300.0,16700.0,11200.0,2400.0,1000.0
all_households,percentiles_91_95,1987,33600.0,17700.0,11700.0,3100.0,1100.0
all_households,percentiles_91_95,1988,34100.0,17700.0,12200.0,3200.0,1100.0
all_households,percentiles_91_95,1989,34400.0,18000.0,12100.0,3200.0,1000.0
all_households,percentiles_91_95,1990,33600.0,17300.0,12200.0,3100.0,1000.0
all_households,percentiles_91_95,1991,33100.0,16800.0,12500.0,2700.0,1100.0
all_households,percentiles_91_95,1992,33800.0,17100.0,12600.0,3000.0,1100.0
all_households,percentiles_91_95,1993,34200.0,16900.0,12700.0,3500.0,1200.0
all_households,percentiles_91_95,1994,36000.0,17900.0,13300.0,3600.0,1300.0
all_households,percentiles_91_95,1995,37300.0,18400.0,13600.0,4000.0,1200.0
all_households,percentiles_91_95,1996,38600.0,19600.0,13700.0,4300.0,1100.0
all_households,percentiles_91_95,1997,40300.0,20900.0,13900.0,4400.0,1200.0
all_households,percentiles_91_95,1998,41900.0,22200.0,14500.0,4000.0,1200.0
all_households,percentiles_91_95,1999,44500.0,23800.0,15200.0,4100.0,1400.0
all_households,percentiles_91_95,2000,45600.0,24700.0,15600.0,3900.0,1300.0
all_households,percentiles_91_95,2001,42500.0,22600.0,16200.0,2600.0,1200.0
all_households,percentiles_91_95,2002,40400.0,21100.0,15900.0,2300.0,1100.0
all_households,percentiles_91_95,2003,39200.0,19000.0,16200.0,3000.0,1100.0
all_households,percentiles_91_95,2004,40900.0,19800.0,16300.0,3700.0,1100.0
all_households,percentiles_91_95,2005,43000.0,20600.0,16300.0,5000.0,1100.0
all_households,percentiles_91_95,2006,44400.0,21500.0,16300.0,5600.0,1000.0
all_households,percentiles_91_95,2007,44700.0,22400.0,16500.0,4800.0,1000.0
all_households,percentiles_91_95,2008,41300.0,20700.0,17000.0,2700.0,900.0
all_households,percentiles_91_95,2009,38800.0,19100.0,16700.0,2100.0,900.0
all_households,percentiles_91_95,2010,40400.0,20300.0,16400.0,2800.0,900.0
all_households,percentiles_91_95,2011,40100.0,21700.0,14600.0,2800.0,900.0
all_households,percentiles_91_95,2012,41300.0,22500.0,14700.0,3100.0,1000.0
all_households,percentiles_91_95,2013,44900.0,23000.0,17000.0,3900.0,1000.0
all_households,percentiles_91_95,2014,47000.0,24300.0,17300.0,4300.0,1200.0
all_households,percentiles_91_95,2015,48800.0,25600.0,17900.0,4000.0,1200.0
all_households,percentiles_96_99,1979,48700.0,30400.0,7600.0,9400.0,1300.0
all_households,percentiles_96_99,1980,46800.0,30700.0,7600.0,7500.0,1100.0
all_households,percentiles_96_99,1981,45600.0,30700.0,8100.0,5900.0,900.0
all_households,percentiles_96_99,1982,41100.0,28100.0,8800.0,3200.0,900.0
all_households,percentiles_96_99,1983,40400.0,25600.0,9300.0,4400.0,1100.0
all_households,percentiles_96_99,1984,43900.0,27300.0,10300.0,5000.0,1200.0
all_households,percentiles_96_99,1985,44800.0,27800.0,10800.0,4900.0,1300.0
all_households,percentiles_96_99,1986,48900.0,31000.0,11400.0,5100.0,1400.0
all_households,percentiles_96_99,1987,53500.0,32900.0,12100.0,7100.0,1300.0
all_households,percentiles_96_99,1988,54000.0,33100.0,12600.0,7000.0,1300.0
all_households,percentiles_96_99,1989,54900.0,34000.0,12800.0,6900.0,1200.0
all_households,percentiles_96_99,1990,52800.0,32300.0,13100.0,6200.0,1200.0
all_households,percentiles_96_99,1991,52400.0,31100.0,14300.0,5600.0,1400.0
all_households,percentiles_96_99,1992,54500.0,32200.0,14700.0,6300.0,1400.0
all_households,percentiles_96_99,1993,56500.0,32600.0,15200.0,7200.0,1500.0
all_households,percentiles_96_99,1994,58700.0,34000.0,15700.0,7500.0,1500.0
all_households,percentiles_96_99,1995,62900.0,37000.0,15700.0,8700.0,1500.0
all_households,percentiles_96_99,1996,66100.0,39900.0,15900.0,8900.0,1400.0
all_households,percentiles_96_99,1997,70600.0,43400.0,16200.0,9500.0,1500.0
all_households,percentiles_96_99,1998,74200.0,46900.0,17000.0,8800.0,1500.0
all_households,percentiles_96_99,1999,79900.0,51100.0,17800.0,9200.0,1800.0
all_households,percentiles_96_99,2000,81800.0,53200.0,18300.0,8800.0,1600.0
all_households,percentiles_96_99,2001,73600.0,47400.0,18900.0,5900.0,1500.0
all_households,percentiles_96_99,2002,69200.0,43600.0,19100.0,5200.0,1400.0
all_households,percentiles_96_99,2003,68500.0,40300.0,19800.0,7100.0,1400.0
all_households,percentiles_96_99,2004,74000.0,43900.0,19700.0,8900.0,1500.0
all_households,percentiles_96_99,2005,81200.0,48100.0,19300.0,12300.0,1500.0
all_households,percentiles_96_99,2006,83800.0,49800.0,19400.0,13300.0,1400.0
all_households,percentiles_96_99,2007,85000.0,52500.0,19600.0,11600.0,1300.0
all_households,percentiles_96_99,2008,75900.0,48000.0,20400.0,6300.0,1200.0
all_households,percentiles_96_99,2009,69100.0,42400.0,20900.0,4700.0,1100.0
all_households,percentiles_96_99,2010,73800.0,45700.0,20700.0,6300.0,1100.0
all_households,percentiles_96_99,2011,73800.0,47900.0,18400.0,6300.0,1200.0
all_households,percentiles_96_99,2012,79200.0,51800.0,18600.0,7400.0,1300.0
all_households,percentiles_96_99,2013,84900.0,52500.0,21700.0,9400.0,1300.0
all_households,percentiles_96_99,2014,89100.0,55600.0,21600.0,10400.0,1500.0
all_households,percentiles_96_99,2015,92600.0,59000.0,22300.0,9800.0,1600.0
all_households,top_1_percent,1979,189200.0,121000.0,5000.0,60600.0,2600.0
all_households,top_1_percent,1980,170400.0,116800.0,5500.0,45800.0,2200.0
all_households,top_1_percent,1981,154900.0,109900.0,6400.0,36600.0,1900.0
all_households,top_1_percent,1982,144900.0,110200.0,8500.0,24300.0,1900.0
all_households,top_1_percent,1983,160200.0,116700.0,9100.0,31600.0,2600.0
all_households,top_1_percent,1984,176800.0,127000.0,9500.0,37600.0,2800.0
all_households,top_1_percent,1985,186200.0,135800.0,10000.0,37300.0,3100.0
all_households,top_1_percent,1986,229100.0,171500.0,10000.0,43900.0,3700.0
all_households,top_1_percent,1987,226500.0,164300.0,11900.0,47300.0,3100.0
all_households,top_1_percent,1988,272700.0,201000.0,12900.0,55500.0,3300.0
all_households,top_1_percent,1989,246800.0,180000.0,13100.0,51000.0,2700.0
all_households,top_1_percent,1990,234400.0,171000.0,13400.0,47400.0,2600.0
all_households,top_1_percent,1991,220000.0,159600.0,16800.0,40900.0,2800.0
all_households,top_1_percent,1992,254900.0,186100.0,16600.0,49300.0,2900.0
all_households,top_1_percent,1993,273100.0,195200.0,17300.0,57600.0,3100.0
all_households,top_1_percent,1994,289500.0,198900.0,22900.0,64600.0,3100.0
all_households,top_1_percent,1995,328000.0,229200.0,23000.0,72500.0,3300.0
all_households,top_1_percent,1996,364700.0,259800.0,23800.0,78000.0,3100.0
all_households,top_1_percent,1997,407800.0,293800.0,25300.0,85400.0,3300.0
all_households,top_1_percent,1998,443500.0,325700.0,26900.0,87400.0,3500.0
all_households,top_1_percent,1999,486500.0,364200.0,29400.0,88900.0,4000.0
all_households,top_1_percent,2000,530200.0,404600.0,31800.0,90100.0,3700.0
all_households,top_1_percent,2001,419800.0,322100.0,30900.0,63600.0,3200.0
all_households,top_1_percent,2002,370100.0,280400.0,29300.0,57300.0,3000.0
all_households,top_1_percent,2003,377400.0,260900.0,29300.0,83800.0,3300.0
all_households,top_1_percent,2004,446600.0,300700.0,30000.0,111900.0,4000.0
all_households,top_1_percent,2005,544500.0,356600.0,30900.0,152600.0,4500.0
all_households,top_1_percent,2006,582400.0,379400.0,31600.0,167500.0,3900.0
all_households,top_1_percent,2007,580000.0,400000.0,32700.0,144200.0,3000.0
all_households,top_1_percent,2008,467000.0,340000.0,33400.0,90100.0,3600.0
all_households,top_1_percent,2009,372400.0,272500.0,32400.0,64800.0,2700.0
all_households,top_1_percent,2010,439300.0,303700.0,32700.0,99800.0,3100.0
all_households,top_1_percent,2011,434800.0,303700.0,31000.0,97000.0,3100.0
all_households,top_1_percent,2012,528500.0,368300.0,31800.0,124600.0,3700.0
all_households,top_1_percent,2013,519700.0,366100.0,37500.0,112400.0,3700.0
all_households,top_1_percent,2014,586400.0,417300.0,37300.0,128300.0,3500.0
all_households,top_1_percent,2015,602900.0,433900.0,40600.0,124900.0,3500.0
hh_with_children,all_quintiles,1979,16100.0,7800.0,5800.0,1800.0,700.0
hh_with_children,all_quintiles,1980,15600.0,7900.0,5700.0,1400.0,600.0
hh_with_children,all_quintiles,1981,16000.0,8100.0,6200.0,1100.0,500.0
hh_with_children,all_quintiles,1982,14600.0,7200.0,6200.0,700.0,500.0
hh_with_children,all_quintiles,1983,14700.0,6900.0,6200.0,900.0,700.0
hh_with_children,all_quintiles,1984,16100.0,7300.0,6900.0,1100.0,800.0
hh_with_children,all_quintiles,1985,15900.0,7100.0,7100.0,1000.0,700.0
hh_with_children,all_quintiles,1986,17200.0,8100.0,7300.0,1100.0,700.0
hh_with_children,all_quintiles,1987,17000.0,7600.0,7300.0,1400.0,700.0
hh_with_children,all_quintiles,1988,17500.0,7800.0,7700.0,1400.0,700.0
hh_with_children,all_quintiles,1989,17900.0,7900.0,7900.0,1400.0,700.0
hh_with_children,all_quintiles,1990,17600.0,7600.0,8100.0,1200.0,700.0
hh_with_children,all_quintiles,1991,17500.0,7400.0,8200.0,1200.0,800.0
hh_with_children,all_quintiles,1992,17600.0,7400.0,8100.0,1300.0,800.0
hh_with_children,all_quintiles,1993,18400.0,7800.0,8200.0,1500.0,900.0
hh_with_children,all_quintiles,1994,18800.0,7800.0,8500.0,1600.0,900.0
hh_with_children,all_quintiles,1995,20200.0,8600.0,8800.0,1900.0,900.0
hh_with_children,all_quintiles,1996,20400.0,8800.0,8800.0,1900.0,800.0
hh_with_children,all_quintiles,1997,21700.0,9600.0,9200.0,2000.0,900.0
hh_with_children,all_quintiles,1998,22700.0,10100.0,9700.0,2000.0,900.0
hh_with_children,all_quintiles,1999,24700.0,11400.0,10100.0,2100.0,1000.0
hh_with_children,all_quintiles,2000,26000.0,12500.0,10300.0,2200.0,900.0
hh_with_children,all_quintiles,2001,22900.0,10100.0,10300.0,1500.0,900.0
hh_with_children,all_quintiles,2002,21600.0,9200.0,10100.0,1400.0,900.0
hh_with_children,all_quintiles,2003,20700.0,7900.0,10000.0,1900.0,900.0
hh_with_children,all_quintiles,2004,22400.0,8800.0,10200.0,2500.0,900.0
hh_with_children,all_quintiles,2005,23700.0,9400.0,10300.0,3200.0,900.0
hh_with_children,all_quintiles,2006,25200.0,10300.0,10400.0,3700.0,800.0
hh_with_children,all_quintiles,2007,26000.0,11200.0,10800.0,3300.0,700.0
hh_with_children,all_quintiles,2008,22200.0,8700.0,10800.0,2000.0,700.0
hh_with_children,all_quintiles,2009,19800.0,7200.0,10500.0,1500.0,700.0
hh_with_children,all_quintiles,2010,22000.0,8400.0,10500.0,2300.0,700.0
hh_with_children,all_quintiles,2011,21100.0,9100.0,9100.0,2100.0,700.0
hh_with_children,all_quintiles,2012,22700.0,10300.0,9100.0,2500.0,800.0
hh_with_children,all_quintiles,2013,25300.0,11000.0,10800.0,2700.0,800.0
hh_with_children,all_quintiles,2014,26700.0,11800.0,11000.0,3000.0,900.0
hh_with_children,all_quintiles,2015,28400.0,13000.0,11500.0,3000.0,900.0
hh_with_children,lowest_quintile,1979,3000.0,100.0,2100.0,400.0,400.0
hh_with_children,lowest_quintile,1980,2800.0,200.0,2000.0,300.0,300.0
hh_with_children,lowest_quintile,1981,3000.0,400.0,2100.0,200.0,300.0
hh_with_children,lowest_quintile,1982,2700.0,300.0,2000.0,100.0,300.0
hh_with_children,lowest_quintile,1983,2700.0,200.0,1900.0,200.0,400.0
hh_with_children,lowest_quintile,1984,3200.0,300.0,2200.0,200.0,500.0
hh_with_children,lowest_quintile,1985,3100.0,300.0,2200.0,200.0,500.0
hh_with_children,lowest_quintile,1986,3000.0,300.0,2100.0,200.0,400.0
hh_with_children,lowest_quintile,1987,2400.0,-100.0,1900.0,200.0,400.0
hh_with_children,lowest_quintile,1988,2400.0,-300.0,2100.0,200.0,400.0
hh_with_children,lowest_quintile,1989,2300.0,-500.0,2200.0,200.0,400.0
hh_with_children,lowest_quintile,1990,2900.0,-200.0,2500.0,200.0,400.0
hh_with_children,lowest_quintile,1991,2800.0,-400.0,2500.0,200.0,500.0
hh_with_children,lowest_quintile,1992,2700.0,-500.0,2500.0,200.0,500.0
hh_with_children,lowest_quintile,1993,2800.0,-500.0,2600.0,200.0,600.0
hh_with_children,lowest_quintile,1994,2400.0,-1000.0,2500.0,300.0,600.0
hh_with_children,lowest_quintile,1995,2500.0,-1300.0,2900.0,300.0,600.0
hh_with_children,lowest_quintile,1996,2300.0,-1400.0,2900.0,300.0,500.0
hh_with_children,lowest_quintile,1997,2500.0,-1400.0,3100.0,300.0,600.0
hh_with_children,lowest_quintile,1998,2500.0,-1800.0,3300.0,300.0,600.0
hh_with_children,lowest_quintile,1999,2700.0,-1700.0,3400.0,300.0,700.0
hh_with_children,lowest_quintile,2000,2200.0,-1900.0,3300.0,300.0,500.0
hh_with_children,lowest_quintile,2001,1900.0,-2100.0,3200.0,200.0,600.0
hh_with_children,lowest_quintile,2002,1800.0,-2200.0,3300.0,200.0,600.0
hh_with_children,lowest_quintile,2003,1600.0,-2300.0,3100.0,200.0,600.0
hh_with_children,lowest_quintile,2004,1600.0,-2400.0,3200.0,300.0,500.0
hh_with_children,lowest_quintile,2005,1600.0,-2600.0,3300.0,400.0,600.0
hh_with_children,lowest_quintile,2006,1700.0,-2600.0,3300.0,400.0,500.0
hh_with_children,lowest_quintile,2007,1700.0,-2800.0,3700.0,400.0,400.0
hh_with_children,lowest_quintile,2008,200.0,-4100.0,3600.0,200.0,500.0
hh_with_children,lowest_quintile,2009,-200.0,-4100.0,3300.0,200.0,500.0
hh_with_children,lowest_quintile,2010,,-4200.0,3400.0,200.0,500.0
hh_with_children,lowest_quintile,2011,,-3700.0,2900.0,200.0,500.0
hh_with_children,lowest_quintile,2012,,-3600.0,2800.0,200.0,500.0
hh_with_children,lowest_quintile,2013,400.0,-3700.0,3300.0,300.0,500.0
hh_with_children,lowest_quintile,2014,600.0,-3600.0,3400.0,300.0,500.0
hh_with_children,lowest_quintile,2015,600.0,-3900.0,3600.0,300.0,500.0
hh_with_children,second_quintile,1979,8400.0,2600.0,4500.0,700.0,600.0
hh_with_children,second_quintile,1980,8000.0,2700.0,4300.0,600.0,500.0
hh_with_children,second_quintile,1981,8600.0,3000.0,4700.0,400.0,400.0
hh_with_children,second_quintile,1982,7900.0,2600.0,4600.0,300.0,500.0
hh_with_children,second_quintile,1983,7700.0,2300.0,4500.0,300.0,600.0
hh_with_children,second_quintile,1984,8600.0,2500.0,5000.0,400.0,600.0
hh_with_children,second_quintile,1985,8500.0,2400.0,5100.0,400.0,600.0
hh_with_children,second_quintile,1986,8800.0,2500.0,5300.0,400.0,600.0
hh_with_children,second_quintile,1987,8200.0,2000.0,5100.0,500.0,600.0
hh_with_children,second_quintile,1988,8500.0,2000.0,5500.0,500.0,600.0
hh_with_children,second_quintile,1989,8400.0,1800.0,5500.0,500.0,600.0
hh_with_children,second_quintile,1990,9000.0,2200.0,5800.0,500.0,600.0
hh_with_children,second_quintile,1991,8400.0,1800.0,5500.0,400.0,700.0
hh_with_children,second_quintile,1992,8100.0,1600.0,5300.0,400.0,700.0
hh_with_children,second_quintile,1993,8000.0,1500.0,5300.0,500.0,700.0
hh_with_children,second_quintile,1994,7800.0,1200.0,5400.0,500.0,800.0
hh_with_children,second_quintile,1995,8300.0,1300.0,5700.0,600.0,800.0
hh_with_children,second_quintile,1996,8000.0,1100.0,5600.0,600.0,700.0
hh_with_children,second_quintile,1997,8500.0,1200.0,5900.0,600.0,700.0
hh_with_children,second_quintile,1998,8400.0,800.0,6200.0,600.0,800.0
hh_with_children,second_quintile,1999,8600.0,800.0,6400.0,600.0,800.0
hh_with_children,second_quintile,2000,8700.0,800.0,6500.0,600.0,800.0
hh_with_children,second_quintile,2001,7600.0,,6500.0,400.0,700.0
hh_with_children,second_quintile,2002,7100.0,-300.0,6300.0,400.0,700.0
hh_with_children,second_quintile,2003,6300.0,-1000.0,6100.0,500.0,700.0
hh_with_children,second_quintile,2004,6600.0,-900.0,6200.0,600.0,700.0
hh_with_children,second_quintile,2005,6600.0,-1200.0,6300.0,700.0,700.0
hh_with_children,second_quintile,2006,6800.0,-1100.0,6400.0,800.0,600.0
hh_with_children,second_quintile,2007,7400.0,-800.0,6900.0,700.0,600.0
hh_with_children,second_quintile,2008,5100.0,-2500.0,6600.0,400.0,600.0
hh_with_children,second_quintile,2009,4500.0,-2700.0,6300.0,300.0,600.0
hh_with_children,second_quintile,2010,4800.0,-2600.0,6300.0,500.0,600.0
hh_with_children,second_quintile,2011,4600.0,-1800.0,5400.0,400.0,600.0
hh_with_children,second_quintile,2012,4600.0,-1800.0,5400.0,500.0,600.0
hh_with_children,second_quintile,2013,5800.0,-1800.0,6300.0,600.0,600.0
hh_with_children,second_quintile,2014,6000.0,-1800.0,6500.0,600.0,700.0
hh_with_children,second_quintile,2015,6300.0,-1800.0,6800.0,600.0,700.0
hh_with_children,middle_quintile,1979,14200.0,5800.0,6600.0,1100.0,700.0
hh_with_children,middle_quintile,1980,14000.0,6100.0,6400.0,900.0,600.0
hh_with_children,middle_quintile,1981,14800.0,6500.0,7000.0,700.0,500.0
hh_with_children,middle_quintile,1982,14000.0,5900.0,7000.0,400.0,600.0
hh_with_children,middle_quintile,1983,13500.0,5300.0,7000.0,600.0,700.0
hh_with_children,middle_quintile,1984,14500.0,5500.0,7600.0,700.0,700.0
hh_with_children,middle_quintile,1985,14700.0,5400.0,7900.0,600.0,700.0
hh_with_children,middle_quintile,1986,15200.0,5600.0,8300.0,600.0,700.0
hh_with_children,middle_quintile,1987,14700.0,4900.0,8200.0,800.0,700.0
hh_with_children,middle_quintile,1988,15100.0,4900.0,8700.0,800.0,700.0
hh_with_children,middle_quintile,1989,15300.0,5000.0,8800.0,800.0,700.0
hh_with_children,middle_quintile,1990,15300.0,5000.0,8900.0,800.0,700.0
hh_with_children,middle_quintile,1991,15200.0,4900.0,8800.0,700.0,800.0
hh_with_children,middle_quintile,1992,14700.0,4600.0,8600.0,700.0,800.0
hh_with_children,middle_quintile,1993,14900.0,4500.0,8700.0,800.0,800.0
hh_with_children,middle_quintile,1994,15100.0,4500.0,8800.0,900.0,900.0
hh_with_children,middle_quintile,1995,15500.0,4500.0,9000.0,1000.0,900.0
hh_with_children,middle_quintile,1996,15600.0,4600.0,9100.0,1000.0,800.0
hh_with_children,middle_quintile,1997,16100.0,4800.0,9400.0,1100.0,800.0
hh_with_children,middle_quintile,1998,15900.0,4200.0,9800.0,1000.0,900.0
hh_with_children,middle_quintile,1999,16500.0,4300.0,10200.0,1000.0,1000.0
hh_with_children,middle_quintile,2000,16600.0,4400.0,10300.0,1000.0,900.0
hh_with_children,middle_quintile,2001,15100.0,3300.0,10300.0,700.0,900.0
hh_with_children,middle_quintile,2002,14200.0,2900.0,9800.0,600.0,900.0
hh_with_children,middle_quintile,2003,13100.0,1900.0,9600.0,800.0,800.0
hh_with_children,middle_quintile,2004,13700.0,2100.0,9800.0,1000.0,800.0
hh_with_children,middle_quintile,2005,14100.0,2100.0,9900.0,1300.0,800.0
hh_with_children,middle_quintile,2006,14300.0,2100.0,10100.0,1400.0,700.0
hh_with_children,middle_quintile,2007,14800.0,2500.0,10500.0,1200.0,700.0
hh_with_children,middle_quintile,2008,12200.0,500.0,10300.0,700.0,700.0
hh_with_children,middle_quintile,2009,11500.0,500.0,9800.0,600.0,700.0
hh_with_children,middle_quintile,2010,12000.0,700.0,9800.0,800.0,700.0
hh_with_children,middle_quintile,2011,11500.0,1600.0,8400.0,700.0,700.0
hh_with_children,middle_quintile,2012,11600.0,1700.0,8400.0,800.0,700.0
hh_with_children,middle_quintile,2013,13400.0,1900.0,9800.0,900.0,700.0
hh_with_children,middle_quintile,2014,13800.0,1900.0,10100.0,1000.0,900.0
hh_with_children,middle_quintile,2015,14500.0,2100.0,10500.0,1000.0,900.0
hh_with_children,fourth_quintile,1979,20500.0,9900.0,8200.0,1700.0,800.0
hh_with_children,fourth_quintile,1980,20400.0,10400.0,8100.0,1300.0,700.0
hh_with_children,fourth_quintile,1981,21700.0,11000.0,9000.0,1100.0,600.0
hh_with_children,fourth_quintile,1982,20400.0,10000.0,9100.0,700.0,700.0
hh_with_children,fourth_quintile,1983,20100.0,9200.0,9300.0,900.0,800.0
hh_with_children,fourth_quintile,1984,21400.0,9400.0,10100.0,1000.0,900.0
hh_with_children,fourth_quintile,1985,21600.0,9300.0,10500.0,900.0,900.0
hh_with_children,fourth_quintile,1986,22500.0,9700.0,11000.0,1000.0,800.0
hh_with_children,fourth_quintile,1987,22300.0,9000.0,11200.0,1300.0,800.0
hh_with_children,fourth_quintile,1988,22900.0,9100.0,11700.0,1300.0,800.0
hh_with_children,fourth_quintile,1989,23200.0,9300.0,11800.0,1200.0,800.0
hh_with_children,fourth_quintile,1990,23400.0,9300.0,12100.0,1200.0,800.0
hh_with_children,fourth_quintile,1991,23000.0,8900.0,12000.0,1100.0,900.0
hh_with_children,fourth_quintile,1992,22900.0,8700.0,12100.0,1100.0,1000.0
hh_with_children,fourth_quintile,1993,23300.0,8800.0,12100.0,1300.0,1000.0
hh_with_children,fourth_quintile,1994,23800.0,8900.0,12400.0,1400.0,1100.0
hh_with_children,fourth_quintile,1995,24500.0,9100.0,12700.0,1600.0,1100.0
hh_with_children,fourth_quintile,1996,24900.0,9300.0,13000.0,1600.0,1000.0
hh_with_children,fourth_quintile,1997,25700.0,9800.0,13400.0,1700.0,900.0
hh_with_children,fourth_quintile,1998,26200.0,9600.0,14000.0,1600.0,1000.0
hh_with_children,fourth_quintile,1999,26900.0,9800.0,14300.0,1600.0,1100.0
hh_with_children,fourth_quintile,2000,27700.0,10300.0,14700.0,1600.0,1100.0
hh_with_children,fourth_quintile,2001,25800.0,8900.0,14800.0,1100.0,1000.0
hh_with_children,fourth_quintile,2002,24400.0,8200.0,14200.0,1000.0,1000.0
hh_with_children,fourth_quintile,2003,23000.0,6600.0,14200.0,1300.0,1000.0
hh_with_children,fourth_quintile,2004,23700.0,6800.0,14300.0,1600.0,1000.0
hh_with_children,fourth_quintile,2005,24600.0,7100.0,14500.0,2100.0,1000.0
hh_with_children,fourth_quintile,2006,25300.0,7300.0,14800.0,2300.0,900.0
hh_with_children,fourth_quintile,2007,25900.0,8000.0,15200.0,2000.0,800.0
hh_with_children,fourth_quintile,2008,23000.0,6000.0,15100.0,1200.0,800.0
hh_with_children,fourth_quintile,2009,21900.0,5700.0,14600.0,900.0,700.0
hh_with_children,fourth_quintile,2010,22900.0,6300.0,14600.0,1300.0,700.0
hh_with_children,fourth_quintile,2011,22200.0,7500.0,12700.0,1200.0,800.0
hh_with_children,fourth_quintile,2012,22900.0,7900.0,12900.0,1400.0,800.0
hh_with_children,fourth_quintile,2013,26000.0,8400.0,15100.0,1600.0,800.0
hh_with_children,fourth_quintile,2014,26600.0,8700.0,15300.0,1700.0,1000.0
hh_with_children,fourth_quintile,2015,27900.0,9300.0,15800.0,1700.0,1100.0
hh_with_children,highest_quintile,1979,44500.0,27200.0,9100.0,7100.0,1200.0
hh_with_children,highest_quintile,1980,43900.0,28000.0,9300.0,5700.0,1000.0
hh_with_children,highest_quintile,1981,43900.0,28200.0,10200.0,4600.0,900.0
hh_with_children,highest_quintile,1982,40300.0,25900.0,10900.0,2700.0,900.0
hh_with_children,highest_quintile,1983,42600.0,26100.0,11500.0,3800.0,1100.0
hh_with_children,highest_quintile,1984,46000.0,27400.0,12800.0,4500.0,1300.0
hh_with_children,highest_quintile,1985,45000.0,26600.0,13100.0,4000.0,1300.0
hh_with_children,highest_quintile,1986,52900.0,32800.0,13800.0,5000.0,1300.0
hh_with_children,highest_quintile,1987,54200.0,33000.0,14300.0,5500.0,1300.0
hh_with_children,highest_quintile,1988,55900.0,34300.0,14800.0,5500.0,1300.0
hh_with_children,highest_quintile,1989,56900.0,34800.0,15100.0,5700.0,1200.0
hh_with_children,highest_quintile,1990,53800.0,32100.0,15600.0,4900.0,1300.0
hh_with_children,highest_quintile,1991,54700.0,32000.0,16700.0,4600.0,1400.0
hh_with_children,highest_quintile,1992,56500.0,33300.0,16600.0,5100.0,1400.0
hh_with_children,highest_quintile,1993,60500.0,35800.0,17000.0,6200.0,1400.0
hh_with_children,highest_quintile,1994,62600.0,36500.0,18000.0,6500.0,1500.0
hh_with_children,highest_quintile,1995,69000.0,41300.0,18400.0,7700.0,1600.0
hh_with_children,highest_quintile,1996,73700.0,45300.0,18800.0,8200.0,1400.0
hh_with_children,highest_quintile,1997,78600.0,48900.0,19500.0,8900.0,1400.0
hh_with_children,highest_quintile,1998,84400.0,53600.0,20600.0,8700.0,1500.0
hh_with_children,highest_quintile,1999,92500.0,59900.0,21400.0,9400.0,1800.0
hh_with_children,highest_quintile,2000,99100.0,65400.0,22100.0,9800.0,1700.0
hh_with_children,highest_quintile,2001,86200.0,55500.0,22400.0,6800.0,1600.0
hh_with_children,highest_quintile,2002,78600.0,49600.0,21700.0,5800.0,1400.0
hh_with_children,highest_quintile,2003,77900.0,46000.0,21800.0,8700.0,1400.0
hh_with_children,highest_quintile,2004,84800.0,50100.0,22200.0,11000.0,1500.0
hh_with_children,highest_quintile,2005,93400.0,55100.0,22300.0,14600.0,1400.0
hh_with_children,highest_quintile,2006,103100.0,61200.0,23000.0,17600.0,1300.0
hh_with_children,highest_quintile,2007,108000.0,67200.0,23700.0,15900.0,1200.0
hh_with_children,highest_quintile,2008,91100.0,56900.0,23600.0,9300.0,1200.0
hh_with_children,highest_quintile,2009,80300.0,48900.0,23700.0,6600.0,1100.0
hh_with_children,highest_quintile,2010,90800.0,54900.0,23700.0,11100.0,1100.0
hh_with_children,highest_quintile,2011,86700.0,54700.0,20900.0,9900.0,1200.0
hh_with_children,highest_quintile,2012,98200.0,63300.0,21400.0,12200.0,1300.0
hh_with_children,highest_quintile,2013,105200.0,65800.0,25300.0,12800.0,1300.0
hh_with_children,highest_quintile,2014,114000.0,72200.0,25700.0,14600.0,1500.0
hh_with_children,highest_quintile,2015,120800.0,78100.0,26800.0,14400.0,1500.0
hh_with_children,percentiles_81_90,1979,28700.0,15600.0,9300.0,2800.0,1000.0
hh_with_children,percentiles_81_90,1980,29100.0,16600.0,9500.0,2200.0,800.0
hh_with_children,percentiles_81_90,1981,30000.0,17100.0,10400.0,1700.0,700.0
hh_with_children,percentiles_81_90,1982,28100.0,15600.0,10700.0,1000.0,800.0
hh_with_children,percentiles_81_90,1983,27800.0,14400.0,11100.0,1400.0,900.0
hh_with_children,percentiles_81_90,1984,29600.0,14600.0,12400.0,1600.0,1000.0
hh_with_children,percentiles_81_90,1985,29800.0,14800.0,12600.0,1400.0,1000.0
hh_with_children,percentiles_81_90,1986,31400.0,15400.0,13500.0,1500.0,1000.0
hh_with_children,percentiles_81_90,1987,31900.0,15200.0,13600.0,2000.0,1000.0
hh_with_children,percentiles_81_90,1988,32300.0,15200.0,14100.0,2000.0,1000.0
hh_with_children,percentiles_81_90,1989,32900.0,15500.0,14300.0,2000.0,1000.0
hh_with_children,percentiles_81_90,1990,33200.0,15500.0,14800.0,1900.0,1000.0
hh_with_children,percentiles_81_90,1991,33200.0,15200.0,15200.0,1700.0,1100.0
hh_with_children,percentiles_81_90,1992,33000.0,14900.0,15200.0,1800.0,1100.0
hh_with_children,percentiles_81_90,1993,33300.0,15000.0,15000.0,2100.0,1100.0
hh_with_children,percentiles_81_90,1994,34400.0,15300.0,15600.0,2200.0,1200.0
hh_with_children,percentiles_81_90,1995,35800.0,16100.0,16100.0,2400.0,1300.0
hh_with_children,percentiles_81_90,1996,36600.0,16700.0,16200.0,2600.0,1200.0
hh_with_children,percentiles_81_90,1997,38500.0,17700.0,17000.0,2700.0,1100.0
hh_with_children,percentiles_81_90,1998,39600.0,18200.0,17700.0,2500.0,1200.0
hh_with_children,percentiles_81_90,1999,41500.0,19200.0,18300.0,2500.0,1400.0
hh_with_children,percentiles_81_90,2000,42900.0,20200.0,18700.0,2600.0,1400.0
hh_with_children,percentiles_81_90,2001,40700.0,18400.0,19400.0,1700.0,1300.0
hh_with_children,percentiles_81_90,2002,38100.0,16900.0,18600.0,1500.0,1200.0
hh_with_children,percentiles_81_90,2003,36500.0,14700.0,18600.0,2100.0,1100.0
hh_with_children,percentiles_81_90,2004,38100.0,15400.0,18900.0,2600.0,1200.0
hh_with_children,percentiles_81_90,2005,39500.0,15900.0,19000.0,3400.0,1100.0
hh_with_children,percentiles_81_90,2006,40800.0,16600.0,19400.0,3800.0,1000.0
hh_with_children,percentiles_81_90,2007,41600.0,17500.0,19800.0,3300.0,1000.0
hh_with_children,percentiles_81_90,2008,38200.0,15500.0,19900.0,1900.0,900.0
hh_with_children,percentiles_81_90,2009,37300.0,15100.0,19800.0,1500.0,900.0
hh_with_children,percentiles_81_90,2010,38500.0,15900.0,19700.0,2000.0,900.0
hh_with_children,percentiles_81_90,2011,37500.0,17300.0,17200.0,2100.0,900.0
hh_with_children,percentiles_81_90,2012,38700.0,18000.0,17400.0,2200.0,1000.0
hh_with_children,percentiles_81_90,2013,43400.0,19100.0,20400.0,2800.0,1000.0
hh_with_children,percentiles_81_90,2014,44800.0,19800.0,20800.0,2900.0,1200.0
hh_with_children,percentiles_81_90,2015,46900.0,21300.0,21400.0,2900.0,1300.0
hh_with_children,percentiles_91_95,1979,37600.0,22400.0,9500.0,4500.0,1100.0
hh_with_children,percentiles_91_95,1980,37600.0,23400.0,9600.0,3700.0,1000.0
hh_with_children,percentiles_91_95,1981,37900.0,23700.0,10600.0,2800.0,900.0
hh_with_children,percentiles_91_95,1982,35100.0,21400.0,11200.0,1600.0,900.0
hh_with_children,percentiles_91_95,1983,35100.0,20000.0,11800.0,2200.0,1000.0
hh_with_children,percentiles_91_95,1984,37400.0,20300.0,13300.0,2600.0,1200.0
hh_with_children,percentiles_91_95,1985,37600.0,20700.0,13500.0,2300.0,1200.0
hh_with_children,percentiles_91_95,1986,39600.0,21900.0,14100.0,2400.0,1200.0
hh_with_children,percentiles_91_95,1987,42800.0,23300.0,15100.0,3100.0,1300.0
hh_with_children,percentiles_91_95,1988,42900.0,23200.0,15400.0,3000.0,1300.0
hh_with_children,percentiles_91_95,1989,43800.0,23800.0,15700.0,3100.0,1200.0
hh_with_children,percentiles_91_95,1990,43500.0,23000.0,16300.0,3000.0,1200.0
hh_with_children,percentiles_91_95,1991,43700.0,22700.0,17000.0,2700.0,1300.0
hh_with_children,percentiles_91_95,1992,44200.0,22900.0,17100.0,2900.0,1400.0
hh_with_children,percentiles_91_95,1993,45300.0,23100.0,17400.0,3400.0,1400.0
hh_with_children,percentiles_91_95,1994,47000.0,24100.0,17700.0,3700.0,1600.0
hh_with_children,percentiles_91_95,1995,49200.0,25300.0,18600.0,3900.0,1500.0
hh_with_children,percentiles_91_95,1996,51400.0,27000.0,19000.0,4100.0,1400.0
hh_with_children,percentiles_91_95,1997,53100.0,28300.0,18900.0,4400.0,1400.0
hh_with_children,percentiles_91_95,1998,56800.0,31000.0,20400.0,4100.0,1400.0
hh_with_children,percentiles_91_95,1999,59600.0,32900.0,20900.0,4200.0,1700.0
hh_with_children,percentiles_91_95,2000,61600.0,34200.0,21500.0,4300.0,1600.0
hh_with_children,percentiles_91_95,2001,58300.0,31800.0,22100.0,2800.0,1500.0
hh_with_children,percentiles_91_95,2002,54600.0,29100.0,21700.0,2500.0,1400.0
hh_with_children,percentiles_91_95,2003,52200.0,26000.0,21600.0,3400.0,1300.0
hh_with_children,percentiles_91_95,2004,54700.0,27200.0,22100.0,4200.0,1300.0
hh_with_children,percentiles_91_95,2005,57900.0,29200.0,22000.0,5500.0,1300.0
hh_with_children,percentiles_91_95,2006,60800.0,30700.0,22600.0,6300.0,1200.0
hh_with_children,percentiles_91_95,2007,62600.0,32800.0,23300.0,5400.0,1100.0
hh_with_children,percentiles_91_95,2008,58100.0,30600.0,23400.0,3100.0,1100.0
hh_with_children,percentiles_91_95,2009,55300.0,28100.0,23700.0,2500.0,1000.0
hh_with_children,percentiles_91_95,2010,57400.0,29600.0,23500.0,3200.0,1000.0
hh_with_children,percentiles_91_95,2011,55800.0,31000.0,20400.0,3300.0,1100.0
hh_with_children,percentiles_91_95,2012,59100.0,33300.0,21000.0,3700.0,1200.0
hh_with_children,percentiles_91_95,2013,64800.0,34400.0,24800.0,4400.0,1200.0
hh_with_children,percentiles_91_95,2014,68100.0,36600.0,25100.0,5000.0,1400.0
hh_with_children,percentiles_91_95,2015,70600.0,38700.0,25800.0,4700.0,1400.0
hh_with_children,percentiles_96_99,1979,60700.0,40900.0,8500.0,9900.0,1500.0
hh_with_children,percentiles_96_99,1980,59600.0,41500.0,9000.0,7800.0,1300.0
hh_with_children,percentiles_96_99,1981,58400.0,41500.0,9800.0,6100.0,1100.0
hh_with_children,percentiles_96_99,1982,53800.0,38400.0,11100.0,3200.0,1100.0
hh_with_children,percentiles_96_99,1983,53300.0,35400.0,12000.0,4500.0,1300.0
hh_with_children,percentiles_96_99,1984,56300.0,36400.0,13300.0,5000.0,1500.0
hh_with_children,percentiles_96_99,1985,56000.0,36000.0,13700.0,4800.0,1500.0
hh_with_children,percentiles_96_99,1986,63700.0,43000.0,14100.0,5100.0,1500.0
hh_with_children,percentiles_96_99,1987,67300.0,44200.0,14600.0,7000.0,1500.0
hh_with_children,percentiles_96_99,1988,69800.0,46000.0,15600.0,6600.0,1500.0
hh_with_children,percentiles_96_99,1989,69300.0,45700.0,16100.0,6200.0,1400.0
hh_with_children,percentiles_96_99,1990,69300.0,45400.0,16400.0,5900.0,1600.0
hh_with_children,percentiles_96_99,1991,71300.0,44700.0,19100.0,5700.0,1700.0
hh_with_children,percentiles_96_99,1992,73300.0,46400.0,19200.0,6000.0,1700.0
hh_with_children,percentiles_96_99,1993,77600.0,48400.0,20500.0,6900.0,1800.0
hh_with_children,percentiles_96_99,1994,80400.0,49900.0,21600.0,7100.0,1800.0
hh_with_children,percentiles_96_99,1995,84800.0,54100.0,20700.0,8200.0,1800.0
hh_with_children,percentiles_96_99,1996,91600.0,59900.0,21500.0,8700.0,1600.0
hh_with_children,percentiles_96_99,1997,98700.0,65300.0,22400.0,9200.0,1700.0
hh_with_children,percentiles_96_99,1998,105200.0,71300.0,23600.0,8700.0,1700.0
hh_with_children,percentiles_96_99,1999,113300.0,77300.0,24600.0,9200.0,2200.0
hh_with_children,percentiles_96_99,2000,115700.0,79600.0,25200.0,8900.0,2000.0
hh_with_children,percentiles_96_99,2001,104300.0,71600.0,24900.0,6000.0,1800.0
hh_with_children,percentiles_96_99,2002,97600.0,65700.0,24900.0,5400.0,1600.0
hh_with_children,percentiles_96_99,2003,96200.0,61500.0,25300.0,7800.0,1600.0
hh_with_children,percentiles_96_99,2004,103400.0,66700.0,25700.0,9400.0,1700.0
hh_with_children,percentiles_96_99,2005,114900.0,74500.0,25900.0,12900.0,1600.0
hh_with_children,percentiles_96_99,2006,119300.0,77100.0,26600.0,14100.0,1500.0
hh_with_children,percentiles_96_99,2007,122600.0,82100.0,27100.0,12000.0,1300.0
hh_with_children,percentiles_96_99,2008,109600.0,74500.0,27100.0,6700.0,1300.0
hh_with_children,percentiles_96_99,2009,101200.0,66900.0,28000.0,5100.0,1200.0
hh_with_children,percentiles_96_99,2010,106700.0,70700.0,27700.0,7100.0,1300.0
hh_with_children,percentiles_96_99,2011,107300.0,74300.0,24700.0,7000.0,1300.0
hh_with_children,percentiles_96_99,2012,114700.0,80300.0,25000.0,8000.0,1400.0
hh_with_children,percentiles_96_99,2013,123500.0,82400.0,29700.0,10000.0,1400.0
hh_with_children,percentiles_96_99,2014,131800.0,88700.0,30500.0,11000.0,1600.0
hh_with_children,percentiles_96_99,2015,135900.0,93000.0,31200.0,10000.0,1700.0
hh_with_children,top_1_percent,1979,203200.0,134700.0,6400.0,59500.0,2600.0
hh_with_children,top_1_percent,1980,183400.0,128300.0,6700.0,46100.0,2400.0
hh_with_children,top_1_percent,1981,175700.0,126500.0,7800.0,39100.0,2300.0
hh_with_children,top_1_percent,1982,157300.0,119200.0,11100.0,24900.0,2100.0
hh_with_children,top_1_percent,1983,201100.0,149900.0,12200.0,35800.0,3300.0
hh_with_children,top_1_percent,1984,216200.0,158400.0,13500.0,40200.0,4000.0
hh_with_children,top_1_percent,1985,204300.0,149200.0,13500.0,37100.0,4600.0
hh_with_children,top_1_percent,1986,325000.0,247200.0,13800.0,59500.0,4500.0
hh_with_children,top_1_percent,1987,284100.0,217500.0,16300.0,46600.0,3800.0
hh_with_children,top_1_percent,1988,323800.0,251500.0,16300.0,52400.0,3700.0
hh_with_children,top_1_percent,1989,304000.0,233100.0,17000.0,50900.0,3000.0
hh_with_children,top_1_percent,1990,255800.0,195100.0,17500.0,40300.0,3000.0
hh_with_children,top_1_percent,1991,274300.0,208000.0,22000.0,40700.0,3600.0
hh_with_children,top_1_percent,1992,310400.0,237400.0,19900.0,49300.0,3800.0
hh_with_children,top_1_percent,1993,362000.0,273700.0,23100.0,61400.0,3800.0
hh_with_children,top_1_percent,1994,364500.0,266400.0,32000.0,62400.0,3700.0
hh_with_children,top_1_percent,1995,437500.0,323500.0,31900.0,78400.0,3600.0
hh_with_children,top_1_percent,1996,475100.0,357900.0,33500.0,80400.0,3200.0
hh_with_children,top_1_percent,1997,510500.0,384200.0,35000.0,87800.0,3500.0
hh_with_children,top_1_percent,1998,567600.0,434700.0,38600.0,90900.0,3400.0
hh_with_children,top_1_percent,1999,701400.0,547200.0,44000.0,106100.0,4100.0
hh_with_children,top_1_percent,2000,779400.0,614500.0,48000.0,112900.0,3900.0
hh_with_children,top_1_percent,2001,600500.0,474200.0,43700.0,78500.0,4100.0
hh_with_children,top_1_percent,2002,525700.0,414500.0,41600.0,66300.0,3300.0
hh_with_children,top_1_percent,2003,524400.0,381200.0,41000.0,99000.0,3200.0
hh_with_children,top_1_percent,2004,603200.0,428100.0,42000.0,129500.0,3600.0
hh_with_children,top_1_percent,2005,710500.0,488900.0,43000.0,174600.0,4100.0
hh_with_children,top_1_percent,2006,800600.0,545600.0,45700.0,205500.0,3700.0
hh_with_children,top_1_percent,2007,826600.0,593300.0,47900.0,182500.0,3000.0
hh_with_children,top_1_percent,2008,649700.0,486400.0,46700.0,113100.0,3600.0
hh_with_children,top_1_percent,2009,483200.0,365300.0,43300.0,72100.0,2400.0
hh_with_children,top_1_percent,2010,629000.0,445700.0,45000.0,135000.0,3300.0
hh_with_children,top_1_percent,2011,582300.0,419000.0,42200.0,118100.0,3000.0
hh_with_children,top_1_percent,2012,697200.0,504600.0,44200.0,144800.0,3600.0
hh_with_children,top_1_percent,2013,713100.0,519600.0,52800.0,137600.0,3200.0
hh_with_children,top_1_percent,2014,805300.0,589200.0,52700.0,159800.0,3600.0
hh_with_children,top_1_percent,2015,853900.0,632700.0,58500.0,159600.0,3100.0
elderly_headed_hh,all_quintiles,1979,8700.0,3900.0,900.0,3400.0,500.0
elderly_headed_hh,all_quintiles,1980,8200.0,4200.0,900.0,2700.0,400.0
elderly_headed_hh,all_quintiles,1981,8100.0,4600.0,1000.0,2200.0,400.0
elderly_headed_hh,all_quintiles,1982,7300.0,4600.0,1000.0,1400.0,400.0
elderly_headed_hh,all_quintiles,1983,7500.0,4200.0,1000.0,1800.0,500.0
elderly_headed_hh,all_quintiles,1984,8500.0,4800.0,1100.0,2200.0,500.0
elderly_headed_hh,all_quintiles,1985,8700.0,5000.0,1100.0,2000.0,500.0
elderly_headed_hh,all_quintiles,1986,9200.0,5300.0,1200.0,2100.0,600.0
elderly_headed_hh,all_quintiles,1987,8800.0,4500.0,1100.0,2700.0,500.0
elderly_headed_hh,all_quintiles,1988,9400.0,4900.0,1200.0,2700.0,500.0
elderly_headed_hh,all_quintiles,1989,9200.0,4900.0,1200.0,2700.0,500.0
elderly_headed_hh,all_quintiles,1990,8900.0,4700.0,1200.0,2400.0,500.0
elderly_headed_hh,all_quintiles,1991,8000.0,4100.0,1100.0,2100.0,600.0
elderly_headed_hh,all_quintiles,1992,8600.0,4300.0,1200.0,2500.0,600.0
elderly_headed_hh,all_quintiles,1993,8900.0,4300.0,1200.0,2800.0,600.0
elderly_headed_hh,all_quintiles,1994,9300.0,4500.0,1200.0,3000.0,600.0
elderly_headed_hh,all_quintiles,1995,10300.0,5000.0,1300.0,3300.0,700.0
elderly_headed_hh,all_quintiles,1996,12000.0,6200.0,1400.0,3800.0,600.0
elderly_headed_hh,all_quintiles,1997,12600.0,6700.0,1400.0,3800.0,700.0
elderly_headed_hh,all_quintiles,1998,13100.0,7300.0,1500.0,3600.0,700.0
elderly_headed_hh,all_quintiles,1999,14000.0,7900.0,1600.0,3600.0,800.0
elderly_headed_hh,all_quintiles,2000,13600.0,8000.0,1600.0,3300.0,700.0
elderly_headed_hh,all_quintiles,2001,11300.0,6600.0,1700.0,2400.0,700.0
elderly_headed_hh,all_quintiles,2002,10300.0,5900.0,1500.0,2200.0,700.0
elderly_headed_hh,all_quintiles,2003,10400.0,5300.0,1600.0,2800.0,600.0
elderly_headed_hh,all_quintiles,2004,12000.0,6000.0,1700.0,3600.0,700.0
elderly_headed_hh,all_quintiles,2005,13900.0,6800.0,1800.0,4600.0,700.0
elderly_headed_hh,all_quintiles,2006,14800.0,7300.0,1900.0,5000.0,600.0
elderly_headed_hh,all_quintiles,2007,15800.0,8600.0,2000.0,4600.0,600.0
elderly_headed_hh,all_quintiles,2008,11400.0,6300.0,2000.0,2600.0,500.0
elderly_headed_hh,all_quintiles,2009,10200.0,5700.0,2000.0,2000.0,500.0
elderly_headed_hh,all_quintiles,2010,11600.0,6400.0,2100.0,2600.0,500.0
elderly_headed_hh,all_quintiles,2011,11900.0,6900.0,1800.0,2600.0,500.0
elderly_headed_hh,all_quintiles,2012,13600.0,7900.0,2000.0,3200.0,600.0
elderly_headed_hh,all_quintiles,2013,14200.0,7900.0,2300.0,3300.0,600.0
elderly_headed_hh,all_quintiles,2014,15400.0,8800.0,2400.0,3700.0,600.0
elderly_headed_hh,all_quintiles,2015,15800.0,9200.0,2500.0,3400.0,600.0
elderly_headed_hh,lowest_quintile,1979,400.0,,100.0,200.0,200.0
elderly_headed_hh,lowest_quintile,1980,300.0,,100.0,100.0,100.0
elderly_headed_hh,lowest_quintile,1981,300.0,,100.0,100.0,100.0
elderly_headed_hh,lowest_quintile,1982,200.0,,100.0,,100.0
elderly_headed_hh,lowest_quintile,1983,300.0,,100.0,100.0,100.0
elderly_headed_hh,lowest_quintile,1984,300.0,,100.0,100.0,200.0
elderly_headed_hh,lowest_quintile,1985,300.0,,100.0,100.0,200.0
elderly_headed_hh,lowest_quintile,1986,300.0,,100.0,100.0,200.0
elderly_headed_hh,lowest_quintile,1987,400.0,,100.0,100.0,200.0
elderly_headed_hh,lowest_quintile,1988,400.0,,100.0,100.0,200.0
elderly_headed_hh,lowest_quintile,1989,400.0,,100.0,100.0,200.0
elderly_headed_hh,lowest_quintile,1990,500.0,100.0,100.0,100.0,200.0
elderly_headed_hh,lowest_quintile,1991,400.0,,100.0,100.0,200.0
elderly_headed_hh,lowest_quintile,1992,500.0,,100.0,100.0,200.0
elderly_headed_hh,lowest_quintile,1993,500.0,,100.0,100.0,200.0
elderly_headed_hh,lowest_quintile,1994,500.0,,100.0,100.0,200.0
elderly_headed_hh,lowest_quintile,1995,600.0,,100.0,200.0,200.0
elderly_headed_hh,lowest_quintile,1996,500.0,,100.0,100.0,200.0
elderly_headed_hh,lowest_quintile,1997,500.0,,100.0,100.0,200.0
elderly_headed_hh,lowest_quintile,1998,600.0,,200.0,100.0,300.0
elderly_headed_hh,lowest_quintile,1999,600.0,,100.0,100.0,300.0
elderly_headed_hh,lowest_quintile,2000,600.0,,200.0,100.0,300.0
elderly_headed_hh,lowest_quintile,2001,600.0,,200.0,100.0,300.0
elderly_headed_hh,lowest_quintile,2002,600.0,100.0,200.0,100.0,300.0
elderly_headed_hh,lowest_quintile,2003,700.0,100.0,200.0,100.0,300.0
elderly_headed_hh,lowest_quintile,2004,500.0,,100.0,100.0,300.0
elderly_headed_hh,lowest_quintile,2005,600.0,,100.0,100.0,300.0
elderly_headed_hh,lowest_quintile,2006,600.0,,200.0,200.0,300.0
elderly_headed_hh,lowest_quintile,2007,600.0,100.0,200.0,100.0,200.0
elderly_headed_hh,lowest_quintile,2008,200.0,-300.0,200.0,100.0,200.0
elderly_headed_hh,lowest_quintile,2009,600.0,,200.0,100.0,200.0
elderly_headed_hh,lowest_quintile,2010,700.0,,200.0,100.0,300.0
elderly_headed_hh,lowest_quintile,2011,600.0,100.0,200.0,100.0,300.0
elderly_headed_hh,lowest_quintile,2012,600.0,,200.0,100.0,300.0
elderly_headed_hh,lowest_quintile,2013,700.0,,200.0,200.0,300.0
elderly_headed_hh,lowest_quintile,2014,700.0,,200.0,100.0,300.0
elderly_headed_hh,lowest_quintile,2015,600.0,,200.0,100.0,300.0
elderly_headed_hh,second_quintile,1979,1400.0,100.0,300.0,600.0,300.0
elderly_headed_hh,second_quintile,1980,1000.0,100.0,300.0,400.0,200.0
elderly_headed_hh,second_quintile,1981,800.0,100.0,200.0,200.0,200.0
elderly_headed_hh,second_quintile,1982,600.0,100.0,200.0,100.0,200.0
elderly_headed_hh,second_quintile,1983,600.0,100.0,200.0,200.0,200.0
elderly_headed_hh,second_quintile,1984,800.0,100.0,200.0,200.0,300.0
elderly_headed_hh,second_quintile,1985,700.0,100.0,200.0,200.0,300.0
elderly_headed_hh,second_quintile,1986,800.0,100.0,200.0,200.0,300.0
elderly_headed_hh,second_quintile,1987,800.0,100.0,200.0,200.0,300.0
elderly_headed_hh,second_quintile,1988,900.0,100.0,200.0,300.0,300.0
elderly_headed_hh,second_quintile,1989,900.0,100.0,300.0,200.0,300.0
elderly_headed_hh,second_quintile,1990,900.0,100.0,300.0,200.0,300.0
elderly_headed_hh,second_quintile,1991,800.0,100.0,200.0,200.0,300.0
elderly_headed_hh,second_quintile,1992,900.0,100.0,200.0,200.0,300.0
elderly_headed_hh,second_quintile,1993,900.0,100.0,200.0,300.0,300.0
elderly_headed_hh,second_quintile,1994,900.0,100.0,200.0,300.0,400.0
elderly_headed_hh,second_quintile,1995,1000.0,100.0,200.0,300.0,400.0
elderly_headed_hh,second_quintile,1996,1000.0,100.0,300.0,300.0,300.0
elderly_headed_hh,second_quintile,1997,900.0,100.0,300.0,200.0,300.0
elderly_headed_hh,second_quintile,1998,1200.0,200.0,300.0,300.0,400.0
elderly_headed_hh,second_quintile,1999,1300.0,200.0,400.0,300.0,500.0
elderly_headed_hh,second_quintile,2000,1400.0,200.0,400.0,300.0,400.0
elderly_headed_hh,second_quintile,2001,1100.0,100.0,400.0,200.0,400.0
elderly_headed_hh,second_quintile,2002,1100.0,100.0,400.0,200.0,400.0
elderly_headed_hh,second_quintile,2003,1000.0,100.0,300.0,200.0,400.0
elderly_headed_hh,second_quintile,2004,1100.0,100.0,400.0,300.0,400.0
elderly_headed_hh,second_quintile,2005,1200.0,100.0,400.0,300.0,400.0
elderly_headed_hh,second_quintile,2006,1200.0,100.0,300.0,300.0,300.0
elderly_headed_hh,second_quintile,2007,1300.0,200.0,500.0,300.0,300.0
elderly_headed_hh,second_quintile,2008,600.0,-300.0,400.0,200.0,300.0
elderly_headed_hh,second_quintile,2009,900.0,100.0,400.0,200.0,300.0
elderly_headed_hh,second_quintile,2010,1000.0,100.0,400.0,200.0,300.0
elderly_headed_hh,second_quintile,2011,1000.0,200.0,300.0,200.0,300.0
elderly_headed_hh,second_quintile,2012,1000.0,200.0,300.0,200.0,300.0
elderly_headed_hh,second_quintile,2013,1200.0,200.0,400.0,200.0,400.0
elderly_headed_hh,second_quintile,2014,1200.0,200.0,400.0,200.0,300.0
elderly_headed_hh,second_quintile,2015,1300.0,200.0,500.0,200.0,400.0
elderly_headed_hh,middle_quintile,1979,3800.0,800.0,1000.0,1600.0,400.0
elderly_headed_hh,middle_quintile,1980,3300.0,800.0,800.0,1300.0,300.0
elderly_headed_hh,middle_quintile,1981,2800.0,800.0,800.0,900.0,300.0
elderly_headed_hh,middle_quintile,1982,2200.0,700.0,700.0,500.0,300.0
elderly_headed_hh,middle_quintile,1983,2200.0,600.0,700.0,600.0,400.0
elderly_headed_hh,middle_quintile,1984,2600.0,600.0,800.0,800.0,400.0
elderly_headed_hh,middle_quintile,1985,2500.0,600.0,700.0,700.0,400.0
elderly_headed_hh,middle_quintile,1986,2700.0,700.0,800.0,800.0,500.0
elderly_headed_hh,middle_quintile,1987,2900.0,600.0,800.0,1000.0,500.0
elderly_headed_hh,middle_quintile,1988,3200.0,800.0,900.0,1000.0,500.0
elderly_headed_hh,middle_quintile,1989,3000.0,800.0,800.0,1000.0,400.0
elderly_headed_hh,middle_quintile,1990,3000.0,800.0,900.0,900.0,400.0
elderly_headed_hh,middle_quintile,1991,2800.0,700.0,800.0,800.0,500.0
elderly_headed_hh,middle_quintile,1992,2500.0,600.0,700.0,800.0,500.0
elderly_headed_hh,middle_quintile,1993,2600.0,500.0,700.0,900.0,500.0
elderly_headed_hh,middle_quintile,1994,2800.0,600.0,700.0,1000.0,600.0
elderly_headed_hh,middle_quintile,1995,3100.0,700.0,800.0,1000.0,600.0
elderly_headed_hh,middle_quintile,1996,2900.0,600.0,700.0,1000.0,500.0
elderly_headed_hh,middle_quintile,1997,3000.0,700.0,800.0,900.0,500.0
elderly_headed_hh,middle_quintile,1998,3200.0,900.0,900.0,900.0,600.0
elderly_headed_hh,middle_quintile,1999,3800.0,1000.0,1100.0,1000.0,700.0
elderly_headed_hh,middle_quintile,2000,3600.0,1100.0,1000.0,900.0,600.0
elderly_headed_hh,middle_quintile,2001,3200.0,900.0,1000.0,700.0,600.0
elderly_headed_hh,middle_quintile,2002,2700.0,700.0,900.0,500.0,600.0
elderly_headed_hh,middle_quintile,2003,2700.0,600.0,900.0,600.0,600.0
elderly_headed_hh,middle_quintile,2004,2900.0,700.0,900.0,700.0,500.0
elderly_headed_hh,middle_quintile,2005,3300.0,800.0,1000.0,900.0,600.0
elderly_headed_hh,middle_quintile,2006,3200.0,800.0,1000.0,1000.0,500.0
elderly_headed_hh,middle_quintile,2007,3400.0,1000.0,1100.0,900.0,500.0
elderly_headed_hh,middle_quintile,2008,2200.0,200.0,1000.0,500.0,500.0
elderly_headed_hh,middle_quintile,2009,2400.0,600.0,1000.0,400.0,400.0
elderly_headed_hh,middle_quintile,2010,2500.0,600.0,1000.0,500.0,400.0
elderly_headed_hh,middle_quintile,2011,2500.0,800.0,800.0,400.0,500.0
elderly_headed_hh,middle_quintile,2012,2600.0,800.0,900.0,400.0,500.0
elderly_headed_hh,middle_quintile,2013,3000.0,900.0,1100.0,500.0,500.0
elderly_headed_hh,middle_quintile,2014,3200.0,900.0,1200.0,600.0,500.0
elderly_headed_hh,middle_quintile,2015,3500.0,1100.0,1300.0,600.0,600.0
elderly_headed_hh,fourth_quintile,1979,7700.0,2400.0,1600.0,3100.0,600.0
elderly_headed_hh,fourth_quintile,1980,6600.0,2400.0,1400.0,2300.0,500.0
elderly_headed_hh,fourth_quintile,1981,5900.0,2400.0,1300.0,1800.0,400.0
elderly_headed_hh,fourth_quintile,1982,4900.0,2200.0,1300.0,1000.0,400.0
elderly_headed_hh,fourth_quintile,1983,5100.0,2000.0,1200.0,1300.0,600.0
elderly_headed_hh,fourth_quintile,1984,5900.0,2300.0,1400.0,1700.0,600.0
elderly_headed_hh,fourth_quintile,1985,5600.0,2200.0,1300.0,1400.0,600.0
elderly_headed_hh,fourth_quintile,1986,5800.0,2200.0,1400.0,1500.0,600.0
elderly_headed_hh,fourth_quintile,1987,6600.0,2400.0,1500.0,2100.0,600.0
elderly_headed_hh,fourth_quintile,1988,6700.0,2600.0,1500.0,2000.0,600.0
elderly_headed_hh,fourth_quintile,1989,6800.0,2700.0,1500.0,2000.0,600.0
elderly_headed_hh,fourth_quintile,1990,6500.0,2600.0,1400.0,1800.0,600.0
elderly_headed_hh,fourth_quintile,1991,5900.0,2400.0,1300.0,1600.0,700.0
elderly_headed_hh,fourth_quintile,1992,6100.0,2300.0,1400.0,1700.0,700.0
elderly_headed_hh,fourth_quintile,1993,5900.0,2100.0,1300.0,1800.0,700.0
elderly_headed_hh,fourth_quintile,1994,6400.0,2300.0,1400.0,1900.0,800.0
elderly_headed_hh,fourth_quintile,1995,6700.0,2400.0,1500.0,2100.0,700.0
elderly_headed_hh,fourth_quintile,1996,6800.0,2500.0,1400.0,2200.0,700.0
elderly_headed_hh,fourth_quintile,1997,6800.0,2600.0,1400.0,2100.0,700.0
elderly_headed_hh,fourth_quintile,1998,7400.0,3100.0,1600.0,2000.0,800.0
elderly_headed_hh,fourth_quintile,1999,8200.0,3600.0,1700.0,2000.0,900.0
elderly_headed_hh,fourth_quintile,2000,8300.0,3900.0,1800.0,1800.0,800.0
elderly_headed_hh,fourth_quintile,2001,7200.0,3300.0,1800.0,1400.0,800.0
elderly_headed_hh,fourth_quintile,2002,6200.0,2800.0,1500.0,1100.0,700.0
elderly_headed_hh,fourth_quintile,2003,6400.0,2600.0,1800.0,1300.0,700.0
elderly_headed_hh,fourth_quintile,2004,6900.0,2800.0,1900.0,1500.0,700.0
elderly_headed_hh,fourth_quintile,2005,7700.0,3000.0,1900.0,2000.0,800.0
elderly_headed_hh,fourth_quintile,2006,7900.0,3200.0,2000.0,2100.0,700.0
elderly_headed_hh,fourth_quintile,2007,7900.0,3500.0,2000.0,1700.0,700.0
elderly_headed_hh,fourth_quintile,2008,6100.0,2400.0,2100.0,1000.0,600.0
elderly_headed_hh,fourth_quintile,2009,5700.0,2500.0,1800.0,800.0,500.0
elderly_headed_hh,fourth_quintile,2010,6000.0,2700.0,1900.0,900.0,600.0
elderly_headed_hh,fourth_quintile,2011,6400.0,3200.0,1700.0,1000.0,600.0
elderly_headed_hh,fourth_quintile,2012,6500.0,3200.0,1700.0,900.0,600.0
elderly_headed_hh,fourth_quintile,2013,7200.0,3300.0,2100.0,1200.0,600.0
elderly_headed_hh,fourth_quintile,2014,7700.0,3600.0,2200.0,1200.0,700.0
elderly_headed_hh,fourth_quintile,2015,8000.0,3800.0,2300.0,1200.0,700.0
elderly_headed_hh,highest_quintile,1979,39800.0,20700.0,2800.0,15100.0,1200.0
elderly_headed_hh,highest_quintile,1980,34400.0,19900.0,2500.0,11100.0,900.0
elderly_headed_hh,highest_quintile,1981,30400.0,19000.0,2600.0,7900.0,800.0
elderly_headed_hh,highest_quintile,1982,26000.0,17900.0,2600.0,4600.0,800.0
elderly_headed_hh,highest_quintile,1983,25600.0,16100.0,2600.0,6000.0,900.0
elderly_headed_hh,highest_quintile,1984,30000.0,18900.0,2900.0,7300.0,900.0
elderly_headed_hh,highest_quintile,1985,30300.0,19500.0,2900.0,6800.0,1000.0
elderly_headed_hh,highest_quintile,1986,33300.0,21500.0,3100.0,7500.0,1200.0
elderly_headed_hh,highest_quintile,1987,35300.0,20500.0,3200.0,10400.0,1100.0
elderly_headed_hh,highest_quintile,1988,37700.0,22400.0,3400.0,10800.0,1200.0
elderly_headed_hh,highest_quintile,1989,35200.0,21000.0,3100.0,10100.0,1000.0
elderly_headed_hh,highest_quintile,1990,32400.0,19300.0,3200.0,8900.0,1000.0
elderly_headed_hh,highest_quintile,1991,29100.0,17100.0,3100.0,7800.0,1100.0
elderly_headed_hh,highest_quintile,1992,31400.0,17800.0,3500.0,9000.0,1100.0
elderly_headed_hh,highest_quintile,1993,32700.0,17800.0,3300.0,10500.0,1200.0
elderly_headed_hh,highest_quintile,1994,36200.0,19700.0,3600.0,11700.0,1200.0
elderly_headed_hh,highest_quintile,1995,37600.0,20700.0,3600.0,12100.0,1200.0
elderly_headed_hh,highest_quintile,1996,41900.0,24000.0,3800.0,13000.0,1200.0
elderly_headed_hh,highest_quintile,1997,43500.0,25600.0,3700.0,13000.0,1200.0
elderly_headed_hh,highest_quintile,1998,45500.0,27700.0,4000.0,12500.0,1300.0
elderly_headed_hh,highest_quintile,1999,51200.0,32000.0,4300.0,13300.0,1600.0
elderly_headed_hh,highest_quintile,2000,50100.0,32400.0,4200.0,12100.0,1300.0
elderly_headed_hh,highest_quintile,2001,42300.0,27600.0,4500.0,8900.0,1200.0
elderly_headed_hh,highest_quintile,2002,40000.0,25800.0,4300.0,8700.0,1200.0
elderly_headed_hh,highest_quintile,2003,41700.0,23600.0,5000.0,11900.0,1200.0
elderly_headed_hh,highest_quintile,2004,48400.0,26700.0,5000.0,15300.0,1400.0
elderly_headed_hh,highest_quintile,2005,53300.0,28600.0,5100.0,18200.0,1300.0
elderly_headed_hh,highest_quintile,2006,54100.0,29000.0,5000.0,18900.0,1200.0
elderly_headed_hh,highest_quintile,2007,54600.0,31900.0,5100.0,16400.0,1100.0
elderly_headed_hh,highest_quintile,2008,43200.0,26900.0,5600.0,9800.0,1000.0
elderly_headed_hh,highest_quintile,2009,35600.0,22000.0,5500.0,7300.0,900.0
elderly_headed_hh,highest_quintile,2010,39700.0,24000.0,5500.0,9300.0,900.0
elderly_headed_hh,highest_quintile,2011,42800.0,26700.0,5200.0,9900.0,1000.0
elderly_headed_hh,highest_quintile,2012,48200.0,29900.0,5400.0,11800.0,1100.0
elderly_headed_hh,highest_quintile,2013,47500.0,28500.0,6200.0,11700.0,1100.0
elderly_headed_hh,highest_quintile,2014,52600.0,32200.0,6300.0,13100.0,1100.0
elderly_headed_hh,highest_quintile,2015,54400.0,34000.0,6800.0,12400.0,1100.0
elderly_headed_hh,percentiles_81_90,1979,14100.0,5700.0,2500.0,5100.0,800.0
elderly_headed_hh,percentiles_81_90,1980,12400.0,5700.0,2200.0,4000.0,600.0
elderly_headed_hh,percentiles_81_90,1981,11200.0,5700.0,2100.0,2900.0,600.0
elderly_headed_hh,percentiles_81_90,1982,9600.0,5400.0,2100.0,1700.0,600.0
elderly_headed_hh,percentiles_81_90,1983,9800.0,4900.0,2000.0,2200.0,700.0
elderly_headed_hh,percentiles_81_90,1984,11300.0,5600.0,2200.0,2700.0,700.0
elderly_headed_hh,percentiles_81_90,1985,10700.0,5400.0,2100.0,2400.0,700.0
elderly_headed_hh,percentiles_81_90,1986,11200.0,5600.0,2200.0,2600.0,800.0
elderly_headed_hh,percentiles_81_90,1987,13000.0,6100.0,2400.0,3700.0,800.0
elderly_headed_hh,percentiles_81_90,1988,13700.0,6500.0,2600.0,3700.0,800.0
elderly_headed_hh,percentiles_81_90,1989,13300.0,6700.0,2300.0,3500.0,700.0
elderly_headed_hh,percentiles_81_90,1990,12500.0,6300.0,2200.0,3200.0,700.0
elderly_headed_hh,percentiles_81_90,1991,11500.0,5800.0,2000.0,2800.0,800.0
elderly_headed_hh,percentiles_81_90,1992,12400.0,5900.0,2600.0,3100.0,800.0
elderly_headed_hh,percentiles_81_90,1993,12000.0,5600.0,2200.0,3400.0,900.0
elderly_headed_hh,percentiles_81_90,1994,13500.0,6300.0,2400.0,3800.0,1000.0
elderly_headed_hh,percentiles_81_90,1995,14400.0,6900.0,2400.0,4100.0,900.0
elderly_headed_hh,percentiles_81_90,1996,14700.0,7200.0,2500.0,4100.0,900.0
elderly_headed_hh,percentiles_81_90,1997,14900.0,7500.0,2500.0,4100.0,900.0
elderly_headed_hh,percentiles_81_90,1998,16000.0,8500.0,2800.0,3700.0,1000.0
elderly_headed_hh,percentiles_81_90,1999,17300.0,9500.0,2800.0,3800.0,1100.0
elderly_headed_hh,percentiles_81_90,2000,17500.0,9900.0,2900.0,3700.0,1000.0
elderly_headed_hh,percentiles_81_90,2001,15300.0,8700.0,3200.0,2500.0,900.0
elderly_headed_hh,percentiles_81_90,2002,14000.0,7900.0,3000.0,2200.0,900.0
elderly_headed_hh,percentiles_81_90,2003,14000.0,7100.0,3400.0,2600.0,900.0
elderly_headed_hh,percentiles_81_90,2004,14800.0,7500.0,3300.0,3000.0,900.0
elderly_headed_hh,percentiles_81_90,2005,16300.0,8000.0,3500.0,3800.0,900.0
elderly_headed_hh,percentiles_81_90,2006,16700.0,8300.0,3300.0,4300.0,800.0
elderly_headed_hh,percentiles_81_90,2007,16000.0,8300.0,3400.0,3500.0,800.0
elderly_headed_hh,percentiles_81_90,2008,13100.0,6900.0,3500.0,2000.0,700.0
elderly_headed_hh,percentiles_81_90,2009,12200.0,6700.0,3400.0,1500.0,700.0
elderly_headed_hh,percentiles_81_90,2010,13300.0,7400.0,3400.0,1900.0,700.0
elderly_headed_hh,percentiles_81_90,2011,13900.0,8200.0,3100.0,1900.0,700.0
elderly_headed_hh,percentiles_81_90,2012,14600.0,8400.0,3300.0,2000.0,800.0
elderly_headed_hh,percentiles_81_90,2013,15600.0,8500.0,3800.0,2600.0,800.0
elderly_headed_hh,percentiles_81_90,2014,16400.0,8900.0,4000.0,2700.0,800.0
elderly_headed_hh,percentiles_81_90,2015,17300.0,9700.0,4400.0,2500.0,800.0
elderly_headed_hh,percentiles_91_95,1979,21200.0,9500.0,3300.0,7400.0,1000.0
elderly_headed_hh,percentiles_91_95,1980,19800.0,10000.0,2700.0,6300.0,800.0
elderly_headed_hh,percentiles_91_95,1981,18300.0,10300.0,2800.0,4400.0,700.0
elderly_headed_hh,percentiles_91_95,1982,15400.0,9500.0,2700.0,2600.0,700.0
elderly_headed_hh,percentiles_91_95,1983,15600.0,8700.0,2600.0,3400.0,800.0
elderly_headed_hh,percentiles_91_95,1984,19300.0,11100.0,2900.0,4300.0,900.0
elderly_headed_hh,percentiles_91_95,1985,18800.0,10900.0,3200.0,3800.0,800.0
elderly_headed_hh,percentiles_91_95,1986,19000.0,10700.0,3200.0,4200.0,900.0
elderly_headed_hh,percentiles_91_95,1987,21900.0,11800.0,3400.0,5800.0,1000.0
elderly_headed_hh,percentiles_91_95,1988,22300.0,11900.0,3700.0,5700.0,1000.0
elderly_headed_hh,percentiles_91_95,1989,22200.0,12200.0,3200.0,5800.0,900.0
elderly_headed_hh,percentiles_91_95,1990,21700.0,11800.0,3500.0,5400.0,900.0
elderly_headed_hh,percentiles_91_95,1991,20100.0,11100.0,3300.0,4700.0,1000.0
elderly_headed_hh,percentiles_91_95,1992,20700.0,11200.0,3200.0,5300.0,1000.0
elderly_headed_hh,percentiles_91_95,1993,21000.0,10400.0,3400.0,6200.0,1100.0
elderly_headed_hh,percentiles_91_95,1994,22900.0,11900.0,3300.0,6500.0,1200.0
elderly_headed_hh,percentiles_91_95,1995,24100.0,12400.0,3500.0,7100.0,1100.0
elderly_headed_hh,percentiles_91_95,1996,25800.0,13700.0,3700.0,7400.0,1000.0
elderly_headed_hh,percentiles_91_95,1997,26100.0,14400.0,3400.0,7300.0,1100.0
elderly_headed_hh,percentiles_91_95,1998,26900.0,15400.0,3900.0,6400.0,1200.0
elderly_headed_hh,percentiles_91_95,1999,29400.0,16900.0,4300.0,6900.0,1300.0
elderly_headed_hh,percentiles_91_95,2000,29000.0,17500.0,4100.0,6300.0,1200.0
elderly_headed_hh,percentiles_91_95,2001,25700.0,15700.0,4700.0,4300.0,1000.0
elderly_headed_hh,percentiles_91_95,2002,23200.0,14300.0,4100.0,3800.0,1000.0
elderly_headed_hh,percentiles_91_95,2003,23500.0,12700.0,4900.0,4900.0,1100.0
elderly_headed_hh,percentiles_91_95,2004,25400.0,13400.0,4900.0,6000.0,1200.0
elderly_headed_hh,percentiles_91_95,2005,27700.0,14000.0,5100.0,7500.0,1100.0
elderly_headed_hh,percentiles_91_95,2006,28800.0,14600.0,4900.0,8200.0,1000.0
elderly_headed_hh,percentiles_91_95,2007,28100.0,15600.0,4900.0,6500.0,1000.0
elderly_headed_hh,percentiles_91_95,2008,24000.0,13800.0,5600.0,3800.0,900.0
elderly_headed_hh,percentiles_91_95,2009,21500.0,12500.0,5300.0,2900.0,800.0
elderly_headed_hh,percentiles_91_95,2010,23600.0,13700.0,5400.0,3700.0,800.0
elderly_headed_hh,percentiles_91_95,2011,24800.0,15200.0,5100.0,3700.0,900.0
elderly_headed_hh,percentiles_91_95,2012,25900.0,15800.0,5200.0,4000.0,1000.0
elderly_headed_hh,percentiles_91_95,2013,27600.0,15600.0,6000.0,5100.0,1000.0
elderly_headed_hh,percentiles_91_95,2014,28600.0,16100.0,6100.0,5300.0,1000.0
elderly_headed_hh,percentiles_91_95,2015,30000.0,17300.0,6600.0,5100.0,1000.0
elderly_headed_hh,percentiles_96_99,1979,40800.0,20800.0,3200.0,15500.0,1300.0
elderly_headed_hh,percentiles_96_99,1980,37700.0,21700.0,3000.0,12000.0,1100.0
elderly_headed_hh,percentiles_96_99,1981,35900.0,22900.0,3100.0,9100.0,900.0
elderly_headed_hh,percentiles_96_99,1982,30700.0,21600.0,3300.0,4900.0,900.0
elderly_headed_hh,percentiles_96_99,1983,30200.0,19300.0,3000.0,6800.0,1000.0
elderly_headed_hh,percentiles_96_99,1984,35900.0,23000.0,3600.0,8100.0,1100.0
elderly_headed_hh,percentiles_96_99,1985,36200.0,23500.0,3700.0,7800.0,1100.0
elderly_headed_hh,percentiles_96_99,1986,37700.0,24000.0,4200.0,8100.0,1400.0
elderly_headed_hh,percentiles_96_99,1987,44200.0,26000.0,4100.0,12600.0,1500.0
elderly_headed_hh,percentiles_96_99,1988,42300.0,24800.0,3900.0,12100.0,1400.0
elderly_headed_hh,percentiles_96_99,1989,44000.0,26500.0,4000.0,12200.0,1200.0
elderly_headed_hh,percentiles_96_99,1990,40400.0,24400.0,4300.0,10600.0,1200.0
elderly_headed_hh,percentiles_96_99,1991,38100.0,22500.0,4500.0,9800.0,1300.0
elderly_headed_hh,percentiles_96_99,1992,40200.0,22500.0,4800.0,11500.0,1400.0
elderly_headed_hh,percentiles_96_99,1993,40600.0,21600.0,4800.0,12700.0,1500.0
elderly_headed_hh,percentiles_96_99,1994,42100.0,22700.0,4900.0,13100.0,1400.0
elderly_headed_hh,percentiles_96_99,1995,46800.0,25600.0,5000.0,14800.0,1400.0
elderly_headed_hh,percentiles_96_99,1996,49000.0,27800.0,5100.0,14800.0,1400.0
elderly_headed_hh,percentiles_96_99,1997,51900.0,30000.0,5300.0,15200.0,1500.0
elderly_headed_hh,percentiles_96_99,1998,52500.0,31200.0,5200.0,14400.0,1600.0
elderly_headed_hh,percentiles_96_99,1999,56700.0,34700.0,5300.0,14800.0,1900.0
elderly_headed_hh,percentiles_96_99,2000,57900.0,36800.0,5500.0,13900.0,1600.0
elderly_headed_hh,percentiles_96_99,2001,49900.0,32600.0,5700.0,10300.0,1400.0
elderly_headed_hh,percentiles_96_99,2002,47600.0,30800.0,5700.0,9800.0,1300.0
elderly_headed_hh,percentiles_96_99,2003,48300.0,27500.0,6900.0,12500.0,1400.0
elderly_headed_hh,percentiles_96_99,2004,52700.0,28800.0,7000.0,15200.0,1700.0
elderly_headed_hh,percentiles_96_99,2005,59600.0,31900.0,7000.0,19100.0,1700.0
elderly_headed_hh,percentiles_96_99,2006,61700.0,33100.0,6900.0,20200.0,1500.0
elderly_headed_hh,percentiles_96_99,2007,61500.0,36000.0,6900.0,17300.0,1400.0
elderly_headed_hh,percentiles_96_99,2008,50400.0,31900.0,7900.0,9400.0,1200.0
elderly_headed_hh,percentiles_96_99,2009,43400.0,26400.0,8600.0,7300.0,1100.0
elderly_headed_hh,percentiles_96_99,2010,49300.0,30600.0,8400.0,9200.0,1100.0
elderly_headed_hh,percentiles_96_99,2011,50600.0,32200.0,7800.0,9400.0,1200.0
elderly_headed_hh,percentiles_96_99,2012,55700.0,35200.0,8400.0,10700.0,1400.0
elderly_headed_hh,percentiles_96_99,2013,60500.0,35600.0,9700.0,13800.0,1400.0
elderly_headed_hh,percentiles_96_99,2014,62200.0,37000.0,9100.0,14700.0,1400.0
elderly_headed_hh,percentiles_96_99,2015,64600.0,39300.0,9800.0,14000.0,1500.0
elderly_headed_hh,top_1_percent,1979,198000.0,115800.0,2000.0,77100.0,3100.0
elderly_headed_hh,top_1_percent,1980,173900.0,112200.0,2500.0,56900.0,2300.0
elderly_headed_hh,top_1_percent,1981,154900.0,106800.0,3200.0,43000.0,1900.0
elderly_headed_hh,top_1_percent,1982,136800.0,103700.0,3800.0,27300.0,2000.0
elderly_headed_hh,top_1_percent,1983,150600.0,106600.0,4300.0,37200.0,2500.0
elderly_headed_hh,top_1_percent,1984,173500.0,121400.0,4400.0,45500.0,2200.0
elderly_headed_hh,top_1_percent,1985,185900.0,133800.0,5200.0,44300.0,2600.0
elderly_headed_hh,top_1_percent,1986,202200.0,146900.0,4800.0,46600.0,3900.0
elderly_headed_hh,top_1_percent,1987,201100.0,129300.0,4900.0,63700.0,3300.0
elderly_headed_hh,top_1_percent,1988,259400.0,171500.0,5600.0,78400.0,3900.0
elderly_headed_hh,top_1_percent,1989,217600.0,142000.0,5400.0,67700.0,2500.0
elderly_headed_hh,top_1_percent,1990,210100.0,137900.0,5700.0,63900.0,2500.0
elderly_headed_hh,top_1_percent,1991,178200.0,114400.0,6500.0,54500.0,2800.0
elderly_headed_hh,top_1_percent,1992,216200.0,136000.0,7200.0,69800.0,3100.0
elderly_headed_hh,top_1_percent,1993,220300.0,133300.0,6900.0,77100.0,3000.0
elderly_headed_hh,top_1_percent,1994,235500.0,138900.0,8700.0,85100.0,2800.0
elderly_headed_hh,top_1_percent,1995,267400.0,159900.0,9100.0,95200.0,3100.0
elderly_headed_hh,top_1_percent,1996,316800.0,197600.0,9900.0,105800.0,3400.0
elderly_headed_hh,top_1_percent,1997,335000.0,214200.0,9800.0,107500.0,3500.0
elderly_headed_hh,top_1_percent,1998,344100.0,225800.0,10400.0,104100.0,3900.0
elderly_headed_hh,top_1_percent,1999,378400.0,255700.0,11900.0,106100.0,4800.0
elderly_headed_hh,top_1_percent,2000,391600.0,272500.0,11800.0,103300.0,4000.0
elderly_headed_hh,top_1_percent,2001,336400.0,237200.0,11800.0,84200.0,3300.0
elderly_headed_hh,top_1_percent,2002,318300.0,217400.0,12000.0,85200.0,3800.0
elderly_headed_hh,top_1_percent,2003,334400.0,198300.0,12300.0,120200.0,3600.0
elderly_headed_hh,top_1_percent,2004,398100.0,227800.0,12200.0,152900.0,5300.0
elderly_headed_hh,top_1_percent,2005,472500.0,263700.0,13000.0,191200.0,4700.0
elderly_headed_hh,top_1_percent,2006,470900.0,262100.0,13000.0,191300.0,4600.0
elderly_headed_hh,top_1_percent,2007,505900.0,308800.0,13900.0,179600.0,3600.0
elderly_headed_hh,top_1_percent,2008,388000.0,256800.0,15300.0,112600.0,3300.0
elderly_headed_hh,top_1_percent,2009,316300.0,209500.0,16600.0,87700.0,2400.0
elderly_headed_hh,top_1_percent,2010,356100.0,221800.0,16000.0,115500.0,2800.0
elderly_headed_hh,top_1_percent,2011,403800.0,256800.0,16900.0,126900.0,3100.0
elderly_headed_hh,top_1_percent,2012,491100.0,309000.0,16400.0,161800.0,3800.0
elderly_headed_hh,top_1_percent,2013,443300.0,284200.0,19300.0,136400.0,3300.0
elderly_headed_hh,top_1_percent,2014,511200.0,334800.0,19400.0,153500.0,3500.0
elderly_headed_hh,top_1_percent,2015,520400.0,348600.0,22300.0,146300.0,3400.0
nonelderly_childless_hh,all_quintiles,1979,16200.0,8500.0,5000.0,2000.0,600.0
nonelderly_childless_hh,all_quintiles,1980,15900.0,8700.0,5000.0,1600.0,500.0
nonelderly_childless_hh,all_quintiles,1981,16100.0,8900.0,5400.0,1300.0,500.0
nonelderly_childless_hh,all_quintiles,1982,15100.0,8200.0,5500.0,800.0,500.0
nonelderly_childless_hh,all_quintiles,1983,14700.0,7500.0,5500.0,1000.0,600.0
nonelderly_childless_hh,all_quintiles,1984,15200.0,7600.0,5800.0,1200.0,600.0
nonelderly_childless_hh,all_quintiles,1985,16100.0,8000.0,6200.0,1200.0,600.0
nonelderly_childless_hh,all_quintiles,1986,17100.0,8600.0,6600.0,1200.0,600.0
nonelderly_childless_hh,all_quintiles,1987,17600.0,8600.0,6700.0,1600.0,700.0
nonelderly_childless_hh,all_quintiles,1988,18700.0,9200.0,7100.0,1700.0,700.0
nonelderly_childless_hh,all_quintiles,1989,18300.0,9000.0,7100.0,1600.0,700.0
nonelderly_childless_hh,all_quintiles,1990,18600.0,9100.0,7300.0,1500.0,700.0
nonelderly_childless_hh,all_quintiles,1991,18100.0,8700.0,7300.0,1400.0,700.0
nonelderly_childless_hh,all_quintiles,1992,18700.0,9100.0,7400.0,1500.0,700.0
nonelderly_childless_hh,all_quintiles,1993,18900.0,9000.0,7400.0,1700.0,800.0
nonelderly_childless_hh,all_quintiles,1994,19400.0,9100.0,7600.0,1900.0,800.0
nonelderly_childless_hh,all_quintiles,1995,19800.0,9300.0,7700.0,2000.0,800.0
nonelderly_childless_hh,all_quintiles,1996,20700.0,10100.0,7800.0,2100.0,700.0
nonelderly_childless_hh,all_quintiles,1997,21600.0,10800.0,8000.0,2200.0,700.0
nonelderly_childless_hh,all_quintiles,1998,22200.0,11200.0,8200.0,2000.0,800.0
nonelderly_childless_hh,all_quintiles,1999,23400.0,11900.0,8500.0,2100.0,800.0
nonelderly_childless_hh,all_quintiles,2000,23800.0,12400.0,8600.0,2000.0,800.0
nonelderly_childless_hh,all_quintiles,2001,21500.0,10700.0,8700.0,1400.0,700.0
nonelderly_childless_hh,all_quintiles,2002,19600.0,9400.0,8300.0,1200.0,700.0
nonelderly_childless_hh,all_quintiles,2003,19300.0,8600.0,8400.0,1600.0,700.0
nonelderly_childless_hh,all_quintiles,2004,20200.0,9100.0,8400.0,2000.0,700.0
nonelderly_childless_hh,all_quintiles,2005,21800.0,9900.0,8400.0,2800.0,700.0
nonelderly_childless_hh,all_quintiles,2006,22300.0,10000.0,8600.0,3000.0,700.0
nonelderly_childless_hh,all_quintiles,2007,21800.0,10000.0,8800.0,2400.0,600.0
nonelderly_childless_hh,all_quintiles,2008,19100.0,8400.0,8700.0,1500.0,600.0
nonelderly_childless_hh,all_quintiles,2009,17700.0,7500.0,8500.0,1100.0,600.0
nonelderly_childless_hh,all_quintiles,2010,17900.0,7700.0,8200.0,1400.0,600.0
nonelderly_childless_hh,all_quintiles,2011,17600.0,8400.0,7200.0,1500.0,600.0
nonelderly_childless_hh,all_quintiles,2012,18800.0,9200.0,7300.0,1700.0,700.0
nonelderly_childless_hh,all_quintiles,2013,20100.0,9100.0,8500.0,1800.0,700.0
nonelderly_childless_hh,all_quintiles,2014,21300.0,9800.0,8700.0,2000.0,700.0
nonelderly_childless_hh,all_quintiles,2015,21400.0,9800.0,9000.0,1800.0,800.0
nonelderly_childless_hh,lowest_quintile,1979,2100.0,300.0,1200.0,300.0,300.0
nonelderly_childless_hh,lowest_quintile,1980,2000.0,400.0,1100.0,200.0,200.0
nonelderly_childless_hh,lowest_quintile,1981,2100.0,400.0,1200.0,200.0,200.0
nonelderly_childless_hh,lowest_quintile,1982,1900.0,300.0,1200.0,100.0,200.0
nonelderly_childless_hh,lowest_quintile,1983,2000.0,300.0,1200.0,200.0,300.0
nonelderly_childless_hh,lowest_quintile,1984,2100.0,400.0,1200.0,200.0,300.0
nonelderly_childless_hh,lowest_quintile,1985,2300.0,400.0,1400.0,200.0,400.0
nonelderly_childless_hh,lowest_quintile,1986,2200.0,300.0,1300.0,200.0,300.0
nonelderly_childless_hh,lowest_quintile,1987,2300.0,200.0,1400.0,200.0,400.0
nonelderly_childless_hh,lowest_quintile,1988,2400.0,200.0,1600.0,200.0,400.0
nonelderly_childless_hh,lowest_quintile,1989,2500.0,300.0,1700.0,200.0,300.0
nonelderly_childless_hh,lowest_quintile,1990,2700.0,300.0,1700.0,200.0,400.0
nonelderly_childless_hh,lowest_quintile,1991,2700.0,300.0,1800.0,200.0,400.0
nonelderly_childless_hh,lowest_quintile,1992,2800.0,300.0,1800.0,200.0,400.0
nonelderly_childless_hh,lowest_quintile,1993,2700.0,300.0,1800.0,200.0,400.0
nonelderly_childless_hh,lowest_quintile,1994,2700.0,100.0,1800.0,300.0,500.0
nonelderly_childless_hh,lowest_quintile,1995,2700.0,200.0,1800.0,300.0,400.0
nonelderly_childless_hh,lowest_quintile,1996,2600.0,200.0,1800.0,300.0,400.0
nonelderly_childless_hh,lowest_quintile,1997,2800.0,200.0,1900.0,300.0,400.0
nonelderly_childless_hh,lowest_quintile,1998,2800.0,200.0,2000.0,200.0,400.0
nonelderly_childless_hh,lowest_quintile,1999,3000.0,100.0,2100.0,300.0,400.0
nonelderly_childless_hh,lowest_quintile,2000,3100.0,200.0,2200.0,200.0,500.0
nonelderly_childless_hh,lowest_quintile,2001,2800.0,,2100.0,200.0,500.0
nonelderly_childless_hh,lowest_quintile,2002,2600.0,,2000.0,200.0,400.0
nonelderly_childless_hh,lowest_quintile,2003,2600.0,-100.0,2000.0,200.0,500.0
nonelderly_childless_hh,lowest_quintile,2004,2600.0,-100.0,2000.0,200.0,400.0
nonelderly_childless_hh,lowest_quintile,2005,2900.0,,2200.0,300.0,400.0
nonelderly_childless_hh,lowest_quintile,2006,3100.0,,2300.0,300.0,500.0
nonelderly_childless_hh,lowest_quintile,2007,3000.0,,2400.0,300.0,400.0
nonelderly_childless_hh,lowest_quintile,2008,2400.0,-600.0,2400.0,200.0,400.0
nonelderly_childless_hh,lowest_quintile,2009,2200.0,-700.0,2300.0,200.0,400.0
nonelderly_childless_hh,lowest_quintile,2010,2400.0,-600.0,2300.0,200.0,500.0
nonelderly_childless_hh,lowest_quintile,2011,2400.0,-300.0,2000.0,200.0,500.0
nonelderly_childless_hh,lowest_quintile,2012,2400.0,-200.0,1900.0,200.0,500.0
nonelderly_childless_hh,lowest_quintile,2013,2900.0,-200.0,2400.0,200.0,500.0
nonelderly_childless_hh,lowest_quintile,2014,2900.0,-300.0,2400.0,300.0,500.0
nonelderly_childless_hh,lowest_quintile,2015,2900.0,-300.0,2500.0,200.0,500.0
nonelderly_childless_hh,second_quintile,1979,5400.0,1700.0,2600.0,500.0,500.0
nonelderly_childless_hh,second_quintile,1980,5200.0,1800.0,2500.0,400.0,400.0
nonelderly_childless_hh,second_quintile,1981,5400.0,1900.0,2700.0,300.0,400.0
nonelderly_childless_hh,second_quintile,1982,5000.0,1700.0,2700.0,200.0,400.0
nonelderly_childless_hh,second_quintile,1983,4800.0,1500.0,2600.0,300.0,400.0
nonelderly_childless_hh,second_quintile,1984,5200.0,1600.0,2800.0,300.0,400.0
nonelderly_childless_hh,second_quintile,1985,5400.0,1700.0,3000.0,300.0,400.0
nonelderly_childless_hh,second_quintile,1986,5400.0,1600.0,3100.0,300.0,500.0
nonelderly_childless_hh,second_quintile,1987,5300.0,1400.0,3000.0,400.0,500.0
nonelderly_childless_hh,second_quintile,1988,5600.0,1500.0,3300.0,400.0,500.0
nonelderly_childless_hh,second_quintile,1989,5700.0,1500.0,3400.0,400.0,400.0
nonelderly_childless_hh,second_quintile,1990,5900.0,1600.0,3500.0,400.0,500.0
nonelderly_childless_hh,second_quintile,1991,5700.0,1500.0,3400.0,300.0,500.0
nonelderly_childless_hh,second_quintile,1992,5800.0,1500.0,3400.0,300.0,500.0
nonelderly_childless_hh,second_quintile,1993,5900.0,1500.0,3400.0,400.0,600.0
nonelderly_childless_hh,second_quintile,1994,5900.0,1400.0,3400.0,400.0,600.0
nonelderly_childless_hh,second_quintile,1995,6300.0,1500.0,3700.0,500.0,600.0
nonelderly_childless_hh,second_quintile,1996,6200.0,1500.0,3600.0,500.0,500.0
nonelderly_childless_hh,second_quintile,1997,6200.0,1500.0,3700.0,500.0,600.0
nonelderly_childless_hh,second_quintile,1998,6400.0,1600.0,3900.0,400.0,500.0
nonelderly_childless_hh,second_quintile,1999,6700.0,1600.0,4100.0,500.0,600.0
nonelderly_childless_hh,second_quintile,2000,6700.0,1700.0,4000.0,400.0,500.0
nonelderly_childless_hh,second_quintile,2001,6000.0,1200.0,4000.0,300.0,500.0
nonelderly_childless_hh,second_quintile,2002,5800.0,1100.0,4000.0,300.0,600.0
nonelderly_childless_hh,second_quintile,2003,5700.0,900.0,3900.0,400.0,600.0
nonelderly_childless_hh,second_quintile,2004,6000.0,900.0,4100.0,400.0,500.0
nonelderly_childless_hh,second_quintile,2005,6200.0,1000.0,4100.0,600.0,500.0
nonelderly_childless_hh,second_quintile,2006,6500.0,1100.0,4300.0,600.0,500.0
nonelderly_childless_hh,second_quintile,2007,6700.0,1200.0,4500.0,500.0,400.0
nonelderly_childless_hh,second_quintile,2008,5400.0,200.0,4400.0,300.0,400.0
nonelderly_childless_hh,second_quintile,2009,5100.0,200.0,4200.0,300.0,500.0
nonelderly_childless_hh,second_quintile,2010,5300.0,300.0,4200.0,300.0,500.0
nonelderly_childless_hh,second_quintile,2011,5100.0,700.0,3600.0,300.0,500.0
nonelderly_childless_hh,second_quintile,2012,5200.0,800.0,3600.0,400.0,500.0
nonelderly_childless_hh,second_quintile,2013,6000.0,800.0,4300.0,400.0,500.0
nonelderly_childless_hh,second_quintile,2014,6100.0,800.0,4400.0,400.0,500.0
nonelderly_childless_hh,second_quintile,2015,6400.0,800.0,4600.0,400.0,600.0
nonelderly_childless_hh,middle_quintile,1979,9500.0,3800.0,4200.0,800.0,600.0
nonelderly_childless_hh,middle_quintile,1980,9300.0,4000.0,4100.0,700.0,500.0
nonelderly_childless_hh,middle_quintile,1981,9600.0,4200.0,4400.0,600.0,400.0
nonelderly_childless_hh,middle_quintile,1982,8800.0,3700.0,4300.0,300.0,400.0
nonelderly_childless_hh,middle_quintile,1983,8700.0,3400.0,4300.0,400.0,500.0
nonelderly_childless_hh,middle_quintile,1984,9400.0,3600.0,4700.0,600.0,500.0
nonelderly_childless_hh,middle_quintile,1985,9800.0,3700.0,5000.0,500.0,500.0
nonelderly_childless_hh,middle_quintile,1986,10000.0,3800.0,5200.0,500.0,500.0
nonelderly_childless_hh,middle_quintile,1987,9900.0,3500.0,5200.0,700.0,600.0
nonelderly_childless_hh,middle_quintile,1988,10000.0,3400.0,5400.0,700.0,600.0
nonelderly_childless_hh,middle_quintile,1989,10200.0,3500.0,5500.0,600.0,500.0
nonelderly_childless_hh,middle_quintile,1990,10400.0,3600.0,5600.0,600.0,600.0
nonelderly_childless_hh,middle_quintile,1991,10100.0,3500.0,5500.0,500.0,600.0
nonelderly_childless_hh,middle_quintile,1992,10100.0,3400.0,5500.0,600.0,600.0
nonelderly_childless_hh,middle_quintile,1993,9900.0,3300.0,5300.0,600.0,600.0
nonelderly_childless_hh,middle_quintile,1994,10100.0,3300.0,5400.0,700.0,700.0
nonelderly_childless_hh,middle_quintile,1995,10600.0,3400.0,5700.0,800.0,700.0
nonelderly_childless_hh,middle_quintile,1996,10800.0,3500.0,5800.0,800.0,700.0
nonelderly_childless_hh,middle_quintile,1997,11100.0,3700.0,6000.0,800.0,600.0
nonelderly_childless_hh,middle_quintile,1998,11400.0,3800.0,6300.0,700.0,700.0
nonelderly_childless_hh,middle_quintile,1999,11700.0,3900.0,6400.0,700.0,700.0
nonelderly_childless_hh,middle_quintile,2000,11700.0,3900.0,6400.0,700.0,700.0
nonelderly_childless_hh,middle_quintile,2001,10600.0,3200.0,6300.0,500.0,600.0
nonelderly_childless_hh,middle_quintile,2002,10200.0,3000.0,6200.0,400.0,700.0
nonelderly_childless_hh,middle_quintile,2003,10100.0,2700.0,6100.0,500.0,600.0
nonelderly_childless_hh,middle_quintile,2004,10300.0,2800.0,6200.0,700.0,600.0
nonelderly_childless_hh,middle_quintile,2005,10600.0,2900.0,6200.0,800.0,600.0
nonelderly_childless_hh,middle_quintile,2006,10800.0,3000.0,6400.0,900.0,600.0
nonelderly_childless_hh,middle_quintile,2007,11100.0,3100.0,6600.0,800.0,500.0
nonelderly_childless_hh,middle_quintile,2008,9400.0,1900.0,6500.0,500.0,500.0
nonelderly_childless_hh,middle_quintile,2009,8900.0,1800.0,6300.0,400.0,500.0
nonelderly_childless_hh,middle_quintile,2010,9300.0,2000.0,6200.0,500.0,500.0
nonelderly_childless_hh,middle_quintile,2011,8800.0,2500.0,5300.0,500.0,500.0
nonelderly_childless_hh,middle_quintile,2012,9000.0,2600.0,5300.0,500.0,600.0
nonelderly_childless_hh,middle_quintile,2013,10300.0,2700.0,6400.0,600.0,600.0
nonelderly_childless_hh,middle_quintile,2014,10400.0,2600.0,6500.0,700.0,600.0
nonelderly_childless_hh,middle_quintile,2015,11100.0,2900.0,6900.0,700.0,700.0
nonelderly_childless_hh,fourth_quintile,1979,15300.0,7200.0,6100.0,1300.0,700.0
nonelderly_childless_hh,fourth_quintile,1980,15200.0,7600.0,6000.0,1100.0,600.0
nonelderly_childless_hh,fourth_quintile,1981,16000.0,8000.0,6600.0,800.0,500.0
nonelderly_childless_hh,fourth_quintile,1982,15100.0,7400.0,6600.0,500.0,500.0
nonelderly_childless_hh,fourth_quintile,1983,14800.0,6700.0,6700.0,700.0,600.0
nonelderly_childless_hh,fourth_quintile,1984,15500.0,6800.0,7100.0,800.0,700.0
nonelderly_childless_hh,fourth_quintile,1985,15900.0,7000.0,7600.0,700.0,700.0
nonelderly_childless_hh,fourth_quintile,1986,16700.0,7200.0,8000.0,800.0,700.0
nonelderly_childless_hh,fourth_quintile,1987,16400.0,6700.0,7900.0,1000.0,700.0
nonelderly_childless_hh,fourth_quintile,1988,16900.0,6800.0,8400.0,1000.0,700.0
nonelderly_childless_hh,fourth_quintile,1989,17000.0,7000.0,8300.0,1000.0,700.0
nonelderly_childless_hh,fourth_quintile,1990,16900.0,6800.0,8500.0,900.0,700.0
nonelderly_childless_hh,fourth_quintile,1991,16800.0,6800.0,8400.0,900.0,700.0
nonelderly_childless_hh,fourth_quintile,1992,16600.0,6500.0,8400.0,900.0,800.0
nonelderly_childless_hh,fourth_quintile,1993,16700.0,6500.0,8400.0,1000.0,800.0
nonelderly_childless_hh,fourth_quintile,1994,17000.0,6500.0,8500.0,1100.0,900.0
nonelderly_childless_hh,fourth_quintile,1995,17400.0,6700.0,8600.0,1200.0,800.0
nonelderly_childless_hh,fourth_quintile,1996,18100.0,7000.0,9000.0,1200.0,800.0
nonelderly_childless_hh,fourth_quintile,1997,18600.0,7300.0,9200.0,1200.0,800.0
nonelderly_childless_hh,fourth_quintile,1998,19300.0,7600.0,9700.0,1100.0,800.0
nonelderly_childless_hh,fourth_quintile,1999,19800.0,7900.0,9900.0,1200.0,900.0
nonelderly_childless_hh,fourth_quintile,2000,19900.0,8000.0,10000.0,1100.0,800.0
nonelderly_childless_hh,fourth_quintile,2001,18600.0,7100.0,10000.0,800.0,800.0
nonelderly_childless_hh,fourth_quintile,2002,17800.0,6700.0,9600.0,700.0,800.0
nonelderly_childless_hh,fourth_quintile,2003,17400.0,6100.0,9600.0,900.0,800.0
nonelderly_childless_hh,fourth_quintile,2004,18100.0,6300.0,9900.0,1100.0,800.0
nonelderly_childless_hh,fourth_quintile,2005,18600.0,6400.0,10000.0,1400.0,800.0
nonelderly_childless_hh,fourth_quintile,2006,19200.0,6700.0,10200.0,1600.0,700.0
nonelderly_childless_hh,fourth_quintile,2007,19500.0,6900.0,10600.0,1400.0,600.0
nonelderly_childless_hh,fourth_quintile,2008,17300.0,5500.0,10400.0,800.0,600.0
nonelderly_childless_hh,fourth_quintile,2009,16300.0,5200.0,10000.0,600.0,600.0
nonelderly_childless_hh,fourth_quintile,2010,16500.0,5400.0,9700.0,800.0,600.0
nonelderly_childless_hh,fourth_quintile,2011,16200.0,6200.0,8500.0,900.0,600.0
nonelderly_childless_hh,fourth_quintile,2012,16800.0,6500.0,8700.0,900.0,700.0
nonelderly_childless_hh,fourth_quintile,2013,18800.0,6800.0,10300.0,1100.0,700.0
nonelderly_childless_hh,fourth_quintile,2014,19700.0,7000.0,10700.0,1200.0,800.0
nonelderly_childless_hh,fourth_quintile,2015,20500.0,7300.0,11200.0,1200.0,800.0
nonelderly_childless_hh,highest_quintile,1979,35600.0,21000.0,8400.0,5200.0,1000.0
nonelderly_childless_hh,highest_quintile,1980,35000.0,21600.0,8400.0,4100.0,800.0
nonelderly_childless_hh,highest_quintile,1981,35200.0,21800.0,9200.0,3300.0,800.0
nonelderly_childless_hh,highest_quintile,1982,32800.0,20300.0,9600.0,2100.0,800.0
nonelderly_childless_hh,highest_quintile,1983,32700.0,19100.0,10000.0,2700.0,900.0
nonelderly_childless_hh,highest_quintile,1984,34800.0,19800.0,10800.0,3200.0,1000.0
nonelderly_childless_hh,highest_quintile,1985,36000.0,20700.0,11200.0,3100.0,1000.0
nonelderly_childless_hh,highest_quintile,1986,39000.0,22600.0,12000.0,3300.0,1000.0
nonelderly_childless_hh,highest_quintile,1987,40200.0,22900.0,12200.0,4000.0,1000.0
nonelderly_childless_hh,highest_quintile,1988,43400.0,25100.0,12900.0,4400.0,1000.0
nonelderly_childless_hh,highest_quintile,1989,42300.0,24200.0,13000.0,4100.0,1000.0
nonelderly_childless_hh,highest_quintile,1990,42500.0,24300.0,13100.0,4100.0,1000.0
nonelderly_childless_hh,highest_quintile,1991,41400.0,23300.0,13500.0,3600.0,1000.0
nonelderly_childless_hh,highest_quintile,1992,43600.0,24900.0,13600.0,4100.0,1100.0
nonelderly_childless_hh,highest_quintile,1993,44400.0,24800.0,13700.0,4700.0,1200.0
nonelderly_childless_hh,highest_quintile,1994,46000.0,25400.0,14300.0,5100.0,1200.0
nonelderly_childless_hh,highest_quintile,1995,48300.0,26800.0,14600.0,5600.0,1200.0
nonelderly_childless_hh,highest_quintile,1996,51400.0,29400.0,15000.0,5900.0,1100.0
nonelderly_childless_hh,highest_quintile,1997,55200.0,32200.0,15400.0,6400.0,1200.0
nonelderly_childless_hh,highest_quintile,1998,58000.0,34500.0,16100.0,6200.0,1200.0
nonelderly_childless_hh,highest_quintile,1999,61100.0,36800.0,16700.0,6300.0,1300.0
nonelderly_childless_hh,highest_quintile,2000,63800.0,39300.0,17000.0,6300.0,1200.0
nonelderly_childless_hh,highest_quintile,2001,56100.0,33500.0,17400.0,4100.0,1100.0
nonelderly_childless_hh,highest_quintile,2002,51500.0,29900.0,17000.0,3500.0,1100.0
nonelderly_childless_hh,highest_quintile,2003,50600.0,27400.0,17300.0,4900.0,1100.0
nonelderly_childless_hh,highest_quintile,2004,54900.0,29900.0,17300.0,6500.0,1200.0
nonelderly_childless_hh,highest_quintile,2005,61700.0,33700.0,17400.0,9400.0,1200.0
nonelderly_childless_hh,highest_quintile,2006,62700.0,34200.0,17700.0,9800.0,1100.0
nonelderly_childless_hh,highest_quintile,2007,62400.0,35000.0,18400.0,8000.0,1000.0
nonelderly_childless_hh,highest_quintile,2008,55600.0,31400.0,18400.0,4800.0,1000.0
nonelderly_childless_hh,highest_quintile,2009,50600.0,27900.0,18200.0,3600.0,900.0
nonelderly_childless_hh,highest_quintile,2010,53500.0,29500.0,18100.0,5000.0,900.0
nonelderly_childless_hh,highest_quintile,2011,52800.0,30800.0,16100.0,5000.0,1000.0
nonelderly_childless_hh,highest_quintile,2012,57300.0,33800.0,16300.0,6100.0,1000.0
nonelderly_childless_hh,highest_quintile,2013,61500.0,34700.0,19300.0,6300.0,1100.0
nonelderly_childless_hh,highest_quintile,2014,65300.0,37500.0,19600.0,7000.0,1200.0
nonelderly_childless_hh,highest_quintile,2015,65800.0,37900.0,20300.0,6400.0,1300.0
nonelderly_childless_hh,percentiles_81_90,1979,22600.0,11800.0,8000.0,2000.0,800.0
nonelderly_childless_hh,percentiles_81_90,1980,22700.0,12400.0,7900.0,1600.0,700.0
nonelderly_childless_hh,percentiles_81_90,1981,23600.0,13100.0,8600.0,1300.0,600.0
nonelderly_childless_hh,percentiles_81_90,1982,22300.0,12000.0,8700.0,900.0,700.0
nonelderly_childless_hh,percentiles_81_90,1983,21700.0,10900.0,9000.0,1000.0,800.0
nonelderly_childless_hh,percentiles_81_90,1984,23200.0,11200.0,9900.0,1200.0,800.0
nonelderly_childless_hh,percentiles_81_90,1985,23100.0,11100.0,10100.0,1100.0,800.0
nonelderly_childless_hh,percentiles_81_90,1986,24600.0,11700.0,10900.0,1200.0,800.0
nonelderly_childless_hh,percentiles_81_90,1987,24800.0,11500.0,10900.0,1600.0,800.0
nonelderly_childless_hh,percentiles_81_90,1988,25300.0,11500.0,11400.0,1500.0,800.0
nonelderly_childless_hh,percentiles_81_90,1989,25800.0,11900.0,11500.0,1500.0,800.0
nonelderly_childless_hh,percentiles_81_90,1990,25200.0,11500.0,11500.0,1400.0,800.0
nonelderly_childless_hh,percentiles_81_90,1991,24700.0,11200.0,11400.0,1300.0,900.0
nonelderly_childless_hh,percentiles_81_90,1992,24700.0,11000.0,11400.0,1300.0,900.0
nonelderly_childless_hh,percentiles_81_90,1993,25000.0,10900.0,11500.0,1600.0,900.0
nonelderly_childless_hh,percentiles_81_90,1994,25600.0,11200.0,11800.0,1600.0,1000.0
nonelderly_childless_hh,percentiles_81_90,1995,26500.0,11600.0,12000.0,1800.0,1000.0
nonelderly_childless_hh,percentiles_81_90,1996,27400.0,12200.0,12300.0,2000.0,900.0
nonelderly_childless_hh,percentiles_81_90,1997,28500.0,12700.0,12800.0,1900.0,900.0
nonelderly_childless_hh,percentiles_81_90,1998,29600.0,13400.0,13500.0,1800.0,1000.0
nonelderly_childless_hh,percentiles_81_90,1999,30600.0,13900.0,13800.0,1800.0,1100.0
nonelderly_childless_hh,percentiles_81_90,2000,31100.0,14400.0,13900.0,1800.0,1000.0
nonelderly_childless_hh,percentiles_81_90,2001,29200.0,13000.0,14100.0,1200.0,900.0
nonelderly_childless_hh,percentiles_81_90,2002,27800.0,12200.0,13700.0,1100.0,900.0
nonelderly_childless_hh,percentiles_81_90,2003,27500.0,11200.0,13900.0,1400.0,900.0
nonelderly_childless_hh,percentiles_81_90,2004,28300.0,11500.0,14100.0,1700.0,900.0
nonelderly_childless_hh,percentiles_81_90,2005,28900.0,11500.0,14200.0,2300.0,900.0
nonelderly_childless_hh,percentiles_81_90,2006,30000.0,12100.0,14500.0,2600.0,900.0
nonelderly_childless_hh,percentiles_81_90,2007,30700.0,12600.0,15000.0,2200.0,800.0
nonelderly_childless_hh,percentiles_81_90,2008,27900.0,11000.0,14800.0,1300.0,700.0
nonelderly_childless_hh,percentiles_81_90,2009,26600.0,10400.0,14500.0,1000.0,700.0
nonelderly_childless_hh,percentiles_81_90,2010,27600.0,11100.0,14400.0,1400.0,700.0
nonelderly_childless_hh,percentiles_81_90,2011,26900.0,12200.0,12600.0,1400.0,700.0
nonelderly_childless_hh,percentiles_81_90,2012,27900.0,12700.0,12900.0,1500.0,800.0
nonelderly_childless_hh,percentiles_81_90,2013,31300.0,13300.0,15400.0,1800.0,800.0
nonelderly_childless_hh,percentiles_81_90,2014,32200.0,13700.0,15600.0,2100.0,1000.0
nonelderly_childless_hh,percentiles_81_90,2015,33900.0,14700.0,16300.0,1900.0,1000.0
nonelderly_childless_hh,percentiles_91_95,1979,30000.0,17000.0,9200.0,2900.0,900.0
nonelderly_childless_hh,percentiles_91_95,1980,30300.0,18000.0,9000.0,2500.0,800.0
nonelderly_childless_hh,percentiles_91_95,1981,31400.0,18800.0,9900.0,2000.0,700.0
nonelderly_childless_hh,percentiles_91_95,1982,28700.0,16500.0,10300.0,1100.0,700.0
nonelderly_childless_hh,percentiles_91_95,1983,28900.0,15700.0,10800.0,1500.0,800.0
nonelderly_childless_hh,percentiles_91_95,1984,30400.0,15900.0,11600.0,1900.0,1000.0
nonelderly_childless_hh,percentiles_91_95,1985,30700.0,16000.0,12000.0,1700.0,900.0
nonelderly_childless_hh,percentiles_91_95,1986,32500.0,16900.0,12900.0,1800.0,1000.0
nonelderly_childless_hh,percentiles_91_95,1987,33800.0,17400.0,13000.0,2300.0,1000.0
nonelderly_childless_hh,percentiles_91_95,1988,34600.0,17500.0,13800.0,2400.0,1000.0
nonelderly_childless_hh,percentiles_91_95,1989,34600.0,17700.0,13700.0,2300.0,900.0
nonelderly_childless_hh,percentiles_91_95,1990,34300.0,17200.0,14000.0,2200.0,900.0
nonelderly_childless_hh,percentiles_91_95,1991,33500.0,16500.0,14100.0,1900.0,1000.0
nonelderly_childless_hh,percentiles_91_95,1992,34000.0,16700.0,14100.0,2200.0,1000.0
nonelderly_childless_hh,percentiles_91_95,1993,34600.0,16800.0,14400.0,2400.0,1100.0
nonelderly_childless_hh,percentiles_91_95,1994,35600.0,17200.0,14700.0,2500.0,1200.0
nonelderly_childless_hh,percentiles_91_95,1995,36900.0,17700.0,15200.0,2900.0,1100.0
nonelderly_childless_hh,percentiles_91_95,1996,38300.0,18700.0,15500.0,3000.0,1100.0
nonelderly_childless_hh,percentiles_91_95,1997,40200.0,20200.0,15800.0,3200.0,1100.0
nonelderly_childless_hh,percentiles_91_95,1998,41700.0,21100.0,16400.0,2900.0,1100.0
nonelderly_childless_hh,percentiles_91_95,1999,43500.0,22300.0,16900.0,3000.0,1200.0
nonelderly_childless_hh,percentiles_91_95,2000,44200.0,23000.0,17200.0,2900.0,1100.0
nonelderly_childless_hh,percentiles_91_95,2001,41600.0,21000.0,17700.0,1800.0,1100.0
nonelderly_childless_hh,percentiles_91_95,2002,39600.0,19600.0,17400.0,1600.0,1000.0
nonelderly_childless_hh,percentiles_91_95,2003,38500.0,17800.0,17700.0,2100.0,1000.0
nonelderly_childless_hh,percentiles_91_95,2004,39700.0,18400.0,17600.0,2700.0,1000.0
nonelderly_childless_hh,percentiles_91_95,2005,42100.0,19200.0,18100.0,3700.0,1000.0
nonelderly_childless_hh,percentiles_91_95,2006,43200.0,19900.0,18200.0,4200.0,1000.0
nonelderly_childless_hh,percentiles_91_95,2007,44600.0,20900.0,19100.0,3600.0,900.0
nonelderly_childless_hh,percentiles_91_95,2008,40700.0,18900.0,18800.0,2100.0,900.0
nonelderly_childless_hh,percentiles_91_95,2009,39100.0,18000.0,18700.0,1600.0,800.0
nonelderly_childless_hh,percentiles_91_95,2010,40600.0,19100.0,18600.0,2100.0,800.0
nonelderly_childless_hh,percentiles_91_95,2011,39900.0,20400.0,16600.0,2100.0,900.0
nonelderly_childless_hh,percentiles_91_95,2012,41400.0,21100.0,16900.0,2400.0,900.0
nonelderly_childless_hh,percentiles_91_95,2013,45300.0,21600.0,19800.0,2900.0,1000.0
nonelderly_childless_hh,percentiles_91_95,2014,47900.0,23200.0,20200.0,3200.0,1200.0
nonelderly_childless_hh,percentiles_91_95,2015,49200.0,24100.0,20800.0,3100.0,1200.0
nonelderly_childless_hh,percentiles_96_99,1979,45900.0,29100.0,8900.0,6800.0,1200.0
nonelderly_childless_hh,percentiles_96_99,1980,45100.0,29700.0,9000.0,5300.0,1000.0
nonelderly_childless_hh,percentiles_96_99,1981,45400.0,30200.0,10100.0,4200.0,900.0
nonelderly_childless_hh,percentiles_96_99,1982,41400.0,27300.0,10800.0,2300.0,900.0
nonelderly_childless_hh,percentiles_96_99,1983,40100.0,24600.0,11200.0,3200.0,1100.0
nonelderly_childless_hh,percentiles_96_99,1984,42000.0,25200.0,12000.0,3600.0,1200.0
nonelderly_childless_hh,percentiles_96_99,1985,44000.0,26400.0,12900.0,3500.0,1200.0
nonelderly_childless_hh,percentiles_96_99,1986,47500.0,28900.0,13600.0,3800.0,1300.0
nonelderly_childless_hh,percentiles_96_99,1987,51100.0,30700.0,14200.0,5000.0,1200.0
nonelderly_childless_hh,percentiles_96_99,1988,51900.0,30800.0,14800.0,5000.0,1200.0
nonelderly_childless_hh,percentiles_96_99,1989,53100.0,32000.0,15100.0,4900.0,1200.0
nonelderly_childless_hh,percentiles_96_99,1990,50900.0,29900.0,15400.0,4400.0,1100.0
nonelderly_childless_hh,percentiles_96_99,1991,50800.0,29200.0,16300.0,4000.0,1200.0
nonelderly_childless_hh,percentiles_96_99,1992,52300.0,30000.0,16700.0,4300.0,1300.0
nonelderly_childless_hh,percentiles_96_99,1993,53100.0,29800.0,16800.0,5100.0,1400.0
nonelderly_childless_hh,percentiles_96_99,1994,55700.0,31400.0,17600.0,5200.0,1400.0
nonelderly_childless_hh,percentiles_96_99,1995,58900.0,33300.0,17800.0,6300.0,1400.0
nonelderly_childless_hh,percentiles_96_99,1996,62000.0,36100.0,18200.0,6400.0,1400.0
nonelderly_childless_hh,percentiles_96_99,1997,65800.0,39000.0,18500.0,6900.0,1400.0
nonelderly_childless_hh,percentiles_96_99,1998,69200.0,42300.0,19300.0,6200.0,1400.0
nonelderly_childless_hh,percentiles_96_99,1999,74100.0,45700.0,20100.0,6700.0,1600.0
nonelderly_childless_hh,percentiles_96_99,2000,75700.0,47300.0,20600.0,6400.0,1400.0
nonelderly_childless_hh,percentiles_96_99,2001,68500.0,41800.0,21300.0,4100.0,1400.0
nonelderly_childless_hh,percentiles_96_99,2002,63800.0,38000.0,21100.0,3400.0,1300.0
nonelderly_childless_hh,percentiles_96_99,2003,62800.0,35000.0,21800.0,4700.0,1300.0
nonelderly_childless_hh,percentiles_96_99,2004,67000.0,37800.0,21400.0,6300.0,1400.0
nonelderly_childless_hh,percentiles_96_99,2005,72600.0,41100.0,21000.0,9000.0,1400.0
nonelderly_childless_hh,percentiles_96_99,2006,76700.0,44100.0,21600.0,9700.0,1300.0
nonelderly_childless_hh,percentiles_96_99,2007,78400.0,46300.0,22400.0,8500.0,1200.0
nonelderly_childless_hh,percentiles_96_99,2008,70500.0,41800.0,22900.0,4600.0,1200.0
nonelderly_childless_hh,percentiles_96_99,2009,64800.0,37500.0,23000.0,3300.0,1100.0
nonelderly_childless_hh,percentiles_96_99,2010,68900.0,40300.0,23000.0,4500.0,1100.0
nonelderly_childless_hh,percentiles_96_99,2011,68100.0,42000.0,20400.0,4500.0,1200.0
nonelderly_childless_hh,percentiles_96_99,2012,73200.0,45900.0,20700.0,5400.0,1200.0
nonelderly_childless_hh,percentiles_96_99,2013,78500.0,46400.0,24400.0,6500.0,1300.0
nonelderly_childless_hh,percentiles_96_99,2014,83600.0,49800.0,24700.0,7500.0,1500.0
nonelderly_childless_hh,percentiles_96_99,2015,86100.0,52300.0,25300.0,7000.0,1600.0
nonelderly_childless_hh,top_1_percent,1979,175300.0,116700.0,6300.0,50100.0,2200.0
nonelderly_childless_hh,top_1_percent,1980,160400.0,113400.0,6900.0,38200.0,2000.0
nonelderly_childless_hh,top_1_percent,1981,143000.0,102600.0,7900.0,30800.0,1700.0
nonelderly_childless_hh,top_1_percent,1982,144600.0,110400.0,10500.0,21800.0,1800.0
nonelderly_childless_hh,top_1_percent,1983,144400.0,105600.0,10800.0,25600.0,2300.0
nonelderly_childless_hh,top_1_percent,1984,155900.0,112400.0,10500.0,30700.0,2400.0
nonelderly_childless_hh,top_1_percent,1985,176700.0,129900.0,11400.0,32700.0,2700.0
nonelderly_childless_hh,top_1_percent,1986,200200.0,151000.0,11800.0,34100.0,3200.0
nonelderly_childless_hh,top_1_percent,1987,208500.0,154300.0,13500.0,38200.0,2500.0
nonelderly_childless_hh,top_1_percent,1988,254300.0,190800.0,14800.0,45800.0,2900.0
nonelderly_childless_hh,top_1_percent,1989,230300.0,170600.0,15200.0,41800.0,2700.0
nonelderly_childless_hh,top_1_percent,1990,235800.0,175500.0,15200.0,42700.0,2400.0
nonelderly_childless_hh,top_1_percent,1991,213200.0,157200.0,19000.0,34600.0,2400.0
nonelderly_childless_hh,top_1_percent,1992,246000.0,184200.0,19200.0,40200.0,2300.0
nonelderly_childless_hh,top_1_percent,1993,255000.0,186600.0,19500.0,46200.0,2700.0
nonelderly_childless_hh,top_1_percent,1994,277000.0,193600.0,25300.0,55200.0,2900.0
nonelderly_childless_hh,top_1_percent,1995,295700.0,210200.0,25000.0,57500.0,3100.0
nonelderly_childless_hh,top_1_percent,1996,330600.0,240300.0,26200.0,61400.0,2800.0
nonelderly_childless_hh,top_1_percent,1997,390000.0,286900.0,28400.0,71700.0,3000.0
nonelderly_childless_hh,top_1_percent,1998,427100.0,318900.0,29500.0,75400.0,3300.0
nonelderly_childless_hh,top_1_percent,1999,429200.0,324500.0,31100.0,70200.0,3500.0
nonelderly_childless_hh,top_1_percent,2000,458300.0,351500.0,32400.0,70900.0,3400.0
nonelderly_childless_hh,top_1_percent,2001,356900.0,275800.0,32300.0,46300.0,2600.0
nonelderly_childless_hh,top_1_percent,2002,304900.0,232500.0,30200.0,39700.0,2600.0
nonelderly_childless_hh,top_1_percent,2003,309800.0,218200.0,30300.0,58100.0,3300.0
nonelderly_childless_hh,top_1_percent,2004,372600.0,257900.0,31500.0,79700.0,3500.0
nonelderly_childless_hh,top_1_percent,2005,482200.0,325000.0,32700.0,119800.0,4600.0
nonelderly_childless_hh,top_1_percent,2006,495500.0,331400.0,32500.0,128000.0,3500.0
nonelderly_childless_hh,top_1_percent,2007,456600.0,322900.0,33600.0,97300.0,2700.0
nonelderly_childless_hh,top_1_percent,2008,386800.0,286800.0,34300.0,62000.0,3700.0
nonelderly_childless_hh,top_1_percent,2009,324200.0,241300.0,33500.0,46400.0,3000.0
nonelderly_childless_hh,top_1_percent,2010,349700.0,248000.0,33500.0,65000.0,3200.0
nonelderly_childless_hh,top_1_percent,2011,349700.0,250100.0,31300.0,65200.0,3200.0
nonelderly_childless_hh,top_1_percent,2012,429000.0,306100.0,32400.0,86800.0,3800.0
nonelderly_childless_hh,top_1_percent,2013,424800.0,305400.0,38200.0,76800.0,4300.0
nonelderly_childless_hh,top_1_percent,2014,474700.0,346400.0,38700.0,86200.0,3400.0
nonelderly_childless_hh,top_1_percent,2015,466100.0,341200.0,40600.0,80500.0,3800.0
