household_type,income_group,year,market_income,social_insurance_benefits,inc_before_transfers_taxes,means_tested_transfers,federal_taxes,inc_after_transfers_taxes
all_households,all_quintiles,1979,60700.0,4600.0,65300.0,1400.0,14600.0,52000.0
all_households,all_quintiles,1980,58500.0,4900.0,63400.0,1400.0,14200.0,50600.0
all_households,all_quintiles,1981,58500.0,5100.0,63600.0,1500.0,14400.0,50700.0
all_households,all_quintiles,1982,58100.0,5600.0,63700.0,1400.0,13300.0,51900.0
all_households,all_quintiles,1983,58700.0,5700.0,64400.0,1400.0,13200.0,52600.0
all_households,all_quintiles,1984,62500.0,5500.0,68000.0,1400.0,14200.0,55300.0
all_households,all_quintiles,1985,63400.0,5600.0,69100.0,1500.0,14500.0,56100.0
all_households,all_quintiles,1986,67900.0,5800.0,73700.0,1500.0,15500.0,59800.0
all_households,all_quintiles,1987,65700.0,5700.0,71300.0,1500.0,15500.0,57300.0
all_households,all_quintiles,1988,68600.0,5700.0,74400.0,1500.0,16300.0,59600.0
all_households,all_quintiles,1989,69000.0,5800.0,74900.0,1600.0,16200.0,60300.0
all_households,all_quintiles,1990,68400.0,6100.0,74500.0,1800.0,16100.0,60100.0
all_households,all_quintiles,1991,66300.0,6400.0,72700.0,2000.0,15700.0,59000.0
all_households,all_quintiles,1992,68000.0,6700.0,74700.0,2200.0,16200.0,60700.0
all_households,all_quintiles,1993,68100.0,6900.0,75000.0,2300.0,16600.0,60700.0
all_households,all_quintiles,1994,69000.0,6900.0,75800.0,2400.0,17000.0,61100.0
all_households,all_quintiles,1995,72000.0,7100.0,79000.0,2400.0,17900.0,63500.0
all_households,all_quintiles,1996,74900.0,7200.0,82100.0,2300.0,18800.0,65600.0
all_households,all_quintiles,1997,78600.0,7300.0,85900.0,2200.0,19800.0,68300.0
all_households,all_quintiles,1998,83300.0,7200.0,90500.0,2300.0,20500.0,72300.0
all_households,all_quintiles,1999,87900.0,7000.0,94900.0,2400.0,21900.0,75400.0
all_households,all_quintiles,2000,90300.0,7100.0,97500.0,2500.0,22500.0,77500.0
all_households,all_quintiles,2001,84600.0,7500.0,92100.0,2700.0,19900.0,74900.0
all_households,all_quintiles,2002,80600.0,7900.0,88500.0,2900.0,18400.0,73000.0
all_households,all_quintiles,2003,82000.0,8000.0,90000.0,3100.0,17900.0,75200.0
all_households,all_quintiles,2004,87100.0,8000.0,95100.0,3300.0,19300.0,79100.0
all_households,all_quintiles,2005,92000.0,8200.0,100200.0,3300.0,20900.0,82600.0
all_households,all_quintiles,2006,95500.0,8600.0,104100.0,3200.0,21800.0,85500.0
all_households,all_quintiles,2007,98600.0,8700.0,107400.0,3300.0,22000.0,88700.0
all_households,all_quintiles,2008,90600.0,9100.0,99700.0,3500.0,18500.0,84700.0
all_households,all_quintiles,2009,83300.0,10500.0,93800.0,4000.0,16800.0,81000.0
all_households,all_quintiles,2010,85700.0,10500.0,96100.0,4100.0,17900.0,82300.0
all_households,all_quintiles,2011,85100.0,10200.0,95300.0,4100.0,17500.0,81900.0
all_households,all_quintiles,2012,89500.0,10300.0,99800.0,4100.0,18900.0,85000.0
all_households,all_quintiles,2013,88200.0,10300.0,98500.0,4200.0,20400.0,82300.0
all_households,all_quintiles,2014,91700.0,10300.0,102000.0,4900.0,21600.0,85300.0
all_households,all_quintiles,2015,94500.0,10500.0,105100.0,5200.0,22200.0,88200.0
all_households,lowest_quintile,1979,12200.0,4500.0,16700.0,3100.0,1900.0,17900.0
all_households,lowest_quintile,1980,12100.0,4300.0,16400.0,3100.0,1900.0,17600.0
all_households,lowest_quintile,1981,12300.0,3900.0,16200.0,3300.0,2000.0,17400.0
all_households,lowest_quintile,1982,12200.0,3600.0,15800.0,3400.0,2000.0,17200.0
all_households,lowest_quintile,1983,12300.0,3000.0,15200.0,3600.0,2100.0,16700.0
all_households,lowest_quintile,1984,13100.0,3100.0,16100.0,3300.0,2300.0,17100.0
all_households,lowest_quintile,1985,13200.0,3000.0,16200.0,3500.0,2400.0,17300.0
all_households,lowest_quintile,1986,13100.0,2900.0,16100.0,3600.0,2300.0,17300.0
all_households,lowest_quintile,1987,12500.0,3000.0,15400.0,4100.0,2000.0,17400.0
all_households,lowest_quintile,1988,12900.0,3100.0,16000.0,3700.0,2100.0,17700.0
all_households,lowest_quintile,1989,13700.0,3200.0,16800.0,3700.0,2100.0,18400.0
all_households,lowest_quintile,1990,14400.0,3200.0,17600.0,3900.0,2400.0,19100.0
all_households,lowest_quintile,1991,14800.0,3100.0,17900.0,4200.0,2400.0,19700.0
all_households,lowest_quintile,1992,15000.0,3200.0,18300.0,4000.0,2400.0,19900.0
all_households,lowest_quintile,1993,15400.0,3100.0,18500.0,4300.0,2500.0,20200.0
all_households,lowest_quintile,1994,15200.0,3200.0,18400.0,4300.0,2200.0,20500.0
all_households,lowest_quintile,1995,16500.0,3100.0,19600.0,4100.0,2300.0,21400.0
all_households,lowest_quintile,1996,16700.0,2900.0,19600.0,3800.0,2200.0,21200.0
all_households,lowest_quintile,1997,17600.0,3100.0,20600.0,3300.0,2400.0,21600.0
all_households,lowest_quintile,1998,18600.0,3100.0,21700.0,3600.0,2400.0,22900.0
all_households,lowest_quintile,1999,18800.0,3500.0,22300.0,3400.0,2500.0,23200.0
all_households,lowest_quintile,2000,18600.0,3500.0,22100.0,3500.0,2300.0,23300.0
all_households,lowest_quintile,2001,18000.0,3700.0,21800.0,3800.0,2100.0,23500.0
all_households,lowest_quintile,2002,18000.0,3700.0,21800.0,3700.0,2000.0,23500.0
all_households,lowest_quintile,2003,17500.0,3900.0,21400.0,4000.0,1900.0,23500.0
all_households,lowest_quintile,2004,17700.0,3900.0,21600.0,4100.0,1900.0,23800.0
all_households,lowest_quintile,2005,18400.0,3800.0,22200.0,4200.0,2000.0,24400.0
all_households,lowest_quintile,2006,19700.0,3300.0,23000.0,4500.0,2200.0,25400.0
all_households,lowest_quintile,2007,20700.0,3500.0,24200.0,4500.0,2100.0,26600.0
all_households,lowest_quintile,2008,19900.0,3900.0,23800.0,4600.0,1200.0,27200.0
all_households,lowest_quintile,2009,19100.0,4200.0,23300.0,5000.0,1100.0,27300.0
all_households,lowest_quintile,2010,19400.0,4200.0,23600.0,5200.0,1200.0,27600.0
all_households,lowest_quintile,2011,18800.0,4200.0,23000.0,5300.0,1200.0,27100.0
all_households,lowest_quintile,2012,18400.0,3800.0,22200.0,5600.0,1300.0,26500.0
all_households,lowest_quintile,2013,19200.0,3900.0,23100.0,5600.0,1700.0,27100.0
all_households,lowest_quintile,2014,18900.0,4000.0,22900.0,6500.0,1700.0,27600.0
all_households,lowest_quintile,2015,19400.0,4400.0,23900.0,6900.0,1700.0,29000.0
all_households,second_quintile,1979,30800.0,5600.0,36300.0,2100.0,5800.0,32600.0
all_households,second_quintile,1980,28400.0,6000.0,34400.0,2300.0,5400.0,31300.0
all_households,second_quintile,1981,28200.0,6100.0,34300.0,2300.0,5600.0,30900.0
all_households,second_quintile,1982,26900.0,6600.0,33500.0,2400.0,5100.0,30700.0
all_households,second_quintile,1983,26100.0,6600.0,32700.0,2300.0,4900.0,30100.0
all_households,second_quintile,1984,28200.0,6300.0,34500.0,2400.0,5500.0,31400.0
all_households,second_quintile,1985,27900.0,6400.0,34300.0,2400.0,5500.0,31200.0
all_households,second_quintile,1986,28300.0,6700.0,34900.0,2500.0,5600.0,31800.0
all_households,second_quintile,1987,27100.0,6800.0,33900.0,2200.0,5200.0,30900.0
all_households,second_quintile,1988,27700.0,6800.0,34500.0,2300.0,5400.0,31400.0
all_households,second_quintile,1989,28300.0,6800.0,35100.0,2500.0,5400.0,32200.0
all_households,second_quintile,1990,29500.0,6700.0,36100.0,2800.0,5800.0,33100.0
all_households,second_quintile,1991,28500.0,6900.0,35400.0,3100.0,5600.0,33000.0
all_households,second_quintile,1992,28600.0,7000.0,35600.0,3600.0,5500.0,33700.0
all_households,second_quintile,1993,28600.0,7300.0,35900.0,3900.0,5500.0,34200.0
all_households,second_quintile,1994,28600.0,7400.0,35900.0,3700.0,5400.0,34300.0
all_households,second_quintile,1995,30500.0,7400.0,37900.0,3800.0,5800.0,36000.0
all_households,second_quintile,1996,30800.0,7100.0,37900.0,4000.0,5800.0,36200.0
all_households,second_quintile,1997,32200.0,7100.0,39300.0,4000.0,6100.0,37300.0
all_households,second_quintile,1998,33900.0,7200.0,41100.0,4200.0,6100.0,39100.0
all_households,second_quintile,1999,35400.0,7100.0,42500.0,4200.0,6400.0,40400.0
all_households,second_quintile,2000,35900.0,6800.0,42700.0,4200.0,6400.0,40500.0
all_households,second_quintile,2001,34900.0,7500.0,42400.0,4500.0,5600.0,41200.0
all_households,second_quintile,2002,34200.0,7700.0,41900.0,4600.0,5300.0,41200.0
all_households,second_quintile,2003,33700.0,8000.0,41700.0,4800.0,4900.0,41600.0
all_households,second_quintile,2004,35300.0,7900.0,43100.0,5000.0,5200.0,42900.0
all_households,second_quintile,2005,35400.0,7900.0,43400.0,5300.0,5200.0,43400.0
all_households,second_quintile,2006,36300.0,8000.0,44300.0,4900.0,5500.0,43800.0
all_households,second_quintile,2007,38700.0,7800.0,46500.0,5000.0,5900.0,45700.0
all_households,second_quintile,2008,36900.0,8200.0,45100.0,5400.0,4200.0,46300.0
all_households,second_quintile,2009,35300.0,9300.0,44600.0,5900.0,4000.0,46500.0
all_households,second_quintile,2010,35600.0,9000.0,44600.0,6200.0,4200.0,46500.0
all_households,second_quintile,2011,34400.0,9200.0,43600.0,6200.0,4000.0,45800.0
all_households,second_quintile,2012,34300.0,9100.0,43300.0,6200.0,4000.0,45500.0
all_households,second_quintile,2013,35500.0,8700.0,44200.0,6400.0,4900.0,45800.0
all_households,second_quintile,2014,35500.0,8800.0,44300.0,7300.0,4900.0,46700.0
all_households,second_quintile,2015,37300.0,9100.0,46300.0,7800.0,5200.0,49000.0
all_households,middle_quintile,1979,51200.0,4500.0,55700.0,900.0,10800.0,45800.0
all_households,middle_quintile,1980,49300.0,4800.0,54200.0,1000.0,10600.0,44600.0
all_households,middle_quintile,1981,49000.0,5000.0,54000.0,1000.0,10900.0,44100.0
all_households,middle_quintile,1982,47300.0,5800.0,53000.0,900.0,9900.0,43900.0
all_households,middle_quintile,1983,45700.0,6200.0,52000.0,800.0,9400.0,43400.0
all_households,middle_quintile,1984,49500.0,5700.0,55200.0,900.0,10300.0,45800.0
all_households,middle_quintile,1985,49600.0,5800.0,55400.0,900.0,10400.0,45800.0
all_households,middle_quintile,1986,50000.0,6300.0,56300.0,900.0,10600.0,46600.0
all_households,middle_quintile,1987,49400.0,6600.0,56000.0,800.0,10200.0,46700.0
all_households,middle_quintile,1988,50600.0,6200.0,56800.0,1000.0,10600.0,47100.0
all_households,middle_quintile,1989,51100.0,6300.0,57400.0,1000.0,10700.0,47700.0
all_households,middle_quintile,1990,50700.0,6700.0,57300.0,1400.0,10700.0,48000.0
all_households,middle_quintile,1991,49200.0,7100.0,56300.0,1700.0,10400.0,47600.0
all_households,middle_quintile,1992,48200.0,7800.0,56000.0,2000.0,10100.0,48000.0
all_households,middle_quintile,1993,48400.0,7900.0,56300.0,2300.0,10200.0,48300.0
all_households,middle_quintile,1994,49100.0,7700.0,56800.0,2300.0,10300.0,48800.0
all_households,middle_quintile,1995,51000.0,7900.0,58900.0,2400.0,10800.0,50600.0
all_households,middle_quintile,1996,51900.0,8000.0,59900.0,2300.0,10900.0,51300.0
all_households,middle_quintile,1997,53200.0,7900.0,61100.0,2300.0,11200.0,52100.0
all_households,middle_quintile,1998,55200.0,8200.0,63400.0,2500.0,11300.0,54600.0
all_households,middle_quintile,1999,57400.0,8100.0,65500.0,2600.0,11700.0,56300.0
all_households,middle_quintile,2000,57400.0,8200.0,65600.0,2700.0,11600.0,56700.0
all_households,middle_quintile,2001,56500.0,8700.0,65200.0,3000.0,10600.0,57700.0
all_households,middle_quintile,2002,54300.0,9200.0,63400.0,3600.0,9900.0,57100.0
all_households,middle_quintile,2003,54000.0,9500.0,63500.0,3800.0,9400.0,57900.0
all_households,middle_quintile,2004,55900.0,9500.0,65400.0,4000.0,9800.0,59700.0
all_households,middle_quintile,2005,57300.0,9500.0,66900.0,3900.0,10200.0,60500.0
all_households,middle_quintile,2006,57600.0,10200.0,67800.0,3700.0,10300.0,61200.0
all_households,middle_quintile,2007,60400.0,9800.0,70300.0,3800.0,10800.0,63300.0
all_households,middle_quintile,2008,57700.0,10700.0,68300.0,4100.0,8700.0,63700.0
all_households,middle_quintile,2009,54400.0,12100.0,66400.0,4900.0,8200.0,63200.0
all_households,middle_quintile,2010,54300.0,12400.0,66700.0,4900.0,8500.0,63100.0
all_households,middle_quintile,2011,53200.0,12100.0,65300.0,4900.0,8100.0,62200.0
all_households,middle_quintile,2012,53000.0,12300.0,65300.0,5000.0,8200.0,62100.0
all_households,middle_quintile,2013,54800.0,11800.0,66700.0,5300.0,9500.0,62500.0
all_households,middle_quintile,2014,56500.0,11600.0,68100.0,6000.0,9800.0,64200.0
all_households,middle_quintile,2015,59200.0,11900.0,71100.0,6200.0,10300.0,67000.0
all_households,fourth_quintile,1979,72000.0,4100.0,76000.0,500.0,16400.0,60100.0
all_households,fourth_quintile,1980,69100.0,4700.0,73700.0,400.0,16000.0,58200.0
all_households,fourth_quintile,1981,68800.0,5200.0,74000.0,500.0,16400.0,58000.0
all_households,fourth_quintile,1982,67300.0,5900.0,73200.0,300.0,15100.0,58500.0
all_households,fourth_quintile,1983,66900.0,6200.0,73100.0,300.0,14700.0,58800.0
all_households,fourth_quintile,1984,70900.0,6100.0,77000.0,400.0,15600.0,61700.0
all_households,fourth_quintile,1985,71200.0,6200.0,77400.0,400.0,15800.0,62000.0
all_households,fourth_quintile,1986,73400.0,6600.0,80000.0,400.0,16400.0,64000.0
all_households,fourth_quintile,1987,74300.0,6300.0,80700.0,400.0,16400.0,64700.0
all_households,fourth_quintile,1988,74900.0,6300.0,81200.0,500.0,16800.0,64800.0
all_households,fourth_quintile,1989,75700.0,6500.0,82200.0,500.0,16900.0,65700.0
all_households,fourth_quintile,1990,74700.0,6900.0,81600.0,600.0,16800.0,65300.0
all_households,fourth_quintile,1991,72800.0,7600.0,80300.0,700.0,16300.0,64700.0
all_households,fourth_quintile,1992,73400.0,8000.0,81400.0,900.0,16400.0,65900.0
all_households,fourth_quintile,1993,73800.0,8300.0,82100.0,1000.0,16500.0,66600.0
all_households,fourth_quintile,1994,75000.0,7900.0,82900.0,1000.0,16900.0,67100.0
all_households,fourth_quintile,1995,76400.0,8300.0,84700.0,1100.0,17200.0,68600.0
all_households,fourth_quintile,1996,78000.0,8700.0,86700.0,1000.0,17700.0,70100.0
all_households,fourth_quintile,1997,79400.0,8900.0,88300.0,1000.0,18000.0,71300.0
all_households,fourth_quintile,1998,83600.0,8600.0,92200.0,1100.0,18700.0,74600.0
all_households,fourth_quintile,1999,86600.0,8400.0,95000.0,1200.0,19400.0,76800.0
all_households,fourth_quintile,2000,87900.0,8600.0,96500.0,1400.0,19700.0,78200.0
all_households,fourth_quintile,2001,86300.0,9100.0,95300.0,1400.0,18200.0,78600.0
all_households,fourth_quintile,2002,83500.0,10000.0,93500.0,1700.0,17100.0,78100.0
all_households,fourth_quintile,2003,84800.0,10100.0,95000.0,2000.0,16600.0,80400.0
all_households,fourth_quintile,2004,87900.0,10200.0,98000.0,2200.0,17300.0,82900.0
all_households,fourth_quintile,2005,89800.0,10200.0,100000.0,2100.0,18000.0,84000.0
all_households,fourth_quintile,2006,90900.0,11000.0,101900.0,2000.0,18300.0,85500.0
all_households,fourth_quintile,2007,93000.0,11500.0,104500.0,2200.0,18600.0,88100.0
all_households,fourth_quintile,2008,90400.0,11900.0,102300.0,2300.0,16100.0,88400.0
all_households,fourth_quintile,2009,85900.0,13800.0,99700.0,2800.0,15200.0,87200.0
all_households,fourth_quintile,2010,85100.0,14300.0,99400.0,2800.0,15500.0,86700.0
all_households,fourth_quintile,2011,85300.0,13600.0,98900.0,2700.0,15200.0,86400.0
all_households,fourth_quintile,2012,85700.0,14000.0,99700.0,2600.0,15600.0,86700.0
all_households,fourth_quintile,2013,87700.0,14000.0,101700.0,2700.0,17500.0,86900.0
all_households,fourth_quintile,2014,90100.0,13700.0,103900.0,3400.0,18200.0,89000.0
all_households,fourth_quintile,2015,93500.0,14200.0,107700.0,3700.0,19000.0,92400.0
all_households,highest_quintile,1979,141800.0,4200.0,145900.0,200.0,38900.0,107300.0
all_households,highest_quintile,1980,136600.0,4800.0,141400.0,200.0,37300.0,104300.0
all_households,highest_quintile,1981,135000.0,5500.0,140500.0,200.0,36400.0,104300.0
all_households,highest_quintile,1982,134800.0,6300.0,141100.0,200.0,33100.0,108200.0
all_households,highest_quintile,1983,139500.0,6500.0,146000.0,200.0,33500.0,112600.0
all_households,highest_quintile,1984,151800.0,6600.0,158300.0,200.0,36600.0,121900.0
all_households,highest_quintile,1985,153400.0,6700.0,160000.0,200.0,37000.0,123300.0
all_households,highest_quintile,1986,172900.0,6700.0,179600.0,200.0,41200.0,138500.0
all_households,highest_quintile,1987,164600.0,5700.0,170300.0,200.0,42800.0,127700.0
all_households,highest_quintile,1988,176500.0,6000.0,182500.0,200.0,45400.0,137300.0
all_households,highest_quintile,1989,175100.0,6400.0,181400.0,300.0,44500.0,137200.0
all_households,highest_quintile,1990,170000.0,6700.0,176700.0,300.0,43100.0,133900.0
all_households,highest_quintile,1991,164200.0,7100.0,171200.0,300.0,42100.0,129400.0
all_households,highest_quintile,1992,171000.0,7300.0,178300.0,500.0,44300.0,134400.0
all_households,highest_quintile,1993,170400.0,7800.0,178200.0,500.0,46200.0,132600.0
all_households,highest_quintile,1994,174600.0,7900.0,182500.0,600.0,48400.0,134600.0
all_households,highest_quintile,1995,182800.0,8200.0,191000.0,500.0,51500.0,140000.0
all_households,highest_quintile,1996,193000.0,8700.0,201700.0,500.0,54900.0,147400.0
all_households,highest_quintile,1997,205600.0,9100.0,214700.0,500.0,58400.0,156800.0
all_households,highest_quintile,1998,221300.0,8700.0,230100.0,600.0,61900.0,168700.0
all_households,highest_quintile,1999,237200.0,8000.0,245100.0,600.0,67200.0,178600.0
all_households,highest_quintile,2000,248700.0,8400.0,257100.0,700.0,70300.0,187400.0
all_households,highest_quintile,2001,225700.0,8400.0,234100.0,700.0,61200.0,173600.0
all_households,highest_quintile,2002,214100.0,8800.0,222900.0,900.0,56600.0,167200.0
all_households,highest_quintile,2003,222600.0,8500.0,231100.0,900.0,56300.0,175700.0
all_households,highest_quintile,2004,242500.0,8900.0,251300.0,1000.0,62000.0,190400.0
all_households,highest_quintile,2005,263200.0,9400.0,272600.0,1000.0,68500.0,205000.0
all_households,highest_quintile,2006,274400.0,10200.0,284600.0,1000.0,71600.0,214100.0
all_households,highest_quintile,2007,284600.0,11000.0,295500.0,1100.0,72100.0,224600.0
all_households,highest_quintile,2008,256500.0,10800.0,267300.0,1100.0,62200.0,206200.0
all_households,highest_quintile,2009,228200.0,13000.0,241200.0,1300.0,54700.0,187700.0
all_households,highest_quintile,2010,242100.0,12400.0,254500.0,1300.0,59800.0,196100.0
all_households,highest_quintile,2011,243800.0,11900.0,255600.0,1100.0,59100.0,197700.0
all_households,highest_quintile,2012,263700.0,12400.0,276000.0,1100.0,65000.0,212100.0
all_households,highest_quintile,2013,252600.0,13000.0,265600.0,1000.0,68400.0,198200.0
all_households,highest_quintile,2014,267400.0,13400.0,280900.0,1300.0,73500.0,208700.0
all_households,highest_quintile,2015,276800.0,13600.0,290400.0,1600.0,75900.0,216100.0
all_households,percentiles_81_90,1979,95800.0,3900.0,99600.0,300.0,23300.0,76600.0
all_households,percentiles_81_90,1980,92800.0,4400.0,97100.0,300.0,23100.0,74300.0
all_households,percentiles_81_90,1981,91800.0,5100.0,96800.0,300.0,23300.0,73800.0
all_households,percentiles_81_90,1982,90400.0,5900.0,96400.0,200.0,21400.0,75200.0
all_households,percentiles_81_90,1983,91300.0,6100.0,97400.0,200.0,21000.0,76600.0
all_households,percentiles_81_90,1984,97800.0,6200.0,103900.0,200.0,22500.0,81700.0
all_households,percentiles_81_90,1985,96300.0,6400.0,102700.0,200.0,22300.0,80600.0
all_households,percentiles_81_90,1986,101000.0,6600.0,107600.0,300.0,23600.0,84200.0
all_households,percentiles_81_90,1987,103900.0,5500.0,109300.0,200.0,24600.0,84900.0
all_households,percentiles_81_90,1988,105100.0,5700.0,110800.0,200.0,25100.0,85900.0
all_households,percentiles_81_90,1989,105700.0,6200.0,111900.0,300.0,25200.0,87000.0
all_households,percentiles_81_90,1990,103700.0,6500.0,110200.0,300.0,24700.0,85800.0
all_households,percentiles_81_90,1991,102300.0,7000.0,109300.0,400.0,24300.0,85300.0
all_households,percentiles_81_90,1992,102500.0,7600.0,110100.0,500.0,24400.0,86200.0
all_households,percentiles_81_90,1993,103900.0,7600.0,111500.0,600.0,24700.0,87400.0
all_households,percentiles_81_90,1994,106300.0,7300.0,113600.0,600.0,25700.0,88500.0
all_households,percentiles_81_90,1995,108700.0,8100.0,116900.0,600.0,26500.0,91000.0
all_households,percentiles_81_90,1996,110500.0,8600.0,119100.0,600.0,26900.0,92800.0
all_households,percentiles_81_90,1997,113500.0,8800.0,122300.0,600.0,27900.0,95000.0
all_households,percentiles_81_90,1998,119600.0,8500.0,128200.0,700.0,29300.0,99600.0
all_households,percentiles_81_90,1999,125400.0,8000.0,133300.0,800.0,30900.0,103200.0
all_households,percentiles_81_90,2000,127900.0,8300.0,136200.0,800.0,31500.0,105500.0
all_households,percentiles_81_90,2001,126100.0,8400.0,134500.0,800.0,29600.0,105700.0
all_households,percentiles_81_90,2002,123100.0,9000.0,132200.0,1100.0,28000.0,105300.0
all_households,percentiles_81_90,2003,126200.0,8500.0,134800.0,1100.0,27400.0,108400.0
all_households,percentiles_81_90,2004,130300.0,9200.0,139400.0,1300.0,28400.0,112300.0
all_households,percentiles_81_90,2005,132700.0,9500.0,142200.0,1200.0,29200.0,114200.0
all_households,percentiles_81_90,2006,135600.0,10200.0,145800.0,1200.0,30100.0,117000.0
all_households,percentiles_81_90,2007,137500.0,11200.0,148700.0,1400.0,30100.0,119900.0
all_households,percentiles_81_90,2008,134400.0,11200.0,145600.0,1300.0,27300.0,119600.0
all_households,percentiles_81_90,2009,127900.0,13600.0,141600.0,1600.0,25900.0,117300.0
all_households,percentiles_81_90,2010,129700.0,13100.0,142800.0,1700.0,26900.0,117500.0
all_households,percentiles_81_90,2011,130900.0,12600.0,143600.0,1400.0,26400.0,118600.0
all_households,percentiles_81_90,2012,131600.0,12900.0,144500.0,1400.0,27000.0,118900.0
all_households,percentiles_81_90,2013,133300.0,13700.0,147000.0,1200.0,29700.0,118500.0
all_households,percentiles_81_90,2014,136200.0,14100.0,150300.0,1700.0,30700.0,121400.0
all_households,percentiles_81_90,2015,141100.0,14500.0,155600.0,1900.0,32000.0,125600.0
all_households,percentiles_91_95,1979,120200.0,4100.0,124300.0,200.0,30600.0,93900.0
all_households,percentiles_91_95,1980,116300.0,5000.0,121300.0,200.0,30100.0,91300.0
all_households,percentiles_91_95,1981,115100.0,5600.0,120700.0,200.0,30200.0,90600.0
all_households,percentiles_91_95,1982,113900.0,6100.0,119900.0,200.0,27300.0,92800.0
all_households,percentiles_91_95,1983,115500.0,6800.0,122200.0,100.0,27000.0,95300.0
all_households,percentiles_91_95,1984,125400.0,6900.0,132300.0,100.0,29500.0,102900.0
all_households,percentiles_91_95,1985,125200.0,6800.0,131900.0,200.0,29700.0,102400.0
all_households,percentiles_91_95,1986,131900.0,6500.0,138400.0,200.0,31300.0,107200.0
all_households,percentiles_91_95,1987,135200.0,5700.0,140900.0,100.0,33600.0,107400.0
all_households,percentiles_91_95,1988,138000.0,6200.0,144200.0,200.0,34100.0,110400.0
all_households,percentiles_91_95,1989,139700.0,6500.0,146200.0,200.0,34400.0,112000.0
all_households,percentiles_91_95,1990,136200.0,7000.0,143200.0,300.0,33600.0,110000.0
all_households,percentiles_91_95,1991,133900.0,7300.0,141200.0,400.0,33100.0,108500.0
all_households,percentiles_91_95,1992,137600.0,7000.0,144600.0,500.0,33800.0,111400.0
all_households,percentiles_91_95,1993,137200.0,8200.0,145400.0,400.0,34200.0,111600.0
all_households,percentiles_91_95,1994,141500.0,7600.0,149100.0,500.0,36000.0,113700.0
all_households,percentiles_91_95,1995,144500.0,8200.0,152700.0,600.0,37300.0,116000.0
all_households,percentiles_91_95,1996,149300.0,8600.0,157900.0,500.0,38600.0,119800.0
all_households,percentiles_91_95,1997,155200.0,8700.0,163900.0,500.0,40300.0,124100.0
all_households,percentiles_91_95,1998,162200.0,8800.0,171000.0,500.0,41900.0,129600.0
all_households,percentiles_91_95,1999,170100.0,7900.0,178000.0,500.0,44500.0,134100.0
all_households,percentiles_91_95,2000,174900.0,8200.0,183100.0,600.0,45600.0,138000.0
all_households,percentiles_91_95,2001,169400.0,8300.0,177600.0,600.0,42500.0,135700.0
all_households,percentiles_91_95,2002,166400.0,8600.0,175000.0,800.0,40400.0,135400.0
all_households,percentiles_91_95,2003,170000.0,8700.0,178700.0,900.0,39200.0,140400.0
all_households,percentiles_91_95,2004,176100.0,8700.0,184800.0,900.0,40900.0,144700.0
all_households,percentiles_91_95,2005,182800.0,9700.0,192500.0,900.0,43000.0,150400.0
all_households,percentiles_91_95,2006,187700.0,10300.0,198000.0,900.0,44400.0,154500.0
all_households,percentiles_91_95,2007,191400.0,11200.0,202600.0,1000.0,44700.0,158900.0
all_households,percentiles_91_95,2008,184900.0,10700.0,195500.0,1000.0,41300.0,155200.0
all_households,percentiles_91_95,2009,176500.0,12900.0,189400.0,1100.0,38800.0,151700.0
all_households,percentiles_91_95,2010,180000.0,12700.0,192700.0,1200.0,40400.0,153500.0
all_households,percentiles_91_95,2011,182500.0,11900.0,194400.0,800.0,40100.0,155200.0
all_households,percentiles_91_95,2012,184300.0,13100.0,197300.0,1000.0,41300.0,157000.0
all_households,percentiles_91_95,2013,188600.0,13300.0,201900.0,800.0,44900.0,157700.0
all_households,percentiles_91_95,2014,193300.0,13600.0,206900.0,1100.0,47000.0,161000.0
all_households,percentiles_91_95,2015,200500.0,13200.0,213700.0,1400.0,48800.0,166300.0
all_households,percentiles_96_99,1979,176100.0,4700.0,180900.0,200.0,48700.0,132300.0
all_households,percentiles_96_99,1980,168700.0,5400.0,174100.0,200.0,46800.0,127400.0
all_households,percentiles_96_99,1981,165600.0,6100.0,171700.0,200.0,45600.0,126300.0
all_households,percentiles_96_99,1982,164000.0,7200.0,171200.0,100.0,41100.0,130300.0
all_households,percentiles_96_99,1983,169800.0,6900.0,176700.0,200.0,40400.0,136400.0
all_households,percentiles_96_99,1984,184100.0,6900.0,191000.0,200.0,43900.0,147300.0
all_households,percentiles_96_99,1985,186700.0,7000.0,193700.0,200.0,44800.0,149100.0
all_households,percentiles_96_99,1986,205300.0,6900.0,212200.0,200.0,48900.0,163400.0
all_households,percentiles_96_99,1987,204400.0,6100.0,210600.0,200.0,53500.0,157200.0
all_households,percentiles_96_99,1988,209800.0,6300.0,216100.0,300.0,54000.0,162400.0
all_households,percentiles_96_99,1989,214500.0,6500.0,221000.0,200.0,54900.0,166300.0
all_households,percentiles_96_99,1990,207200.0,6700.0,213900.0,300.0,52800.0,161300.0
all_households,percentiles_96_99,1991,203000.0,6800.0,209800.0,300.0,52400.0,157600.0
all_households,percentiles_96_99,1992,210300.0,6900.0,217200.0,300.0,54500.0,163100.0
all_households,percentiles_96_99,1993,210600.0,7600.0,218200.0,300.0,56500.0,162000.0
all_households,percentiles_96_99,1994,215000.0,9400.0,224400.0,500.0,58700.0,166100.0
all_households,percentiles_96_99,1995,226500.0,8500.0,235000.0,400.0,62900.0,172500.0
all_households,percentiles_96_99,1996,236100.0,9500.0,245600.0,400.0,66100.0,179800.0
all_households,percentiles_96_99,1997,250900.0,10300.0,261100.0,400.0,70600.0,190900.0
all_households,percentiles_96_99,1998,265700.0,9400.0,275100.0,400.0,74200.0,201300.0
all_households,percentiles_96_99,1999,281000.0,8200.0,289200.0,400.0,79900.0,209800.0
all_households,percentiles_96_99,2000,288100.0,9000.0,297100.0,500.0,81800.0,215800.0
all_households,percentiles_96_99,2001,271500.0,8900.0,280400.0,500.0,73600.0,207300.0
all_households,percentiles_96_99,2002,261900.0,8400.0,270300.0,400.0,69200.0,201500.0
all_households,percentiles_96_99,2003,270100.0,8400.0,278500.0,500.0,68500.0,210400.0
all_households,percentiles_96_99,2004,287600.0,8400.0,296000.0,600.0,74000.0,222600.0
all_households,percentiles_96_99,2005,309100.0,9100.0,318200.0,700.0,81200.0,237700.0
all_households,percentiles_96_99,2006,317900.0,10200.0,328100.0,600.0,83800.0,244900.0
all_households,percentiles_96_99,2007,328300.0,10600.0,338900.0,700.0,85000.0,254700.0
all_households,percentiles_96_99,2008,303900.0,10400.0,314300.0,700.0,75900.0,239100.0
all_households,percentiles_96_99,2009,282100.0,12100.0,294300.0,800.0,69100.0,225900.0
all_households,percentiles_96_99,2010,292900.0,11200.0,304100.0,700.0,73800.0,231100.0
all_households,percentiles_96_99,2011,298600.0,10700.0,309300.0,700.0,73800.0,236200.0
all_households,percentiles_96_99,2012,313700.0,10600.0,324300.0,600.0,79200.0,245700.0
all_households,percentiles_96_99,2013,316400.0,11500.0,327900.0,500.0,84900.0,243600.0
all_households,percentiles_96_99,2014,326800.0,12500.0,339300.0,800.0,89100.0,250900.0
all_households,percentiles_96_99,2015,339900.0,12400.0,352300.0,1000.0,92600.0,260700.0
all_households,top_1_percent,1979,551100.0,5600.0,556800.0,200.0,189200.0,367700.0
all_households,top_1_percent,1980,527900.0,5800.0,533600.0,200.0,170400.0,363400.0
all_households,top_1_percent,1981,523200.0,6300.0,529500.0,200.0,154900.0,374900.0
all_households,top_1_percent,1982,554600.0,7300.0,561800.0,200.0,144900.0,417100.0
all_households,top_1_percent,1983,605400.0,7400.0,612800.0,200.0,160200.0,452900.0
all_households,top_1_percent,1984,666300.0,7400.0,673700.0,200.0,176800.0,497100.0
all_households,top_1_percent,1985,722500.0,7600.0,730100.0,200.0,186200.0,544100.0
all_households,top_1_percent,1986,939000.0,8000.0,947000.0,200.0,229100.0,718100.0
all_households,top_1_percent,1987,756600.0,6500.0,763200.0,200.0,226500.0,536900.0
all_households,top_1_percent,1988,954000.0,6700.0,960600.0,200.0,272700.0,688100.0
all_households,top_1_percent,1989,886900.0,6700.0,893600.0,200.0,246800.0,647000.0
all_households,top_1_percent,1990,849000.0,7300.0,856200.0,300.0,234400.0,622100.0
all_households,top_1_percent,1991,763100.0,7300.0,770500.0,300.0,220000.0,550800.0
all_households,top_1_percent,1992,862400.0,7300.0,869700.0,200.0,254900.0,615000.0
all_households,top_1_percent,1993,823800.0,7900.0,831600.0,300.0,273100.0,558800.0
all_households,top_1_percent,1994,841500.0,8700.0,850200.0,400.0,289500.0,561200.0
all_households,top_1_percent,1995,941500.0,7800.0,949300.0,400.0,328000.0,621700.0
all_households,top_1_percent,1996,1047600.0,7400.0,1055000.0,300.0,364700.0,690700.0
all_households,top_1_percent,1997,1206500.0,8700.0,1215300.0,200.0,407800.0,807700.0
all_households,top_1_percent,1998,1369000.0,8000.0,1377000.0,400.0,443500.0,933900.0
all_households,top_1_percent,1999,1494200.0,7700.0,1501900.0,300.0,486500.0,1015700.0
all_households,top_1_percent,2000,1648100.0,8500.0,1656600.0,500.0,530200.0,1126900.0
all_households,top_1_percent,2001,1313200.0,7600.0,1320800.0,500.0,419800.0,901400.0
all_households,top_1_percent,2002,1161700.0,8300.0,1170000.0,600.0,370100.0,800500.0
all_households,top_1_percent,2003,1244400.0,8000.0,1252500.0,500.0,377400.0,875600.0
all_households,top_1_percent,2004,1489700.0,8500.0,1498200.0,500.0,446600.0,1052100.0
all_households,top_1_percent,2005,1803300.0,9300.0,1812600.0,400.0,544500.0,1268500.0
all_households,top_1_percent,2006,1952800.0,9500.0,1962400.0,600.0,582400.0,1380500.0
all_households,top_1_percent,2007,2056700.0,9500.0,2066200.0,400.0,580000.0,1486700.0
all_households,top_1_percent,2008,1668500.0,9200.0,1677700.0,700.0,467000.0,1211400.0
all_households,top_1_percent,2009,1299100.0,10000.0,1309100.0,700.0,372400.0,937500.0
all_households,top_1_percent,2010,1506400.0,9500.0,1515900.0,800.0,439300.0,1077400.0
all_households,top_1_percent,2011,1500800.0,9300.0,1510100.0,900.0,434800.0,1076200.0
all_households,top_1_percent,2012,1852700.0,10100.0,1862800.0,800.0,528500.0,1335000.0
all_households,top_1_percent,2013,1550000.0,10500.0,1560500.0,700.0,519700.0,1041500.0
all_households,top_1_percent,2014,1751600.0,10000.0,1761600.0,1000.0,586400.0,1176200.0
all_households,top_1_percent,2015,1818800.0,10800.0,1829500.0,1100.0,602900.0,1227700.0
hh_with_children,all_quintiles,1979,71800.0,1700.0,73400.0,2400.0,16100.0,59700.0
hh_with_children,all_quintiles,1980,68400.0,1900.0,70300.0,2500.0,15600.0,57200.0
hh_with_children,all_quintiles,1981,68200.0,1900.0,70000.0,2500.0,16000.0,56500.0
hh_with_children,all_quintiles,1982,66400.0,2200.0,68600.0,2400.0,14600.0,56400.0
hh_with_children,all_quintiles,1983,67100.0,2100.0,69200.0,2400.0,14700.0,56900.0
hh_with_children,all_quintiles,1984,72700.0,1800.0,74500.0,2400.0,16100.0,60800.0
hh_with_children,all_quintiles,1985,72100.0,1800.0,73900.0,2400.0,15900.0,60400.0
hh_with_children,all_quintiles,1986,77500.0,1800.0,79300.0,2500.0,17200.0,64600.0
hh_with_children,all_quintiles,1987,75200.0,1700.0,76900.0,2600.0,17000.0,62400.0
hh_with_children,all_quintiles,1988,77300.0,1800.0,79100.0,2500.0,17500.0,64100.0
hh_with_children,all_quintiles,1989,79400.0,1900.0,81300.0,2700.0,17900.0,66100.0
hh_with_children,all_quintiles,1990,77800.0,1800.0,79600.0,3100.0,17600.0,65100.0
hh_with_children,all_quintiles,1991,76600.0,2100.0,78600.0,3400.0,17500.0,64600.0
hh_with_children,all_quintiles,1992,77300.0,2300.0,79600.0,3700.0,17600.0,65700.0
hh_with_children,all_quintiles,1993,78400.0,2300.0,80700.0,4000.0,18400.0,66300.0
hh_with_children,all_quintiles,1994,80300.0,2100.0,82400.0,4000.0,18800.0,67500.0
hh_with_children,all_quintiles,1995,85400.0,2200.0,87600.0,3900.0,20200.0,71300.0
hh_with_children,all_quintiles,1996,86500.0,2200.0,88700.0,3700.0,20400.0,72000.0
hh_with_children,all_quintiles,1997,91100.0,2200.0,93300.0,3400.0,21700.0,75100.0
hh_with_children,all_quintiles,1998,97700.0,2000.0,99700.0,3600.0,22700.0,80600.0
hh_with_children,all_quintiles,1999,104300.0,2000.0,106300.0,3600.0,24700.0,85200.0
hh_with_children,all_quintiles,2000,108900.0,2100.0,111000.0,3600.0,26000.0,88600.0
hh_with_children,all_quintiles,2001,102300.0,2400.0,104600.0,4000.0,22900.0,85700.0
hh_with_children,all_quintiles,2002,99300.0,2600.0,101900.0,4400.0,21600.0,84800.0
hh_with_children,all_quintiles,2003,100900.0,2600.0,103500.0,4700.0,20700.0,87600.0
hh_with_children,all_quintiles,2004,107400.0,2600.0,109900.0,4900.0,22400.0,92500.0
hh_with_children,all_quintiles,2005,111900.0,2400.0,114400.0,5000.0,23700.0,95700.0
hh_with_children,all_quintiles,2006,117500.0,2500.0,120000.0,5000.0,25200.0,99800.0
hh_with_children,all_quintiles,2007,122700.0,2700.0,125400.0,5300.0,26000.0,104700.0
hh_with_children,all_quintiles,2008,114900.0,3000.0,117900.0,5600.0,22200.0,101300.0
hh_with_children,all_quintiles,2009,105800.0,4000.0,109700.0,6500.0,19800.0,96300.0
hh_with_children,all_quintiles,2010,111400.0,4000.0,115400.0,6800.0,22000.0,100200.0
hh_with_children,all_quintiles,2011,109700.0,3600.0,113300.0,6700.0,21100.0,98900.0
hh_with_children,all_quintiles,2012,114700.0,3400.0,118100.0,6800.0,22700.0,102300.0
hh_with_children,all_quintiles,2013,114800.0,3200.0,118000.0,7100.0,25300.0,99800.0
hh_with_children,all_quintiles,2014,118900.0,3100.0,122000.0,8400.0,26700.0,103600.0
hh_with_children,all_quintiles,2015,125400.0,3200.0,128600.0,9200.0,28400.0,109400.0
hh_with_children,lowest_quintile,1979,19700.0,1500.0,21300.0,5800.0,3000.0,24100.0
hh_with_children,lowest_quintile,1980,18800.0,1500.0,20300.0,5500.0,2800.0,23100.0
hh_with_children,lowest_quintile,1981,18400.0,1400.0,19800.0,5600.0,3000.0,22500.0
hh_with_children,lowest_quintile,1982,17200.0,1700.0,18900.0,5600.0,2700.0,21800.0
hh_with_children,lowest_quintile,1983,16300.0,1600.0,17800.0,5800.0,2700.0,20900.0
hh_with_children,lowest_quintile,1984,17900.0,1300.0,19200.0,5500.0,3200.0,21500.0
hh_with_children,lowest_quintile,1985,17500.0,1300.0,18900.0,5700.0,3100.0,21400.0
hh_with_children,lowest_quintile,1986,17300.0,1400.0,18700.0,5800.0,3000.0,21500.0
hh_with_children,lowest_quintile,1987,15600.0,1300.0,17000.0,6600.0,2400.0,21200.0
hh_with_children,lowest_quintile,1988,16400.0,1400.0,17900.0,6200.0,2400.0,21700.0
hh_with_children,lowest_quintile,1989,17600.0,1300.0,18900.0,6200.0,2300.0,22800.0
hh_with_children,lowest_quintile,1990,18900.0,1200.0,20100.0,6800.0,2900.0,24000.0
hh_with_children,lowest_quintile,1991,19100.0,1300.0,20400.0,7200.0,2800.0,24700.0
hh_with_children,lowest_quintile,1992,19200.0,1500.0,20800.0,6900.0,2700.0,24900.0
hh_with_children,lowest_quintile,1993,19800.0,1400.0,21200.0,7300.0,2800.0,25600.0
hh_with_children,lowest_quintile,1994,19700.0,1200.0,21000.0,7300.0,2400.0,25800.0
hh_with_children,lowest_quintile,1995,22100.0,1100.0,23200.0,6900.0,2500.0,27600.0
hh_with_children,lowest_quintile,1996,22200.0,1200.0,23300.0,6100.0,2300.0,27100.0
hh_with_children,lowest_quintile,1997,23800.0,1300.0,25100.0,5100.0,2500.0,27700.0
hh_with_children,lowest_quintile,1998,25500.0,1000.0,26500.0,5700.0,2500.0,29700.0
hh_with_children,lowest_quintile,1999,26300.0,1100.0,27400.0,5700.0,2700.0,30400.0
hh_with_children,lowest_quintile,2000,25400.0,1100.0,26500.0,5600.0,2200.0,30000.0
hh_with_children,lowest_quintile,2001,24600.0,1300.0,25800.0,6300.0,1900.0,30200.0
hh_with_children,lowest_quintile,2002,25000.0,1400.0,26400.0,6600.0,1800.0,31200.0
hh_with_children,lowest_quintile,2003,24100.0,1400.0,25500.0,7200.0,1600.0,31100.0
hh_with_children,lowest_quintile,2004,24800.0,1400.0,26200.0,7500.0,1600.0,32100.0
hh_with_children,lowest_quintile,2005,25400.0,1200.0,26600.0,7700.0,1600.0,32800.0
hh_with_children,lowest_quintile,2006,25900.0,1000.0,26900.0,7800.0,1700.0,33100.0
hh_with_children,lowest_quintile,2007,28300.0,1100.0,29400.0,8000.0,1700.0,35700.0
hh_with_children,lowest_quintile,2008,27200.0,1400.0,28500.0,8600.0,200.0,37000.0
hh_with_children,lowest_quintile,2009,25200.0,2000.0,27200.0,9400.0,-200.0,36800.0
hh_with_children,lowest_quintile,2010,25900.0,2100.0,28000.0,9800.0,,37800.0
hh_with_children,lowest_quintile,2011,25400.0,1800.0,27200.0,10200.0,,37400.0
hh_with_children,lowest_quintile,2012,24600.0,1500.0,26100.0,10300.0,,36400.0
hh_with_children,lowest_quintile,2013,25600.0,1200.0,26800.0,10700.0,400.0,37100.0
hh_with_children,lowest_quintile,2014,25900.0,1100.0,27000.0,12400.0,600.0,38700.0
hh_with_children,lowest_quintile,2015,27200.0,900.0,28100.0,13300.0,600.0,40800.0
hh_with_children,second_quintile,1979,44600.0,1900.0,46500.0,3000.0,8400.0,41100.0
hh_with_children,second_quintile,1980,42200.0,2100.0,44300.0,3400.0,8000.0,39600.0
hh_with_children,second_quintile,1981,42600.0,2100.0,44700.0,3200.0,8600.0,39300.0
hh_with_children,second_quintile,1982,41200.0,2600.0,43800.0,3400.0,7900.0,39300.0
hh_with_children,second_quintile,1983,40400.0,2500.0,42900.0,3200.0,7700.0,38400.0
hh_with_children,second_quintile,1984,43600.0,2100.0,45700.0,3200.0,8600.0,40300.0
hh_with_children,second_quintile,1985,43500.0,2200.0,45700.0,3200.0,8500.0,40400.0
hh_with_children,second_quintile,1986,44100.0,2300.0,46500.0,3200.0,8800.0,40900.0
hh_with_children,second_quintile,1987,43700.0,2200.0,45900.0,2800.0,8200.0,40500.0
hh_with_children,second_quintile,1988,44400.0,2200.0,46600.0,2800.0,8500.0,40800.0
hh_with_children,second_quintile,1989,44500.0,2300.0,46700.0,3300.0,8400.0,41700.0
hh_with_children,second_quintile,1990,45700.0,2100.0,47800.0,3800.0,9000.0,42600.0
hh_with_children,second_quintile,1991,44000.0,2400.0,46400.0,4400.0,8400.0,42400.0
hh_with_children,second_quintile,1992,43100.0,2500.0,45600.0,5200.0,8100.0,42700.0
hh_with_children,second_quintile,1993,42600.0,2600.0,45200.0,5800.0,8000.0,43000.0
hh_with_children,second_quintile,1994,43600.0,2400.0,45900.0,5400.0,7800.0,43500.0
hh_with_children,second_quintile,1995,45900.0,2400.0,48300.0,5500.0,8300.0,45500.0
hh_with_children,second_quintile,1996,45500.0,2300.0,47800.0,5700.0,8000.0,45500.0
hh_with_children,second_quintile,1997,47500.0,2300.0,49800.0,5500.0,8500.0,46800.0
hh_with_children,second_quintile,1998,50000.0,2200.0,52300.0,5600.0,8400.0,49500.0
hh_with_children,second_quintile,1999,51600.0,2300.0,53800.0,5600.0,8600.0,50800.0
hh_with_children,second_quintile,2000,52600.0,2300.0,54800.0,5300.0,8700.0,51500.0
hh_with_children,second_quintile,2001,51700.0,2500.0,54300.0,5700.0,7600.0,52400.0
hh_with_children,second_quintile,2002,50400.0,2800.0,53100.0,6400.0,7100.0,52500.0
hh_with_children,second_quintile,2003,49800.0,2700.0,52500.0,6800.0,6300.0,53000.0
hh_with_children,second_quintile,2004,51400.0,2800.0,54300.0,7100.0,6600.0,54700.0
hh_with_children,second_quintile,2005,51900.0,2600.0,54500.0,7600.0,6600.0,55600.0
hh_with_children,second_quintile,2006,53200.0,2600.0,55800.0,7300.0,6800.0,56300.0
hh_with_children,second_quintile,2007,56500.0,2700.0,59100.0,7400.0,7400.0,59100.0
hh_with_children,second_quintile,2008,53900.0,2900.0,56800.0,8000.0,5100.0,59800.0
hh_with_children,second_quintile,2009,51300.0,4000.0,55300.0,9100.0,4500.0,59900.0
hh_with_children,second_quintile,2010,51600.0,3700.0,55300.0,9600.0,4800.0,60100.0
hh_with_children,second_quintile,2011,50500.0,3700.0,54200.0,9500.0,4600.0,59200.0
hh_with_children,second_quintile,2012,50500.0,3500.0,53900.0,9600.0,4600.0,58900.0
hh_with_children,second_quintile,2013,52200.0,2800.0,55100.0,10000.0,5800.0,59400.0
hh_with_children,second_quintile,2014,52900.0,2700.0,55600.0,11200.0,6000.0,60900.0
hh_with_children,second_quintile,2015,55300.0,2600.0,57900.0,12600.0,6300.0,64200.0
hh_with_children,middle_quintile,1979,67200.0,1600.0,68800.0,1100.0,14200.0,55800.0
hh_with_children,middle_quintile,1980,64800.0,2100.0,66900.0,1300.0,14000.0,54300.0
hh_with_children,middle_quintile,1981,65600.0,1900.0,67500.0,1200.0,14800.0,54000.0
hh_with_children,middle_quintile,1982,64800.0,2300.0,67100.0,1000.0,14000.0,54100.0
hh_with_children,middle_quintile,1983,64400.0,2300.0,66700.0,800.0,13500.0,54100.0
hh_with_children,middle_quintile,1984,68200.0,2000.0,70200.0,1000.0,14500.0,56700.0
hh_with_children,middle_quintile,1985,68600.0,2000.0,70600.0,900.0,14700.0,56900.0
hh_with_children,middle_quintile,1986,70600.0,2000.0,72600.0,900.0,15200.0,58300.0
hh_with_children,middle_quintile,1987,70700.0,1800.0,72500.0,800.0,14700.0,58700.0
hh_with_children,middle_quintile,1988,71400.0,1900.0,73300.0,1000.0,15100.0,59200.0
hh_with_children,middle_quintile,1989,72400.0,2000.0,74400.0,1000.0,15300.0,60100.0
hh_with_children,middle_quintile,1990,72100.0,2200.0,74300.0,1600.0,15300.0,60600.0
hh_with_children,middle_quintile,1991,70900.0,2600.0,73500.0,2000.0,15200.0,60300.0
hh_with_children,middle_quintile,1992,70000.0,2900.0,72900.0,2500.0,14700.0,60600.0
hh_with_children,middle_quintile,1993,70600.0,2800.0,73400.0,2700.0,14900.0,61200.0
hh_with_children,middle_quintile,1994,71700.0,2500.0,74200.0,2900.0,15100.0,62000.0
hh_with_children,middle_quintile,1995,73900.0,2700.0,76700.0,3100.0,15500.0,64300.0
hh_with_children,middle_quintile,1996,74800.0,2900.0,77700.0,2900.0,15600.0,65000.0
hh_with_children,middle_quintile,1997,76600.0,2900.0,79500.0,2900.0,16100.0,66300.0
hh_with_children,middle_quintile,1998,79700.0,2800.0,82500.0,3000.0,15900.0,69600.0
hh_with_children,middle_quintile,1999,82800.0,2600.0,85400.0,2900.0,16500.0,71800.0
hh_with_children,middle_quintile,2000,83700.0,2800.0,86500.0,3200.0,16600.0,73200.0
hh_with_children,middle_quintile,2001,82900.0,3200.0,86000.0,3500.0,15100.0,74400.0
hh_with_children,middle_quintile,2002,80100.0,3500.0,83700.0,4200.0,14200.0,73700.0
hh_with_children,middle_quintile,2003,79800.0,3500.0,83200.0,4400.0,13100.0,74500.0
hh_with_children,middle_quintile,2004,82400.0,3400.0,85800.0,4600.0,13700.0,76800.0
hh_with_children,middle_quintile,2005,84100.0,3400.0,87400.0,4500.0,14100.0,77900.0
hh_with_children,middle_quintile,2006,85500.0,3700.0,89200.0,4400.0,14300.0,79300.0
hh_with_children,middle_quintile,2007,88500.0,3900.0,92400.0,4900.0,14800.0,82400.0
hh_with_children,middle_quintile,2008,85700.0,4200.0,89900.0,5300.0,12200.0,83000.0
hh_with_children,middle_quintile,2009,82000.0,5400.0,87400.0,6400.0,11500.0,82300.0
hh_with_children,middle_quintile,2010,82500.0,5700.0,88200.0,6700.0,12000.0,82900.0
hh_with_children,middle_quintile,2011,81500.0,5000.0,86500.0,6700.0,11500.0,81700.0
hh_with_children,middle_quintile,2012,81700.0,5100.0,86900.0,6700.0,11600.0,81900.0
hh_with_children,middle_quintile,2013,82800.0,5000.0,87900.0,7300.0,13400.0,81800.0
hh_with_children,middle_quintile,2014,85000.0,4700.0,89700.0,8400.0,13800.0,84200.0
hh_with_children,middle_quintile,2015,88400.0,4500.0,92900.0,9200.0,14500.0,87600.0
hh_with_children,fourth_quintile,1979,91700.0,1600.0,93300.0,700.0,20500.0,73400.0
hh_with_children,fourth_quintile,1980,89100.0,2000.0,91100.0,700.0,20400.0,71300.0
hh_with_children,fourth_quintile,1981,91000.0,2000.0,93000.0,700.0,21700.0,71900.0
hh_with_children,fourth_quintile,1982,90400.0,2200.0,92600.0,400.0,20400.0,72600.0
hh_with_children,fourth_quintile,1983,90600.0,2000.0,92600.0,300.0,20100.0,72900.0
hh_with_children,fourth_quintile,1984,96000.0,1700.0,97700.0,500.0,21400.0,76800.0
hh_with_children,fourth_quintile,1985,96300.0,1900.0,98200.0,500.0,21600.0,77100.0
hh_with_children,fourth_quintile,1986,99500.0,1900.0,101400.0,400.0,22500.0,79300.0
hh_with_children,fourth_quintile,1987,100700.0,1700.0,102400.0,400.0,22300.0,80600.0
hh_with_children,fourth_quintile,1988,101700.0,1800.0,103400.0,600.0,22900.0,81100.0
hh_with_children,fourth_quintile,1989,103000.0,2000.0,104900.0,600.0,23200.0,82300.0
hh_with_children,fourth_quintile,1990,103100.0,2100.0,105200.0,700.0,23400.0,82400.0
hh_with_children,fourth_quintile,1991,101300.0,2100.0,103400.0,800.0,23000.0,81300.0
hh_with_children,fourth_quintile,1992,101900.0,2600.0,104500.0,1200.0,22900.0,82700.0
hh_with_children,fourth_quintile,1993,102900.0,2400.0,105300.0,1300.0,23300.0,83300.0
hh_with_children,fourth_quintile,1994,104500.0,2200.0,106700.0,1400.0,23800.0,84400.0
hh_with_children,fourth_quintile,1995,107400.0,2400.0,109900.0,1500.0,24500.0,86800.0
hh_with_children,fourth_quintile,1996,109900.0,2600.0,112500.0,1300.0,24900.0,88800.0
hh_with_children,fourth_quintile,1997,112600.0,2500.0,115200.0,1300.0,25700.0,90700.0
hh_with_children,fourth_quintile,1998,117500.0,2500.0,120000.0,1300.0,26200.0,95100.0
hh_with_children,fourth_quintile,1999,120900.0,2500.0,123400.0,1400.0,26900.0,98000.0
hh_with_children,fourth_quintile,2000,123700.0,2400.0,126100.0,1600.0,27700.0,99900.0
hh_with_children,fourth_quintile,2001,122500.0,2800.0,125300.0,1600.0,25800.0,101200.0
hh_with_children,fourth_quintile,2002,119200.0,3100.0,122300.0,2100.0,24400.0,99900.0
hh_with_children,fourth_quintile,2003,120400.0,3300.0,123700.0,2400.0,23000.0,103200.0
hh_with_children,fourth_quintile,2004,123300.0,3000.0,126400.0,2500.0,23700.0,105200.0
hh_with_children,fourth_quintile,2005,126500.0,2900.0,129400.0,2200.0,24600.0,107000.0
hh_with_children,fourth_quintile,2006,129700.0,3200.0,132900.0,2300.0,25300.0,109900.0
hh_with_children,fourth_quintile,2007,133300.0,3600.0,136900.0,2500.0,25900.0,113400.0
hh_with_children,fourth_quintile,2008,129800.0,3900.0,133700.0,2700.0,23000.0,113400.0
hh_with_children,fourth_quintile,2009,125900.0,5200.0,131100.0,3400.0,21900.0,112600.0
hh_with_children,fourth_quintile,2010,127300.0,5300.0,132600.0,3600.0,22900.0,113200.0
hh_with_children,fourth_quintile,2011,126800.0,4600.0,131400.0,3200.0,22200.0,112400.0
hh_with_children,fourth_quintile,2012,127800.0,4500.0,132300.0,3300.0,22900.0,112700.0
hh_with_children,fourth_quintile,2013,131600.0,4300.0,135900.0,3200.0,26000.0,113000.0
hh_with_children,fourth_quintile,2014,132500.0,4500.0,137000.0,4800.0,26600.0,115100.0
hh_with_children,fourth_quintile,2015,137300.0,5000.0,142300.0,5200.0,27900.0,119600.0
hh_with_children,highest_quintile,1979,173500.0,1600.0,175100.0,400.0,44500.0,131000.0
hh_with_children,highest_quintile,1980,170800.0,1800.0,172600.0,400.0,43900.0,129000.0
hh_with_children,highest_quintile,1981,171400.0,2000.0,173400.0,400.0,43900.0,129800.0
hh_with_children,highest_quintile,1982,171600.0,2100.0,173700.0,300.0,40300.0,133700.0
hh_with_children,highest_quintile,1983,182000.0,1800.0,183900.0,300.0,42600.0,141500.0
hh_with_children,highest_quintile,1984,196900.0,1900.0,198800.0,300.0,46000.0,153200.0
hh_with_children,highest_quintile,1985,194800.0,1600.0,196300.0,300.0,45000.0,151700.0
hh_with_children,highest_quintile,1986,228300.0,1600.0,229900.0,400.0,52900.0,177400.0
hh_with_children,highest_quintile,1987,213300.0,1600.0,214900.0,300.0,54200.0,161000.0
hh_with_children,highest_quintile,1988,224000.0,1600.0,225700.0,300.0,55900.0,170100.0
hh_with_children,highest_quintile,1989,229000.0,1900.0,231000.0,400.0,56900.0,174500.0
hh_with_children,highest_quintile,1990,217600.0,1700.0,219400.0,400.0,53800.0,166000.0
hh_with_children,highest_quintile,1991,214600.0,2100.0,216700.0,600.0,54700.0,162600.0
hh_with_children,highest_quintile,1992,220300.0,2300.0,222500.0,700.0,56500.0,166800.0
hh_with_children,highest_quintile,1993,223300.0,2500.0,225800.0,700.0,60500.0,166000.0
hh_with_children,highest_quintile,1994,227000.0,2300.0,229300.0,800.0,62600.0,167500.0
hh_with_children,highest_quintile,1995,244800.0,2600.0,247300.0,800.0,69000.0,179200.0
hh_with_children,highest_quintile,1996,260200.0,2100.0,262300.0,700.0,73700.0,189200.0
hh_with_children,highest_quintile,1997,276500.0,2400.0,278800.0,600.0,78600.0,200800.0
hh_with_children,highest_quintile,1998,299800.0,1900.0,301600.0,500.0,84400.0,217800.0
hh_with_children,highest_quintile,1999,322500.0,1800.0,324300.0,700.0,92500.0,232500.0
hh_with_children,highest_quintile,2000,344100.0,2200.0,346400.0,800.0,99100.0,248000.0
hh_with_children,highest_quintile,2001,311600.0,2200.0,313800.0,900.0,86200.0,228500.0
hh_with_children,highest_quintile,2002,292400.0,2400.0,294800.0,1000.0,78600.0,217200.0
hh_with_children,highest_quintile,2003,304100.0,2400.0,306600.0,1100.0,77900.0,229800.0
hh_with_children,highest_quintile,2004,327800.0,2500.0,330200.0,1200.0,84800.0,246600.0
hh_with_children,highest_quintile,2005,354900.0,2300.0,357200.0,1100.0,93400.0,264900.0
hh_with_children,highest_quintile,2006,390000.0,2300.0,392300.0,1200.0,103100.0,290300.0
hh_with_children,highest_quintile,2007,416500.0,2600.0,419100.0,1200.0,108000.0,312300.0
hh_with_children,highest_quintile,2008,364400.0,2700.0,367100.0,1400.0,91100.0,277500.0
hh_with_children,highest_quintile,2009,323800.0,3700.0,327500.0,1600.0,80300.0,248900.0
hh_with_children,highest_quintile,2010,355000.0,3500.0,358400.0,1600.0,90800.0,269300.0
hh_with_children,highest_quintile,2011,346400.0,3500.0,349900.0,1400.0,86700.0,264600.0
hh_with_children,highest_quintile,2012,386000.0,3000.0,389000.0,1300.0,98200.0,292200.0
hh_with_children,highest_quintile,2013,373200.0,3200.0,376400.0,1300.0,105200.0,272500.0
hh_with_children,highest_quintile,2014,398400.0,3300.0,401800.0,1900.0,114000.0,289600.0
hh_with_children,highest_quintile,2015,420900.0,3700.0,424500.0,2400.0,120800.0,306100.0
hh_with_children,percentiles_81_90,1979,122700.0,1600.0,124300.0,500.0,28700.0,96000.0
hh_with_children,percentiles_81_90,1980,120800.0,1800.0,122600.0,400.0,29100.0,93800.0
hh_with_children,percentiles_81_90,1981,120500.0,2000.0,122500.0,400.0,30000.0,92900.0
hh_with_children,percentiles_81_90,1982,120500.0,2100.0,122600.0,300.0,28100.0,94800.0
hh_with_children,percentiles_81_90,1983,121900.0,2000.0,123900.0,200.0,27800.0,96300.0
hh_with_children,percentiles_81_90,1984,130100.0,2000.0,132100.0,400.0,29600.0,102900.0
hh_with_children,percentiles_81_90,1985,129700.0,1600.0,131300.0,300.0,29800.0,101800.0
hh_with_children,percentiles_81_90,1986,135500.0,1700.0,137100.0,400.0,31400.0,106200.0
hh_with_children,percentiles_81_90,1987,137000.0,1600.0,138600.0,300.0,31900.0,107000.0
hh_with_children,percentiles_81_90,1988,138700.0,1800.0,140400.0,300.0,32300.0,108400.0
hh_with_children,percentiles_81_90,1989,140700.0,2200.0,143000.0,400.0,32900.0,110500.0
hh_with_children,percentiles_81_90,1990,140600.0,1900.0,142500.0,400.0,33200.0,109800.0
hh_with_children,percentiles_81_90,1991,139300.0,2300.0,141600.0,600.0,33200.0,109000.0
hh_with_children,percentiles_81_90,1992,139200.0,2500.0,141700.0,700.0,33000.0,109400.0
hh_with_children,percentiles_81_90,1993,140600.0,2800.0,143300.0,800.0,33300.0,110900.0
hh_with_children,percentiles_81_90,1994,143300.0,2500.0,145800.0,800.0,34400.0,112200.0
hh_with_children,percentiles_81_90,1995,148100.0,2700.0,150800.0,900.0,35800.0,115800.0
hh_with_children,percentiles_81_90,1996,152800.0,2200.0,155000.0,900.0,36600.0,119200.0
hh_with_children,percentiles_81_90,1997,157400.0,2600.0,160000.0,800.0,38500.0,122300.0
hh_with_children,percentiles_81_90,1998,164400.0,2200.0,166700.0,600.0,39600.0,127600.0
hh_with_children,percentiles_81_90,1999,170100.0,2200.0,172300.0,800.0,41500.0,131600.0
hh_with_children,percentiles_81_90,2000,174400.0,2300.0,176700.0,900.0,42900.0,134800.0
hh_with_children,percentiles_81_90,2001,173000.0,2700.0,175700.0,1000.0,40700.0,136000.0
hh_with_children,percentiles_81_90,2002,168400.0,2900.0,171200.0,1200.0,38100.0,134300.0
hh_with_children,percentiles_81_90,2003,171000.0,2800.0,173800.0,1300.0,36500.0,138500.0
hh_with_children,percentiles_81_90,2004,175500.0,2900.0,178500.0,1500.0,38100.0,141900.0
hh_with_children,percentiles_81_90,2005,181100.0,2700.0,183800.0,1300.0,39500.0,145600.0
hh_with_children,percentiles_81_90,2006,186900.0,2700.0,189600.0,1400.0,40800.0,150200.0
hh_with_children,percentiles_81_90,2007,191200.0,3200.0,194400.0,1400.0,41600.0,154200.0
hh_with_children,percentiles_81_90,2008,185400.0,3400.0,188700.0,1700.0,38200.0,152200.0
hh_with_children,percentiles_81_90,2009,181700.0,4200.0,185900.0,1900.0,37300.0,150500.0
hh_with_children,percentiles_81_90,2010,183600.0,4200.0,187800.0,2000.0,38500.0,151300.0
hh_with_children,percentiles_81_90,2011,184200.0,4000.0,188200.0,1600.0,37500.0,152400.0
hh_with_children,percentiles_81_90,2012,186900.0,3400.0,190300.0,1600.0,38700.0,153300.0
hh_with_children,percentiles_81_90,2013,191500.0,3500.0,195000.0,1700.0,43400.0,153200.0
hh_with_children,percentiles_81_90,2014,195300.0,4000.0,199300.0,2400.0,44800.0,156900.0
hh_with_children,percentiles_81_90,2015,202500.0,4400.0,206900.0,3000.0,46900.0,163000.0
hh_with_children,percentiles_91_95,1979,155400.0,1600.0,157000.0,400.0,37600.0,119800.0
hh_with_children,percentiles_91_95,1980,152400.0,2100.0,154500.0,300.0,37600.0,117300.0
hh_with_children,percentiles_91_95,1981,151500.0,2300.0,153800.0,300.0,37900.0,116200.0
hh_with_children,percentiles_91_95,1982,151600.0,2300.0,154000.0,300.0,35100.0,119200.0
hh_with_children,percentiles_91_95,1983,155900.0,1800.0,157600.0,200.0,35100.0,122700.0
hh_with_children,percentiles_91_95,1984,165700.0,1900.0,167600.0,300.0,37400.0,130400.0
hh_with_children,percentiles_91_95,1985,166400.0,1700.0,168100.0,300.0,37600.0,130800.0
hh_with_children,percentiles_91_95,1986,173500.0,1900.0,175400.0,300.0,39600.0,136100.0
hh_with_children,percentiles_91_95,1987,177000.0,1700.0,178700.0,200.0,42800.0,136100.0
hh_with_children,percentiles_91_95,1988,180500.0,1600.0,182100.0,400.0,42900.0,139500.0
hh_with_children,percentiles_91_95,1989,183300.0,1800.0,185000.0,400.0,43800.0,141600.0
hh_with_children,percentiles_91_95,1990,183700.0,1600.0,185400.0,400.0,43500.0,142200.0
hh_with_children,percentiles_91_95,1991,179900.0,2100.0,182000.0,500.0,43700.0,138800.0
hh_with_children,percentiles_91_95,1992,183400.0,1800.0,185200.0,900.0,44200.0,141900.0
hh_with_children,percentiles_91_95,1993,183500.0,2900.0,186400.0,600.0,45300.0,141700.0
hh_with_children,percentiles_91_95,1994,188100.0,2300.0,190400.0,800.0,47000.0,144100.0
hh_with_children,percentiles_91_95,1995,194600.0,2500.0,197100.0,900.0,49200.0,148800.0
hh_with_children,percentiles_91_95,1996,202700.0,2100.0,204800.0,500.0,51400.0,153900.0
hh_with_children,percentiles_91_95,1997,209300.0,2200.0,211500.0,500.0,53100.0,159000.0
hh_with_children,percentiles_91_95,1998,222500.0,1600.0,224200.0,400.0,56800.0,167700.0
hh_with_children,percentiles_91_95,1999,230500.0,2000.0,232500.0,600.0,59600.0,173400.0
hh_with_children,percentiles_91_95,2000,237400.0,2600.0,240000.0,700.0,61600.0,179100.0
hh_with_children,percentiles_91_95,2001,231000.0,2000.0,233000.0,700.0,58300.0,175400.0
hh_with_children,percentiles_91_95,2002,224300.0,2600.0,226900.0,800.0,54600.0,173100.0
hh_with_children,percentiles_91_95,2003,227800.0,2600.0,230400.0,1200.0,52200.0,179400.0
hh_with_children,percentiles_91_95,2004,237300.0,2400.0,239700.0,1000.0,54700.0,186000.0
hh_with_children,percentiles_91_95,2005,246200.0,2100.0,248300.0,1100.0,57900.0,191500.0
hh_with_children,percentiles_91_95,2006,256800.0,2200.0,259000.0,1000.0,60800.0,199100.0
hh_with_children,percentiles_91_95,2007,265700.0,2500.0,268200.0,1200.0,62600.0,206800.0
hh_with_children,percentiles_91_95,2008,254200.0,2300.0,256500.0,1300.0,58100.0,199700.0
hh_with_children,percentiles_91_95,2009,245400.0,4100.0,249500.0,1400.0,55300.0,195700.0
hh_with_children,percentiles_91_95,2010,248900.0,3300.0,252200.0,1400.0,57400.0,196200.0
hh_with_children,percentiles_91_95,2011,249300.0,3700.0,253000.0,1100.0,55800.0,198400.0
hh_with_children,percentiles_91_95,2012,258100.0,3100.0,261200.0,1100.0,59100.0,203100.0
hh_with_children,percentiles_91_95,2013,264900.0,3700.0,268600.0,1100.0,64800.0,205000.0
hh_with_children,percentiles_91_95,2014,272200.0,3100.0,275200.0,1500.0,68100.0,208600.0
hh_with_children,percentiles_91_95,2015,281400.0,3600.0,285000.0,2000.0,70600.0,216400.0
hh_with_children,percentiles_96_99,1979,230000.0,1600.0,231600.0,300.0,60700.0,171200.0
hh_with_children,percentiles_96_99,1980,223900.0,1700.0,225600.0,300.0,59600.0,166400.0
hh_with_children,percentiles_96_99,1981,223500.0,1700.0,225200.0,400.0,58400.0,167200.0
hh_with_children,percentiles_96_99,1982,223400.0,1900.0,225300.0,300.0,53800.0,171900.0
hh_with_children,percentiles_96_99,1983,230900.0,1400.0,232300.0,300.0,53300.0,179400.0
hh_with_children,percentiles_96_99,1984,245400.0,1800.0,247200.0,300.0,56300.0,191200.0
hh_with_children,percentiles_96_99,1985,248200.0,1200.0,249400.0,300.0,56000.0,193800.0
hh_with_children,percentiles_96_99,1986,276700.0,1200.0,277800.0,300.0,63700.0,214400.0
hh_with_children,percentiles_96_99,1987,267000.0,1600.0,268600.0,300.0,67300.0,201700.0
hh_with_children,percentiles_96_99,1988,279200.0,1400.0,280700.0,300.0,69800.0,211200.0
hh_with_children,percentiles_96_99,1989,279500.0,1600.0,281100.0,300.0,69300.0,212100.0
hh_with_children,percentiles_96_99,1990,278600.0,1400.0,280000.0,400.0,69300.0,211100.0
hh_with_children,percentiles_96_99,1991,276900.0,1700.0,278600.0,700.0,71300.0,208000.0
hh_with_children,percentiles_96_99,1992,283500.0,2300.0,285800.0,600.0,73300.0,213100.0
hh_with_children,percentiles_96_99,1993,285600.0,1700.0,287300.0,500.0,77600.0,210200.0
hh_with_children,percentiles_96_99,1994,291300.0,2400.0,293700.0,700.0,80400.0,214100.0
hh_with_children,percentiles_96_99,1995,304500.0,2700.0,307200.0,700.0,84800.0,223100.0
hh_with_children,percentiles_96_99,1996,324700.0,2100.0,326800.0,400.0,91600.0,235600.0
hh_with_children,percentiles_96_99,1997,345300.0,1900.0,347200.0,300.0,98700.0,248900.0
hh_with_children,percentiles_96_99,1998,368700.0,1500.0,370200.0,500.0,105200.0,265500.0
hh_with_children,percentiles_96_99,1999,388000.0,1000.0,389000.0,500.0,113300.0,276100.0
hh_with_children,percentiles_96_99,2000,395100.0,1800.0,397000.0,400.0,115700.0,281700.0
hh_with_children,percentiles_96_99,2001,374100.0,1800.0,375900.0,700.0,104300.0,272200.0
hh_with_children,percentiles_96_99,2002,360500.0,1500.0,362000.0,600.0,97600.0,265000.0
hh_with_children,percentiles_96_99,2003,368400.0,1600.0,370000.0,800.0,96200.0,274500.0
hh_with_children,percentiles_96_99,2004,389600.0,1600.0,391200.0,900.0,103400.0,288700.0
hh_with_children,percentiles_96_99,2005,422900.0,1800.0,424700.0,800.0,114900.0,310700.0
hh_with_children,percentiles_96_99,2006,439800.0,1700.0,441500.0,900.0,119300.0,323100.0
hh_with_children,percentiles_96_99,2007,456700.0,1800.0,458500.0,1000.0,122600.0,336900.0
hh_with_children,percentiles_96_99,2008,418000.0,2000.0,420000.0,1000.0,109600.0,311400.0
hh_with_children,percentiles_96_99,2009,391400.0,2700.0,394100.0,1000.0,101200.0,294000.0
hh_with_children,percentiles_96_99,2010,404000.0,2600.0,406600.0,1000.0,106700.0,300800.0
hh_with_children,percentiles_96_99,2011,411600.0,2600.0,414100.0,1100.0,107300.0,307900.0
hh_with_children,percentiles_96_99,2012,434400.0,1800.0,436100.0,900.0,114700.0,322300.0
hh_with_children,percentiles_96_99,2013,439000.0,2600.0,441600.0,800.0,123500.0,319000.0
hh_with_children,percentiles_96_99,2014,459800.0,2500.0,462300.0,1300.0,131800.0,331800.0
hh_with_children,percentiles_96_99,2015,473400.0,2900.0,476300.0,1800.0,135900.0,342100.0
hh_with_children,top_1_percent,1979,645300.0,1400.0,646700.0,500.0,203200.0,444000.0
hh_with_children,top_1_percent,1980,626600.0,1000.0,627600.0,600.0,183400.0,444800.0
hh_with_children,top_1_percent,1981,647600.0,1500.0,649100.0,700.0,175700.0,474000.0
hh_with_children,top_1_percent,1982,668000.0,1200.0,669200.0,500.0,157300.0,512400.0
hh_with_children,top_1_percent,1983,785600.0,1700.0,787300.0,700.0,201100.0,586900.0
hh_with_children,top_1_percent,1984,852500.0,1300.0,853700.0,500.0,216200.0,638000.0
hh_with_children,top_1_percent,1985,842100.0,1700.0,843800.0,800.0,204300.0,640300.0
hh_with_children,top_1_percent,1986,1375900.0,1300.0,1377200.0,900.0,325000.0,1053100.0
hh_with_children,top_1_percent,1987,956700.0,1300.0,958000.0,500.0,284100.0,674400.0
hh_with_children,top_1_percent,1988,1160300.0,900.0,1161300.0,300.0,323800.0,837800.0
hh_with_children,top_1_percent,1989,1111800.0,800.0,1112600.0,600.0,304000.0,809100.0
hh_with_children,top_1_percent,1990,939100.0,1400.0,940500.0,400.0,255800.0,685100.0
hh_with_children,top_1_percent,1991,950600.0,1300.0,951900.0,800.0,274300.0,678400.0
hh_with_children,top_1_percent,1992,1051300.0,1400.0,1052700.0,400.0,310400.0,742700.0
hh_with_children,top_1_percent,1993,1069700.0,800.0,1070500.0,700.0,362000.0,709300.0
hh_with_children,top_1_percent,1994,1042300.0,900.0,1043200.0,500.0,364500.0,679300.0
hh_with_children,top_1_percent,1995,1232300.0,1500.0,1233700.0,1000.0,437500.0,797300.0
hh_with_children,top_1_percent,1996,1345000.0,700.0,1345700.0,500.0,475100.0,871100.0
hh_with_children,top_1_percent,1997,1481600.0,2400.0,1484000.0,200.0,510500.0,973700.0
hh_with_children,top_1_percent,1998,1711700.0,1000.0,1712700.0,600.0,567600.0,1145700.0
hh_with_children,top_1_percent,1999,2099800.0,300.0,2100100.0,700.0,701400.0,1399400.0
hh_with_children,top_1_percent,2000,2362800.0,1200.0,2364000.0,300.0,779400.0,1584900.0
hh_with_children,top_1_percent,2001,1832400.0,900.0,1833300.0,900.0,600500.0,1233700.0
hh_with_children,top_1_percent,2002,1599900.0,1200.0,1601100.0,900.0,525700.0,1076300.0
hh_with_children,top_1_percent,2003,1694500.0,1100.0,1695600.0,800.0,524400.0,1171900.0
hh_with_children,top_1_percent,2004,1977100.0,1200.0,1978300.0,700.0,603200.0,1375800.0
hh_with_children,top_1_percent,2005,2322900.0,1400.0,2324300.0,700.0,710500.0,1614400.0
hh_with_children,top_1_percent,2006,2651600.0,1000.0,2652700.0,700.0,800600.0,1852800.0
hh_with_children,top_1_percent,2007,2873200.0,1200.0,2874500.0,700.0,826600.0,2048600.0
hh_with_children,top_1_percent,2008,2281800.0,1600.0,2283400.0,1300.0,649700.0,1635000.0
hh_with_children,top_1_percent,2009,1647500.0,1200.0,1648700.0,1200.0,483200.0,1166600.0
hh_with_children,top_1_percent,2010,2116300.0,1500.0,2117800.0,1300.0,629000.0,1490100.0
hh_with_children,top_1_percent,2011,1970500.0,2000.0,1972500.0,1300.0,582300.0,1391500.0
hh_with_children,top_1_percent,2012,2404100.0,3000.0,2407100.0,1100.0,697200.0,1711000.0
hh_with_children,top_1_percent,2013,2077700.0,1300.0,2079100.0,1000.0,713100.0,1367000.0
hh_with_children,top_1_percent,2014,2362500.0,1600.0,2364100.0,1700.0,805300.0,1560500.0
hh_with_children,top_1_percent,2015,2522700.0,1400.0,2524100.0,1800.0,853900.0,1672000.0
elderly_headed_hh,all_quintiles,1979,32500.0,15500.0,48000.0,900.0,8700.0,40200.0
elderly_headed_hh,all_quintiles,1980,31800.0,16300.0,48100.0,1000.0,8200.0,40900.0
elderly_headed_hh,all_quintiles,1981,33200.0,17200.0,50400.0,1000.0,8100.0,43300.0
elderly_headed_hh,all_quintiles,1982,34000.0,18500.0,52400.0,900.0,7300.0,46000.0
elderly_headed_hh,all_quintiles,1983,35000.0,19300.0,54300.0,1000.0,7500.0,47800.0
elderly_headed_hh,all_quintiles,1984,38000.0,19400.0,57400.0,1000.0,8500.0,49900.0
elderly_headed_hh,all_quintiles,1985,39300.0,19800.0,59100.0,1100.0,8700.0,51500.0
elderly_headed_hh,all_quintiles,1986,42900.0,20300.0,63200.0,1100.0,9200.0,55100.0
elderly_headed_hh,all_quintiles,1987,37600.0,19900.0,57500.0,1100.0,8800.0,49800.0
elderly_headed_hh,all_quintiles,1988,39800.0,20000.0,59700.0,1100.0,9400.0,51400.0
elderly_headed_hh,all_quintiles,1989,40100.0,20100.0,60200.0,1100.0,9200.0,52100.0
elderly_headed_hh,all_quintiles,1990,39100.0,20800.0,59900.0,1200.0,8900.0,52200.0
elderly_headed_hh,all_quintiles,1991,36100.0,21600.0,57700.0,1300.0,8000.0,51000.0
elderly_headed_hh,all_quintiles,1992,37600.0,22500.0,60100.0,1400.0,8600.0,52800.0
elderly_headed_hh,all_quintiles,1993,37000.0,23600.0,60700.0,1400.0,8900.0,53200.0
elderly_headed_hh,all_quintiles,1994,36900.0,23800.0,60700.0,1500.0,9300.0,52800.0
elderly_headed_hh,all_quintiles,1995,39800.0,24400.0,64100.0,1500.0,10300.0,55300.0
elderly_headed_hh,all_quintiles,1996,45100.0,25200.0,70400.0,1500.0,12000.0,59900.0
elderly_headed_hh,all_quintiles,1997,48400.0,25800.0,74200.0,1500.0,12600.0,63100.0
elderly_headed_hh,all_quintiles,1998,52200.0,26000.0,78200.0,1700.0,13100.0,66700.0
elderly_headed_hh,all_quintiles,1999,55100.0,25200.0,80300.0,1700.0,14000.0,68000.0
elderly_headed_hh,all_quintiles,2000,55200.0,25200.0,80400.0,1800.0,13600.0,68600.0
elderly_headed_hh,all_quintiles,2001,48900.0,26300.0,75200.0,1900.0,11300.0,65800.0
elderly_headed_hh,all_quintiles,2002,45400.0,27300.0,72700.0,2100.0,10300.0,64400.0
elderly_headed_hh,all_quintiles,2003,46500.0,27400.0,73900.0,2200.0,10400.0,65800.0
elderly_headed_hh,all_quintiles,2004,52400.0,27900.0,80300.0,2300.0,12000.0,70600.0
elderly_headed_hh,all_quintiles,2005,58500.0,28400.0,86800.0,2200.0,13900.0,75100.0
elderly_headed_hh,all_quintiles,2006,61900.0,29900.0,91800.0,2100.0,14800.0,79100.0
elderly_headed_hh,all_quintiles,2007,69300.0,30000.0,99300.0,2200.0,15800.0,85700.0
elderly_headed_hh,all_quintiles,2008,56800.0,30100.0,87000.0,2300.0,11400.0,77900.0
elderly_headed_hh,all_quintiles,2009,49600.0,32900.0,82400.0,2500.0,10200.0,74700.0
elderly_headed_hh,all_quintiles,2010,54400.0,32300.0,86700.0,2500.0,11600.0,77600.0
elderly_headed_hh,all_quintiles,2011,55200.0,31200.0,86400.0,2300.0,11900.0,76800.0
elderly_headed_hh,all_quintiles,2012,61200.0,31600.0,92800.0,2300.0,13600.0,81500.0
elderly_headed_hh,all_quintiles,2013,58900.0,31600.0,90500.0,2300.0,14200.0,78500.0
elderly_headed_hh,all_quintiles,2014,62500.0,31200.0,93700.0,2600.0,15400.0,80800.0
elderly_headed_hh,all_quintiles,2015,64200.0,32000.0,96200.0,2700.0,15800.0,83100.0
elderly_headed_hh,lowest_quintile,1979,2200.0,11200.0,13400.0,1300.0,400.0,14300.0
elderly_headed_hh,lowest_quintile,1980,1800.0,11400.0,13300.0,1500.0,300.0,14400.0
elderly_headed_hh,lowest_quintile,1981,1600.0,11600.0,13200.0,1500.0,300.0,14400.0
elderly_headed_hh,lowest_quintile,1982,1400.0,11400.0,12800.0,1500.0,200.0,14000.0
elderly_headed_hh,lowest_quintile,1983,1400.0,11200.0,12600.0,1500.0,300.0,13800.0
elderly_headed_hh,lowest_quintile,1984,1400.0,12000.0,13400.0,1600.0,300.0,14700.0
elderly_headed_hh,lowest_quintile,1985,1400.0,12000.0,13400.0,1400.0,300.0,14500.0
elderly_headed_hh,lowest_quintile,1986,1300.0,12200.0,13500.0,1300.0,300.0,14500.0
elderly_headed_hh,lowest_quintile,1987,1700.0,11900.0,13600.0,1400.0,400.0,14600.0
elderly_headed_hh,lowest_quintile,1988,1800.0,12000.0,13800.0,1300.0,400.0,14600.0
elderly_headed_hh,lowest_quintile,1989,1700.0,12300.0,14000.0,1300.0,400.0,14900.0
elderly_headed_hh,lowest_quintile,1990,1900.0,12600.0,14500.0,1200.0,500.0,15200.0
elderly_headed_hh,lowest_quintile,1991,1900.0,12500.0,14300.0,1200.0,400.0,15100.0
elderly_headed_hh,lowest_quintile,1992,1600.0,13200.0,14800.0,1100.0,500.0,15400.0
elderly_headed_hh,lowest_quintile,1993,1600.0,13400.0,15100.0,1000.0,500.0,15600.0
elderly_headed_hh,lowest_quintile,1994,1500.0,13600.0,15100.0,1300.0,500.0,15900.0
elderly_headed_hh,lowest_quintile,1995,1800.0,14200.0,16000.0,1200.0,600.0,16700.0
elderly_headed_hh,lowest_quintile,1996,1700.0,14100.0,15800.0,1400.0,500.0,16700.0
elderly_headed_hh,lowest_quintile,1997,1800.0,14600.0,16500.0,1400.0,500.0,17300.0
elderly_headed_hh,lowest_quintile,1998,2000.0,15200.0,17200.0,1400.0,600.0,18100.0
elderly_headed_hh,lowest_quintile,1999,1800.0,16100.0,17900.0,1300.0,600.0,18600.0
elderly_headed_hh,lowest_quintile,2000,2300.0,15800.0,18100.0,1400.0,600.0,18900.0
elderly_headed_hh,lowest_quintile,2001,1800.0,16700.0,18500.0,1200.0,600.0,19100.0
elderly_headed_hh,lowest_quintile,2002,1800.0,17000.0,18800.0,1300.0,600.0,19400.0
elderly_headed_hh,lowest_quintile,2003,1900.0,16900.0,18800.0,1200.0,700.0,19300.0
elderly_headed_hh,lowest_quintile,2004,1800.0,17100.0,18900.0,1500.0,500.0,19900.0
elderly_headed_hh,lowest_quintile,2005,1800.0,17400.0,19200.0,1400.0,600.0,20000.0
elderly_headed_hh,lowest_quintile,2006,2000.0,17400.0,19400.0,1400.0,600.0,20200.0
elderly_headed_hh,lowest_quintile,2007,2300.0,17900.0,20100.0,1500.0,600.0,21100.0
elderly_headed_hh,lowest_quintile,2008,2100.0,18200.0,20300.0,1700.0,200.0,21800.0
elderly_headed_hh,lowest_quintile,2009,2100.0,18500.0,20600.0,1600.0,600.0,21600.0
elderly_headed_hh,lowest_quintile,2010,2300.0,18800.0,21100.0,1500.0,700.0,22000.0
elderly_headed_hh,lowest_quintile,2011,2300.0,18400.0,20700.0,1800.0,600.0,21900.0
elderly_headed_hh,lowest_quintile,2012,2500.0,17500.0,19900.0,2100.0,600.0,21400.0
elderly_headed_hh,lowest_quintile,2013,2400.0,18400.0,20800.0,2100.0,700.0,22200.0
elderly_headed_hh,lowest_quintile,2014,2500.0,17600.0,20100.0,2700.0,700.0,22100.0
elderly_headed_hh,lowest_quintile,2015,2700.0,19000.0,21800.0,2800.0,600.0,23900.0
elderly_headed_hh,second_quintile,1979,8400.0,17100.0,25400.0,1400.0,1400.0,25400.0
elderly_headed_hh,second_quintile,1980,6400.0,17500.0,23900.0,1500.0,1000.0,24400.0
elderly_headed_hh,second_quintile,1981,5400.0,17600.0,22900.0,1800.0,800.0,23900.0
elderly_headed_hh,second_quintile,1982,4500.0,17700.0,22200.0,1800.0,600.0,23300.0
elderly_headed_hh,second_quintile,1983,4000.0,17700.0,21700.0,2000.0,600.0,23000.0
elderly_headed_hh,second_quintile,1984,4800.0,17800.0,22600.0,2000.0,800.0,23900.0
elderly_headed_hh,second_quintile,1985,4200.0,17800.0,22000.0,2300.0,700.0,23600.0
elderly_headed_hh,second_quintile,1986,4600.0,18200.0,22800.0,2200.0,800.0,24200.0
elderly_headed_hh,second_quintile,1987,4600.0,18200.0,22800.0,2100.0,800.0,24100.0
elderly_headed_hh,second_quintile,1988,5400.0,18100.0,23500.0,2200.0,900.0,24800.0
elderly_headed_hh,second_quintile,1989,5600.0,18300.0,23800.0,2200.0,900.0,25100.0
elderly_headed_hh,second_quintile,1990,5400.0,18800.0,24200.0,2400.0,900.0,25600.0
elderly_headed_hh,second_quintile,1991,4800.0,19100.0,23900.0,2500.0,800.0,25600.0
elderly_headed_hh,second_quintile,1992,4600.0,19500.0,24100.0,2600.0,900.0,25800.0
elderly_headed_hh,second_quintile,1993,4500.0,20400.0,24900.0,2300.0,900.0,26300.0
elderly_headed_hh,second_quintile,1994,4100.0,20900.0,25000.0,2400.0,900.0,26500.0
elderly_headed_hh,second_quintile,1995,4500.0,21800.0,26300.0,2400.0,1000.0,27800.0
elderly_headed_hh,second_quintile,1996,4500.0,21700.0,26300.0,2400.0,1000.0,27700.0
elderly_headed_hh,second_quintile,1997,4600.0,22200.0,26900.0,2500.0,900.0,28400.0
elderly_headed_hh,second_quintile,1998,5600.0,23200.0,28800.0,2900.0,1200.0,30500.0
elderly_headed_hh,second_quintile,1999,7000.0,22900.0,30000.0,3200.0,1300.0,31800.0
elderly_headed_hh,second_quintile,2000,8100.0,21900.0,30000.0,3200.0,1400.0,31800.0
elderly_headed_hh,second_quintile,2001,6600.0,23400.0,30000.0,3300.0,1100.0,32200.0
elderly_headed_hh,second_quintile,2002,6300.0,23700.0,30100.0,2900.0,1100.0,31800.0
elderly_headed_hh,second_quintile,2003,5900.0,24400.0,30300.0,2900.0,1000.0,32100.0
elderly_headed_hh,second_quintile,2004,6700.0,24800.0,31500.0,3000.0,1100.0,33400.0
elderly_headed_hh,second_quintile,2005,6600.0,24700.0,31300.0,3400.0,1200.0,33500.0
elderly_headed_hh,second_quintile,2006,6200.0,25500.0,31700.0,3100.0,1200.0,33600.0
elderly_headed_hh,second_quintile,2007,7900.0,25200.0,33200.0,3000.0,1300.0,34900.0
elderly_headed_hh,second_quintile,2008,7100.0,25400.0,32500.0,3400.0,600.0,35400.0
elderly_headed_hh,second_quintile,2009,6500.0,26800.0,33300.0,3200.0,900.0,35600.0
elderly_headed_hh,second_quintile,2010,6900.0,26600.0,33500.0,3300.0,1000.0,35800.0
elderly_headed_hh,second_quintile,2011,6700.0,26600.0,33300.0,3400.0,1000.0,35700.0
elderly_headed_hh,second_quintile,2012,6700.0,26200.0,32800.0,3500.0,1000.0,35300.0
elderly_headed_hh,second_quintile,2013,7000.0,26700.0,33600.0,3200.0,1200.0,35700.0
elderly_headed_hh,second_quintile,2014,7300.0,26100.0,33400.0,4000.0,1200.0,36200.0
elderly_headed_hh,second_quintile,2015,8100.0,27400.0,35500.0,4000.0,1300.0,38200.0
elderly_headed_hh,middle_quintile,1979,22000.0,17600.0,39600.0,700.0,3800.0,36400.0
elderly_headed_hh,middle_quintile,1980,19800.0,18000.0,37800.0,600.0,3300.0,35200.0
elderly_headed_hh,middle_quintile,1981,18100.0,19000.0,37100.0,800.0,2800.0,35100.0
elderly_headed_hh,middle_quintile,1982,16400.0,20100.0,36500.0,900.0,2200.0,35200.0
elderly_headed_hh,middle_quintile,1983,15300.0,20800.0,36100.0,1100.0,2200.0,35000.0
elderly_headed_hh,middle_quintile,1984,18100.0,20300.0,38400.0,900.0,2600.0,36700.0
elderly_headed_hh,middle_quintile,1985,17700.0,20500.0,38200.0,1100.0,2500.0,36800.0
elderly_headed_hh,middle_quintile,1986,18300.0,20900.0,39200.0,1100.0,2700.0,37600.0
elderly_headed_hh,middle_quintile,1987,18700.0,21300.0,40100.0,1000.0,2900.0,38100.0
elderly_headed_hh,middle_quintile,1988,20000.0,20900.0,40800.0,900.0,3200.0,38600.0
elderly_headed_hh,middle_quintile,1989,19800.0,21200.0,41000.0,1100.0,3000.0,39000.0
elderly_headed_hh,middle_quintile,1990,19500.0,21400.0,40900.0,1400.0,3000.0,39300.0
elderly_headed_hh,middle_quintile,1991,17800.0,22200.0,40000.0,1500.0,2800.0,38700.0
elderly_headed_hh,middle_quintile,1992,16300.0,23300.0,39600.0,1900.0,2500.0,39000.0
elderly_headed_hh,middle_quintile,1993,15800.0,24000.0,39700.0,2300.0,2600.0,39400.0
elderly_headed_hh,middle_quintile,1994,16100.0,24000.0,40100.0,2000.0,2800.0,39400.0
elderly_headed_hh,middle_quintile,1995,17400.0,24300.0,41800.0,2200.0,3100.0,40800.0
elderly_headed_hh,middle_quintile,1996,16700.0,24900.0,41600.0,2200.0,2900.0,40900.0
elderly_headed_hh,middle_quintile,1997,17400.0,25400.0,42800.0,2200.0,3000.0,42000.0
elderly_headed_hh,middle_quintile,1998,19500.0,25800.0,45300.0,2300.0,3200.0,44400.0
elderly_headed_hh,middle_quintile,1999,22300.0,25300.0,47600.0,2300.0,3800.0,46100.0
elderly_headed_hh,middle_quintile,2000,22900.0,24600.0,47600.0,2300.0,3600.0,46200.0
elderly_headed_hh,middle_quintile,2001,21700.0,25900.0,47600.0,2600.0,3200.0,47000.0
elderly_headed_hh,middle_quintile,2002,19400.0,26600.0,46100.0,2900.0,2700.0,46300.0
elderly_headed_hh,middle_quintile,2003,19500.0,27500.0,47000.0,3400.0,2700.0,47600.0
elderly_headed_hh,middle_quintile,2004,20400.0,27800.0,48200.0,3400.0,2900.0,48800.0
elderly_headed_hh,middle_quintile,2005,21500.0,28700.0,50200.0,3100.0,3300.0,50000.0
elderly_headed_hh,middle_quintile,2006,21000.0,29900.0,50900.0,2900.0,3200.0,50500.0
elderly_headed_hh,middle_quintile,2007,23600.0,29200.0,52800.0,2700.0,3400.0,52000.0
elderly_headed_hh,middle_quintile,2008,21500.0,30400.0,52000.0,3100.0,2200.0,52900.0
elderly_headed_hh,middle_quintile,2009,19200.0,31600.0,50800.0,3600.0,2400.0,52100.0
elderly_headed_hh,middle_quintile,2010,19700.0,31300.0,51100.0,3700.0,2500.0,52200.0
elderly_headed_hh,middle_quintile,2011,19800.0,31100.0,50900.0,3300.0,2500.0,51700.0
elderly_headed_hh,middle_quintile,2012,19900.0,31500.0,51400.0,3300.0,2600.0,52100.0
elderly_headed_hh,middle_quintile,2013,20800.0,30800.0,51600.0,3300.0,3000.0,52000.0
elderly_headed_hh,middle_quintile,2014,22000.0,31200.0,53200.0,3400.0,3200.0,53400.0
elderly_headed_hh,middle_quintile,2015,24300.0,32000.0,56400.0,3500.0,3500.0,56300.0
elderly_headed_hh,fourth_quintile,1979,38100.0,18300.0,56300.0,300.0,7700.0,49000.0
elderly_headed_hh,fourth_quintile,1980,35000.0,18800.0,53900.0,400.0,6600.0,47600.0
elderly_headed_hh,fourth_quintile,1981,33200.0,19900.0,53100.0,300.0,5900.0,47500.0
elderly_headed_hh,fourth_quintile,1982,31600.0,21200.0,52700.0,300.0,4900.0,48200.0
elderly_headed_hh,fourth_quintile,1983,31300.0,22000.0,53300.0,400.0,5100.0,48600.0
elderly_headed_hh,fourth_quintile,1984,35400.0,21700.0,57100.0,300.0,5900.0,51500.0
elderly_headed_hh,fourth_quintile,1985,34400.0,22600.0,56900.0,300.0,5600.0,51700.0
elderly_headed_hh,fourth_quintile,1986,35500.0,23400.0,58900.0,400.0,5800.0,53500.0
elderly_headed_hh,fourth_quintile,1987,37600.0,23100.0,60700.0,300.0,6600.0,54300.0
elderly_headed_hh,fourth_quintile,1988,37200.0,23400.0,60600.0,400.0,6700.0,54400.0
elderly_headed_hh,fourth_quintile,1989,38300.0,23300.0,61600.0,300.0,6800.0,55100.0
elderly_headed_hh,fourth_quintile,1990,37100.0,24300.0,61300.0,400.0,6500.0,55300.0
elderly_headed_hh,fourth_quintile,1991,34900.0,25000.0,59900.0,600.0,5900.0,54600.0
elderly_headed_hh,fourth_quintile,1992,35000.0,26200.0,61200.0,600.0,6100.0,55600.0
elderly_headed_hh,fourth_quintile,1993,33800.0,27700.0,61500.0,800.0,5900.0,56400.0
elderly_headed_hh,fourth_quintile,1994,35000.0,27200.0,62200.0,800.0,6400.0,56700.0
elderly_headed_hh,fourth_quintile,1995,36100.0,27700.0,63800.0,900.0,6700.0,58000.0
elderly_headed_hh,fourth_quintile,1996,36200.0,28800.0,65000.0,1000.0,6800.0,59200.0
elderly_headed_hh,fourth_quintile,1997,37200.0,29100.0,66300.0,900.0,6800.0,60400.0
elderly_headed_hh,fourth_quintile,1998,40500.0,28900.0,69500.0,1000.0,7400.0,63000.0
elderly_headed_hh,fourth_quintile,1999,43500.0,28300.0,71800.0,1000.0,8200.0,64500.0
elderly_headed_hh,fourth_quintile,2000,44400.0,28800.0,73200.0,1200.0,8300.0,66100.0
elderly_headed_hh,fourth_quintile,2001,42700.0,29700.0,72400.0,1300.0,7200.0,66500.0
elderly_headed_hh,fourth_quintile,2002,39400.0,31300.0,70800.0,1600.0,6200.0,66200.0
elderly_headed_hh,fourth_quintile,2003,41200.0,31600.0,72800.0,1900.0,6400.0,68300.0
elderly_headed_hh,fourth_quintile,2004,42700.0,32400.0,75000.0,1900.0,6900.0,70000.0
elderly_headed_hh,fourth_quintile,2005,45100.0,32900.0,78000.0,1900.0,7700.0,72200.0
elderly_headed_hh,fourth_quintile,2006,45000.0,34100.0,79200.0,1700.0,7900.0,73000.0
elderly_headed_hh,fourth_quintile,2007,46900.0,34400.0,81400.0,2000.0,7900.0,75500.0
elderly_headed_hh,fourth_quintile,2008,45600.0,34100.0,79700.0,1900.0,6100.0,75500.0
elderly_headed_hh,fourth_quintile,2009,40800.0,37200.0,78000.0,2300.0,5700.0,74700.0
elderly_headed_hh,fourth_quintile,2010,41500.0,37200.0,78700.0,2100.0,6000.0,74800.0
elderly_headed_hh,fourth_quintile,2011,43600.0,35800.0,79400.0,2000.0,6400.0,75000.0
elderly_headed_hh,fourth_quintile,2012,42900.0,37100.0,80000.0,1900.0,6500.0,75400.0
elderly_headed_hh,fourth_quintile,2013,44200.0,36300.0,80500.0,2000.0,7200.0,75300.0
elderly_headed_hh,fourth_quintile,2014,45900.0,36400.0,82400.0,2000.0,7700.0,76700.0
elderly_headed_hh,fourth_quintile,2015,47800.0,37600.0,85400.0,2200.0,8000.0,79600.0
elderly_headed_hh,highest_quintile,1979,129100.0,17900.0,146900.0,200.0,39800.0,107400.0
elderly_headed_hh,highest_quintile,1980,117200.0,18600.0,135700.0,200.0,34400.0,101500.0
elderly_headed_hh,highest_quintile,1981,110700.0,19600.0,130300.0,200.0,30400.0,100100.0
elderly_headed_hh,highest_quintile,1982,107400.0,21500.0,128900.0,200.0,26000.0,103100.0
elderly_headed_hh,highest_quintile,1983,108500.0,22400.0,130900.0,200.0,25600.0,105500.0
elderly_headed_hh,highest_quintile,1984,120200.0,23200.0,143400.0,100.0,30000.0,113500.0
elderly_headed_hh,highest_quintile,1985,124500.0,23800.0,148300.0,100.0,30300.0,118200.0
elderly_headed_hh,highest_quintile,1986,142800.0,24300.0,167100.0,200.0,33300.0,134000.0
elderly_headed_hh,highest_quintile,1987,133700.0,23100.0,156900.0,100.0,35300.0,121700.0
elderly_headed_hh,highest_quintile,1988,143600.0,24000.0,167500.0,200.0,37700.0,130000.0
elderly_headed_hh,highest_quintile,1989,137900.0,24000.0,161900.0,200.0,35200.0,126900.0
elderly_headed_hh,highest_quintile,1990,129100.0,25000.0,154000.0,200.0,32400.0,121900.0
elderly_headed_hh,highest_quintile,1991,119100.0,26100.0,145200.0,200.0,29100.0,116400.0
elderly_headed_hh,highest_quintile,1992,125200.0,26700.0,151900.0,400.0,31400.0,120800.0
elderly_headed_hh,highest_quintile,1993,123500.0,28700.0,152100.0,400.0,32700.0,119800.0
elderly_headed_hh,highest_quintile,1994,129800.0,30300.0,160100.0,500.0,36200.0,124400.0
elderly_headed_hh,highest_quintile,1995,131900.0,29900.0,161800.0,500.0,37600.0,124800.0
elderly_headed_hh,highest_quintile,1996,145100.0,30800.0,175900.0,600.0,41900.0,134600.0
elderly_headed_hh,highest_quintile,1997,153700.0,31800.0,185500.0,700.0,43500.0,142700.0
elderly_headed_hh,highest_quintile,1998,167100.0,31400.0,198500.0,800.0,45500.0,153700.0
elderly_headed_hh,highest_quintile,1999,185700.0,29800.0,215500.0,700.0,51200.0,165100.0
elderly_headed_hh,highest_quintile,2000,184800.0,31600.0,216400.0,1000.0,50100.0,167300.0
elderly_headed_hh,highest_quintile,2001,164600.0,32600.0,197200.0,900.0,42300.0,155800.0
elderly_headed_hh,highest_quintile,2002,158000.0,33800.0,191800.0,1300.0,40000.0,153000.0
elderly_headed_hh,highest_quintile,2003,169600.0,33800.0,203400.0,1200.0,41700.0,162900.0
elderly_headed_hh,highest_quintile,2004,192500.0,34300.0,226800.0,1300.0,48400.0,179700.0
elderly_headed_hh,highest_quintile,2005,207100.0,34600.0,241700.0,1100.0,53300.0,189500.0
elderly_headed_hh,highest_quintile,2006,210200.0,36200.0,246400.0,1200.0,54100.0,193500.0
elderly_headed_hh,highest_quintile,2007,223500.0,36900.0,260400.0,1500.0,54600.0,207400.0
elderly_headed_hh,highest_quintile,2008,191300.0,37400.0,228700.0,1200.0,43200.0,186800.0
elderly_headed_hh,highest_quintile,2009,160200.0,42000.0,202100.0,1400.0,35600.0,167900.0
elderly_headed_hh,highest_quintile,2010,172000.0,38700.0,210600.0,1400.0,39700.0,172400.0
elderly_headed_hh,highest_quintile,2011,183900.0,37000.0,220900.0,1100.0,42800.0,179300.0
elderly_headed_hh,highest_quintile,2012,203000.0,37300.0,240400.0,1000.0,48200.0,193200.0
elderly_headed_hh,highest_quintile,2013,183000.0,37700.0,220700.0,900.0,47500.0,174200.0
elderly_headed_hh,highest_quintile,2014,198900.0,38100.0,237000.0,1100.0,52600.0,185500.0
elderly_headed_hh,highest_quintile,2015,206700.0,38400.0,245100.0,1200.0,54400.0,192000.0
elderly_headed_hh,percentiles_81_90,1979,60600.0,18200.0,78800.0,200.0,14100.0,64900.0
elderly_headed_hh,percentiles_81_90,1980,56300.0,18800.0,75100.0,300.0,12400.0,62900.0
elderly_headed_hh,percentiles_81_90,1981,53600.0,20000.0,73500.0,300.0,11200.0,62700.0
elderly_headed_hh,percentiles_81_90,1982,51700.0,22100.0,73800.0,200.0,9600.0,64400.0
elderly_headed_hh,percentiles_81_90,1983,52400.0,22500.0,74900.0,200.0,9800.0,65300.0
elderly_headed_hh,percentiles_81_90,1984,57000.0,23200.0,80200.0,100.0,11300.0,69100.0
elderly_headed_hh,percentiles_81_90,1985,56200.0,24100.0,80300.0,200.0,10700.0,69800.0
elderly_headed_hh,percentiles_81_90,1986,58600.0,25200.0,83800.0,200.0,11200.0,72900.0
elderly_headed_hh,percentiles_81_90,1987,62400.0,23300.0,85700.0,200.0,13000.0,72800.0
elderly_headed_hh,percentiles_81_90,1988,64100.0,23700.0,87800.0,200.0,13700.0,74300.0
elderly_headed_hh,percentiles_81_90,1989,63500.0,24000.0,87500.0,300.0,13300.0,74500.0
elderly_headed_hh,percentiles_81_90,1990,60700.0,24900.0,85600.0,300.0,12500.0,73400.0
elderly_headed_hh,percentiles_81_90,1991,58200.0,26300.0,84500.0,200.0,11500.0,73200.0
elderly_headed_hh,percentiles_81_90,1992,60500.0,27200.0,87700.0,400.0,12400.0,75700.0
elderly_headed_hh,percentiles_81_90,1993,58500.0,28200.0,86700.0,600.0,12000.0,75300.0
elderly_headed_hh,percentiles_81_90,1994,60900.0,28800.0,89700.0,600.0,13500.0,76800.0
elderly_headed_hh,percentiles_81_90,1995,63400.0,29000.0,92500.0,600.0,14400.0,78700.0
elderly_headed_hh,percentiles_81_90,1996,64700.0,30400.0,95000.0,600.0,14700.0,80900.0
elderly_headed_hh,percentiles_81_90,1997,66100.0,30900.0,97100.0,800.0,14900.0,82900.0
elderly_headed_hh,percentiles_81_90,1998,70600.0,30800.0,101500.0,900.0,16000.0,86400.0
elderly_headed_hh,percentiles_81_90,1999,75600.0,29700.0,105300.0,900.0,17300.0,88900.0
elderly_headed_hh,percentiles_81_90,2000,76900.0,30900.0,107800.0,1200.0,17500.0,91400.0
elderly_headed_hh,percentiles_81_90,2001,73500.0,31600.0,105100.0,1100.0,15300.0,90900.0
elderly_headed_hh,percentiles_81_90,2002,70700.0,33300.0,104000.0,1600.0,14000.0,91600.0
elderly_headed_hh,percentiles_81_90,2003,73600.0,33000.0,106600.0,1500.0,14000.0,94100.0
elderly_headed_hh,percentiles_81_90,2004,75900.0,34300.0,110200.0,1500.0,14800.0,97000.0
elderly_headed_hh,percentiles_81_90,2005,80500.0,34400.0,114900.0,1400.0,16300.0,100000.0
elderly_headed_hh,percentiles_81_90,2006,80900.0,36400.0,117300.0,1500.0,16700.0,102100.0
elderly_headed_hh,percentiles_81_90,2007,81300.0,37300.0,118600.0,1900.0,16000.0,104400.0
elderly_headed_hh,percentiles_81_90,2008,78500.0,37200.0,115700.0,1500.0,13100.0,104100.0
elderly_headed_hh,percentiles_81_90,2009,71100.0,41400.0,112500.0,1700.0,12200.0,101900.0
elderly_headed_hh,percentiles_81_90,2010,75200.0,39000.0,114200.0,1900.0,13300.0,102700.0
elderly_headed_hh,percentiles_81_90,2011,78100.0,37800.0,115900.0,1500.0,13900.0,103500.0
elderly_headed_hh,percentiles_81_90,2012,79500.0,38000.0,117600.0,1300.0,14600.0,104300.0
elderly_headed_hh,percentiles_81_90,2013,80900.0,38200.0,119100.0,1100.0,15600.0,104500.0
elderly_headed_hh,percentiles_81_90,2014,83500.0,38600.0,122100.0,1400.0,16400.0,107100.0
elderly_headed_hh,percentiles_81_90,2015,87600.0,39300.0,126900.0,1500.0,17300.0,111100.0
elderly_headed_hh,percentiles_91_95,1979,84100.0,18100.0,102200.0,400.0,21200.0,81400.0
elderly_headed_hh,percentiles_91_95,1980,80100.0,19300.0,99300.0,200.0,19800.0,79700.0
elderly_headed_hh,percentiles_91_95,1981,77400.0,20300.0,97700.0,100.0,18300.0,79500.0
elderly_headed_hh,percentiles_91_95,1982,73700.0,21400.0,95100.0,200.0,15400.0,79900.0
elderly_headed_hh,percentiles_91_95,1983,75000.0,22800.0,97800.0,100.0,15600.0,82300.0
elderly_headed_hh,percentiles_91_95,1984,85200.0,23600.0,108800.0,100.0,19300.0,89600.0
elderly_headed_hh,percentiles_91_95,1985,83500.0,24300.0,107800.0,100.0,18800.0,89100.0
elderly_headed_hh,percentiles_91_95,1986,87400.0,24400.0,111800.0,200.0,19000.0,92900.0
elderly_headed_hh,percentiles_91_95,1987,91100.0,23800.0,114900.0,100.0,21900.0,93100.0
elderly_headed_hh,percentiles_91_95,1988,94000.0,25100.0,119100.0,300.0,22300.0,97100.0
elderly_headed_hh,percentiles_91_95,1989,93900.0,25200.0,119100.0,100.0,22200.0,97000.0
elderly_headed_hh,percentiles_91_95,1990,92600.0,26000.0,118600.0,200.0,21700.0,97100.0
elderly_headed_hh,percentiles_91_95,1991,88600.0,27000.0,115600.0,400.0,20100.0,95900.0
elderly_headed_hh,percentiles_91_95,1992,90900.0,27100.0,117900.0,400.0,20700.0,97600.0
elderly_headed_hh,percentiles_91_95,1993,89800.0,29200.0,118900.0,400.0,21000.0,98300.0
elderly_headed_hh,percentiles_91_95,1994,92200.0,30500.0,122800.0,300.0,22900.0,100200.0
elderly_headed_hh,percentiles_91_95,1995,93900.0,30800.0,124700.0,500.0,24100.0,101100.0
elderly_headed_hh,percentiles_91_95,1996,99600.0,30500.0,130100.0,700.0,25800.0,105000.0
elderly_headed_hh,percentiles_91_95,1997,101900.0,32100.0,134000.0,700.0,26100.0,108600.0
elderly_headed_hh,percentiles_91_95,1998,107800.0,32300.0,140100.0,800.0,26900.0,114000.0
elderly_headed_hh,percentiles_91_95,1999,116800.0,29600.0,146300.0,700.0,29400.0,117700.0
elderly_headed_hh,percentiles_91_95,2000,117500.0,31500.0,149000.0,700.0,29000.0,120700.0
elderly_headed_hh,percentiles_91_95,2001,111900.0,33200.0,145100.0,700.0,25700.0,120100.0
elderly_headed_hh,percentiles_91_95,2002,106600.0,34700.0,141200.0,1200.0,23200.0,119200.0
elderly_headed_hh,percentiles_91_95,2003,111400.0,34900.0,146200.0,1100.0,23500.0,123800.0
elderly_headed_hh,percentiles_91_95,2004,116300.0,34900.0,151200.0,1400.0,25400.0,127200.0
elderly_headed_hh,percentiles_91_95,2005,123600.0,35400.0,159000.0,900.0,27700.0,132300.0
elderly_headed_hh,percentiles_91_95,2006,128000.0,36000.0,164000.0,1000.0,28800.0,136200.0
elderly_headed_hh,percentiles_91_95,2007,128700.0,37500.0,166200.0,1500.0,28100.0,139700.0
elderly_headed_hh,percentiles_91_95,2008,122200.0,38300.0,160500.0,1000.0,24000.0,137500.0
elderly_headed_hh,percentiles_91_95,2009,112500.0,42800.0,155300.0,1400.0,21500.0,135200.0
elderly_headed_hh,percentiles_91_95,2010,119400.0,39700.0,159100.0,1200.0,23600.0,136700.0
elderly_headed_hh,percentiles_91_95,2011,124100.0,37300.0,161300.0,1000.0,24800.0,137500.0
elderly_headed_hh,percentiles_91_95,2012,126800.0,38800.0,165600.0,1000.0,25900.0,140700.0
elderly_headed_hh,percentiles_91_95,2013,127500.0,38700.0,166200.0,800.0,27600.0,139300.0
elderly_headed_hh,percentiles_91_95,2014,131700.0,39300.0,171000.0,1000.0,28600.0,143400.0
elderly_headed_hh,percentiles_91_95,2015,137100.0,38600.0,175700.0,1200.0,30000.0,147000.0
elderly_headed_hh,percentiles_96_99,1979,137500.0,17600.0,155100.0,100.0,40800.0,114400.0
elderly_headed_hh,percentiles_96_99,1980,130400.0,18200.0,148600.0,100.0,37700.0,111000.0
elderly_headed_hh,percentiles_96_99,1981,127800.0,18900.0,146800.0,100.0,35900.0,111000.0
elderly_headed_hh,percentiles_96_99,1982,122600.0,21400.0,144000.0,100.0,30700.0,113400.0
elderly_headed_hh,percentiles_96_99,1983,125800.0,22300.0,148100.0,100.0,30200.0,118100.0
elderly_headed_hh,percentiles_96_99,1984,139100.0,23400.0,162500.0,100.0,35900.0,126700.0
elderly_headed_hh,percentiles_96_99,1985,143300.0,23500.0,166800.0,100.0,36200.0,130700.0
elderly_headed_hh,percentiles_96_99,1986,156400.0,23100.0,179500.0,200.0,37700.0,142000.0
elderly_headed_hh,percentiles_96_99,1987,160400.0,22900.0,183300.0,100.0,44200.0,139200.0
elderly_headed_hh,percentiles_96_99,1988,158500.0,23300.0,181900.0,300.0,42300.0,139900.0
elderly_headed_hh,percentiles_96_99,1989,165600.0,23000.0,188600.0,200.0,44000.0,144800.0
elderly_headed_hh,percentiles_96_99,1990,155600.0,23900.0,179600.0,200.0,40400.0,139400.0
elderly_headed_hh,percentiles_96_99,1991,151000.0,24700.0,175700.0,100.0,38100.0,137700.0
elderly_headed_hh,percentiles_96_99,1992,158300.0,25200.0,183500.0,200.0,40200.0,143500.0
elderly_headed_hh,percentiles_96_99,1993,152600.0,29200.0,181800.0,100.0,40600.0,141300.0
elderly_headed_hh,percentiles_96_99,1994,153700.0,33000.0,186600.0,400.0,42100.0,145000.0
elderly_headed_hh,percentiles_96_99,1995,164800.0,31900.0,196700.0,400.0,46800.0,150300.0
elderly_headed_hh,percentiles_96_99,1996,172300.0,33700.0,206100.0,600.0,49000.0,157600.0
elderly_headed_hh,percentiles_96_99,1997,183500.0,33900.0,217400.0,500.0,51900.0,166000.0
elderly_headed_hh,percentiles_96_99,1998,193900.0,32900.0,226700.0,500.0,52500.0,174700.0
elderly_headed_hh,percentiles_96_99,1999,207200.0,30800.0,238000.0,600.0,56700.0,181900.0
elderly_headed_hh,percentiles_96_99,2000,213100.0,33200.0,246300.0,800.0,57900.0,189200.0
elderly_headed_hh,percentiles_96_99,2001,195900.0,35000.0,230900.0,600.0,49900.0,181600.0
elderly_headed_hh,percentiles_96_99,2002,189200.0,34500.0,223700.0,700.0,47600.0,176800.0
elderly_headed_hh,percentiles_96_99,2003,198000.0,34600.0,232600.0,700.0,48300.0,185000.0
elderly_headed_hh,percentiles_96_99,2004,213500.0,34200.0,247700.0,700.0,52700.0,195700.0
elderly_headed_hh,percentiles_96_99,2005,231500.0,34300.0,265900.0,800.0,59600.0,207100.0
elderly_headed_hh,percentiles_96_99,2006,237900.0,36300.0,274300.0,900.0,61700.0,213500.0
elderly_headed_hh,percentiles_96_99,2007,247200.0,36300.0,283600.0,1100.0,61500.0,223200.0
elderly_headed_hh,percentiles_96_99,2008,219600.0,38000.0,257600.0,1000.0,50400.0,208200.0
elderly_headed_hh,percentiles_96_99,2009,197000.0,43600.0,240500.0,1100.0,43400.0,198300.0
elderly_headed_hh,percentiles_96_99,2010,212300.0,37900.0,250200.0,900.0,49300.0,201800.0
elderly_headed_hh,percentiles_96_99,2011,220000.0,35700.0,255700.0,600.0,50600.0,205700.0
elderly_headed_hh,percentiles_96_99,2012,234500.0,34800.0,269400.0,500.0,55700.0,214100.0
elderly_headed_hh,percentiles_96_99,2013,238200.0,36300.0,274500.0,700.0,60500.0,214700.0
elderly_headed_hh,percentiles_96_99,2014,242100.0,37200.0,279300.0,600.0,62200.0,217700.0
elderly_headed_hh,percentiles_96_99,2015,253100.0,37400.0,290500.0,700.0,64600.0,226600.0
elderly_headed_hh,top_1_percent,1979,524100.0,16200.0,540200.0,100.0,198000.0,342300.0
elderly_headed_hh,top_1_percent,1980,480700.0,16700.0,497400.0,,173900.0,323500.0
elderly_headed_hh,top_1_percent,1981,471000.0,18000.0,489000.0,100.0,154900.0,334200.0
elderly_headed_hh,top_1_percent,1982,482400.0,19000.0,501400.0,100.0,136800.0,364700.0
elderly_headed_hh,top_1_percent,1983,542200.0,20500.0,562700.0,,150600.0,412000.0
elderly_headed_hh,top_1_percent,1984,603200.0,21300.0,624500.0,,173500.0,451100.0
elderly_headed_hh,top_1_percent,1985,677300.0,21100.0,698500.0,,185900.0,512600.0
elderly_headed_hh,top_1_percent,1986,796800.0,22200.0,819000.0,100.0,202200.0,616900.0
elderly_headed_hh,top_1_percent,1987,670200.0,20500.0,690700.0,,201100.0,489700.0
elderly_headed_hh,top_1_percent,1988,871500.0,23700.0,895200.0,100.0,259400.0,635900.0
elderly_headed_hh,top_1_percent,1989,764100.0,22900.0,786900.0,100.0,217600.0,569400.0
elderly_headed_hh,top_1_percent,1990,743700.0,24400.0,768100.0,300.0,210100.0,558300.0
elderly_headed_hh,top_1_percent,1991,630900.0,26700.0,657600.0,,178200.0,479500.0
elderly_headed_hh,top_1_percent,1992,731800.0,27000.0,758800.0,200.0,216200.0,542900.0
elderly_headed_hh,top_1_percent,1993,684000.0,28400.0,712400.0,,220300.0,492100.0
elderly_headed_hh,top_1_percent,1994,702800.0,30600.0,733500.0,300.0,235500.0,498400.0
elderly_headed_hh,top_1_percent,1995,781100.0,27000.0,808100.0,300.0,267400.0,541000.0
elderly_headed_hh,top_1_percent,1996,925200.0,26200.0,951400.0,500.0,316800.0,635000.0
elderly_headed_hh,top_1_percent,1997,1027300.0,29300.0,1056600.0,400.0,335000.0,722000.0
elderly_headed_hh,top_1_percent,1998,1122400.0,26500.0,1149000.0,600.0,344100.0,805400.0
elderly_headed_hh,top_1_percent,1999,1230300.0,28000.0,1258200.0,200.0,378400.0,880000.0
elderly_headed_hh,top_1_percent,2000,1295300.0,32700.0,1328000.0,1000.0,391600.0,937400.0
elderly_headed_hh,top_1_percent,2001,1122500.0,30500.0,1153000.0,500.0,336400.0,817100.0
elderly_headed_hh,top_1_percent,2002,1051700.0,31500.0,1083200.0,500.0,318300.0,765400.0
elderly_headed_hh,top_1_percent,2003,1142400.0,32600.0,1175000.0,600.0,334400.0,841200.0
elderly_headed_hh,top_1_percent,2004,1373700.0,31900.0,1405600.0,600.0,398100.0,1008100.0
elderly_headed_hh,top_1_percent,2005,1609400.0,33700.0,1643100.0,400.0,472500.0,1171000.0
elderly_headed_hh,top_1_percent,2006,1618200.0,34200.0,1652400.0,900.0,470900.0,1182400.0
elderly_headed_hh,top_1_percent,2007,1883000.0,32600.0,1915500.0,400.0,505900.0,1410000.0
elderly_headed_hh,top_1_percent,2008,1466900.0,32900.0,1499800.0,900.0,388000.0,1112700.0
elderly_headed_hh,top_1_percent,2009,1167200.0,36800.0,1204000.0,600.0,316300.0,888400.0
elderly_headed_hh,top_1_percent,2010,1279800.0,33900.0,1313800.0,900.0,356100.0,958600.0
elderly_headed_hh,top_1_percent,2011,1446400.0,32300.0,1478800.0,900.0,403800.0,1075900.0
elderly_headed_hh,top_1_percent,2012,1783400.0,31600.0,1815000.0,400.0,491100.0,1324300.0
elderly_headed_hh,top_1_percent,2013,1356200.0,33500.0,1389700.0,300.0,443300.0,946700.0
elderly_headed_hh,top_1_percent,2014,1556700.0,31300.0,1588000.0,800.0,511200.0,1077600.0
elderly_headed_hh,top_1_percent,2015,1608100.0,32600.0,1640700.0,900.0,520400.0,1121100.0
nonelderly_childless_hh,all_quintiles,1979,63900.0,1900.0,65700.0,600.0,16200.0,50200.0
nonelderly_childless_hh,all_quintiles,1980,62000.0,2100.0,64100.0,700.0,15900.0,48900.0
nonelderly_childless_hh,all_quintiles,1981,62000.0,2100.0,64100.0,700.0,16100.0,48800.0
nonelderly_childless_hh,all_quintiles,1982,62500.0,2300.0,64800.0,700.0,15100.0,50400.0
nonelderly_childless_hh,all_quintiles,1983,62700.0,2200.0,64900.0,700.0,14700.0,50900.0
nonelderly_childless_hh,all_quintiles,1984,65300.0,2100.0,67300.0,700.0,15200.0,52900.0
nonelderly_childless_hh,all_quintiles,1985,67600.0,2000.0,69600.0,700.0,16100.0,54300.0
nonelderly_childless_hh,all_quintiles,1986,71900.0,2000.0,74000.0,800.0,17100.0,57600.0
nonelderly_childless_hh,all_quintiles,1987,71400.0,2000.0,73400.0,800.0,17600.0,56600.0
nonelderly_childless_hh,all_quintiles,1988,75600.0,2000.0,77600.0,800.0,18700.0,59700.0
nonelderly_childless_hh,all_quintiles,1989,74800.0,2000.0,76800.0,900.0,18300.0,59300.0
nonelderly_childless_hh,all_quintiles,1990,75400.0,2200.0,77600.0,900.0,18600.0,59900.0
nonelderly_childless_hh,all_quintiles,1991,73000.0,2300.0,75400.0,1000.0,18100.0,58300.0
nonelderly_childless_hh,all_quintiles,1992,75100.0,2600.0,77700.0,1200.0,18700.0,60200.0
nonelderly_childless_hh,all_quintiles,1993,74500.0,2600.0,77000.0,1200.0,18900.0,59400.0
nonelderly_childless_hh,all_quintiles,1994,75300.0,2400.0,77700.0,1300.0,19400.0,59600.0
nonelderly_childless_hh,all_quintiles,1995,76500.0,2400.0,79000.0,1400.0,19800.0,60600.0
nonelderly_childless_hh,all_quintiles,1996,79600.0,2500.0,82000.0,1400.0,20700.0,62700.0
nonelderly_childless_hh,all_quintiles,1997,82600.0,2500.0,85100.0,1500.0,21600.0,64900.0
nonelderly_childless_hh,all_quintiles,1998,86100.0,2500.0,88600.0,1600.0,22200.0,67900.0
nonelderly_childless_hh,all_quintiles,1999,89800.0,2500.0,92300.0,1700.0,23400.0,70600.0
nonelderly_childless_hh,all_quintiles,2000,91900.0,2600.0,94500.0,1800.0,23800.0,72400.0
nonelderly_childless_hh,all_quintiles,2001,87100.0,2800.0,89900.0,1900.0,21500.0,70400.0
nonelderly_childless_hh,all_quintiles,2002,81900.0,3200.0,85100.0,2100.0,19600.0,67600.0
nonelderly_childless_hh,all_quintiles,2003,83500.0,3200.0,86700.0,2200.0,19300.0,69600.0
nonelderly_childless_hh,all_quintiles,2004,86800.0,3200.0,90000.0,2300.0,20200.0,72100.0
nonelderly_childless_hh,all_quintiles,2005,92000.0,3200.0,95200.0,2400.0,21800.0,75800.0
nonelderly_childless_hh,all_quintiles,2006,93900.0,3400.0,97400.0,2300.0,22300.0,77400.0
nonelderly_childless_hh,all_quintiles,2007,94200.0,3400.0,97600.0,2400.0,21800.0,78200.0
nonelderly_childless_hh,all_quintiles,2008,88500.0,3600.0,92100.0,2500.0,19100.0,75500.0
nonelderly_childless_hh,all_quintiles,2009,82800.0,4500.0,87300.0,2800.0,17700.0,72500.0
nonelderly_childless_hh,all_quintiles,2010,81900.0,4800.0,86700.0,2900.0,17900.0,71800.0
nonelderly_childless_hh,all_quintiles,2011,82400.0,4400.0,86800.0,3000.0,17600.0,72200.0
nonelderly_childless_hh,all_quintiles,2012,86100.0,4200.0,90300.0,3100.0,18800.0,74500.0
nonelderly_childless_hh,all_quintiles,2013,84900.0,4000.0,88900.0,3200.0,20100.0,71900.0
nonelderly_childless_hh,all_quintiles,2014,88400.0,3800.0,92200.0,3700.0,21300.0,74600.0
nonelderly_childless_hh,all_quintiles,2015,90100.0,3600.0,93700.0,4000.0,21400.0,76200.0
nonelderly_childless_hh,lowest_quintile,1979,12200.0,1800.0,14100.0,1400.0,2100.0,13400.0
nonelderly_childless_hh,lowest_quintile,1980,11900.0,1900.0,13800.0,1300.0,2000.0,13100.0
nonelderly_childless_hh,lowest_quintile,1981,11800.0,1800.0,13600.0,1500.0,2100.0,13000.0
nonelderly_childless_hh,lowest_quintile,1982,11500.0,1800.0,13300.0,1400.0,1900.0,12800.0
nonelderly_childless_hh,lowest_quintile,1983,11300.0,1400.0,12800.0,1500.0,2000.0,12300.0
nonelderly_childless_hh,lowest_quintile,1984,12100.0,1500.0,13500.0,1500.0,2100.0,12900.0
nonelderly_childless_hh,lowest_quintile,1985,12300.0,1600.0,13900.0,1500.0,2300.0,13100.0
nonelderly_childless_hh,lowest_quintile,1986,12300.0,1300.0,13600.0,1500.0,2200.0,12900.0
nonelderly_childless_hh,lowest_quintile,1987,12400.0,1500.0,13800.0,1300.0,2300.0,12900.0
nonelderly_childless_hh,lowest_quintile,1988,12800.0,1600.0,14300.0,1100.0,2400.0,13100.0
nonelderly_childless_hh,lowest_quintile,1989,13600.0,1500.0,15100.0,1200.0,2500.0,13800.0
nonelderly_childless_hh,lowest_quintile,1990,14000.0,1600.0,15500.0,1200.0,2700.0,14100.0
nonelderly_childless_hh,lowest_quintile,1991,14500.0,1500.0,16000.0,1200.0,2700.0,14500.0
nonelderly_childless_hh,lowest_quintile,1992,14500.0,1700.0,16200.0,1200.0,2800.0,14600.0
nonelderly_childless_hh,lowest_quintile,1993,14300.0,1600.0,16000.0,1300.0,2700.0,14500.0
nonelderly_childless_hh,lowest_quintile,1994,14600.0,1600.0,16200.0,1400.0,2700.0,14800.0
nonelderly_childless_hh,lowest_quintile,1995,14800.0,1500.0,16300.0,1500.0,2700.0,15100.0
nonelderly_childless_hh,lowest_quintile,1996,14600.0,1600.0,16200.0,1700.0,2600.0,15300.0
nonelderly_childless_hh,lowest_quintile,1997,15200.0,1500.0,16700.0,1900.0,2800.0,15800.0
nonelderly_childless_hh,lowest_quintile,1998,16100.0,1500.0,17600.0,1800.0,2800.0,16500.0
nonelderly_childless_hh,lowest_quintile,1999,17000.0,1500.0,18400.0,1800.0,3000.0,17200.0
nonelderly_childless_hh,lowest_quintile,2000,17100.0,1500.0,18700.0,1900.0,3100.0,17400.0
nonelderly_childless_hh,lowest_quintile,2001,16800.0,1600.0,18400.0,1900.0,2800.0,17500.0
nonelderly_childless_hh,lowest_quintile,2002,16400.0,1700.0,18200.0,1800.0,2600.0,17400.0
nonelderly_childless_hh,lowest_quintile,2003,16400.0,1800.0,18300.0,1800.0,2600.0,17400.0
nonelderly_childless_hh,lowest_quintile,2004,16500.0,1700.0,18200.0,1800.0,2600.0,17400.0
nonelderly_childless_hh,lowest_quintile,2005,17600.0,1600.0,19200.0,2000.0,2900.0,18300.0
nonelderly_childless_hh,lowest_quintile,2006,18500.0,1500.0,20100.0,2200.0,3100.0,19200.0
nonelderly_childless_hh,lowest_quintile,2007,19300.0,1600.0,20800.0,2200.0,3000.0,20000.0
nonelderly_childless_hh,lowest_quintile,2008,19200.0,1700.0,21000.0,2200.0,2400.0,20800.0
nonelderly_childless_hh,lowest_quintile,2009,18400.0,2300.0,20700.0,2200.0,2200.0,20700.0
nonelderly_childless_hh,lowest_quintile,2010,18300.0,2500.0,20700.0,2400.0,2400.0,20800.0
nonelderly_childless_hh,lowest_quintile,2011,18300.0,2200.0,20500.0,2600.0,2400.0,20700.0
nonelderly_childless_hh,lowest_quintile,2012,17700.0,2000.0,19700.0,2900.0,2400.0,20200.0
nonelderly_childless_hh,lowest_quintile,2013,19000.0,1900.0,21000.0,2900.0,2900.0,20900.0
nonelderly_childless_hh,lowest_quintile,2014,19000.0,1800.0,20700.0,3300.0,2900.0,21200.0
nonelderly_childless_hh,lowest_quintile,2015,19900.0,1800.0,21600.0,3800.0,2900.0,22500.0
nonelderly_childless_hh,second_quintile,1979,27200.0,2600.0,29800.0,1200.0,5400.0,25600.0
nonelderly_childless_hh,second_quintile,1980,25900.0,2800.0,28700.0,1400.0,5200.0,24900.0
nonelderly_childless_hh,second_quintile,1981,26100.0,2800.0,29000.0,1400.0,5400.0,25000.0
nonelderly_childless_hh,second_quintile,1982,25500.0,3000.0,28500.0,1500.0,5000.0,25000.0
nonelderly_childless_hh,second_quintile,1983,24800.0,3000.0,27800.0,1500.0,4800.0,24500.0
nonelderly_childless_hh,second_quintile,1984,26800.0,2800.0,29600.0,1500.0,5200.0,25900.0
nonelderly_childless_hh,second_quintile,1985,27000.0,2800.0,29700.0,1500.0,5400.0,25800.0
nonelderly_childless_hh,second_quintile,1986,27000.0,2900.0,29900.0,1800.0,5400.0,26200.0
nonelderly_childless_hh,second_quintile,1987,26800.0,2700.0,29500.0,1700.0,5300.0,25900.0
nonelderly_childless_hh,second_quintile,1988,27600.0,2600.0,30100.0,1900.0,5600.0,26400.0
nonelderly_childless_hh,second_quintile,1989,28300.0,2600.0,30900.0,1900.0,5700.0,27100.0
nonelderly_childless_hh,second_quintile,1990,28700.0,2700.0,31500.0,1900.0,5900.0,27500.0
nonelderly_childless_hh,second_quintile,1991,28100.0,3000.0,31100.0,2100.0,5700.0,27500.0
nonelderly_childless_hh,second_quintile,1992,28400.0,3200.0,31600.0,2300.0,5800.0,28100.0
nonelderly_childless_hh,second_quintile,1993,28600.0,3200.0,31800.0,2500.0,5900.0,28400.0
nonelderly_childless_hh,second_quintile,1994,28900.0,3000.0,31800.0,2700.0,5900.0,28600.0
nonelderly_childless_hh,second_quintile,1995,30800.0,2900.0,33700.0,2700.0,6300.0,30100.0
nonelderly_childless_hh,second_quintile,1996,30200.0,3200.0,33400.0,2900.0,6200.0,30100.0
nonelderly_childless_hh,second_quintile,1997,30700.0,3400.0,34000.0,3000.0,6200.0,30800.0
nonelderly_childless_hh,second_quintile,1998,32100.0,3400.0,35500.0,3300.0,6400.0,32400.0
nonelderly_childless_hh,second_quintile,1999,33600.0,3200.0,36900.0,3300.0,6700.0,33400.0
nonelderly_childless_hh,second_quintile,2000,33500.0,3300.0,36800.0,3500.0,6700.0,33500.0
nonelderly_childless_hh,second_quintile,2001,33000.0,3600.0,36600.0,3700.0,6000.0,34200.0
nonelderly_childless_hh,second_quintile,2002,32900.0,3600.0,36500.0,3700.0,5800.0,34300.0
nonelderly_childless_hh,second_quintile,2003,32900.0,3800.0,36700.0,3800.0,5700.0,34700.0
nonelderly_childless_hh,second_quintile,2004,34200.0,3600.0,37800.0,3800.0,6000.0,35600.0
nonelderly_childless_hh,second_quintile,2005,34700.0,3800.0,38500.0,4000.0,6200.0,36300.0
nonelderly_childless_hh,second_quintile,2006,36100.0,3700.0,39800.0,3500.0,6500.0,36900.0
nonelderly_childless_hh,second_quintile,2007,37400.0,3900.0,41300.0,3600.0,6700.0,38200.0
nonelderly_childless_hh,second_quintile,2008,36400.0,4000.0,40500.0,3900.0,5400.0,38900.0
nonelderly_childless_hh,second_quintile,2009,35100.0,4900.0,40000.0,4200.0,5100.0,39000.0
nonelderly_childless_hh,second_quintile,2010,34800.0,5100.0,39900.0,4400.0,5300.0,39000.0
nonelderly_childless_hh,second_quintile,2011,34100.0,4900.0,39000.0,4600.0,5100.0,38600.0
nonelderly_childless_hh,second_quintile,2012,34700.0,4500.0,39200.0,4500.0,5200.0,38400.0
nonelderly_childless_hh,second_quintile,2013,35600.0,4400.0,40000.0,4900.0,6000.0,38800.0
nonelderly_childless_hh,second_quintile,2014,36100.0,4000.0,40100.0,5500.0,6100.0,39500.0
nonelderly_childless_hh,second_quintile,2015,38400.0,3800.0,42300.0,5800.0,6400.0,41600.0
nonelderly_childless_hh,middle_quintile,1979,43400.0,2100.0,45600.0,600.0,9500.0,36700.0
nonelderly_childless_hh,middle_quintile,1980,41900.0,2500.0,44300.0,700.0,9300.0,35700.0
nonelderly_childless_hh,middle_quintile,1981,41800.0,2700.0,44500.0,700.0,9600.0,35600.0
nonelderly_childless_hh,middle_quintile,1982,41000.0,2900.0,43900.0,700.0,8800.0,35800.0
nonelderly_childless_hh,middle_quintile,1983,41200.0,2900.0,44100.0,700.0,8700.0,36100.0
nonelderly_childless_hh,middle_quintile,1984,44400.0,2500.0,46900.0,600.0,9400.0,38100.0
nonelderly_childless_hh,middle_quintile,1985,44900.0,2400.0,47300.0,700.0,9800.0,38200.0
nonelderly_childless_hh,middle_quintile,1986,45800.0,2500.0,48400.0,700.0,10000.0,39000.0
nonelderly_childless_hh,middle_quintile,1987,45900.0,2600.0,48500.0,800.0,9900.0,39400.0
nonelderly_childless_hh,middle_quintile,1988,46100.0,2600.0,48700.0,900.0,10000.0,39600.0
nonelderly_childless_hh,middle_quintile,1989,46800.0,2500.0,49300.0,1000.0,10200.0,40100.0
nonelderly_childless_hh,middle_quintile,1990,46800.0,2800.0,49600.0,1200.0,10400.0,40400.0
nonelderly_childless_hh,middle_quintile,1991,46100.0,2900.0,49000.0,1500.0,10100.0,40400.0
nonelderly_childless_hh,middle_quintile,1992,45900.0,3400.0,49400.0,1700.0,10100.0,41000.0
nonelderly_childless_hh,middle_quintile,1993,45400.0,3400.0,48800.0,1800.0,9900.0,40600.0
nonelderly_childless_hh,middle_quintile,1994,46300.0,3000.0,49300.0,1800.0,10100.0,41000.0
nonelderly_childless_hh,middle_quintile,1995,47900.0,3400.0,51300.0,2000.0,10600.0,42700.0
nonelderly_childless_hh,middle_quintile,1996,49200.0,3300.0,52500.0,1900.0,10800.0,43600.0
nonelderly_childless_hh,middle_quintile,1997,50000.0,3300.0,53200.0,1800.0,11100.0,44000.0
nonelderly_childless_hh,middle_quintile,1998,52300.0,3400.0,55700.0,2100.0,11400.0,46400.0
nonelderly_childless_hh,middle_quintile,1999,53600.0,3300.0,57000.0,2400.0,11700.0,47600.0
nonelderly_childless_hh,middle_quintile,2000,53900.0,3600.0,57500.0,2500.0,11700.0,48300.0
nonelderly_childless_hh,middle_quintile,2001,52400.0,4200.0,56600.0,2900.0,10600.0,48900.0
nonelderly_childless_hh,middle_quintile,2002,51000.0,4500.0,55500.0,3400.0,10200.0,48700.0
nonelderly_childless_hh,middle_quintile,2003,51400.0,4500.0,55900.0,3600.0,10100.0,49500.0
nonelderly_childless_hh,middle_quintile,2004,52500.0,4500.0,57100.0,3900.0,10300.0,50600.0
nonelderly_childless_hh,middle_quintile,2005,53300.0,4800.0,58100.0,3700.0,10600.0,51200.0
nonelderly_childless_hh,middle_quintile,2006,54500.0,4900.0,59400.0,3700.0,10800.0,52200.0
nonelderly_childless_hh,middle_quintile,2007,56700.0,5200.0,61900.0,3600.0,11100.0,54300.0
nonelderly_childless_hh,middle_quintile,2008,54900.0,5300.0,60200.0,3600.0,9400.0,54400.0
nonelderly_childless_hh,middle_quintile,2009,52800.0,6400.0,59200.0,4500.0,8900.0,54800.0
nonelderly_childless_hh,middle_quintile,2010,52600.0,7000.0,59600.0,4400.0,9300.0,54700.0
nonelderly_childless_hh,middle_quintile,2011,51700.0,6400.0,58100.0,4600.0,8800.0,53900.0
nonelderly_childless_hh,middle_quintile,2012,51700.0,6300.0,58000.0,4800.0,9000.0,53800.0
nonelderly_childless_hh,middle_quintile,2013,53800.0,5900.0,59700.0,4900.0,10300.0,54400.0
nonelderly_childless_hh,middle_quintile,2014,54500.0,5800.0,60300.0,5600.0,10400.0,55500.0
nonelderly_childless_hh,middle_quintile,2015,58200.0,5600.0,63800.0,5500.0,11100.0,58200.0
nonelderly_childless_hh,fourth_quintile,1979,64000.0,1800.0,65800.0,300.0,15300.0,50800.0
nonelderly_childless_hh,fourth_quintile,1980,62800.0,2100.0,64800.0,300.0,15200.0,49900.0
nonelderly_childless_hh,fourth_quintile,1981,63600.0,2100.0,65700.0,300.0,16000.0,50000.0
nonelderly_childless_hh,fourth_quintile,1982,63500.0,2200.0,65700.0,200.0,15100.0,50900.0
nonelderly_childless_hh,fourth_quintile,1983,64100.0,2200.0,66300.0,300.0,14800.0,51800.0
nonelderly_childless_hh,fourth_quintile,1984,67600.0,2000.0,69600.0,300.0,15500.0,54400.0
nonelderly_childless_hh,fourth_quintile,1985,68500.0,1700.0,70100.0,300.0,15900.0,54500.0
nonelderly_childless_hh,fourth_quintile,1986,70900.0,1900.0,72800.0,400.0,16700.0,56500.0
nonelderly_childless_hh,fourth_quintile,1987,71100.0,1900.0,72900.0,400.0,16400.0,56900.0
nonelderly_childless_hh,fourth_quintile,1988,72000.0,1800.0,73800.0,400.0,16900.0,57200.0
nonelderly_childless_hh,fourth_quintile,1989,72600.0,1900.0,74400.0,400.0,17000.0,57900.0
nonelderly_childless_hh,fourth_quintile,1990,71600.0,2200.0,73800.0,500.0,16900.0,57500.0
nonelderly_childless_hh,fourth_quintile,1991,71300.0,2400.0,73700.0,600.0,16800.0,57600.0
nonelderly_childless_hh,fourth_quintile,1992,71200.0,2800.0,74000.0,800.0,16600.0,58200.0
nonelderly_childless_hh,fourth_quintile,1993,71800.0,2800.0,74600.0,900.0,16700.0,58700.0
nonelderly_childless_hh,fourth_quintile,1994,72900.0,2300.0,75200.0,800.0,17000.0,59000.0
nonelderly_childless_hh,fourth_quintile,1995,74100.0,2500.0,76500.0,1000.0,17400.0,60200.0
nonelderly_childless_hh,fourth_quintile,1996,76700.0,2400.0,79100.0,800.0,18100.0,61900.0
nonelderly_childless_hh,fourth_quintile,1997,78300.0,2300.0,80600.0,900.0,18600.0,62900.0
nonelderly_childless_hh,fourth_quintile,1998,82000.0,2300.0,84200.0,1000.0,19300.0,65900.0
nonelderly_childless_hh,fourth_quintile,1999,83900.0,2300.0,86300.0,1100.0,19800.0,67600.0
nonelderly_childless_hh,fourth_quintile,2000,85100.0,2500.0,87600.0,1200.0,19900.0,68900.0
nonelderly_childless_hh,fourth_quintile,2001,84000.0,2700.0,86700.0,1300.0,18600.0,69400.0
nonelderly_childless_hh,fourth_quintile,2002,82000.0,3400.0,85400.0,1500.0,17800.0,69100.0
nonelderly_childless_hh,fourth_quintile,2003,82200.0,3800.0,86000.0,1800.0,17400.0,70500.0
nonelderly_childless_hh,fourth_quintile,2004,85500.0,3800.0,89200.0,2100.0,18100.0,73200.0
nonelderly_childless_hh,fourth_quintile,2005,86600.0,3700.0,90300.0,2000.0,18600.0,73800.0
nonelderly_childless_hh,fourth_quintile,2006,89000.0,4100.0,93100.0,1900.0,19200.0,75800.0
nonelderly_childless_hh,fourth_quintile,2007,91700.0,4100.0,95800.0,2000.0,19500.0,78200.0
nonelderly_childless_hh,fourth_quintile,2008,89300.0,4300.0,93700.0,2200.0,17300.0,78600.0
nonelderly_childless_hh,fourth_quintile,2009,85400.0,5600.0,91000.0,2600.0,16300.0,77300.0
nonelderly_childless_hh,fourth_quintile,2010,84300.0,6300.0,90700.0,2800.0,16500.0,77000.0
nonelderly_childless_hh,fourth_quintile,2011,84700.0,5500.0,90200.0,2800.0,16200.0,76900.0
nonelderly_childless_hh,fourth_quintile,2012,86200.0,5300.0,91500.0,2700.0,16800.0,77400.0
nonelderly_childless_hh,fourth_quintile,2013,88900.0,5100.0,94000.0,2700.0,18800.0,77900.0
nonelderly_childless_hh,fourth_quintile,2014,91600.0,4800.0,96400.0,3300.0,19700.0,80000.0
nonelderly_childless_hh,fourth_quintile,2015,95800.0,4500.0,100300.0,3600.0,20500.0,83400.0
nonelderly_childless_hh,highest_quintile,1979,128900.0,1400.0,130300.0,200.0,35600.0,94800.0
nonelderly_childless_hh,highest_quintile,1980,126100.0,1600.0,127700.0,200.0,35000.0,92900.0
nonelderly_childless_hh,highest_quintile,1981,127100.0,1600.0,128700.0,200.0,35200.0,93700.0
nonelderly_childless_hh,highest_quintile,1982,129300.0,1900.0,131300.0,100.0,32800.0,98600.0
nonelderly_childless_hh,highest_quintile,1983,132900.0,1800.0,134700.0,100.0,32700.0,102100.0
nonelderly_childless_hh,highest_quintile,1984,142900.0,1800.0,144600.0,200.0,34800.0,110000.0
nonelderly_childless_hh,highest_quintile,1985,146000.0,1700.0,147800.0,100.0,36000.0,111900.0
nonelderly_childless_hh,highest_quintile,1986,159100.0,1700.0,160800.0,100.0,39000.0,122000.0
nonelderly_childless_hh,highest_quintile,1987,152900.0,1500.0,154400.0,200.0,40200.0,114400.0
nonelderly_childless_hh,highest_quintile,1988,166500.0,1600.0,168100.0,200.0,43400.0,124900.0
nonelderly_childless_hh,highest_quintile,1989,164000.0,1700.0,165800.0,200.0,42300.0,123700.0
nonelderly_childless_hh,highest_quintile,1990,164600.0,1800.0,166300.0,300.0,42500.0,124200.0
nonelderly_childless_hh,highest_quintile,1991,158500.0,2000.0,160400.0,300.0,41400.0,119300.0
nonelderly_childless_hh,highest_quintile,1992,165700.0,2000.0,167700.0,400.0,43600.0,124500.0
nonelderly_childless_hh,highest_quintile,1993,162900.0,2100.0,165000.0,400.0,44400.0,121000.0
nonelderly_childless_hh,highest_quintile,1994,165500.0,2100.0,167600.0,500.0,46000.0,122100.0
nonelderly_childless_hh,highest_quintile,1995,172000.0,2000.0,174000.0,400.0,48300.0,126100.0
nonelderly_childless_hh,highest_quintile,1996,181600.0,2100.0,183700.0,400.0,51400.0,132600.0
nonelderly_childless_hh,highest_quintile,1997,194100.0,2100.0,196200.0,400.0,55200.0,141400.0
nonelderly_childless_hh,highest_quintile,1998,206300.0,2100.0,208400.0,500.0,58000.0,150900.0
nonelderly_childless_hh,highest_quintile,1999,215500.0,2100.0,217700.0,500.0,61100.0,157100.0
nonelderly_childless_hh,highest_quintile,2000,225600.0,2100.0,227600.0,500.0,63800.0,164300.0
nonelderly_childless_hh,highest_quintile,2001,206500.0,2100.0,208500.0,500.0,56100.0,152900.0
nonelderly_childless_hh,highest_quintile,2002,194900.0,2600.0,197600.0,700.0,51500.0,146800.0
nonelderly_childless_hh,highest_quintile,2003,200400.0,2300.0,202800.0,600.0,50600.0,152800.0
nonelderly_childless_hh,highest_quintile,2004,215600.0,2500.0,218100.0,800.0,54900.0,164000.0
nonelderly_childless_hh,highest_quintile,2005,238100.0,2700.0,240700.0,900.0,61700.0,179900.0
nonelderly_childless_hh,highest_quintile,2006,242300.0,2900.0,245200.0,800.0,62700.0,183300.0
nonelderly_childless_hh,highest_quintile,2007,247400.0,2600.0,250000.0,800.0,62400.0,188400.0
nonelderly_childless_hh,highest_quintile,2008,229000.0,2900.0,231900.0,800.0,55600.0,177200.0
nonelderly_childless_hh,highest_quintile,2009,211100.0,3800.0,214800.0,1000.0,50600.0,165200.0
nonelderly_childless_hh,highest_quintile,2010,217600.0,3700.0,221300.0,1100.0,53500.0,168800.0
nonelderly_childless_hh,highest_quintile,2011,219800.0,3500.0,223300.0,1000.0,52800.0,171500.0
nonelderly_childless_hh,highest_quintile,2012,234200.0,3500.0,237700.0,1000.0,57300.0,181400.0
nonelderly_childless_hh,highest_quintile,2013,230600.0,3100.0,233700.0,800.0,61500.0,173100.0
nonelderly_childless_hh,highest_quintile,2014,241500.0,3200.0,244700.0,1200.0,65300.0,180600.0
nonelderly_childless_hh,highest_quintile,2015,245300.0,2800.0,248100.0,1300.0,65800.0,183600.0
nonelderly_childless_hh,percentiles_81_90,1979,89100.0,1500.0,90600.0,200.0,22600.0,68200.0
nonelderly_childless_hh,percentiles_81_90,1980,87200.0,1800.0,89000.0,200.0,22700.0,66600.0
nonelderly_childless_hh,percentiles_81_90,1981,88600.0,1900.0,90500.0,200.0,23600.0,67000.0
nonelderly_childless_hh,percentiles_81_90,1982,89200.0,2000.0,91100.0,200.0,22300.0,69100.0
nonelderly_childless_hh,percentiles_81_90,1983,90100.0,1900.0,92000.0,100.0,21700.0,70400.0
nonelderly_childless_hh,percentiles_81_90,1984,96400.0,1700.0,98100.0,200.0,23200.0,75100.0
nonelderly_childless_hh,percentiles_81_90,1985,95300.0,1700.0,97000.0,200.0,23100.0,74000.0
nonelderly_childless_hh,percentiles_81_90,1986,100000.0,1700.0,101700.0,200.0,24600.0,77300.0
nonelderly_childless_hh,percentiles_81_90,1987,101000.0,1500.0,102500.0,200.0,24800.0,77900.0
nonelderly_childless_hh,percentiles_81_90,1988,101900.0,1700.0,103600.0,200.0,25300.0,78500.0
nonelderly_childless_hh,percentiles_81_90,1989,103900.0,1700.0,105600.0,300.0,25800.0,80100.0
nonelderly_childless_hh,percentiles_81_90,1990,101900.0,1900.0,103800.0,300.0,25200.0,78900.0
nonelderly_childless_hh,percentiles_81_90,1991,100300.0,2000.0,102300.0,300.0,24700.0,77900.0
nonelderly_childless_hh,percentiles_81_90,1992,100300.0,2300.0,102600.0,500.0,24700.0,78400.0
nonelderly_childless_hh,percentiles_81_90,1993,101600.0,2300.0,103800.0,600.0,25000.0,79400.0
nonelderly_childless_hh,percentiles_81_90,1994,103300.0,2000.0,105300.0,600.0,25600.0,80300.0
nonelderly_childless_hh,percentiles_81_90,1995,106000.0,2200.0,108200.0,500.0,26500.0,82200.0
nonelderly_childless_hh,percentiles_81_90,1996,109300.0,2100.0,111400.0,500.0,27400.0,84500.0
nonelderly_childless_hh,percentiles_81_90,1997,112600.0,2100.0,114700.0,400.0,28500.0,86600.0
nonelderly_childless_hh,percentiles_81_90,1998,117400.0,2200.0,119600.0,600.0,29600.0,90600.0
nonelderly_childless_hh,percentiles_81_90,1999,121100.0,2500.0,123600.0,700.0,30600.0,93600.0
nonelderly_childless_hh,percentiles_81_90,2000,123300.0,2400.0,125600.0,600.0,31100.0,95200.0
nonelderly_childless_hh,percentiles_81_90,2001,121600.0,2100.0,123700.0,700.0,29200.0,95200.0
nonelderly_childless_hh,percentiles_81_90,2002,118600.0,3000.0,121600.0,900.0,27800.0,94700.0
nonelderly_childless_hh,percentiles_81_90,2003,121800.0,2600.0,124400.0,800.0,27500.0,97700.0
nonelderly_childless_hh,percentiles_81_90,2004,125600.0,3000.0,128500.0,1100.0,28300.0,101400.0
nonelderly_childless_hh,percentiles_81_90,2005,127800.0,2900.0,130600.0,1100.0,28900.0,102800.0
nonelderly_childless_hh,percentiles_81_90,2006,131200.0,3100.0,134300.0,1000.0,30000.0,105300.0
nonelderly_childless_hh,percentiles_81_90,2007,135700.0,3200.0,138900.0,1100.0,30700.0,109300.0
nonelderly_childless_hh,percentiles_81_90,2008,132100.0,3500.0,135700.0,1100.0,27900.0,108900.0
nonelderly_childless_hh,percentiles_81_90,2009,127300.0,4700.0,131900.0,1300.0,26600.0,106700.0
nonelderly_childless_hh,percentiles_81_90,2010,128300.0,4400.0,132700.0,1400.0,27600.0,106500.0
nonelderly_childless_hh,percentiles_81_90,2011,129500.0,4100.0,133600.0,1300.0,26900.0,108000.0
nonelderly_childless_hh,percentiles_81_90,2012,131700.0,4000.0,135800.0,1300.0,27900.0,109200.0
nonelderly_childless_hh,percentiles_81_90,2013,135100.0,3800.0,138900.0,1100.0,31300.0,108700.0
nonelderly_childless_hh,percentiles_81_90,2014,138400.0,3800.0,142200.0,1600.0,32200.0,111600.0
nonelderly_childless_hh,percentiles_81_90,2015,144700.0,3400.0,148100.0,1600.0,33900.0,115900.0
nonelderly_childless_hh,percentiles_91_95,1979,114500.0,1300.0,115800.0,100.0,30000.0,85900.0
nonelderly_childless_hh,percentiles_91_95,1980,112800.0,1600.0,114400.0,100.0,30300.0,84200.0
nonelderly_childless_hh,percentiles_91_95,1981,114100.0,1500.0,115600.0,100.0,31400.0,84300.0
nonelderly_childless_hh,percentiles_91_95,1982,114100.0,1900.0,116000.0,100.0,28700.0,87400.0
nonelderly_childless_hh,percentiles_91_95,1983,117500.0,1700.0,119200.0,100.0,28900.0,90400.0
nonelderly_childless_hh,percentiles_91_95,1984,125100.0,1800.0,126900.0,100.0,30400.0,96600.0
nonelderly_childless_hh,percentiles_91_95,1985,124300.0,1800.0,126100.0,100.0,30700.0,95600.0
nonelderly_childless_hh,percentiles_91_95,1986,131300.0,1700.0,133000.0,100.0,32500.0,100600.0
nonelderly_childless_hh,percentiles_91_95,1987,132900.0,1500.0,134400.0,100.0,33800.0,100800.0
nonelderly_childless_hh,percentiles_91_95,1988,136300.0,1800.0,138100.0,100.0,34600.0,103500.0
nonelderly_childless_hh,percentiles_91_95,1989,137300.0,1900.0,139200.0,200.0,34600.0,104800.0
nonelderly_childless_hh,percentiles_91_95,1990,134700.0,1800.0,136500.0,400.0,34300.0,102500.0
nonelderly_childless_hh,percentiles_91_95,1991,131700.0,2300.0,133900.0,300.0,33500.0,100800.0
nonelderly_childless_hh,percentiles_91_95,1992,135000.0,2100.0,137100.0,400.0,34000.0,103400.0
nonelderly_childless_hh,percentiles_91_95,1993,135800.0,2200.0,138000.0,300.0,34600.0,103700.0
nonelderly_childless_hh,percentiles_91_95,1994,137400.0,2000.0,139300.0,500.0,35600.0,104300.0
nonelderly_childless_hh,percentiles_91_95,1995,141400.0,2100.0,143400.0,400.0,36900.0,106900.0
nonelderly_childless_hh,percentiles_91_95,1996,146200.0,2500.0,148700.0,500.0,38300.0,110900.0
nonelderly_childless_hh,percentiles_91_95,1997,152200.0,2000.0,154200.0,400.0,40200.0,114400.0
nonelderly_childless_hh,percentiles_91_95,1998,158500.0,2000.0,160500.0,400.0,41700.0,119200.0
nonelderly_childless_hh,percentiles_91_95,1999,163800.0,2000.0,165800.0,400.0,43500.0,122700.0
nonelderly_childless_hh,percentiles_91_95,2000,167200.0,2000.0,169200.0,400.0,44200.0,125400.0
nonelderly_childless_hh,percentiles_91_95,2001,163000.0,2100.0,165100.0,500.0,41600.0,124000.0
nonelderly_childless_hh,percentiles_91_95,2002,159500.0,2400.0,161900.0,600.0,39600.0,122900.0
nonelderly_childless_hh,percentiles_91_95,2003,162800.0,2300.0,165100.0,700.0,38500.0,127200.0
nonelderly_childless_hh,percentiles_91_95,2004,167600.0,2200.0,169800.0,600.0,39700.0,130700.0
nonelderly_childless_hh,percentiles_91_95,2005,176300.0,2800.0,179200.0,800.0,42100.0,137800.0
nonelderly_childless_hh,percentiles_91_95,2006,180000.0,3200.0,183300.0,800.0,43200.0,140900.0
nonelderly_childless_hh,percentiles_91_95,2007,187800.0,2300.0,190100.0,600.0,44600.0,146200.0
nonelderly_childless_hh,percentiles_91_95,2008,178300.0,2800.0,181100.0,900.0,40700.0,141300.0
nonelderly_childless_hh,percentiles_91_95,2009,173800.0,3300.0,177100.0,700.0,39100.0,138700.0
nonelderly_childless_hh,percentiles_91_95,2010,177000.0,3300.0,180300.0,1100.0,40600.0,140800.0
nonelderly_childless_hh,percentiles_91_95,2011,178700.0,3400.0,182200.0,600.0,39900.0,142900.0
nonelderly_childless_hh,percentiles_91_95,2012,181400.0,3600.0,185000.0,900.0,41400.0,144600.0
nonelderly_childless_hh,percentiles_91_95,2013,186800.0,2700.0,189500.0,500.0,45300.0,144700.0
nonelderly_childless_hh,percentiles_91_95,2014,192400.0,3100.0,195400.0,1000.0,47900.0,148600.0
nonelderly_childless_hh,percentiles_91_95,2015,198200.0,2600.0,200900.0,1200.0,49200.0,152900.0
nonelderly_childless_hh,percentiles_96_99,1979,165200.0,1100.0,166300.0,100.0,45900.0,120500.0
nonelderly_childless_hh,percentiles_96_99,1980,160600.0,1400.0,162000.0,200.0,45100.0,117100.0
nonelderly_childless_hh,percentiles_96_99,1981,161400.0,1400.0,162800.0,100.0,45400.0,117500.0
nonelderly_childless_hh,percentiles_96_99,1982,161900.0,1800.0,163800.0,100.0,41400.0,122400.0
nonelderly_childless_hh,percentiles_96_99,1983,165700.0,1800.0,167400.0,100.0,40100.0,127400.0
nonelderly_childless_hh,percentiles_96_99,1984,177200.0,1900.0,179000.0,100.0,42000.0,137200.0
nonelderly_childless_hh,percentiles_96_99,1985,180800.0,1800.0,182600.0,100.0,44000.0,138800.0
nonelderly_childless_hh,percentiles_96_99,1986,195900.0,1900.0,197900.0,100.0,47500.0,150500.0
nonelderly_childless_hh,percentiles_96_99,1987,194100.0,1400.0,195500.0,200.0,51100.0,144500.0
nonelderly_childless_hh,percentiles_96_99,1988,200600.0,1500.0,202100.0,300.0,51900.0,150500.0
nonelderly_childless_hh,percentiles_96_99,1989,206100.0,1600.0,207700.0,200.0,53100.0,154900.0
nonelderly_childless_hh,percentiles_96_99,1990,197700.0,1600.0,199400.0,200.0,50900.0,148700.0
nonelderly_childless_hh,percentiles_96_99,1991,194700.0,1600.0,196300.0,200.0,50800.0,145700.0
nonelderly_childless_hh,percentiles_96_99,1992,200300.0,1600.0,201800.0,300.0,52300.0,149800.0
nonelderly_childless_hh,percentiles_96_99,1993,199000.0,1900.0,200900.0,200.0,53100.0,148000.0
nonelderly_childless_hh,percentiles_96_99,1994,205300.0,2700.0,208000.0,300.0,55700.0,152700.0
nonelderly_childless_hh,percentiles_96_99,1995,213800.0,1500.0,215300.0,300.0,58900.0,156700.0
nonelderly_childless_hh,percentiles_96_99,1996,223800.0,1800.0,225600.0,200.0,62000.0,163800.0
nonelderly_childless_hh,percentiles_96_99,1997,236800.0,2700.0,239500.0,300.0,65800.0,174000.0
nonelderly_childless_hh,percentiles_96_99,1998,249300.0,2000.0,251300.0,200.0,69200.0,182300.0
nonelderly_childless_hh,percentiles_96_99,1999,262500.0,1800.0,264200.0,300.0,74100.0,190500.0
nonelderly_childless_hh,percentiles_96_99,2000,268400.0,1700.0,270000.0,300.0,75700.0,194700.0
nonelderly_childless_hh,percentiles_96_99,2001,252900.0,2100.0,254900.0,400.0,68500.0,186800.0
nonelderly_childless_hh,percentiles_96_99,2002,242100.0,2300.0,244400.0,200.0,63800.0,180900.0
nonelderly_childless_hh,percentiles_96_99,2003,249900.0,2100.0,252100.0,300.0,62800.0,189500.0
nonelderly_childless_hh,percentiles_96_99,2004,263500.0,2000.0,265400.0,400.0,67000.0,198900.0
nonelderly_childless_hh,percentiles_96_99,2005,282100.0,2200.0,284200.0,500.0,72600.0,212200.0
nonelderly_childless_hh,percentiles_96_99,2006,295000.0,2200.0,297300.0,400.0,76700.0,221000.0
nonelderly_childless_hh,percentiles_96_99,2007,306200.0,1900.0,308100.0,400.0,78400.0,230200.0
nonelderly_childless_hh,percentiles_96_99,2008,284600.0,1600.0,286200.0,400.0,70500.0,216200.0
nonelderly_childless_hh,percentiles_96_99,2009,266200.0,2600.0,268900.0,600.0,64800.0,204600.0
nonelderly_childless_hh,percentiles_96_99,2010,275700.0,2900.0,278500.0,500.0,68900.0,210100.0
nonelderly_childless_hh,percentiles_96_99,2011,279200.0,2700.0,281900.0,600.0,68100.0,214400.0
nonelderly_childless_hh,percentiles_96_99,2012,293200.0,2300.0,295500.0,500.0,73200.0,222700.0
nonelderly_childless_hh,percentiles_96_99,2013,296700.0,2100.0,298800.0,300.0,78500.0,220600.0
nonelderly_childless_hh,percentiles_96_99,2014,309800.0,2400.0,312200.0,600.0,83600.0,229300.0
nonelderly_childless_hh,percentiles_96_99,2015,319700.0,2000.0,321700.0,800.0,86100.0,236400.0
nonelderly_childless_hh,top_1_percent,1979,515800.0,900.0,516700.0,200.0,175300.0,341500.0
nonelderly_childless_hh,top_1_percent,1980,502800.0,1000.0,503800.0,100.0,160400.0,343500.0
nonelderly_childless_hh,top_1_percent,1981,489000.0,1000.0,490000.0,100.0,143000.0,347100.0
nonelderly_childless_hh,top_1_percent,1982,549500.0,1500.0,551100.0,100.0,144600.0,406600.0
nonelderly_childless_hh,top_1_percent,1983,550600.0,1600.0,552200.0,,144400.0,407900.0
nonelderly_childless_hh,top_1_percent,1984,600100.0,1600.0,601700.0,200.0,155900.0,445900.0
nonelderly_childless_hh,top_1_percent,1985,688200.0,1700.0,689900.0,100.0,176700.0,513300.0
nonelderly_childless_hh,top_1_percent,1986,821400.0,1100.0,822500.0,,200200.0,622300.0
nonelderly_childless_hh,top_1_percent,1987,692900.0,1400.0,694300.0,200.0,208500.0,486000.0
nonelderly_childless_hh,top_1_percent,1988,893700.0,1100.0,894900.0,100.0,254300.0,640700.0
nonelderly_childless_hh,top_1_percent,1989,826400.0,1200.0,827600.0,100.0,230300.0,597400.0
nonelderly_childless_hh,top_1_percent,1990,856500.0,1700.0,858200.0,200.0,235800.0,622600.0
nonelderly_childless_hh,top_1_percent,1991,734000.0,1200.0,735100.0,200.0,213200.0,522100.0
nonelderly_childless_hh,top_1_percent,1992,831500.0,1400.0,832900.0,100.0,246000.0,587000.0
nonelderly_childless_hh,top_1_percent,1993,770300.0,1300.0,771600.0,300.0,255000.0,516900.0
nonelderly_childless_hh,top_1_percent,1994,805200.0,1600.0,806900.0,300.0,277000.0,530200.0
nonelderly_childless_hh,top_1_percent,1995,855400.0,1600.0,857100.0,100.0,295700.0,561400.0
nonelderly_childless_hh,top_1_percent,1996,952500.0,800.0,953300.0,100.0,330600.0,622800.0
nonelderly_childless_hh,top_1_percent,1997,1150200.0,800.0,1151000.0,200.0,390000.0,761100.0
nonelderly_childless_hh,top_1_percent,1998,1307600.0,1300.0,1308900.0,200.0,427100.0,882000.0
nonelderly_childless_hh,top_1_percent,1999,1310500.0,600.0,1311100.0,200.0,429200.0,882100.0
nonelderly_childless_hh,top_1_percent,2000,1420100.0,900.0,1421000.0,300.0,458300.0,963000.0
nonelderly_childless_hh,top_1_percent,2001,1110600.0,1100.0,1111800.0,200.0,356900.0,755100.0
nonelderly_childless_hh,top_1_percent,2002,961900.0,1900.0,963800.0,400.0,304900.0,659300.0
nonelderly_childless_hh,top_1_percent,2003,1024100.0,900.0,1025000.0,400.0,309800.0,715600.0
nonelderly_childless_hh,top_1_percent,2004,1241500.0,1000.0,1242400.0,200.0,372600.0,870100.0
nonelderly_childless_hh,top_1_percent,2005,1592100.0,1600.0,1593700.0,400.0,482200.0,1111900.0
nonelderly_childless_hh,top_1_percent,2006,1661800.0,1500.0,1663300.0,300.0,495500.0,1168100.0
nonelderly_childless_hh,top_1_percent,2007,1606200.0,1400.0,1607600.0,300.0,456600.0,1151300.0
nonelderly_childless_hh,top_1_percent,2008,1364600.0,1200.0,1365800.0,200.0,386800.0,979200.0
nonelderly_childless_hh,top_1_percent,2009,1122800.0,1200.0,1123900.0,400.0,324200.0,800100.0
nonelderly_childless_hh,top_1_percent,2010,1194100.0,1000.0,1195100.0,400.0,349700.0,845800.0
nonelderly_childless_hh,top_1_percent,2011,1204200.0,1200.0,1205400.0,600.0,349700.0,856300.0
nonelderly_childless_hh,top_1_percent,2012,1494500.0,1800.0,1496300.0,700.0,429000.0,1068000.0
nonelderly_childless_hh,top_1_percent,2013,1281300.0,1800.0,1283100.0,700.0,424800.0,859000.0
nonelderly_childless_hh,top_1_percent,2014,1428900.0,1000.0,1429900.0,600.0,474700.0,955800.0
nonelderly_childless_hh,top_1_percent,2015,1419300.0,1300.0,1420600.0,600.0,466100.0,955100.0
