household_type,income_group,year,market_income,social_insurance_benefits,inc_before_transfers_taxes,means_tested_transfers,federal_taxes,inc_after_transfers_taxes
all_households,all_quintiles,1979,60700.0,4600.0,65300.0,1400.0,14600.0,52000.0
all_households,all_quintiles,1980,58500.0,4900.0,63400.0,1400.0,14200.0,50600.0
all_households,all_quintiles,1981,58500.0,5100.0,63600.0,1500.0,14400.0,50700.0
all_households,all_quintiles,1982,58100.0,5600.0,63700.0,1400.0,13300.0,51900.0
all_households,all_quintiles,1983,58700.0,5700.0,64400.0,1400.0,13200.0,52600.0
all_households,all_quintiles,1984,62500.0,5500.0,68000.0,1400.0,14200.0,55300.0
all_households,all_quintiles,1985,63400.0,5600.0,69100.0,1500.0,14500.0,56100.0
all_households,all_quintiles,1986,67900.0,5800.0,73700.0,1500.0,15500.0,59800.0
all_households,all_quintiles,1987,65700.0,5700.0,71300.0,1500.0,15500.0,57300.0
all_households,all_quintiles,1988,68600.0,5700.0,74400.0,1500.0,16300.0,59600.0
all_households,all_quintiles,1989,69000.0,5800.0,74900.0,1600.0,16200.0,60300.0
all_households,all_quintiles,1990,68400.0,6100.0,74500.0,1800.0,16100.0,60100.0
all_households,all_quintiles,1991,66300.0,6400.0,72700.0,2000.0,15700.0,59000.0
all_households,all_quintiles,1992,68000.0,6700.0,74700.0,2200.0,16200.0,60700.0
all_households,all_quintiles,1993,68100.0,6900.0,75000.0,2300.0,16600.0,60700.0
all_households,all_quintiles,1994,69000.0,6900.0,75800.0,2400.0,17000.0,61100.0
all_households,all_quintiles,1995,72000.0,7100.0,79000.0,2400.0,17900.0,63500.0
all_households,all_quintiles,1996,74900.0,7200.0,82100.0,2300.0,18800.0,65600.0
all_households,all_quintiles,1997,78600.0,7300.0,85900.0,2200.0,19800.0,68300.0
all_households,all_quintiles,1998,83300.0,7200.0,90500.0,2300.0,20500.0,72300.0
all_households,all_quintiles,1999,87900.0,7000.0,94900.0,2400.0,21900.0,75400.0
all_households,all_quintiles,2000,90300.0,7100.0,97500.0,2500.0,22500.0,77500.0
all_households,all_quintiles,2001,84600.0,7500.0,92100.0,2700.0,19900.0,74900.0
all_households,all_quintiles,2002,80600.0,7900.0,88500.0,2900.0,18400.0,73000.0
all_households,all_quintiles,2003,82000.0,8000.0,90000.0,3100.0,17900.0,75200.0
all_households,all_quintiles,2004,87100.0,8000.0,95100.0,3300.0,19300.0,79100.0
all_households,all_quintiles,2005,92000.0,8200.0,100200.0,3300.0,20900.0,82600.0
all_households,all_quintiles,2006,95500.0,8600.0,104100.0,3200.0,21800.0,85500.0
all_households,all_quintiles,2007,98600.0,8700.0,107400.0,3300.0,22000.0,88700.0
all_households,all_quintiles,2008,90600.0,9100.0,99700.0,3500.0,18500.0,84700.0
all_households,all_quintiles,2009,83300.0,10500.0,93800.0,4000.0,16800.0,81000.0
all_households,all_quintiles,2010,85700.0,10500.0,96100.0,4100.0,17900.0,82300.0
all_households,all_quintiles,2011,85100.0,10200.0,95300.0,4100.0,17500.0,81900.0
all_households,all_quintiles,2012,89500.0,10300.0,99800.0,4100.0,18900.0,85000.0
all_households,all_quintiles,2013,88200.0,10300.0,98500.0,4200.0,20400.0,82300.0
all_households,all_quintiles,2014,91700.0,10300.0,102000.0,4900.0,21600.0,85300.0
all_households,all_quintiles,2015,94500.0,10500.0,105100.0,5200.0,22200.0,88200.0
all_households,lowest_quintile,1979,7600.0,9700.0,17200.0,4200.0,1000.0,20400.0
all_households,lowest_quintile,1980,6800.0,9900.0,16700.0,4400.0,900.0,20200.0
all_households,lowest_quintile,1981,6600.0,10100.0,16800.0,4500.0,900.0,20400.0
all_households,lowest_quintile,1982,6200.0,10400.0,16600.0,4600.0,800.0,20400.0
all_households,lowest_quintile,1983,5900.0,10400.0,16300.0,4900.0,900.0,20200.0
all_households,lowest_quintile,1984,7100.0,9800.0,16900.0,4500.0,1100.0,20300.0
all_households,lowest_quintile,1985,6800.0,10200.0,17000.0,4800.0,1100.0,20700.0
all_households,lowest_quintile,1986,6700.0,10200.0,17000.0,5000.0,1100.0,20900.0
all_households,lowest_quintile,1987,6000.0,10500.0,16500.0,5200.0,900.0,20800.0
all_households,lowest_quintile,1988,6300.0,10700.0,17000.0,5300.0,900.0,21300.0
all_households,lowest_quintile,1989,6900.0,10800.0,17700.0,5400.0,1000.0,22100.0
all_households,lowest_quintile,1990,7200.0,11000.0,18300.0,5900.0,1000.0,23100.0
all_households,lowest_quintile,1991,7100.0,11500.0,18600.0,6300.0,1000.0,24000.0
all_households,lowest_quintile,1992,6800.0,12100.0,19000.0,6800.0,1000.0,24700.0
all_households,lowest_quintile,1993,6700.0,12600.0,19300.0,7100.0,1000.0,25500.0
all_households,lowest_quintile,1994,6400.0,12800.0,19300.0,7100.0,800.0,25600.0
all_households,lowest_quintile,1995,7400.0,13000.0,20400.0,7000.0,800.0,26600.0
all_households,lowest_quintile,1996,7600.0,12700.0,20300.0,6900.0,700.0,26600.0
all_households,lowest_quintile,1997,8300.0,13100.0,21400.0,6600.0,800.0,27300.0
all_households,lowest_quintile,1998,9400.0,13100.0,22500.0,6800.0,800.0,28500.0
all_households,lowest_quintile,1999,10200.0,12700.0,22900.0,6700.0,1000.0,28700.0
all_households,lowest_quintile,2000,10200.0,12600.0,22700.0,6900.0,800.0,28700.0
all_households,lowest_quintile,2001,9200.0,13400.0,22700.0,7300.0,800.0,29200.0
all_households,lowest_quintile,2002,8800.0,14200.0,23000.0,7600.0,700.0,29900.0
all_households,lowest_quintile,2003,8300.0,14400.0,22700.0,8000.0,700.0,30000.0
all_households,lowest_quintile,2004,8600.0,14500.0,23000.0,8100.0,600.0,30500.0
all_households,lowest_quintile,2005,9000.0,14500.0,23500.0,8200.0,700.0,31100.0
all_households,lowest_quintile,2006,9700.0,15400.0,25100.0,8200.0,800.0,32600.0
all_households,lowest_quintile,2007,11100.0,15100.0,26100.0,8200.0,700.0,33600.0
all_households,lowest_quintile,2008,10100.0,16200.0,26300.0,8500.0,-100.0,34800.0
all_households,lowest_quintile,2009,8600.0,18100.0,26700.0,9600.0,,36300.0
all_households,lowest_quintile,2010,9000.0,17400.0,26500.0,9700.0,,36200.0
all_households,lowest_quintile,2011,8600.0,17400.0,26000.0,9400.0,100.0,35300.0
all_households,lowest_quintile,2012,8000.0,17400.0,25400.0,9700.0,100.0,35000.0
all_households,lowest_quintile,2013,8800.0,17200.0,26000.0,9900.0,300.0,35600.0
all_households,lowest_quintile,2014,8400.0,16800.0,25200.0,10800.0,200.0,35800.0
all_households,lowest_quintile,2015,8900.0,17500.0,26500.0,10900.0,100.0,37300.0
all_households,second_quintile,1979,33100.0,4700.0,37700.0,1100.0,5800.0,33100.0
all_households,second_quintile,1980,31000.0,5400.0,36400.0,1300.0,5400.0,32300.0
all_households,second_quintile,1981,30500.0,5700.0,36200.0,1300.0,5400.0,32000.0
all_households,second_quintile,1982,29200.0,6500.0,35700.0,1200.0,4900.0,32000.0
all_households,second_quintile,1983,28100.0,6800.0,34900.0,1000.0,4800.0,31200.0
all_households,second_quintile,1984,30700.0,6300.0,37000.0,1100.0,5400.0,32700.0
all_households,second_quintile,1985,30600.0,6500.0,37100.0,1000.0,5400.0,32700.0
all_households,second_quintile,1986,30500.0,7100.0,37600.0,1100.0,5400.0,33300.0
all_households,second_quintile,1987,29800.0,7000.0,36800.0,1000.0,5100.0,32800.0
all_households,second_quintile,1988,30400.0,7000.0,37400.0,1000.0,5200.0,33200.0
all_households,second_quintile,1989,30700.0,7200.0,37900.0,1100.0,5100.0,34000.0
all_households,second_quintile,1990,31600.0,7500.0,39100.0,1300.0,5500.0,34900.0
all_households,second_quintile,1991,30300.0,8000.0,38400.0,1700.0,5200.0,34900.0
all_households,second_quintile,1992,29500.0,8500.0,38000.0,2100.0,4900.0,35200.0
all_households,second_quintile,1993,29600.0,8900.0,38500.0,2300.0,4900.0,35900.0
all_households,second_quintile,1994,30100.0,8500.0,38600.0,2300.0,4800.0,36000.0
all_households,second_quintile,1995,32100.0,8600.0,40700.0,2300.0,5200.0,37800.0
all_households,second_quintile,1996,32100.0,8800.0,40900.0,2300.0,5100.0,38100.0
all_households,second_quintile,1997,33300.0,8600.0,41900.0,2200.0,5400.0,38700.0
all_households,second_quintile,1998,35000.0,8400.0,43500.0,2500.0,5400.0,40600.0
all_households,second_quintile,1999,36400.0,8200.0,44600.0,2500.0,5700.0,41500.0
all_households,second_quintile,2000,36600.0,8500.0,45000.0,2600.0,5600.0,42000.0
all_households,second_quintile,2001,35600.0,9000.0,44600.0,3000.0,4800.0,42800.0
all_households,second_quintile,2002,34400.0,9500.0,43800.0,3300.0,4200.0,42900.0
all_households,second_quintile,2003,33900.0,9600.0,43400.0,3700.0,3900.0,43200.0
all_households,second_quintile,2004,35100.0,9400.0,44600.0,4000.0,4100.0,44400.0
all_households,second_quintile,2005,36000.0,9200.0,45200.0,4100.0,4400.0,44900.0
all_households,second_quintile,2006,36600.0,9400.0,46000.0,3900.0,4500.0,45400.0
all_households,second_quintile,2007,38600.0,9700.0,48400.0,4000.0,4800.0,47500.0
all_households,second_quintile,2008,36500.0,10200.0,46700.0,4400.0,3100.0,48000.0
all_households,second_quintile,2009,33300.0,12200.0,45500.0,5100.0,2400.0,48100.0
all_households,second_quintile,2010,33500.0,12200.0,45700.0,5400.0,2700.0,48400.0
all_households,second_quintile,2011,33100.0,11300.0,44400.0,5500.0,2700.0,47200.0
all_households,second_quintile,2012,32600.0,11700.0,44300.0,5600.0,2700.0,47200.0
all_households,second_quintile,2013,33600.0,11500.0,45100.0,5700.0,3300.0,47500.0
all_households,second_quintile,2014,34000.0,11200.0,45300.0,6700.0,3400.0,48500.0
all_households,second_quintile,2015,35800.0,11400.0,47200.0,7400.0,3600.0,51000.0
all_households,middle_quintile,1979,54200.0,2800.0,57000.0,500.0,11200.0,46300.0
all_households,middle_quintile,1980,51600.0,3200.0,54800.0,500.0,10800.0,44500.0
all_households,middle_quintile,1981,51300.0,3400.0,54700.0,400.0,11000.0,44200.0
all_households,middle_quintile,1982,49900.0,4300.0,54200.0,400.0,10100.0,44500.0
all_households,middle_quintile,1983,49000.0,4400.0,53400.0,400.0,9700.0,44100.0
all_households,middle_quintile,1984,52100.0,4300.0,56400.0,400.0,10500.0,46300.0
all_households,middle_quintile,1985,52400.0,4400.0,56800.0,400.0,10600.0,46500.0
all_households,middle_quintile,1986,53300.0,4700.0,58000.0,400.0,10900.0,47500.0
all_households,middle_quintile,1987,53000.0,4400.0,57400.0,400.0,10700.0,47100.0
all_households,middle_quintile,1988,54000.0,4300.0,58300.0,500.0,11100.0,47600.0
all_households,middle_quintile,1989,54400.0,4400.0,58800.0,400.0,11100.0,48100.0
all_households,middle_quintile,1990,54600.0,4800.0,59400.0,500.0,11300.0,48700.0
all_households,middle_quintile,1991,52900.0,5300.0,58200.0,600.0,10800.0,47900.0
all_households,middle_quintile,1992,53200.0,5500.0,58600.0,800.0,10800.0,48600.0
all_households,middle_quintile,1993,53300.0,5400.0,58700.0,900.0,10900.0,48700.0
all_households,middle_quintile,1994,53900.0,5200.0,59100.0,900.0,11100.0,48900.0
all_households,middle_quintile,1995,55900.0,5300.0,61100.0,1000.0,11500.0,50600.0
all_households,middle_quintile,1996,56400.0,5800.0,62200.0,900.0,11600.0,51400.0
all_households,middle_quintile,1997,57700.0,5800.0,63500.0,900.0,11900.0,52400.0
all_households,middle_quintile,1998,59900.0,5700.0,65600.0,1000.0,12000.0,54600.0
all_households,middle_quintile,1999,62000.0,5500.0,67500.0,1100.0,12400.0,56200.0
all_households,middle_quintile,2000,62400.0,5600.0,68000.0,1200.0,12400.0,56800.0
all_households,middle_quintile,2001,61600.0,6200.0,67800.0,1300.0,11200.0,58000.0
all_households,middle_quintile,2002,59600.0,6500.0,66100.0,1600.0,10500.0,57200.0
all_households,middle_quintile,2003,59700.0,6500.0,66200.0,1700.0,10000.0,57900.0
all_households,middle_quintile,2004,61600.0,6500.0,68100.0,1800.0,10400.0,59500.0
all_households,middle_quintile,2005,62600.0,6500.0,69100.0,1800.0,10800.0,60100.0
all_households,middle_quintile,2006,63000.0,6900.0,69900.0,1700.0,11000.0,60700.0
all_households,middle_quintile,2007,65400.0,7000.0,72400.0,1900.0,11400.0,62900.0
all_households,middle_quintile,2008,62600.0,7400.0,70000.0,2000.0,9000.0,63000.0
all_households,middle_quintile,2009,59600.0,9000.0,68600.0,2400.0,8500.0,62600.0
all_households,middle_quintile,2010,59300.0,9300.0,68600.0,2500.0,8800.0,62300.0
all_households,middle_quintile,2011,58500.0,8800.0,67300.0,2600.0,8500.0,61400.0
all_households,middle_quintile,2012,58500.0,8900.0,67400.0,2500.0,8600.0,61300.0
all_households,middle_quintile,2013,60000.0,8700.0,68700.0,2700.0,9900.0,61500.0
all_households,middle_quintile,2014,61300.0,8800.0,70100.0,3400.0,10200.0,63300.0
all_households,middle_quintile,2015,63200.0,9100.0,72300.0,3800.0,10600.0,65600.0
all_households,fourth_quintile,1979,75100.0,2100.0,77200.0,300.0,17100.0,60300.0
all_households,fourth_quintile,1980,72800.0,2400.0,75200.0,200.0,16900.0,58600.0
all_households,fourth_quintile,1981,73500.0,2700.0,76200.0,200.0,17600.0,58800.0
all_households,fourth_quintile,1982,72400.0,3000.0,75400.0,200.0,16300.0,59300.0
all_households,fourth_quintile,1983,71900.0,3200.0,75100.0,200.0,15800.0,59600.0
all_households,fourth_quintile,1984,76200.0,3100.0,79300.0,200.0,16800.0,62700.0
all_households,fourth_quintile,1985,76300.0,3100.0,79400.0,200.0,17000.0,62700.0
all_households,fourth_quintile,1986,78900.0,3100.0,82000.0,200.0,17700.0,64500.0
all_households,fourth_quintile,1987,79700.0,3000.0,82700.0,200.0,17600.0,65400.0
all_households,fourth_quintile,1988,80400.0,3000.0,83400.0,200.0,18100.0,65500.0
all_households,fourth_quintile,1989,81100.0,3200.0,84300.0,300.0,18200.0,66300.0
all_households,fourth_quintile,1990,80400.0,3300.0,83700.0,300.0,18200.0,65800.0
all_households,fourth_quintile,1991,79500.0,3400.0,82900.0,300.0,17900.0,65300.0
all_households,fourth_quintile,1992,80000.0,3600.0,83600.0,400.0,17900.0,66100.0
all_households,fourth_quintile,1993,80600.0,3800.0,84300.0,400.0,18000.0,66700.0
all_households,fourth_quintile,1994,81900.0,3500.0,85400.0,500.0,18500.0,67300.0
all_households,fourth_quintile,1995,83500.0,3800.0,87400.0,500.0,19000.0,68800.0
all_households,fourth_quintile,1996,85100.0,3800.0,88900.0,400.0,19400.0,70000.0
all_households,fourth_quintile,1997,87100.0,4000.0,91100.0,500.0,20000.0,71600.0
all_households,fourth_quintile,1998,90800.0,3900.0,94600.0,500.0,20400.0,74700.0
all_households,fourth_quintile,1999,93500.0,4000.0,97500.0,500.0,21100.0,76900.0
all_households,fourth_quintile,2000,94800.0,4000.0,98800.0,600.0,21300.0,78100.0
all_households,fourth_quintile,2001,93500.0,4200.0,97700.0,600.0,19800.0,78600.0
all_households,fourth_quintile,2002,91700.0,4300.0,95900.0,700.0,18900.0,77800.0
all_households,fourth_quintile,2003,92700.0,4400.0,97000.0,800.0,18200.0,79600.0
all_households,fourth_quintile,2004,95600.0,4400.0,100000.0,900.0,18900.0,82000.0
all_households,fourth_quintile,2005,97400.0,4600.0,101900.0,900.0,19500.0,83300.0
all_households,fourth_quintile,2006,98800.0,4900.0,103700.0,900.0,20000.0,84700.0
all_households,fourth_quintile,2007,101100.0,5200.0,106200.0,900.0,20200.0,87000.0
all_households,fourth_quintile,2008,98400.0,5400.0,103800.0,1000.0,17600.0,87100.0
all_households,fourth_quintile,2009,94900.0,6400.0,101300.0,1100.0,16800.0,85600.0
all_households,fourth_quintile,2010,94700.0,6400.0,101100.0,1200.0,17400.0,84900.0
all_households,fourth_quintile,2011,94400.0,6200.0,100600.0,1100.0,16900.0,84800.0
all_households,fourth_quintile,2012,94600.0,6300.0,100900.0,1100.0,17200.0,84800.0
all_households,fourth_quintile,2013,96900.0,6500.0,103400.0,1100.0,19300.0,85200.0
all_households,fourth_quintile,2014,98800.0,6800.0,105600.0,1600.0,20000.0,87200.0
all_households,fourth_quintile,2015,102200.0,6800.0,108900.0,1900.0,20700.0,90100.0
all_households,highest_quintile,1979,143800.0,2200.0,146000.0,100.0,39900.0,106200.0
all_households,highest_quintile,1980,139600.0,2500.0,142100.0,100.0,38700.0,103500.0
all_households,highest_quintile,1981,139100.0,2700.0,141800.0,100.0,38300.0,103600.0
all_households,highest_quintile,1982,139800.0,3000.0,142800.0,100.0,35200.0,107800.0
all_households,highest_quintile,1983,145300.0,3000.0,148300.0,100.0,35700.0,112800.0
all_households,highest_quintile,1984,157400.0,3300.0,160700.0,100.0,38800.0,122100.0
all_households,highest_quintile,1985,159200.0,3200.0,162400.0,100.0,39100.0,123400.0
all_households,highest_quintile,1986,179100.0,3200.0,182300.0,100.0,43500.0,139000.0
all_households,highest_quintile,1987,169100.0,2800.0,171900.0,100.0,44500.0,127500.0
all_households,highest_quintile,1988,181000.0,2900.0,183900.0,100.0,47200.0,136800.0
all_households,highest_quintile,1989,180600.0,3000.0,183500.0,200.0,46500.0,137200.0
all_households,highest_quintile,1990,176000.0,3100.0,179200.0,200.0,45300.0,134000.0
all_households,highest_quintile,1991,170100.0,3100.0,173200.0,200.0,44400.0,129100.0
all_households,highest_quintile,1992,177000.0,3200.0,180200.0,200.0,46500.0,133900.0
all_households,highest_quintile,1993,177200.0,3300.0,180600.0,200.0,48600.0,132200.0
all_households,highest_quintile,1994,181000.0,3500.0,184500.0,300.0,50700.0,134100.0
all_households,highest_quintile,1995,190400.0,3500.0,193900.0,300.0,54200.0,140100.0
all_households,highest_quintile,1996,201200.0,3900.0,205100.0,200.0,57700.0,147700.0
all_households,highest_quintile,1997,214200.0,4000.0,218200.0,200.0,61400.0,157100.0
all_households,highest_quintile,1998,228900.0,4000.0,232900.0,300.0,64600.0,168600.0
all_households,highest_quintile,1999,243600.0,3900.0,247500.0,300.0,69600.0,178200.0
all_households,highest_quintile,2000,255700.0,4200.0,259900.0,300.0,73000.0,187200.0
all_households,highest_quintile,2001,232800.0,3900.0,236600.0,400.0,63800.0,173200.0
all_households,highest_quintile,2002,221200.0,3900.0,225100.0,400.0,59100.0,166400.0
all_households,highest_quintile,2003,228900.0,4000.0,232900.0,400.0,58500.0,174800.0
all_households,highest_quintile,2004,249300.0,4100.0,253400.0,500.0,64300.0,189600.0
all_households,highest_quintile,2005,270300.0,4600.0,274900.0,500.0,71000.0,204400.0
all_households,highest_quintile,2006,282400.0,4900.0,287300.0,500.0,74200.0,213600.0
all_households,highest_quintile,2007,293300.0,5300.0,298600.0,500.0,75000.0,224200.0
all_households,highest_quintile,2008,265700.0,4700.0,270400.0,600.0,65300.0,205700.0
all_households,highest_quintile,2009,239300.0,5200.0,244600.0,600.0,58100.0,187100.0
all_households,highest_quintile,2010,252200.0,5500.0,257700.0,600.0,63000.0,195200.0
all_households,highest_quintile,2011,253300.0,5500.0,258700.0,600.0,62000.0,197300.0
all_households,highest_quintile,2012,274700.0,5800.0,280400.0,600.0,68300.0,212600.0
all_households,highest_quintile,2013,263900.0,5900.0,269800.0,500.0,72200.0,198000.0
all_households,highest_quintile,2014,279000.0,6100.0,285100.0,800.0,77500.0,208300.0
all_households,highest_quintile,2015,289200.0,6100.0,295300.0,900.0,80200.0,216000.0
all_households,percentiles_81_90,1979,98100.0,1900.0,100000.0,100.0,23900.0,76200.0
all_households,percentiles_81_90,1980,95500.0,2200.0,97700.0,100.0,23800.0,74000.0
all_households,percentiles_81_90,1981,95500.0,2400.0,97900.0,100.0,24400.0,73600.0
all_households,percentiles_81_90,1982,94900.0,2700.0,97600.0,100.0,22700.0,75000.0
all_households,percentiles_81_90,1983,96200.0,2600.0,98900.0,100.0,22400.0,76600.0
all_households,percentiles_81_90,1984,102600.0,3000.0,105500.0,100.0,24000.0,81600.0
all_households,percentiles_81_90,1985,101700.0,2800.0,104500.0,100.0,24100.0,80500.0
all_households,percentiles_81_90,1986,107000.0,2700.0,109700.0,100.0,25400.0,84400.0
all_households,percentiles_81_90,1987,108000.0,2400.0,110400.0,100.0,25800.0,84700.0
all_households,percentiles_81_90,1988,109300.0,2600.0,111800.0,100.0,26400.0,85600.0
all_households,percentiles_81_90,1989,110900.0,2600.0,113500.0,200.0,26800.0,86900.0
all_households,percentiles_81_90,1990,109300.0,2800.0,112000.0,200.0,26500.0,85800.0
all_households,percentiles_81_90,1991,107700.0,2900.0,110600.0,200.0,26100.0,84800.0
all_households,percentiles_81_90,1992,108600.0,2900.0,111500.0,300.0,26200.0,85600.0
all_households,percentiles_81_90,1993,110100.0,3000.0,113100.0,200.0,26500.0,86800.0
all_households,percentiles_81_90,1994,112400.0,3100.0,115400.0,300.0,27500.0,88300.0
all_households,percentiles_81_90,1995,115700.0,3100.0,118800.0,300.0,28600.0,90500.0
all_households,percentiles_81_90,1996,117800.0,3600.0,121400.0,300.0,29000.0,92600.0
all_households,percentiles_81_90,1997,121100.0,3200.0,124400.0,300.0,30200.0,94400.0
all_households,percentiles_81_90,1998,126000.0,3400.0,129400.0,300.0,31200.0,98500.0
all_households,percentiles_81_90,1999,130900.0,3400.0,134300.0,300.0,32600.0,102100.0
all_households,percentiles_81_90,2000,133900.0,3500.0,137400.0,400.0,33300.0,104500.0
all_households,percentiles_81_90,2001,132100.0,3400.0,135500.0,400.0,31400.0,104500.0
all_households,percentiles_81_90,2002,129900.0,3600.0,133500.0,400.0,29900.0,104000.0
all_households,percentiles_81_90,2003,132000.0,3600.0,135600.0,400.0,28900.0,107100.0
all_households,percentiles_81_90,2004,136400.0,3800.0,140200.0,600.0,30100.0,110700.0
all_households,percentiles_81_90,2005,138900.0,4100.0,143000.0,500.0,30900.0,112600.0
all_households,percentiles_81_90,2006,142500.0,4400.0,146900.0,600.0,32000.0,115500.0
all_households,percentiles_81_90,2007,145200.0,4600.0,149800.0,600.0,32300.0,118100.0
all_households,percentiles_81_90,2008,142400.0,4300.0,146700.0,600.0,29500.0,117800.0
all_households,percentiles_81_90,2009,138000.0,5000.0,143000.0,600.0,28200.0,115400.0
all_households,percentiles_81_90,2010,138500.0,5300.0,143900.0,700.0,29100.0,115500.0
all_households,percentiles_81_90,2011,139500.0,5300.0,144800.0,700.0,28500.0,117000.0
all_households,percentiles_81_90,2012,140800.0,5600.0,146400.0,600.0,29300.0,117700.0
all_households,percentiles_81_90,2013,142900.0,5700.0,148600.0,500.0,32400.0,116800.0
all_households,percentiles_81_90,2014,146400.0,5700.0,152000.0,800.0,33500.0,119300.0
all_households,percentiles_81_90,2015,152200.0,5700.0,157800.0,1000.0,35100.0,123700.0
all_households,percentiles_91_95,1979,121300.0,1900.0,123200.0,100.0,31400.0,91900.0
all_households,percentiles_91_95,1980,119200.0,2200.0,121400.0,100.0,31400.0,90000.0
all_households,percentiles_91_95,1981,118700.0,2300.0,121100.0,100.0,32000.0,89200.0
all_households,percentiles_91_95,1982,117900.0,2600.0,120400.0,100.0,29300.0,91300.0
all_households,percentiles_91_95,1983,121000.0,2600.0,123600.0,100.0,29100.0,94600.0
all_households,percentiles_91_95,1984,130400.0,3000.0,133400.0,100.0,31300.0,102200.0
all_households,percentiles_91_95,1985,130000.0,2700.0,132700.0,100.0,31500.0,101200.0
all_households,percentiles_91_95,1986,135600.0,2900.0,138500.0,100.0,33000.0,105600.0
all_households,percentiles_91_95,1987,139400.0,2500.0,142000.0,100.0,35200.0,106800.0
all_households,percentiles_91_95,1988,141100.0,2400.0,143500.0,100.0,35700.0,107900.0
all_households,percentiles_91_95,1989,144100.0,2700.0,146900.0,200.0,36100.0,110900.0
all_households,percentiles_91_95,1990,140700.0,2900.0,143700.0,100.0,35300.0,108500.0
all_households,percentiles_91_95,1991,139400.0,2800.0,142300.0,100.0,35200.0,107100.0
all_households,percentiles_91_95,1992,141200.0,2800.0,144000.0,200.0,35400.0,108800.0
all_households,percentiles_91_95,1993,142700.0,3100.0,145800.0,200.0,36500.0,109500.0
all_households,percentiles_91_95,1994,144700.0,3400.0,148100.0,300.0,37400.0,111000.0
all_households,percentiles_91_95,1995,149700.0,3400.0,153100.0,300.0,39200.0,114100.0
all_households,percentiles_91_95,1996,155500.0,3700.0,159200.0,200.0,40800.0,118600.0
all_households,percentiles_91_95,1997,160900.0,4000.0,164900.0,200.0,42400.0,122700.0
all_households,percentiles_91_95,1998,168100.0,3900.0,172000.0,300.0,44000.0,128200.0
all_households,percentiles_91_95,1999,175000.0,3700.0,178700.0,300.0,46400.0,132500.0
all_households,percentiles_91_95,2000,180100.0,4200.0,184300.0,300.0,47600.0,136900.0
all_households,percentiles_91_95,2001,175700.0,3500.0,179200.0,300.0,44800.0,134700.0
all_households,percentiles_91_95,2002,172200.0,3500.0,175700.0,300.0,42700.0,133300.0
all_households,percentiles_91_95,2003,175200.0,3800.0,179000.0,400.0,41400.0,138000.0
all_households,percentiles_91_95,2004,182700.0,3600.0,186200.0,400.0,43400.0,143200.0
all_households,percentiles_91_95,2005,189200.0,4400.0,193600.0,500.0,45400.0,148700.0
all_households,percentiles_91_95,2006,193600.0,4700.0,198300.0,400.0,46700.0,152000.0
all_households,percentiles_91_95,2007,198600.0,5000.0,203700.0,500.0,47300.0,156900.0
all_households,percentiles_91_95,2008,192300.0,4600.0,196900.0,600.0,44000.0,153400.0
all_households,percentiles_91_95,2009,185900.0,5200.0,191100.0,600.0,41800.0,149800.0
all_households,percentiles_91_95,2010,189000.0,5200.0,194200.0,600.0,43500.0,151200.0
all_households,percentiles_91_95,2011,190400.0,5200.0,195600.0,400.0,42500.0,153400.0
all_households,percentiles_91_95,2012,193100.0,5500.0,198600.0,500.0,44000.0,155100.0
all_households,percentiles_91_95,2013,199200.0,5200.0,204400.0,500.0,48700.0,156200.0
all_households,percentiles_91_95,2014,202500.0,6000.0,208500.0,700.0,50300.0,158900.0
all_households,percentiles_91_95,2015,209400.0,5900.0,215200.0,900.0,52100.0,164000.0
all_households,percentiles_96_99,1979,175900.0,2800.0,178700.0,100.0,48900.0,130000.0
all_households,percentiles_96_99,1980,169100.0,3100.0,172200.0,100.0,47600.0,124800.0
all_households,percentiles_96_99,1981,167700.0,3300.0,171000.0,100.0,47000.0,124100.0
all_households,percentiles_96_99,1982,167600.0,3700.0,171300.0,100.0,42700.0,128700.0
all_households,percentiles_96_99,1983,173900.0,3700.0,177600.0,100.0,42400.0,135300.0
all_households,percentiles_96_99,1984,188700.0,3700.0,192400.0,100.0,45700.0,146800.0
all_households,percentiles_96_99,1985,190200.0,3800.0,194000.0,100.0,46400.0,147700.0
all_households,percentiles_96_99,1986,208900.0,3900.0,212800.0,100.0,50500.0,162400.0
all_households,percentiles_96_99,1987,205400.0,3600.0,209000.0,200.0,54700.0,154400.0
all_households,percentiles_96_99,1988,212600.0,3500.0,216100.0,100.0,55500.0,160700.0
all_households,percentiles_96_99,1989,216500.0,3700.0,220100.0,100.0,56200.0,164000.0
all_households,percentiles_96_99,1990,211000.0,3600.0,214600.0,200.0,54700.0,160100.0
all_households,percentiles_96_99,1991,206700.0,3400.0,210100.0,200.0,54200.0,156100.0
all_households,percentiles_96_99,1992,214900.0,3700.0,218500.0,100.0,56600.0,162100.0
all_households,percentiles_96_99,1993,215900.0,3800.0,219700.0,200.0,58700.0,161100.0
all_households,percentiles_96_99,1994,220900.0,4100.0,224900.0,300.0,61000.0,164200.0
all_households,percentiles_96_99,1995,232600.0,4200.0,236800.0,300.0,65100.0,172000.0
all_households,percentiles_96_99,1996,241500.0,4400.0,245900.0,200.0,68200.0,177900.0
all_households,percentiles_96_99,1997,257400.0,5200.0,262500.0,200.0,73100.0,189700.0
all_households,percentiles_96_99,1998,273600.0,5100.0,278600.0,200.0,77100.0,201800.0
all_households,percentiles_96_99,1999,286700.0,4700.0,291500.0,300.0,82200.0,209600.0
all_households,percentiles_96_99,2000,294700.0,5300.0,299900.0,300.0,84700.0,215500.0
all_households,percentiles_96_99,2001,277700.0,4700.0,282400.0,300.0,76200.0,206500.0
all_households,percentiles_96_99,2002,267400.0,4400.0,271800.0,300.0,71600.0,200400.0
all_households,percentiles_96_99,2003,276500.0,4600.0,281100.0,300.0,71100.0,210400.0
all_households,percentiles_96_99,2004,292800.0,4800.0,297600.0,300.0,76200.0,221700.0
all_households,percentiles_96_99,2005,316700.0,5400.0,322100.0,500.0,84100.0,238500.0
all_households,percentiles_96_99,2006,326800.0,5900.0,332700.0,400.0,87000.0,246000.0
all_households,percentiles_96_99,2007,337400.0,6400.0,343900.0,500.0,88200.0,256200.0
all_households,percentiles_96_99,2008,312900.0,5000.0,317900.0,500.0,79400.0,239000.0
all_households,percentiles_96_99,2009,292400.0,5400.0,297800.0,500.0,73200.0,225100.0
all_households,percentiles_96_99,2010,302500.0,5500.0,308000.0,400.0,77500.0,231000.0
all_households,percentiles_96_99,2011,307500.0,5700.0,313200.0,500.0,77000.0,236700.0
all_households,percentiles_96_99,2012,323400.0,5700.0,329200.0,400.0,82600.0,247000.0
all_households,percentiles_96_99,2013,326100.0,6500.0,332600.0,400.0,88400.0,244600.0
all_households,percentiles_96_99,2014,338400.0,6900.0,345400.0,600.0,93400.0,252600.0
all_households,percentiles_96_99,2015,351800.0,6700.0,358500.0,900.0,97100.0,262300.0
all_households,top_1_percent,1979,557300.0,4900.0,562200.0,200.0,197300.0,365200.0
all_households,top_1_percent,1980,533900.0,5000.0,538900.0,100.0,178200.0,360800.0
all_households,top_1_percent,1981,531300.0,5200.0,536500.0,200.0,163700.0,373000.0
all_households,top_1_percent,1982,559800.0,5900.0,565700.0,200.0,151800.0,414100.0
all_households,top_1_percent,1983,613100.0,6100.0,619200.0,200.0,166000.0,453400.0
all_households,top_1_percent,1984,682000.0,6700.0,688700.0,200.0,186300.0,502600.0
all_households,top_1_percent,1985,726300.0,6700.0,733000.0,200.0,191100.0,542100.0
all_households,top_1_percent,1986,953000.0,6900.0,959900.0,200.0,237000.0,723100.0
all_households,top_1_percent,1987,764200.0,5500.0,769700.0,200.0,231500.0,538400.0
all_households,top_1_percent,1988,955800.0,5800.0,961600.0,200.0,275400.0,686400.0
all_households,top_1_percent,1989,891400.0,5500.0,896800.0,200.0,250400.0,646600.0
all_households,top_1_percent,1990,862300.0,6000.0,868300.0,200.0,241000.0,627500.0
all_households,top_1_percent,1991,772100.0,6100.0,778200.0,300.0,225400.0,553200.0
all_households,top_1_percent,1992,876400.0,5900.0,882300.0,200.0,261700.0,620900.0
all_households,top_1_percent,1993,839800.0,5900.0,845700.0,300.0,281200.0,564800.0
all_households,top_1_percent,1994,867400.0,6200.0,873500.0,300.0,301500.0,572400.0
all_households,top_1_percent,1995,964300.0,6100.0,970400.0,400.0,339000.0,631800.0
all_households,top_1_percent,1996,1064700.0,6400.0,1071000.0,300.0,373400.0,698000.0
all_households,top_1_percent,1997,1233900.0,6900.0,1240800.0,200.0,419800.0,821200.0
all_households,top_1_percent,1998,1395500.0,6500.0,1402000.0,400.0,454900.0,947500.0
all_households,top_1_percent,1999,1527900.0,6400.0,1534200.0,300.0,500800.0,1033700.0
all_households,top_1_percent,2000,1680100.0,7000.0,1687100.0,400.0,545000.0,1142500.0
all_households,top_1_percent,2001,1342000.0,6300.0,1348300.0,400.0,432300.0,916400.0
all_households,top_1_percent,2002,1188600.0,6600.0,1195200.0,500.0,381800.0,813900.0
all_households,top_1_percent,2003,1264100.0,6600.0,1270800.0,500.0,385700.0,885600.0
all_households,top_1_percent,2004,1510300.0,7100.0,1517400.0,400.0,455200.0,1062600.0
all_households,top_1_percent,2005,1824500.0,8100.0,1832600.0,400.0,553500.0,1279500.0
all_households,top_1_percent,2006,1976600.0,8300.0,1985000.0,500.0,592200.0,1393300.0
all_households,top_1_percent,2007,2082400.0,8200.0,2090600.0,400.0,590400.0,1500500.0
all_households,top_1_percent,2008,1698500.0,7600.0,1706100.0,700.0,479000.0,1227700.0
all_households,top_1_percent,2009,1324900.0,7800.0,1332800.0,700.0,383700.0,949700.0
all_households,top_1_percent,2010,1535300.0,7800.0,1543100.0,800.0,451700.0,1092200.0
all_households,top_1_percent,2011,1517800.0,7800.0,1525600.0,800.0,443100.0,1083300.0
all_households,top_1_percent,2012,1879000.0,8700.0,1887700.0,700.0,539200.0,1349200.0
all_households,top_1_percent,2013,1584100.0,8400.0,1592500.0,600.0,536300.0,1056800.0
all_households,top_1_percent,2014,1780600.0,8300.0,1788900.0,1000.0,601800.0,1188100.0
all_households,top_1_percent,2015,1854500.0,9300.0,1863700.0,1000.0,621000.0,1243700.0
hh_with_children,all_quintiles,1979,71800.0,1700.0,73400.0,2400.0,16100.0,59700.0
hh_with_children,all_quintiles,1980,68400.0,1900.0,70300.0,2500.0,15600.0,57200.0
hh_with_children,all_quintiles,1981,68200.0,1900.0,70000.0,2500.0,16000.0,56500.0
hh_with_children,all_quintiles,1982,66400.0,2200.0,68600.0,2400.0,14600.0,56400.0
hh_with_children,all_quintiles,1983,67100.0,2100.0,69200.0,2400.0,14700.0,56900.0
hh_with_children,all_quintiles,1984,72700.0,1800.0,74500.0,2400.0,16100.0,60800.0
hh_with_children,all_quintiles,1985,72100.0,1800.0,73900.0,2400.0,15900.0,60400.0
hh_with_children,all_quintiles,1986,77500.0,1800.0,79300.0,2500.0,17200.0,64600.0
hh_with_children,all_quintiles,1987,75200.0,1700.0,76900.0,2600.0,17000.0,62400.0
hh_with_children,all_quintiles,1988,77300.0,1800.0,79100.0,2500.0,17500.0,64100.0
hh_with_children,all_quintiles,1989,79400.0,1900.0,81300.0,2700.0,17900.0,66100.0
hh_with_children,all_quintiles,1990,77800.0,1800.0,79600.0,3100.0,17600.0,65100.0
hh_with_children,all_quintiles,1991,76600.0,2100.0,78600.0,3400.0,17500.0,64600.0
hh_with_children,all_quintiles,1992,77300.0,2300.0,79600.0,3700.0,17600.0,65700.0
hh_with_children,all_quintiles,1993,78400.0,2300.0,80700.0,4000.0,18400.0,66300.0
hh_with_children,all_quintiles,1994,80300.0,2100.0,82400.0,4000.0,18800.0,67500.0
hh_with_children,all_quintiles,1995,85400.0,2200.0,87600.0,3900.0,20200.0,71300.0
hh_with_children,all_quintiles,1996,86500.0,2200.0,88700.0,3700.0,20400.0,72000.0
hh_with_children,all_quintiles,1997,91100.0,2200.0,93300.0,3400.0,21700.0,75100.0
hh_with_children,all_quintiles,1998,97700.0,2000.0,99700.0,3600.0,22700.0,80600.0
hh_with_children,all_quintiles,1999,104300.0,2000.0,106300.0,3600.0,24700.0,85200.0
hh_with_children,all_quintiles,2000,108900.0,2100.0,111000.0,3600.0,26000.0,88600.0
hh_with_children,all_quintiles,2001,102300.0,2400.0,104600.0,4000.0,22900.0,85700.0
hh_with_children,all_quintiles,2002,99300.0,2600.0,101900.0,4400.0,21600.0,84800.0
hh_with_children,all_quintiles,2003,100900.0,2600.0,103500.0,4700.0,20700.0,87600.0
hh_with_children,all_quintiles,2004,107400.0,2600.0,109900.0,4900.0,22400.0,92500.0
hh_with_children,all_quintiles,2005,111900.0,2400.0,114400.0,5000.0,23700.0,95700.0
hh_with_children,all_quintiles,2006,117500.0,2500.0,120000.0,5000.0,25200.0,99800.0
hh_with_children,all_quintiles,2007,122700.0,2700.0,125400.0,5300.0,26000.0,104700.0
hh_with_children,all_quintiles,2008,114900.0,3000.0,117900.0,5600.0,22200.0,101300.0
hh_with_children,all_quintiles,2009,105800.0,4000.0,109700.0,6500.0,19800.0,96300.0
hh_with_children,all_quintiles,2010,111400.0,4000.0,115400.0,6800.0,22000.0,100200.0
hh_with_children,all_quintiles,2011,109700.0,3600.0,113300.0,6700.0,21100.0,98900.0
hh_with_children,all_quintiles,2012,114700.0,3400.0,118100.0,6800.0,22700.0,102300.0
hh_with_children,all_quintiles,2013,114800.0,3200.0,118000.0,7100.0,25300.0,99800.0
hh_with_children,all_quintiles,2014,118900.0,3100.0,122000.0,8400.0,26700.0,103600.0
hh_with_children,all_quintiles,2015,125400.0,3200.0,128600.0,9200.0,28400.0,109400.0
hh_with_children,lowest_quintile,1979,13000.0,3600.0,16600.0,9800.0,1500.0,24900.0
hh_with_children,lowest_quintile,1980,12000.0,3800.0,15800.0,9700.0,1400.0,24100.0
hh_with_children,lowest_quintile,1981,11600.0,3600.0,15200.0,9600.0,1500.0,23300.0
hh_with_children,lowest_quintile,1982,10400.0,3900.0,14300.0,9500.0,1300.0,22400.0
hh_with_children,lowest_quintile,1983,9600.0,3700.0,13400.0,9600.0,1400.0,21600.0
hh_with_children,lowest_quintile,1984,11500.0,3100.0,14600.0,9100.0,1900.0,21800.0
hh_with_children,lowest_quintile,1985,10800.0,3400.0,14300.0,9300.0,1700.0,21900.0
hh_with_children,lowest_quintile,1986,10600.0,3300.0,13900.0,9500.0,1600.0,21800.0
hh_with_children,lowest_quintile,1987,8900.0,3000.0,11900.0,10100.0,1200.0,20900.0
hh_with_children,lowest_quintile,1988,9400.0,3700.0,13100.0,9900.0,1200.0,21800.0
hh_with_children,lowest_quintile,1989,10500.0,3500.0,14100.0,10300.0,1200.0,23200.0
hh_with_children,lowest_quintile,1990,11100.0,3200.0,14300.0,11800.0,1400.0,24700.0
hh_with_children,lowest_quintile,1991,11100.0,3600.0,14700.0,12500.0,1200.0,26000.0
hh_with_children,lowest_quintile,1992,10900.0,4100.0,15000.0,12900.0,1200.0,26700.0
hh_with_children,lowest_quintile,1993,11100.0,4200.0,15200.0,14000.0,1100.0,28100.0
hh_with_children,lowest_quintile,1994,10900.0,3800.0,14700.0,13900.0,700.0,27900.0
hh_with_children,lowest_quintile,1995,12600.0,3900.0,16500.0,13800.0,400.0,29800.0
hh_with_children,lowest_quintile,1996,13300.0,4000.0,17300.0,12500.0,400.0,29500.0
hh_with_children,lowest_quintile,1997,14900.0,4800.0,19600.0,11400.0,500.0,30600.0
hh_with_children,lowest_quintile,1998,16900.0,4000.0,21000.0,11600.0,500.0,32000.0
hh_with_children,lowest_quintile,1999,18000.0,4000.0,22000.0,11400.0,700.0,32600.0
hh_with_children,lowest_quintile,2000,17500.0,3900.0,21400.0,10800.0,400.0,31800.0
hh_with_children,lowest_quintile,2001,16300.0,4500.0,20800.0,11500.0,400.0,31900.0
hh_with_children,lowest_quintile,2002,16400.0,5100.0,21500.0,12800.0,300.0,34000.0
hh_with_children,lowest_quintile,2003,15600.0,4900.0,20500.0,13500.0,400.0,33700.0
hh_with_children,lowest_quintile,2004,16200.0,5000.0,21200.0,13800.0,300.0,34800.0
hh_with_children,lowest_quintile,2005,16700.0,4900.0,21600.0,14000.0,200.0,35500.0
hh_with_children,lowest_quintile,2006,17500.0,4800.0,22200.0,13600.0,300.0,35600.0
hh_with_children,lowest_quintile,2007,19500.0,5100.0,24600.0,14300.0,-100.0,39000.0
hh_with_children,lowest_quintile,2008,18400.0,5800.0,24200.0,15100.0,-1500.0,40800.0
hh_with_children,lowest_quintile,2009,15700.0,7500.0,23100.0,16800.0,-1700.0,41600.0
hh_with_children,lowest_quintile,2010,16700.0,7200.0,23900.0,17100.0,-1800.0,42800.0
hh_with_children,lowest_quintile,2011,16300.0,6800.0,23200.0,17100.0,-1700.0,42000.0
hh_with_children,lowest_quintile,2012,15400.0,6700.0,22100.0,17300.0,-1500.0,40900.0
hh_with_children,lowest_quintile,2013,16500.0,6200.0,22700.0,17800.0,-1300.0,41800.0
hh_with_children,lowest_quintile,2014,16700.0,6000.0,22700.0,19900.0,-1300.0,43900.0
hh_with_children,lowest_quintile,2015,18000.0,5700.0,23700.0,20700.0,-1600.0,46000.0
hh_with_children,second_quintile,1979,41000.0,1800.0,42900.0,1800.0,7100.0,37500.0
hh_with_children,second_quintile,1980,38500.0,2400.0,40900.0,2100.0,6700.0,36300.0
hh_with_children,second_quintile,1981,38100.0,2200.0,40300.0,2100.0,7000.0,35500.0
hh_with_children,second_quintile,1982,36600.0,2700.0,39300.0,2100.0,6400.0,34900.0
hh_with_children,second_quintile,1983,35500.0,2500.0,38100.0,1700.0,6300.0,33500.0
hh_with_children,second_quintile,1984,38700.0,2000.0,40800.0,2000.0,7300.0,35500.0
hh_with_children,second_quintile,1985,38700.0,2100.0,40800.0,1800.0,7200.0,35400.0
hh_with_children,second_quintile,1986,38800.0,2300.0,41200.0,1900.0,7200.0,35800.0
hh_with_children,second_quintile,1987,38200.0,1900.0,40100.0,1700.0,6600.0,35100.0
hh_with_children,second_quintile,1988,38400.0,1800.0,40300.0,1600.0,6700.0,35200.0
hh_with_children,second_quintile,1989,38900.0,2100.0,41000.0,1900.0,6400.0,36600.0
hh_with_children,second_quintile,1990,39900.0,2200.0,42100.0,2200.0,7100.0,37200.0
hh_with_children,second_quintile,1991,38300.0,2500.0,40800.0,2900.0,6600.0,37100.0
hh_with_children,second_quintile,1992,36900.0,2900.0,39700.0,3600.0,6100.0,37300.0
hh_with_children,second_quintile,1993,36800.0,2800.0,39600.0,4000.0,6100.0,37500.0
hh_with_children,second_quintile,1994,37700.0,2400.0,40100.0,3900.0,5700.0,38200.0
hh_with_children,second_quintile,1995,39900.0,2500.0,42300.0,3800.0,6100.0,40100.0
hh_with_children,second_quintile,1996,40100.0,2400.0,42500.0,3800.0,5900.0,40400.0
hh_with_children,second_quintile,1997,41400.0,2300.0,43800.0,3700.0,6400.0,41100.0
hh_with_children,second_quintile,1998,43600.0,2300.0,45900.0,4100.0,6200.0,43800.0
hh_with_children,second_quintile,1999,45700.0,2400.0,48100.0,4000.0,6700.0,45500.0
hh_with_children,second_quintile,2000,45800.0,2400.0,48200.0,4300.0,6500.0,46000.0
hh_with_children,second_quintile,2001,44700.0,2500.0,47200.0,4800.0,5400.0,46600.0
hh_with_children,second_quintile,2002,43000.0,2900.0,45900.0,5700.0,4700.0,46900.0
hh_with_children,second_quintile,2003,42500.0,3000.0,45500.0,6200.0,4100.0,47600.0
hh_with_children,second_quintile,2004,44200.0,3000.0,47200.0,6600.0,4400.0,49400.0
hh_with_children,second_quintile,2005,45300.0,2600.0,47900.0,6700.0,4500.0,50100.0
hh_with_children,second_quintile,2006,45900.0,2700.0,48600.0,6600.0,4600.0,50500.0
hh_with_children,second_quintile,2007,48900.0,2800.0,51700.0,6600.0,5200.0,53100.0
hh_with_children,second_quintile,2008,46200.0,3300.0,49400.0,7700.0,2900.0,54300.0
hh_with_children,second_quintile,2009,42200.0,4500.0,46700.0,9100.0,1800.0,54000.0
hh_with_children,second_quintile,2010,42500.0,4500.0,47000.0,9600.0,2200.0,54500.0
hh_with_children,second_quintile,2011,41900.0,4000.0,45900.0,9700.0,2100.0,53400.0
hh_with_children,second_quintile,2012,41400.0,3800.0,45200.0,9700.0,2000.0,52900.0
hh_with_children,second_quintile,2013,43000.0,3300.0,46300.0,10300.0,2900.0,53700.0
hh_with_children,second_quintile,2014,43400.0,3500.0,46800.0,11900.0,3000.0,55700.0
hh_with_children,second_quintile,2015,45400.0,3500.0,48900.0,13400.0,3400.0,59000.0
hh_with_children,middle_quintile,1979,64800.0,1200.0,65900.0,600.0,13300.0,53300.0
hh_with_children,middle_quintile,1980,62100.0,1400.0,63500.0,700.0,13000.0,51200.0
hh_with_children,middle_quintile,1981,61900.0,1300.0,63300.0,700.0,13400.0,50500.0
hh_with_children,middle_quintile,1982,60400.0,1800.0,62200.0,500.0,12500.0,50200.0
hh_with_children,middle_quintile,1983,59600.0,1700.0,61300.0,500.0,12000.0,49700.0
hh_with_children,middle_quintile,1984,63400.0,1400.0,64800.0,600.0,13100.0,52300.0
hh_with_children,middle_quintile,1985,64000.0,1500.0,65400.0,500.0,13300.0,52700.0
hh_with_children,middle_quintile,1986,65200.0,1600.0,66700.0,500.0,13700.0,53600.0
hh_with_children,middle_quintile,1987,65100.0,1400.0,66400.0,500.0,13200.0,53700.0
hh_with_children,middle_quintile,1988,66400.0,1400.0,67800.0,600.0,13800.0,54700.0
hh_with_children,middle_quintile,1989,67300.0,1500.0,68700.0,600.0,13900.0,55400.0
hh_with_children,middle_quintile,1990,67300.0,1500.0,68900.0,700.0,14100.0,55600.0
hh_with_children,middle_quintile,1991,65500.0,1800.0,67300.0,900.0,13600.0,54500.0
hh_with_children,middle_quintile,1992,65000.0,1900.0,66900.0,1200.0,13300.0,54800.0
hh_with_children,middle_quintile,1993,65100.0,1900.0,67000.0,1400.0,13300.0,55100.0
hh_with_children,middle_quintile,1994,66300.0,1700.0,68100.0,1400.0,13600.0,55800.0
hh_with_children,middle_quintile,1995,68600.0,1900.0,70500.0,1500.0,14100.0,57800.0
hh_with_children,middle_quintile,1996,69400.0,1800.0,71200.0,1300.0,14200.0,58300.0
hh_with_children,middle_quintile,1997,71100.0,1700.0,72800.0,1200.0,14700.0,59400.0
hh_with_children,middle_quintile,1998,74400.0,1700.0,76100.0,1300.0,14500.0,62900.0
hh_with_children,middle_quintile,1999,77200.0,1700.0,78900.0,1600.0,15100.0,65500.0
hh_with_children,middle_quintile,2000,77700.0,1700.0,79400.0,1700.0,15000.0,66100.0
hh_with_children,middle_quintile,2001,76800.0,2000.0,78800.0,2000.0,13500.0,67300.0
hh_with_children,middle_quintile,2002,74200.0,2200.0,76400.0,2400.0,12600.0,66200.0
hh_with_children,middle_quintile,2003,73900.0,2200.0,76200.0,2600.0,11600.0,67300.0
hh_with_children,middle_quintile,2004,76800.0,2200.0,79100.0,2800.0,12200.0,69700.0
hh_with_children,middle_quintile,2005,78300.0,2000.0,80300.0,2800.0,12500.0,70500.0
hh_with_children,middle_quintile,2006,79500.0,2100.0,81700.0,2700.0,12700.0,71600.0
hh_with_children,middle_quintile,2007,82500.0,2300.0,84900.0,2900.0,13300.0,74500.0
hh_with_children,middle_quintile,2008,79100.0,2600.0,81700.0,3200.0,10500.0,74400.0
hh_with_children,middle_quintile,2009,75000.0,3500.0,78600.0,4100.0,9700.0,72900.0
hh_with_children,middle_quintile,2010,75300.0,3600.0,79000.0,4400.0,10200.0,73200.0
hh_with_children,middle_quintile,2011,74200.0,3200.0,77500.0,4500.0,9900.0,72100.0
hh_with_children,middle_quintile,2012,74300.0,3100.0,77400.0,4500.0,9900.0,72000.0
hh_with_children,middle_quintile,2013,76100.0,2800.0,79000.0,4900.0,11600.0,72200.0
hh_with_children,middle_quintile,2014,78000.0,2600.0,80600.0,6100.0,12100.0,74600.0
hh_with_children,middle_quintile,2015,80900.0,2800.0,83800.0,7200.0,12600.0,78300.0
hh_with_children,fourth_quintile,1979,89800.0,1000.0,90700.0,400.0,20100.0,71100.0
hh_with_children,fourth_quintile,1980,87000.0,1000.0,88000.0,300.0,19900.0,68500.0
hh_with_children,fourth_quintile,1981,88200.0,1100.0,89300.0,300.0,21000.0,68600.0
hh_with_children,fourth_quintile,1982,86900.0,1300.0,88100.0,300.0,19600.0,68800.0
hh_with_children,fourth_quintile,1983,86700.0,1200.0,87900.0,200.0,19100.0,69100.0
hh_with_children,fourth_quintile,1984,92100.0,1100.0,93200.0,300.0,20400.0,73000.0
hh_with_children,fourth_quintile,1985,92000.0,1100.0,93100.0,300.0,20500.0,72900.0
hh_with_children,fourth_quintile,1986,95000.0,900.0,95900.0,300.0,21300.0,74800.0
hh_with_children,fourth_quintile,1987,96400.0,1100.0,97500.0,300.0,21000.0,76800.0
hh_with_children,fourth_quintile,1988,97300.0,1000.0,98300.0,300.0,21600.0,76900.0
hh_with_children,fourth_quintile,1989,98700.0,1100.0,99800.0,300.0,22000.0,78100.0
hh_with_children,fourth_quintile,1990,98500.0,1200.0,99600.0,400.0,22100.0,77900.0
hh_with_children,fourth_quintile,1991,96900.0,1300.0,98100.0,400.0,21700.0,76800.0
hh_with_children,fourth_quintile,1992,97400.0,1500.0,98900.0,600.0,21700.0,77800.0
hh_with_children,fourth_quintile,1993,98200.0,1500.0,99700.0,500.0,21900.0,78400.0
hh_with_children,fourth_quintile,1994,100200.0,1300.0,101500.0,700.0,22500.0,79600.0
hh_with_children,fourth_quintile,1995,102500.0,1500.0,104000.0,700.0,23000.0,81600.0
hh_with_children,fourth_quintile,1996,104400.0,1300.0,105700.0,600.0,23400.0,82900.0
hh_with_children,fourth_quintile,1997,107400.0,1200.0,108500.0,600.0,24300.0,84800.0
hh_with_children,fourth_quintile,1998,112200.0,1200.0,113400.0,600.0,24600.0,89400.0
hh_with_children,fourth_quintile,1999,115400.0,1200.0,116600.0,700.0,25300.0,92100.0
hh_with_children,fourth_quintile,2000,118000.0,1300.0,119300.0,800.0,25900.0,94200.0
hh_with_children,fourth_quintile,2001,117000.0,1600.0,118600.0,800.0,24100.0,95300.0
hh_with_children,fourth_quintile,2002,113500.0,1700.0,115200.0,1000.0,22700.0,93500.0
hh_with_children,fourth_quintile,2003,115300.0,1700.0,117000.0,1100.0,21600.0,96400.0
hh_with_children,fourth_quintile,2004,118000.0,1600.0,119600.0,1300.0,22400.0,98500.0
hh_with_children,fourth_quintile,2005,120600.0,1600.0,122200.0,1200.0,23100.0,100400.0
hh_with_children,fourth_quintile,2006,123400.0,1600.0,125000.0,1300.0,23600.0,102700.0
hh_with_children,fourth_quintile,2007,127200.0,1800.0,129000.0,1400.0,24300.0,106100.0
hh_with_children,fourth_quintile,2008,123000.0,1900.0,124900.0,1500.0,21200.0,105200.0
hh_with_children,fourth_quintile,2009,119000.0,2700.0,121700.0,1800.0,20200.0,103300.0
hh_with_children,fourth_quintile,2010,120000.0,2700.0,122700.0,1900.0,21000.0,103600.0
hh_with_children,fourth_quintile,2011,119300.0,2400.0,121700.0,1800.0,20300.0,103200.0
hh_with_children,fourth_quintile,2012,119900.0,2100.0,122000.0,1800.0,20800.0,102900.0
hh_with_children,fourth_quintile,2013,122900.0,2200.0,125100.0,1900.0,23600.0,103400.0
hh_with_children,fourth_quintile,2014,125000.0,2100.0,127100.0,2800.0,24500.0,105400.0
hh_with_children,fourth_quintile,2015,129300.0,2300.0,131600.0,3100.0,25600.0,109100.0
hh_with_children,highest_quintile,1979,169900.0,900.0,170800.0,300.0,44100.0,126900.0
hh_with_children,highest_quintile,1980,166300.0,1000.0,167400.0,300.0,43400.0,124200.0
hh_with_children,highest_quintile,1981,166300.0,1000.0,167400.0,200.0,43500.0,124100.0
hh_with_children,highest_quintile,1982,165000.0,1100.0,166000.0,200.0,39500.0,126800.0
hh_with_children,highest_quintile,1983,174000.0,1000.0,175000.0,200.0,41300.0,133900.0
hh_with_children,highest_quintile,1984,188400.0,1100.0,189500.0,200.0,44600.0,145100.0
hh_with_children,highest_quintile,1985,186200.0,900.0,187000.0,200.0,43600.0,143600.0
hh_with_children,highest_quintile,1986,216500.0,900.0,217400.0,200.0,50800.0,166800.0
hh_with_children,highest_quintile,1987,205000.0,1000.0,206000.0,200.0,52400.0,153800.0
hh_with_children,highest_quintile,1988,215100.0,800.0,215900.0,200.0,54100.0,162000.0
hh_with_children,highest_quintile,1989,219600.0,900.0,220500.0,300.0,54900.0,165800.0
hh_with_children,highest_quintile,1990,208000.0,900.0,209000.0,300.0,51900.0,157400.0
hh_with_children,highest_quintile,1991,204800.0,1000.0,205800.0,400.0,52500.0,153700.0
hh_with_children,highest_quintile,1992,210300.0,1100.0,211400.0,400.0,54200.0,157600.0
hh_with_children,highest_quintile,1993,213100.0,1000.0,214100.0,400.0,57800.0,156700.0
hh_with_children,highest_quintile,1994,216500.0,1200.0,217700.0,500.0,59800.0,158400.0
hh_with_children,highest_quintile,1995,232500.0,1300.0,233700.0,500.0,65500.0,168700.0
hh_with_children,highest_quintile,1996,246500.0,1100.0,247600.0,300.0,69700.0,178200.0
hh_with_children,highest_quintile,1997,260700.0,1100.0,261800.0,300.0,74000.0,188200.0
hh_with_children,highest_quintile,1998,283600.0,900.0,284500.0,400.0,79800.0,205100.0
hh_with_children,highest_quintile,1999,306200.0,900.0,307200.0,400.0,87800.0,219800.0
hh_with_children,highest_quintile,2000,325500.0,1200.0,326700.0,500.0,93700.0,233400.0
hh_with_children,highest_quintile,2001,296500.0,1200.0,297600.0,600.0,81900.0,216300.0
hh_with_children,highest_quintile,2002,278500.0,1300.0,279700.0,600.0,74800.0,205500.0
hh_with_children,highest_quintile,2003,291200.0,1300.0,292600.0,600.0,74500.0,218700.0
hh_with_children,highest_quintile,2004,312700.0,1200.0,313900.0,700.0,80800.0,233900.0
hh_with_children,highest_quintile,2005,337100.0,1300.0,338400.0,700.0,88600.0,250500.0
hh_with_children,highest_quintile,2006,369300.0,1200.0,370500.0,700.0,97500.0,273700.0
hh_with_children,highest_quintile,2007,391700.0,1300.0,393000.0,800.0,101500.0,292300.0
hh_with_children,highest_quintile,2008,342000.0,1300.0,343300.0,900.0,85300.0,259000.0
hh_with_children,highest_quintile,2009,304200.0,1900.0,306100.0,1000.0,75000.0,232000.0
hh_with_children,highest_quintile,2010,332100.0,1800.0,333900.0,1000.0,84600.0,250400.0
hh_with_children,highest_quintile,2011,325400.0,1900.0,327300.0,900.0,80900.0,247300.0
hh_with_children,highest_quintile,2012,357800.0,1600.0,359400.0,900.0,90400.0,269900.0
hh_with_children,highest_quintile,2013,347000.0,1700.0,348700.0,800.0,97300.0,252100.0
hh_with_children,highest_quintile,2014,367900.0,1600.0,369500.0,1300.0,104800.0,265900.0
hh_with_children,highest_quintile,2015,388300.0,1800.0,390100.0,1600.0,111000.0,280700.0
hh_with_children,percentiles_81_90,1979,121200.0,900.0,122100.0,300.0,28500.0,93900.0
hh_with_children,percentiles_81_90,1980,118600.0,1000.0,119600.0,300.0,28600.0,91200.0
hh_with_children,percentiles_81_90,1981,118200.0,1000.0,119200.0,200.0,29600.0,89900.0
hh_with_children,percentiles_81_90,1982,117400.0,1200.0,118600.0,200.0,27500.0,91300.0
hh_with_children,percentiles_81_90,1983,118200.0,1000.0,119200.0,200.0,27000.0,92300.0
hh_with_children,percentiles_81_90,1984,125800.0,1100.0,127000.0,200.0,28800.0,98400.0
hh_with_children,percentiles_81_90,1985,125800.0,800.0,126700.0,200.0,29100.0,97800.0
hh_with_children,percentiles_81_90,1986,131400.0,1000.0,132400.0,200.0,30600.0,102000.0
hh_with_children,percentiles_81_90,1987,133400.0,900.0,134300.0,200.0,31100.0,103400.0
hh_with_children,percentiles_81_90,1988,135500.0,800.0,136300.0,200.0,31900.0,104700.0
hh_with_children,percentiles_81_90,1989,137500.0,1000.0,138400.0,300.0,32500.0,106200.0
hh_with_children,percentiles_81_90,1990,136400.0,900.0,137400.0,300.0,32400.0,105300.0
hh_with_children,percentiles_81_90,1991,134400.0,1100.0,135500.0,400.0,32200.0,103700.0
hh_with_children,percentiles_81_90,1992,135300.0,1200.0,136500.0,400.0,32200.0,104800.0
hh_with_children,percentiles_81_90,1993,136400.0,1000.0,137400.0,400.0,32400.0,105400.0
hh_with_children,percentiles_81_90,1994,138900.0,1200.0,140100.0,500.0,33500.0,107100.0
hh_with_children,percentiles_81_90,1995,143600.0,1400.0,145000.0,500.0,35000.0,110500.0
hh_with_children,percentiles_81_90,1996,147700.0,1000.0,148600.0,400.0,35500.0,113500.0
hh_with_children,percentiles_81_90,1997,151400.0,1000.0,152400.0,400.0,37000.0,115800.0
hh_with_children,percentiles_81_90,1998,158700.0,900.0,159600.0,400.0,38400.0,121500.0
hh_with_children,percentiles_81_90,1999,164600.0,1100.0,165600.0,500.0,40200.0,125900.0
hh_with_children,percentiles_81_90,2000,168200.0,1100.0,169300.0,600.0,41300.0,128600.0
hh_with_children,percentiles_81_90,2001,167200.0,1200.0,168400.0,600.0,39400.0,129600.0
hh_with_children,percentiles_81_90,2002,162800.0,1400.0,164200.0,600.0,37000.0,127900.0
hh_with_children,percentiles_81_90,2003,165900.0,1500.0,167400.0,700.0,35300.0,132800.0
hh_with_children,percentiles_81_90,2004,170200.0,1400.0,171600.0,900.0,36700.0,135800.0
hh_with_children,percentiles_81_90,2005,174600.0,1200.0,175900.0,700.0,38000.0,138600.0
hh_with_children,percentiles_81_90,2006,180100.0,1300.0,181400.0,800.0,39400.0,142900.0
hh_with_children,percentiles_81_90,2007,183700.0,1400.0,185200.0,900.0,40100.0,145900.0
hh_with_children,percentiles_81_90,2008,177800.0,1400.0,179300.0,900.0,36500.0,143700.0
hh_with_children,percentiles_81_90,2009,173400.0,1900.0,175400.0,1000.0,35100.0,141200.0
hh_with_children,percentiles_81_90,2010,174900.0,2000.0,177000.0,1200.0,36300.0,141800.0
hh_with_children,percentiles_81_90,2011,176100.0,2000.0,178100.0,1000.0,35500.0,143700.0
hh_with_children,percentiles_81_90,2012,177300.0,1700.0,179000.0,900.0,36400.0,143500.0
hh_with_children,percentiles_81_90,2013,180900.0,1700.0,182700.0,900.0,40600.0,142900.0
hh_with_children,percentiles_81_90,2014,184700.0,1600.0,186200.0,1400.0,42200.0,145300.0
hh_with_children,percentiles_81_90,2015,192000.0,1800.0,193800.0,1600.0,44500.0,151000.0
hh_with_children,percentiles_91_95,1979,153500.0,1000.0,154600.0,200.0,37700.0,117100.0
hh_with_children,percentiles_91_95,1980,150000.0,1300.0,151300.0,300.0,37800.0,113800.0
hh_with_children,percentiles_91_95,1981,149700.0,1100.0,150800.0,200.0,38600.0,112400.0
hh_with_children,percentiles_91_95,1982,149100.0,1000.0,150100.0,200.0,35400.0,114900.0
hh_with_children,percentiles_91_95,1983,152600.0,800.0,153300.0,200.0,35400.0,118100.0
hh_with_children,percentiles_91_95,1984,162300.0,900.0,163100.0,200.0,37300.0,126000.0
hh_with_children,percentiles_91_95,1985,163500.0,700.0,164300.0,200.0,37700.0,126800.0
hh_with_children,percentiles_91_95,1986,170500.0,800.0,171300.0,200.0,39700.0,131700.0
hh_with_children,percentiles_91_95,1987,174400.0,1000.0,175400.0,100.0,42600.0,133000.0
hh_with_children,percentiles_91_95,1988,177200.0,800.0,177900.0,200.0,43000.0,135200.0
hh_with_children,percentiles_91_95,1989,180700.0,1000.0,181700.0,300.0,43400.0,138500.0
hh_with_children,percentiles_91_95,1990,179200.0,800.0,180000.0,200.0,43000.0,137200.0
hh_with_children,percentiles_91_95,1991,176600.0,1000.0,177500.0,300.0,43400.0,134500.0
hh_with_children,percentiles_91_95,1992,178200.0,700.0,179000.0,400.0,43600.0,135700.0
hh_with_children,percentiles_91_95,1993,179400.0,800.0,180200.0,300.0,44900.0,135600.0
hh_with_children,percentiles_91_95,1994,182700.0,1000.0,183700.0,500.0,45800.0,138300.0
hh_with_children,percentiles_91_95,1995,190700.0,1000.0,191700.0,400.0,48700.0,143400.0
hh_with_children,percentiles_91_95,1996,195800.0,1200.0,197000.0,300.0,50000.0,147400.0
hh_with_children,percentiles_91_95,1997,203900.0,1300.0,205200.0,300.0,52300.0,153200.0
hh_with_children,percentiles_91_95,1998,215000.0,700.0,215800.0,300.0,55100.0,161000.0
hh_with_children,percentiles_91_95,1999,223700.0,1000.0,224700.0,400.0,58200.0,166900.0
hh_with_children,percentiles_91_95,2000,230800.0,1100.0,231900.0,400.0,60600.0,171600.0
hh_with_children,percentiles_91_95,2001,223900.0,1100.0,225000.0,500.0,56700.0,168800.0
hh_with_children,percentiles_91_95,2002,218600.0,1100.0,219700.0,500.0,53700.0,166500.0
hh_with_children,percentiles_91_95,2003,222800.0,1300.0,224200.0,500.0,51700.0,173000.0
hh_with_children,percentiles_91_95,2004,231100.0,1100.0,232100.0,700.0,54100.0,178700.0
hh_with_children,percentiles_91_95,2005,238200.0,1300.0,239500.0,700.0,56500.0,183600.0
hh_with_children,percentiles_91_95,2006,247600.0,1100.0,248700.0,600.0,58900.0,190500.0
hh_with_children,percentiles_91_95,2007,256100.0,1200.0,257300.0,800.0,60300.0,197800.0
hh_with_children,percentiles_91_95,2008,245000.0,1200.0,246200.0,1000.0,56400.0,190800.0
hh_with_children,percentiles_91_95,2009,236300.0,2000.0,238300.0,900.0,53600.0,185600.0
hh_with_children,percentiles_91_95,2010,239100.0,1800.0,240900.0,900.0,55300.0,186500.0
hh_with_children,percentiles_91_95,2011,240600.0,1700.0,242400.0,700.0,54000.0,189100.0
hh_with_children,percentiles_91_95,2012,246200.0,1600.0,247800.0,800.0,56100.0,192500.0
hh_with_children,percentiles_91_95,2013,253200.0,1800.0,255000.0,700.0,62000.0,193700.0
hh_with_children,percentiles_91_95,2014,258800.0,1600.0,260400.0,1100.0,64500.0,197000.0
hh_with_children,percentiles_91_95,2015,268300.0,1800.0,270100.0,1600.0,67200.0,204600.0
hh_with_children,percentiles_96_99,1979,229800.0,800.0,230600.0,300.0,60900.0,170000.0
hh_with_children,percentiles_96_99,1980,223400.0,800.0,224200.0,200.0,60100.0,164300.0
hh_with_children,percentiles_96_99,1981,221900.0,1100.0,223100.0,300.0,58500.0,164800.0
hh_with_children,percentiles_96_99,1982,221000.0,900.0,221900.0,200.0,53600.0,168500.0
hh_with_children,percentiles_96_99,1983,226800.0,1000.0,227800.0,200.0,52900.0,175200.0
hh_with_children,percentiles_96_99,1984,242000.0,1100.0,243200.0,200.0,56400.0,187000.0
hh_with_children,percentiles_96_99,1985,245200.0,1100.0,246300.0,300.0,56100.0,190500.0
hh_with_children,percentiles_96_99,1986,269900.0,800.0,270700.0,300.0,62400.0,208600.0
hh_with_children,percentiles_96_99,1987,264200.0,1100.0,265300.0,300.0,67700.0,197900.0
hh_with_children,percentiles_96_99,1988,276200.0,800.0,277000.0,300.0,69600.0,207600.0
hh_with_children,percentiles_96_99,1989,276600.0,700.0,277300.0,200.0,69700.0,207800.0
hh_with_children,percentiles_96_99,1990,275300.0,1000.0,276300.0,300.0,69400.0,207200.0
hh_with_children,percentiles_96_99,1991,271100.0,700.0,271800.0,500.0,70400.0,201900.0
hh_with_children,percentiles_96_99,1992,277600.0,1100.0,278600.0,300.0,72400.0,206600.0
hh_with_children,percentiles_96_99,1993,277100.0,1100.0,278200.0,400.0,75400.0,203100.0
hh_with_children,percentiles_96_99,1994,282000.0,1200.0,283300.0,500.0,78100.0,205700.0
hh_with_children,percentiles_96_99,1995,297400.0,1100.0,298500.0,500.0,82800.0,216300.0
hh_with_children,percentiles_96_99,1996,316100.0,1200.0,317300.0,300.0,89200.0,228500.0
hh_with_children,percentiles_96_99,1997,333900.0,1000.0,335000.0,300.0,95300.0,240000.0
hh_with_children,percentiles_96_99,1998,357300.0,1000.0,358300.0,400.0,101900.0,256900.0
hh_with_children,percentiles_96_99,1999,376100.0,600.0,376700.0,400.0,109700.0,267400.0
hh_with_children,percentiles_96_99,2000,382300.0,1400.0,383700.0,300.0,111800.0,272200.0
hh_with_children,percentiles_96_99,2001,363200.0,1300.0,364500.0,500.0,101200.0,263900.0
hh_with_children,percentiles_96_99,2002,350200.0,1200.0,351300.0,500.0,95000.0,256900.0
hh_with_children,percentiles_96_99,2003,358600.0,1000.0,359600.0,600.0,93700.0,266500.0
hh_with_children,percentiles_96_99,2004,379700.0,1100.0,380800.0,500.0,100900.0,280400.0
hh_with_children,percentiles_96_99,2005,411200.0,1300.0,412500.0,700.0,111700.0,301400.0
hh_with_children,percentiles_96_99,2006,426800.0,1200.0,428000.0,700.0,115600.0,313100.0
hh_with_children,percentiles_96_99,2007,441500.0,1200.0,442700.0,800.0,118400.0,325100.0
hh_with_children,percentiles_96_99,2008,404000.0,1200.0,405200.0,800.0,105800.0,300100.0
hh_with_children,percentiles_96_99,2009,378700.0,1700.0,380400.0,800.0,97900.0,283400.0
hh_with_children,percentiles_96_99,2010,390100.0,1400.0,391500.0,800.0,102800.0,289400.0
hh_with_children,percentiles_96_99,2011,398000.0,1800.0,399800.0,900.0,103400.0,297300.0
hh_with_children,percentiles_96_99,2012,418500.0,1300.0,419800.0,800.0,110300.0,310300.0
hh_with_children,percentiles_96_99,2013,421700.0,1500.0,423200.0,700.0,118000.0,305900.0
hh_with_children,percentiles_96_99,2014,440400.0,1700.0,442200.0,1100.0,125500.0,317800.0
hh_with_children,percentiles_96_99,2015,454000.0,2000.0,456000.0,1500.0,129600.0,327800.0
hh_with_children,top_1_percent,1979,652000.0,1300.0,653300.0,400.0,215200.0,438500.0
hh_with_children,top_1_percent,1980,629800.0,1000.0,630800.0,500.0,194300.0,437000.0
hh_with_children,top_1_percent,1981,651600.0,1000.0,652500.0,500.0,187400.0,465700.0
hh_with_children,top_1_percent,1982,662900.0,1100.0,664000.0,400.0,165600.0,498800.0
hh_with_children,top_1_percent,1983,773500.0,1400.0,774800.0,600.0,203500.0,572000.0
hh_with_children,top_1_percent,1984,848000.0,1100.0,849100.0,400.0,220600.0,628900.0
hh_with_children,top_1_percent,1985,849100.0,700.0,849800.0,700.0,212200.0,638200.0
hh_with_children,top_1_percent,1986,1332100.0,1300.0,1333500.0,700.0,322400.0,1011800.0
hh_with_children,top_1_percent,1987,945800.0,1300.0,947100.0,400.0,283800.0,663600.0
hh_with_children,top_1_percent,1988,1152700.0,800.0,1153500.0,300.0,324200.0,829500.0
hh_with_children,top_1_percent,1989,1103400.0,700.0,1104100.0,600.0,304500.0,800200.0
hh_with_children,top_1_percent,1990,926000.0,1300.0,927200.0,400.0,255100.0,672500.0
hh_with_children,top_1_percent,1991,933400.0,1200.0,934600.0,700.0,272000.0,663400.0
hh_with_children,top_1_percent,1992,1027300.0,1300.0,1028600.0,400.0,305800.0,723200.0
hh_with_children,top_1_percent,1993,1037500.0,700.0,1038200.0,700.0,353500.0,685400.0
hh_with_children,top_1_percent,1994,1008200.0,800.0,1009000.0,500.0,354900.0,654700.0
hh_with_children,top_1_percent,1995,1191400.0,1400.0,1192700.0,1000.0,424900.0,768800.0
hh_with_children,top_1_percent,1996,1312900.0,700.0,1313600.0,400.0,465900.0,848100.0
hh_with_children,top_1_percent,1997,1430800.0,1900.0,1432700.0,200.0,495500.0,937500.0
hh_with_children,top_1_percent,1998,1663400.0,900.0,1664200.0,600.0,554100.0,1110800.0
hh_with_children,top_1_percent,1999,2031000.0,300.0,2031300.0,600.0,681700.0,1350200.0
hh_with_children,top_1_percent,2000,2280500.0,1000.0,2281600.0,200.0,756000.0,1525800.0
hh_with_children,top_1_percent,2001,1778900.0,800.0,1779700.0,800.0,586000.0,1194500.0
hh_with_children,top_1_percent,2002,1554900.0,1100.0,1556100.0,900.0,513100.0,1043900.0
hh_with_children,top_1_percent,2003,1656400.0,1000.0,1657400.0,800.0,515000.0,1143100.0
hh_with_children,top_1_percent,2004,1934700.0,1200.0,1935900.0,700.0,592300.0,1344300.0
hh_with_children,top_1_percent,2005,2267100.0,1200.0,2268300.0,600.0,695800.0,1573200.0
hh_with_children,top_1_percent,2006,2604300.0,1000.0,2605300.0,600.0,789200.0,1816700.0
hh_with_children,top_1_percent,2007,2825500.0,1000.0,2826500.0,700.0,816600.0,2010600.0
hh_with_children,top_1_percent,2008,2234000.0,1500.0,2235500.0,1300.0,640100.0,1596700.0
hh_with_children,top_1_percent,2009,1603400.0,1000.0,1604500.0,1100.0,473900.0,1131700.0
hh_with_children,top_1_percent,2010,2063600.0,1400.0,2065000.0,1200.0,617300.0,1448900.0
hh_with_children,top_1_percent,2011,1932400.0,1800.0,1934200.0,1200.0,574400.0,1361000.0
hh_with_children,top_1_percent,2012,2348900.0,2800.0,2351700.0,1000.0,683600.0,1669000.0
hh_with_children,top_1_percent,2013,2014600.0,1200.0,2015800.0,1000.0,698000.0,1318800.0
hh_with_children,top_1_percent,2014,2307000.0,1300.0,2308300.0,1700.0,795500.0,1514400.0
hh_with_children,top_1_percent,2015,2455600.0,1300.0,2456800.0,1800.0,839300.0,1619300.0
elderly_headed_hh,all_quintiles,1979,32500.0,15500.0,48000.0,900.0,8700.0,40200.0
elderly_headed_hh,all_quintiles,1980,31800.0,16300.0,48100.0,1000.0,8200.0,40900.0
elderly_headed_hh,all_quintiles,1981,33200.0,17200.0,50400.0,1000.0,8100.0,43300.0
elderly_headed_hh,all_quintiles,1982,34000.0,18500.0,52400.0,900.0,7300.0,46000.0
elderly_headed_hh,all_quintiles,1983,35000.0,19300.0,54300.0,1000.0,7500.0,47800.0
elderly_headed_hh,all_quintiles,1984,38000.0,19400.0,57400.0,1000.0,8500.0,49900.0
elderly_headed_hh,all_quintiles,1985,39300.0,19800.0,59100.0,1100.0,8700.0,51500.0
elderly_headed_hh,all_quintiles,1986,42900.0,20300.0,63200.0,1100.0,9200.0,55100.0
elderly_headed_hh,all_quintiles,1987,37600.0,19900.0,57500.0,1100.0,8800.0,49800.0
elderly_headed_hh,all_quintiles,1988,39800.0,20000.0,59700.0,1100.0,9400.0,51400.0
elderly_headed_hh,all_quintiles,1989,40100.0,20100.0,60200.0,1100.0,9200.0,52100.0
elderly_headed_hh,all_quintiles,1990,39100.0,20800.0,59900.0,1200.0,8900.0,52200.0
elderly_headed_hh,all_quintiles,1991,36100.0,21600.0,57700.0,1300.0,8000.0,51000.0
elderly_headed_hh,all_quintiles,1992,37600.0,22500.0,60100.0,1400.0,8600.0,52800.0
elderly_headed_hh,all_quintiles,1993,37000.0,23600.0,60700.0,1400.0,8900.0,53200.0
elderly_headed_hh,all_quintiles,1994,36900.0,23800.0,60700.0,1500.0,9300.0,52800.0
elderly_headed_hh,all_quintiles,1995,39800.0,24400.0,64100.0,1500.0,10300.0,55300.0
elderly_headed_hh,all_quintiles,1996,45100.0,25200.0,70400.0,1500.0,12000.0,59900.0
elderly_headed_hh,all_quintiles,1997,48400.0,25800.0,74200.0,1500.0,12600.0,63100.0
elderly_headed_hh,all_quintiles,1998,52200.0,26000.0,78200.0,1700.0,13100.0,66700.0
elderly_headed_hh,all_quintiles,1999,55100.0,25200.0,80300.0,1700.0,14000.0,68000.0
elderly_headed_hh,all_quintiles,2000,55200.0,25200.0,80400.0,1800.0,13600.0,68600.0
elderly_headed_hh,all_quintiles,2001,48900.0,26300.0,75200.0,1900.0,11300.0,65800.0
elderly_headed_hh,all_quintiles,2002,45400.0,27300.0,72700.0,2100.0,10300.0,64400.0
elderly_headed_hh,all_quintiles,2003,46500.0,27400.0,73900.0,2200.0,10400.0,65800.0
elderly_headed_hh,all_quintiles,2004,52400.0,27900.0,80300.0,2300.0,12000.0,70600.0
elderly_headed_hh,all_quintiles,2005,58500.0,28400.0,86800.0,2200.0,13900.0,75100.0
elderly_headed_hh,all_quintiles,2006,61900.0,29900.0,91800.0,2100.0,14800.0,79100.0
elderly_headed_hh,all_quintiles,2007,69300.0,30000.0,99300.0,2200.0,15800.0,85700.0
elderly_headed_hh,all_quintiles,2008,56800.0,30100.0,87000.0,2300.0,11400.0,77900.0
elderly_headed_hh,all_quintiles,2009,49600.0,32900.0,82400.0,2500.0,10200.0,74700.0
elderly_headed_hh,all_quintiles,2010,54400.0,32300.0,86700.0,2500.0,11600.0,77600.0
elderly_headed_hh,all_quintiles,2011,55200.0,31200.0,86400.0,2300.0,11900.0,76800.0
elderly_headed_hh,all_quintiles,2012,61200.0,31600.0,92800.0,2300.0,13600.0,81500.0
elderly_headed_hh,all_quintiles,2013,58900.0,31600.0,90500.0,2300.0,14200.0,78500.0
elderly_headed_hh,all_quintiles,2014,62500.0,31200.0,93700.0,2600.0,15400.0,80800.0
elderly_headed_hh,all_quintiles,2015,64200.0,32000.0,96200.0,2700.0,15800.0,83100.0
elderly_headed_hh,lowest_quintile,1979,4300.0,15300.0,19600.0,1400.0,700.0,20400.0
elderly_headed_hh,lowest_quintile,1980,3600.0,15900.0,19500.0,1500.0,500.0,20500.0
elderly_headed_hh,lowest_quintile,1981,3400.0,16700.0,20100.0,1700.0,500.0,21300.0
elderly_headed_hh,lowest_quintile,1982,3200.0,17600.0,20800.0,1700.0,400.0,22100.0
elderly_headed_hh,lowest_quintile,1983,3000.0,18400.0,21400.0,1900.0,500.0,22900.0
elderly_headed_hh,lowest_quintile,1984,3800.0,18200.0,21900.0,1900.0,600.0,23300.0
elderly_headed_hh,lowest_quintile,1985,3700.0,18300.0,22100.0,2100.0,600.0,23600.0
elderly_headed_hh,lowest_quintile,1986,3600.0,19000.0,22600.0,2000.0,600.0,24100.0
elderly_headed_hh,lowest_quintile,1987,3400.0,18900.0,22200.0,2000.0,600.0,23700.0
elderly_headed_hh,lowest_quintile,1988,3500.0,18700.0,22300.0,2100.0,600.0,23800.0
elderly_headed_hh,lowest_quintile,1989,3800.0,18800.0,22600.0,2100.0,600.0,24100.0
elderly_headed_hh,lowest_quintile,1990,4100.0,19300.0,23400.0,2300.0,600.0,25000.0
elderly_headed_hh,lowest_quintile,1991,3900.0,20000.0,23900.0,2400.0,600.0,25700.0
elderly_headed_hh,lowest_quintile,1992,3400.0,20900.0,24300.0,2700.0,600.0,26400.0
elderly_headed_hh,lowest_quintile,1993,3400.0,21900.0,25300.0,2700.0,700.0,27400.0
elderly_headed_hh,lowest_quintile,1994,3200.0,22300.0,25400.0,2600.0,700.0,27400.0
elderly_headed_hh,lowest_quintile,1995,3800.0,23000.0,26800.0,2600.0,800.0,28600.0
elderly_headed_hh,lowest_quintile,1996,3700.0,23400.0,27100.0,2700.0,700.0,29100.0
elderly_headed_hh,lowest_quintile,1997,4000.0,24000.0,28000.0,2700.0,700.0,29900.0
elderly_headed_hh,lowest_quintile,1998,4700.0,24800.0,29400.0,3000.0,800.0,31600.0
elderly_headed_hh,lowest_quintile,1999,5300.0,23800.0,29100.0,3100.0,900.0,31300.0
elderly_headed_hh,lowest_quintile,2000,6000.0,23400.0,29400.0,3200.0,900.0,31700.0
elderly_headed_hh,lowest_quintile,2001,4700.0,24700.0,29400.0,3400.0,700.0,32100.0
elderly_headed_hh,lowest_quintile,2002,4700.0,25700.0,30400.0,3500.0,700.0,33100.0
elderly_headed_hh,lowest_quintile,2003,4200.0,25500.0,29700.0,3700.0,700.0,32700.0
elderly_headed_hh,lowest_quintile,2004,4400.0,26200.0,30600.0,3800.0,700.0,33800.0
elderly_headed_hh,lowest_quintile,2005,4400.0,26400.0,30700.0,3600.0,700.0,33700.0
elderly_headed_hh,lowest_quintile,2006,4800.0,28200.0,33000.0,3500.0,700.0,35700.0
elderly_headed_hh,lowest_quintile,2007,5700.0,27900.0,33600.0,3400.0,700.0,36300.0
elderly_headed_hh,lowest_quintile,2008,5300.0,28400.0,33700.0,3800.0,200.0,37300.0
elderly_headed_hh,lowest_quintile,2009,4500.0,31000.0,35400.0,4200.0,500.0,39100.0
elderly_headed_hh,lowest_quintile,2010,4700.0,30700.0,35400.0,4200.0,600.0,39000.0
elderly_headed_hh,lowest_quintile,2011,4300.0,30100.0,34400.0,4100.0,500.0,38000.0
elderly_headed_hh,lowest_quintile,2012,4100.0,30200.0,34300.0,4200.0,600.0,37900.0
elderly_headed_hh,lowest_quintile,2013,4500.0,30100.0,34500.0,4000.0,600.0,37900.0
elderly_headed_hh,lowest_quintile,2014,4200.0,28900.0,33200.0,4400.0,600.0,37000.0
elderly_headed_hh,lowest_quintile,2015,4800.0,30300.0,35100.0,4500.0,600.0,39000.0
elderly_headed_hh,second_quintile,1979,25600.0,16500.0,42100.0,300.0,4300.0,38100.0
elderly_headed_hh,second_quintile,1980,24200.0,17900.0,42100.0,300.0,3800.0,38600.0
elderly_headed_hh,second_quintile,1981,23700.0,18800.0,42500.0,300.0,3400.0,39400.0
elderly_headed_hh,second_quintile,1982,22600.0,20100.0,42700.0,300.0,2800.0,40200.0
elderly_headed_hh,second_quintile,1983,21800.0,21000.0,42800.0,400.0,3000.0,40200.0
elderly_headed_hh,second_quintile,1984,24000.0,21000.0,45000.0,300.0,3300.0,42000.0
elderly_headed_hh,second_quintile,1985,23900.0,21600.0,45500.0,300.0,3300.0,42600.0
elderly_headed_hh,second_quintile,1986,24000.0,21700.0,45700.0,400.0,3300.0,42800.0
elderly_headed_hh,second_quintile,1987,23600.0,21700.0,45300.0,400.0,3400.0,42300.0
elderly_headed_hh,second_quintile,1988,24500.0,21400.0,45900.0,400.0,3600.0,42700.0
elderly_headed_hh,second_quintile,1989,24400.0,22000.0,46400.0,300.0,3500.0,43200.0
elderly_headed_hh,second_quintile,1990,25100.0,22900.0,47900.0,400.0,3700.0,44600.0
elderly_headed_hh,second_quintile,1991,24200.0,23700.0,47900.0,500.0,3500.0,45000.0
elderly_headed_hh,second_quintile,1992,23500.0,24600.0,48100.0,500.0,3400.0,45200.0
elderly_headed_hh,second_quintile,1993,23700.0,26000.0,49700.0,600.0,3500.0,46800.0
elderly_headed_hh,second_quintile,1994,23700.0,25500.0,49200.0,700.0,3600.0,46200.0
elderly_headed_hh,second_quintile,1995,25500.0,26500.0,52000.0,800.0,4000.0,48800.0
elderly_headed_hh,second_quintile,1996,25200.0,27400.0,52600.0,800.0,3900.0,49500.0
elderly_headed_hh,second_quintile,1997,26300.0,27800.0,54100.0,800.0,4000.0,50800.0
elderly_headed_hh,second_quintile,1998,28000.0,27600.0,55600.0,800.0,4200.0,52200.0
elderly_headed_hh,second_quintile,1999,28800.0,26900.0,55700.0,900.0,4400.0,52100.0
elderly_headed_hh,second_quintile,2000,29100.0,26800.0,56000.0,1100.0,4300.0,52800.0
elderly_headed_hh,second_quintile,2001,28300.0,28200.0,56500.0,1100.0,3600.0,54000.0
elderly_headed_hh,second_quintile,2002,27300.0,29500.0,56800.0,1100.0,3200.0,54700.0
elderly_headed_hh,second_quintile,2003,27100.0,29700.0,56800.0,1200.0,3200.0,54800.0
elderly_headed_hh,second_quintile,2004,27900.0,30300.0,58200.0,1400.0,3400.0,56100.0
elderly_headed_hh,second_quintile,2005,28900.0,30800.0,59600.0,1500.0,3800.0,57300.0
elderly_headed_hh,second_quintile,2006,29500.0,32000.0,61500.0,1400.0,3900.0,58900.0
elderly_headed_hh,second_quintile,2007,31500.0,32900.0,64400.0,1700.0,4100.0,62100.0
elderly_headed_hh,second_quintile,2008,29800.0,33600.0,63400.0,1600.0,2600.0,62300.0
elderly_headed_hh,second_quintile,2009,27200.0,35800.0,62900.0,1700.0,2600.0,62100.0
elderly_headed_hh,second_quintile,2010,27300.0,35400.0,62700.0,1800.0,2700.0,61800.0
elderly_headed_hh,second_quintile,2011,27000.0,34100.0,61100.0,1800.0,2800.0,60100.0
elderly_headed_hh,second_quintile,2012,26800.0,35000.0,61800.0,1700.0,2800.0,60700.0
elderly_headed_hh,second_quintile,2013,27700.0,35100.0,62800.0,1900.0,3200.0,61400.0
elderly_headed_hh,second_quintile,2014,28000.0,34400.0,62300.0,2000.0,3400.0,60900.0
elderly_headed_hh,second_quintile,2015,29500.0,35300.0,64800.0,2000.0,3500.0,63300.0
elderly_headed_hh,middle_quintile,1979,42200.0,15700.0,58000.0,300.0,8600.0,49600.0
elderly_headed_hh,middle_quintile,1980,40200.0,16500.0,56700.0,200.0,7800.0,49100.0
elderly_headed_hh,middle_quintile,1981,40400.0,17900.0,58400.0,200.0,7500.0,51100.0
elderly_headed_hh,middle_quintile,1982,39400.0,19700.0,59100.0,200.0,6400.0,53000.0
elderly_headed_hh,middle_quintile,1983,38700.0,20900.0,59600.0,200.0,6400.0,53400.0
elderly_headed_hh,middle_quintile,1984,41100.0,20900.0,62000.0,200.0,6900.0,55200.0
elderly_headed_hh,middle_quintile,1985,41500.0,21300.0,62800.0,200.0,6800.0,56100.0
elderly_headed_hh,middle_quintile,1986,43200.0,22000.0,65100.0,300.0,7100.0,58300.0
elderly_headed_hh,middle_quintile,1987,42400.0,20900.0,63300.0,200.0,7600.0,55900.0
elderly_headed_hh,middle_quintile,1988,43100.0,20900.0,64000.0,300.0,7900.0,56400.0
elderly_headed_hh,middle_quintile,1989,43800.0,21400.0,65200.0,200.0,7800.0,57600.0
elderly_headed_hh,middle_quintile,1990,43800.0,22000.0,65700.0,200.0,7900.0,58100.0
elderly_headed_hh,middle_quintile,1991,42600.0,23100.0,65700.0,200.0,7400.0,58500.0
elderly_headed_hh,middle_quintile,1992,42900.0,24100.0,66900.0,400.0,7700.0,59700.0
elderly_headed_hh,middle_quintile,1993,42300.0,25000.0,67300.0,400.0,7700.0,60000.0
elderly_headed_hh,middle_quintile,1994,43500.0,24900.0,68300.0,500.0,8200.0,60500.0
elderly_headed_hh,middle_quintile,1995,45200.0,25100.0,70300.0,500.0,8800.0,62000.0
elderly_headed_hh,middle_quintile,1996,45400.0,27300.0,72600.0,600.0,8900.0,64300.0
elderly_headed_hh,middle_quintile,1997,46700.0,27300.0,74000.0,700.0,8900.0,65700.0
elderly_headed_hh,middle_quintile,1998,48200.0,27100.0,75300.0,700.0,9100.0,66900.0
elderly_headed_hh,middle_quintile,1999,49700.0,25700.0,75400.0,600.0,9600.0,66500.0
elderly_headed_hh,middle_quintile,2000,50700.0,26200.0,77000.0,700.0,9600.0,68000.0
elderly_headed_hh,middle_quintile,2001,49300.0,27500.0,76800.0,700.0,8500.0,69000.0
elderly_headed_hh,middle_quintile,2002,48300.0,28300.0,76600.0,1000.0,8000.0,69500.0
elderly_headed_hh,middle_quintile,2003,48400.0,29000.0,77500.0,1000.0,7900.0,70600.0
elderly_headed_hh,middle_quintile,2004,50200.0,28900.0,79100.0,1100.0,8400.0,71800.0
elderly_headed_hh,middle_quintile,2005,51600.0,29600.0,81200.0,1100.0,9100.0,73200.0
elderly_headed_hh,middle_quintile,2006,52300.0,31300.0,83700.0,1100.0,9500.0,75300.0
elderly_headed_hh,middle_quintile,2007,54200.0,31000.0,85200.0,1400.0,9600.0,77000.0
elderly_headed_hh,middle_quintile,2008,52000.0,31500.0,83400.0,1100.0,7300.0,77300.0
elderly_headed_hh,middle_quintile,2009,49100.0,34400.0,83600.0,1300.0,7200.0,77600.0
elderly_headed_hh,middle_quintile,2010,49200.0,33800.0,83000.0,1200.0,7500.0,76800.0
elderly_headed_hh,middle_quintile,2011,49100.0,32900.0,82000.0,1100.0,7500.0,75700.0
elderly_headed_hh,middle_quintile,2012,49300.0,33400.0,82700.0,1000.0,7700.0,76000.0
elderly_headed_hh,middle_quintile,2013,50400.0,33800.0,84200.0,1000.0,8400.0,76900.0
elderly_headed_hh,middle_quintile,2014,51300.0,33900.0,85200.0,1400.0,8600.0,78000.0
elderly_headed_hh,middle_quintile,2015,53800.0,34400.0,88200.0,1500.0,9200.0,80500.0
elderly_headed_hh,fourth_quintile,1979,61000.0,15600.0,76600.0,200.0,14100.0,62600.0
elderly_headed_hh,fourth_quintile,1980,59600.0,16200.0,75700.0,200.0,13300.0,62600.0
elderly_headed_hh,fourth_quintile,1981,58900.0,17400.0,76300.0,200.0,12700.0,63700.0
elderly_headed_hh,fourth_quintile,1982,57900.0,18200.0,76100.0,100.0,11100.0,65100.0
elderly_headed_hh,fourth_quintile,1983,58100.0,19300.0,77300.0,100.0,11100.0,66400.0
elderly_headed_hh,fourth_quintile,1984,61900.0,19000.0,80900.0,200.0,12400.0,68700.0
elderly_headed_hh,fourth_quintile,1985,62300.0,20500.0,82800.0,200.0,12100.0,70900.0
elderly_headed_hh,fourth_quintile,1986,64900.0,20800.0,85800.0,100.0,12700.0,73200.0
elderly_headed_hh,fourth_quintile,1987,66000.0,19800.0,85900.0,100.0,13800.0,72200.0
elderly_headed_hh,fourth_quintile,1988,67000.0,20600.0,87600.0,200.0,14100.0,73600.0
elderly_headed_hh,fourth_quintile,1989,66900.0,20600.0,87500.0,200.0,14200.0,73500.0
elderly_headed_hh,fourth_quintile,1990,66100.0,21400.0,87500.0,100.0,13800.0,73900.0
elderly_headed_hh,fourth_quintile,1991,65100.0,21500.0,86600.0,200.0,13500.0,73300.0
elderly_headed_hh,fourth_quintile,1992,66100.0,22600.0,88700.0,200.0,13700.0,75200.0
elderly_headed_hh,fourth_quintile,1993,66600.0,24100.0,90700.0,400.0,14100.0,76900.0
elderly_headed_hh,fourth_quintile,1994,69100.0,24800.0,93800.0,300.0,15500.0,78600.0
elderly_headed_hh,fourth_quintile,1995,70000.0,25400.0,95400.0,400.0,16300.0,79600.0
elderly_headed_hh,fourth_quintile,1996,70700.0,25500.0,96200.0,500.0,16400.0,80300.0
elderly_headed_hh,fourth_quintile,1997,72000.0,26600.0,98600.0,500.0,16900.0,82200.0
elderly_headed_hh,fourth_quintile,1998,75700.0,26200.0,101900.0,600.0,17500.0,84900.0
elderly_headed_hh,fourth_quintile,1999,78700.0,26000.0,104600.0,600.0,18200.0,86900.0
elderly_headed_hh,fourth_quintile,2000,78700.0,25600.0,104300.0,700.0,18200.0,86800.0
elderly_headed_hh,fourth_quintile,2001,77900.0,26300.0,104300.0,600.0,16600.0,88300.0
elderly_headed_hh,fourth_quintile,2002,76000.0,26900.0,103000.0,800.0,15400.0,88400.0
elderly_headed_hh,fourth_quintile,2003,77300.0,27300.0,104600.0,800.0,14900.0,90500.0
elderly_headed_hh,fourth_quintile,2004,79500.0,28200.0,107700.0,800.0,15800.0,92700.0
elderly_headed_hh,fourth_quintile,2005,82300.0,28900.0,111200.0,800.0,16700.0,95400.0
elderly_headed_hh,fourth_quintile,2006,83100.0,30000.0,113100.0,900.0,17200.0,96800.0
elderly_headed_hh,fourth_quintile,2007,85000.0,29900.0,115000.0,1000.0,16800.0,99200.0
elderly_headed_hh,fourth_quintile,2008,83000.0,29600.0,112600.0,700.0,14100.0,99200.0
elderly_headed_hh,fourth_quintile,2009,80100.0,32900.0,113000.0,1000.0,13900.0,100100.0
elderly_headed_hh,fourth_quintile,2010,80000.0,32000.0,112000.0,1100.0,14200.0,98900.0
elderly_headed_hh,fourth_quintile,2011,80300.0,29600.0,109900.0,700.0,14200.0,96300.0
elderly_headed_hh,fourth_quintile,2012,80700.0,30500.0,111300.0,800.0,14700.0,97400.0
elderly_headed_hh,fourth_quintile,2013,82500.0,30600.0,113100.0,700.0,15900.0,97800.0
elderly_headed_hh,fourth_quintile,2014,84100.0,31800.0,115900.0,1000.0,16400.0,100500.0
elderly_headed_hh,fourth_quintile,2015,87800.0,32100.0,119900.0,1100.0,17200.0,103800.0
elderly_headed_hh,highest_quintile,1979,176800.0,14800.0,191700.0,100.0,58000.0,133800.0
elderly_headed_hh,highest_quintile,1980,162500.0,15300.0,177900.0,100.0,51100.0,126900.0
elderly_headed_hh,highest_quintile,1981,159800.0,16200.0,176000.0,100.0,47200.0,128900.0
elderly_headed_hh,highest_quintile,1982,163200.0,17900.0,181100.0,100.0,42700.0,138600.0
elderly_headed_hh,highest_quintile,1983,167500.0,18100.0,185600.0,100.0,42500.0,143200.0
elderly_headed_hh,highest_quintile,1984,181900.0,20000.0,201900.0,100.0,48700.0,153200.0
elderly_headed_hh,highest_quintile,1985,196300.0,20000.0,216400.0,100.0,51400.0,165100.0
elderly_headed_hh,highest_quintile,1986,226100.0,20100.0,246100.0,100.0,55800.0,190400.0
elderly_headed_hh,highest_quintile,1987,200400.0,19300.0,219700.0,100.0,56600.0,163200.0
elderly_headed_hh,highest_quintile,1988,218500.0,20200.0,238700.0,100.0,61000.0,177800.0
elderly_headed_hh,highest_quintile,1989,208300.0,19600.0,228000.0,100.0,56300.0,171700.0
elderly_headed_hh,highest_quintile,1990,198700.0,20500.0,219200.0,200.0,53200.0,166200.0
elderly_headed_hh,highest_quintile,1991,186700.0,21700.0,208300.0,100.0,49100.0,159400.0
elderly_headed_hh,highest_quintile,1992,199100.0,22000.0,221100.0,200.0,53900.0,167400.0
elderly_headed_hh,highest_quintile,1993,199100.0,23600.0,222800.0,100.0,57300.0,165500.0
elderly_headed_hh,highest_quintile,1994,206600.0,24900.0,231500.0,300.0,62200.0,169600.0
elderly_headed_hh,highest_quintile,1995,209400.0,24000.0,233500.0,300.0,64300.0,169500.0
elderly_headed_hh,highest_quintile,1996,232100.0,25000.0,257100.0,400.0,71900.0,185700.0
elderly_headed_hh,highest_quintile,1997,249200.0,26300.0,275500.0,400.0,75000.0,200800.0
elderly_headed_hh,highest_quintile,1998,259100.0,25800.0,284800.0,500.0,74100.0,211100.0
elderly_headed_hh,highest_quintile,1999,279000.0,25200.0,304300.0,400.0,80400.0,224300.0
elderly_headed_hh,highest_quintile,2000,280100.0,27400.0,307500.0,600.0,79500.0,228700.0
elderly_headed_hh,highest_quintile,2001,262700.0,27300.0,289900.0,400.0,72000.0,218400.0
elderly_headed_hh,highest_quintile,2002,256600.0,27900.0,284600.0,500.0,70000.0,215100.0
elderly_headed_hh,highest_quintile,2003,271900.0,28900.0,300800.0,500.0,71900.0,229400.0
elderly_headed_hh,highest_quintile,2004,306600.0,28600.0,335300.0,600.0,81800.0,254100.0
elderly_headed_hh,highest_quintile,2005,318100.0,29500.0,347500.0,600.0,86400.0,261800.0
elderly_headed_hh,highest_quintile,2006,321100.0,30400.0,351500.0,700.0,87000.0,265300.0
elderly_headed_hh,highest_quintile,2007,346200.0,30800.0,377000.0,900.0,88500.0,289400.0
elderly_headed_hh,highest_quintile,2008,303000.0,29800.0,332800.0,700.0,73600.0,260000.0
elderly_headed_hh,highest_quintile,2009,268600.0,31900.0,300500.0,700.0,64900.0,236300.0
elderly_headed_hh,highest_quintile,2010,274000.0,30200.0,304200.0,600.0,68200.0,236600.0
elderly_headed_hh,highest_quintile,2011,285800.0,29000.0,314800.0,500.0,71000.0,244300.0
elderly_headed_hh,highest_quintile,2012,316300.0,29500.0,345800.0,500.0,79500.0,266700.0
elderly_headed_hh,highest_quintile,2013,280500.0,29000.0,309500.0,500.0,78200.0,231700.0
elderly_headed_hh,highest_quintile,2014,303600.0,30200.0,333700.0,600.0,86000.0,248300.0
elderly_headed_hh,highest_quintile,2015,316900.0,29600.0,346500.0,600.0,89300.0,257800.0
elderly_headed_hh,percentiles_81_90,1979,83000.0,14500.0,97500.0,100.0,20700.0,76900.0
elderly_headed_hh,percentiles_81_90,1980,80300.0,15300.0,95600.0,100.0,19900.0,75800.0
elderly_headed_hh,percentiles_81_90,1981,81200.0,16600.0,97800.0,100.0,19300.0,78600.0
elderly_headed_hh,percentiles_81_90,1982,80300.0,18000.0,98400.0,200.0,17200.0,81400.0
elderly_headed_hh,percentiles_81_90,1983,81500.0,17900.0,99400.0,100.0,17300.0,82200.0
elderly_headed_hh,percentiles_81_90,1984,88300.0,20900.0,109300.0,100.0,20000.0,89400.0
elderly_headed_hh,percentiles_81_90,1985,88100.0,20500.0,108600.0,100.0,20300.0,88400.0
elderly_headed_hh,percentiles_81_90,1986,90100.0,19900.0,110000.0,200.0,20100.0,90100.0
elderly_headed_hh,percentiles_81_90,1987,91400.0,19300.0,110700.0,100.0,22100.0,88700.0
elderly_headed_hh,percentiles_81_90,1988,95000.0,20500.0,115500.0,100.0,22900.0,92700.0
elderly_headed_hh,percentiles_81_90,1989,95000.0,19200.0,114200.0,100.0,22600.0,91700.0
elderly_headed_hh,percentiles_81_90,1990,93700.0,20700.0,114300.0,100.0,22200.0,92200.0
elderly_headed_hh,percentiles_81_90,1991,94300.0,22500.0,116800.0,100.0,21800.0,95100.0
elderly_headed_hh,percentiles_81_90,1992,95300.0,22200.0,117600.0,200.0,22400.0,95400.0
elderly_headed_hh,percentiles_81_90,1993,96300.0,23800.0,120100.0,100.0,22800.0,97400.0
elderly_headed_hh,percentiles_81_90,1994,96900.0,24600.0,121600.0,300.0,24600.0,97300.0
elderly_headed_hh,percentiles_81_90,1995,97700.0,23100.0,120800.0,300.0,25500.0,95600.0
elderly_headed_hh,percentiles_81_90,1996,101600.0,25900.0,127600.0,500.0,26600.0,101500.0
elderly_headed_hh,percentiles_81_90,1997,104300.0,26100.0,130400.0,400.0,26900.0,103800.0
elderly_headed_hh,percentiles_81_90,1998,108100.0,25000.0,133100.0,400.0,27100.0,106300.0
elderly_headed_hh,percentiles_81_90,1999,112300.0,24600.0,136900.0,400.0,28500.0,108800.0
elderly_headed_hh,percentiles_81_90,2000,114100.0,25400.0,139600.0,600.0,28400.0,111800.0
elderly_headed_hh,percentiles_81_90,2001,115400.0,26500.0,141900.0,400.0,27300.0,115000.0
elderly_headed_hh,percentiles_81_90,2002,112300.0,27300.0,139600.0,600.0,25400.0,114800.0
elderly_headed_hh,percentiles_81_90,2003,115000.0,27900.0,142900.0,400.0,24900.0,118400.0
elderly_headed_hh,percentiles_81_90,2004,118300.0,28200.0,146500.0,700.0,26100.0,121100.0
elderly_headed_hh,percentiles_81_90,2005,120200.0,28700.0,148900.0,700.0,27100.0,122500.0
elderly_headed_hh,percentiles_81_90,2006,123100.0,29700.0,152900.0,800.0,28100.0,125600.0
elderly_headed_hh,percentiles_81_90,2007,125300.0,30400.0,155700.0,1000.0,27600.0,129100.0
elderly_headed_hh,percentiles_81_90,2008,121100.0,29600.0,150700.0,700.0,23600.0,127800.0
elderly_headed_hh,percentiles_81_90,2009,120000.0,31600.0,151600.0,700.0,23300.0,129000.0
elderly_headed_hh,percentiles_81_90,2010,120200.0,30400.0,150600.0,700.0,24000.0,127300.0
elderly_headed_hh,percentiles_81_90,2011,120100.0,29200.0,149300.0,600.0,23900.0,125900.0
elderly_headed_hh,percentiles_81_90,2012,123700.0,30400.0,154000.0,600.0,25200.0,129400.0
elderly_headed_hh,percentiles_81_90,2013,125400.0,29000.0,154400.0,400.0,27400.0,127400.0
elderly_headed_hh,percentiles_81_90,2014,127100.0,30400.0,157500.0,600.0,27900.0,130100.0
elderly_headed_hh,percentiles_81_90,2015,132500.0,29800.0,162300.0,600.0,29300.0,133600.0
elderly_headed_hh,percentiles_91_95,1979,107100.0,15100.0,122200.0,100.0,29000.0,93300.0
elderly_headed_hh,percentiles_91_95,1980,105800.0,15200.0,121000.0,100.0,28200.0,93000.0
elderly_headed_hh,percentiles_91_95,1981,104200.0,16800.0,121000.0,100.0,27100.0,93900.0
elderly_headed_hh,percentiles_91_95,1982,105100.0,18500.0,123600.0,100.0,24200.0,99500.0
elderly_headed_hh,percentiles_91_95,1983,104500.0,17200.0,121700.0,100.0,23600.0,98200.0
elderly_headed_hh,percentiles_91_95,1984,114100.0,19100.0,133200.0,100.0,27900.0,105400.0
elderly_headed_hh,percentiles_91_95,1985,114800.0,20200.0,135000.0,100.0,28200.0,106900.0
elderly_headed_hh,percentiles_91_95,1986,116900.0,20900.0,137800.0,100.0,27500.0,110400.0
elderly_headed_hh,percentiles_91_95,1987,123300.0,19500.0,142800.0,100.0,32200.0,110700.0
elderly_headed_hh,percentiles_91_95,1988,123100.0,19300.0,142400.0,,31600.0,110900.0
elderly_headed_hh,percentiles_91_95,1989,126600.0,20300.0,146800.0,300.0,31800.0,115300.0
elderly_headed_hh,percentiles_91_95,1990,123800.0,20200.0,143900.0,200.0,30900.0,113200.0
elderly_headed_hh,percentiles_91_95,1991,122400.0,20300.0,142700.0,100.0,29900.0,112900.0
elderly_headed_hh,percentiles_91_95,1992,124000.0,21600.0,145600.0,200.0,30500.0,115300.0
elderly_headed_hh,percentiles_91_95,1993,123900.0,23300.0,147200.0,100.0,32400.0,114800.0
elderly_headed_hh,percentiles_91_95,1994,126000.0,26100.0,152100.0,400.0,34000.0,118500.0
elderly_headed_hh,percentiles_91_95,1995,131800.0,24400.0,156200.0,400.0,36600.0,120000.0
elderly_headed_hh,percentiles_91_95,1996,136300.0,24300.0,160600.0,400.0,37100.0,123900.0
elderly_headed_hh,percentiles_91_95,1997,140600.0,25300.0,165900.0,500.0,38300.0,128000.0
elderly_headed_hh,percentiles_91_95,1998,146200.0,25900.0,172100.0,600.0,38400.0,134300.0
elderly_headed_hh,percentiles_91_95,1999,150500.0,24800.0,175300.0,600.0,39800.0,136100.0
elderly_headed_hh,percentiles_91_95,2000,156800.0,28100.0,184900.0,700.0,41000.0,144600.0
elderly_headed_hh,percentiles_91_95,2001,152800.0,26600.0,179400.0,600.0,37100.0,142900.0
elderly_headed_hh,percentiles_91_95,2002,150500.0,27800.0,178200.0,500.0,36200.0,142500.0
elderly_headed_hh,percentiles_91_95,2003,153000.0,28700.0,181600.0,500.0,35800.0,146400.0
elderly_headed_hh,percentiles_91_95,2004,160800.0,28500.0,189300.0,500.0,38100.0,151800.0
elderly_headed_hh,percentiles_91_95,2005,166600.0,29300.0,195800.0,500.0,39800.0,156500.0
elderly_headed_hh,percentiles_91_95,2006,169700.0,30200.0,199900.0,700.0,41400.0,159200.0
elderly_headed_hh,percentiles_91_95,2007,171600.0,30400.0,202000.0,800.0,40000.0,162800.0
elderly_headed_hh,percentiles_91_95,2008,167800.0,30700.0,198600.0,800.0,36500.0,162900.0
elderly_headed_hh,percentiles_91_95,2009,162500.0,31400.0,193900.0,800.0,34400.0,160200.0
elderly_headed_hh,percentiles_91_95,2010,166400.0,29500.0,195900.0,500.0,36500.0,159900.0
elderly_headed_hh,percentiles_91_95,2011,167300.0,28500.0,195800.0,300.0,36100.0,160000.0
elderly_headed_hh,percentiles_91_95,2012,171100.0,29600.0,200700.0,500.0,37800.0,163400.0
elderly_headed_hh,percentiles_91_95,2013,173600.0,28100.0,201800.0,600.0,41100.0,161300.0
elderly_headed_hh,percentiles_91_95,2014,176600.0,30100.0,206700.0,700.0,41900.0,165600.0
elderly_headed_hh,percentiles_91_95,2015,184000.0,29200.0,213200.0,500.0,43600.0,170100.0
elderly_headed_hh,percentiles_96_99,1979,153900.0,14800.0,168700.0,100.0,46600.0,122300.0
elderly_headed_hh,percentiles_96_99,1980,148900.0,15400.0,164300.0,100.0,44200.0,120100.0
elderly_headed_hh,percentiles_96_99,1981,149300.0,15200.0,164500.0,100.0,43400.0,121100.0
elderly_headed_hh,percentiles_96_99,1982,147700.0,17600.0,165300.0,,38700.0,126600.0
elderly_headed_hh,percentiles_96_99,1983,153800.0,18800.0,172600.0,100.0,38400.0,134300.0
elderly_headed_hh,percentiles_96_99,1984,163800.0,19000.0,182900.0,100.0,44500.0,138500.0
elderly_headed_hh,percentiles_96_99,1985,170600.0,19200.0,189700.0,100.0,44200.0,145700.0
elderly_headed_hh,percentiles_96_99,1986,187900.0,19400.0,207400.0,100.0,45800.0,161700.0
elderly_headed_hh,percentiles_96_99,1987,184700.0,19300.0,204000.0,100.0,52400.0,151700.0
elderly_headed_hh,percentiles_96_99,1988,186300.0,19600.0,205900.0,100.0,51600.0,154300.0
elderly_headed_hh,percentiles_96_99,1989,191800.0,19500.0,211200.0,,52300.0,159000.0
elderly_headed_hh,percentiles_96_99,1990,184900.0,19300.0,204300.0,200.0,49700.0,154800.0
elderly_headed_hh,percentiles_96_99,1991,181200.0,20100.0,201300.0,100.0,47400.0,154000.0
elderly_headed_hh,percentiles_96_99,1992,193500.0,21100.0,214600.0,100.0,51100.0,163500.0
elderly_headed_hh,percentiles_96_99,1993,190900.0,22900.0,213800.0,,52500.0,161400.0
elderly_headed_hh,percentiles_96_99,1994,195400.0,24100.0,219500.0,300.0,55700.0,164200.0
elderly_headed_hh,percentiles_96_99,1995,208200.0,25300.0,233400.0,200.0,61100.0,172600.0
elderly_headed_hh,percentiles_96_99,1996,212700.0,24300.0,237100.0,300.0,63400.0,173900.0
elderly_headed_hh,percentiles_96_99,1997,229800.0,27300.0,257100.0,400.0,67300.0,190200.0
elderly_headed_hh,percentiles_96_99,1998,241800.0,27200.0,269000.0,300.0,67800.0,201500.0
elderly_headed_hh,percentiles_96_99,1999,253400.0,26100.0,279500.0,300.0,71500.0,208400.0
elderly_headed_hh,percentiles_96_99,2000,264200.0,28400.0,292600.0,600.0,74500.0,218700.0
elderly_headed_hh,percentiles_96_99,2001,248100.0,28300.0,276400.0,300.0,66000.0,210800.0
elderly_headed_hh,percentiles_96_99,2002,237300.0,28500.0,265800.0,600.0,62400.0,204000.0
elderly_headed_hh,percentiles_96_99,2003,248000.0,30200.0,278200.0,700.0,63500.0,215400.0
elderly_headed_hh,percentiles_96_99,2004,259200.0,28900.0,288100.0,600.0,67100.0,221700.0
elderly_headed_hh,percentiles_96_99,2005,280400.0,30000.0,310300.0,700.0,75800.0,235200.0
elderly_headed_hh,percentiles_96_99,2006,291500.0,30900.0,322300.0,600.0,78800.0,244100.0
elderly_headed_hh,percentiles_96_99,2007,300400.0,31800.0,332300.0,800.0,77700.0,255400.0
elderly_headed_hh,percentiles_96_99,2008,278400.0,28600.0,307000.0,700.0,67900.0,239800.0
elderly_headed_hh,percentiles_96_99,2009,258200.0,32300.0,290500.0,700.0,61200.0,229900.0
elderly_headed_hh,percentiles_96_99,2010,268700.0,29900.0,298600.0,600.0,66500.0,232700.0
elderly_headed_hh,percentiles_96_99,2011,271700.0,28800.0,300500.0,500.0,66100.0,234900.0
elderly_headed_hh,percentiles_96_99,2012,285600.0,27500.0,313200.0,300.0,71400.0,242100.0
elderly_headed_hh,percentiles_96_99,2013,289400.0,29500.0,318900.0,400.0,77000.0,242300.0
elderly_headed_hh,percentiles_96_99,2014,296000.0,30100.0,326100.0,400.0,80200.0,246400.0
elderly_headed_hh,percentiles_96_99,2015,309500.0,29300.0,338700.0,700.0,83200.0,256200.0
elderly_headed_hh,top_1_percent,1979,551100.0,15200.0,566200.0,100.0,213300.0,353000.0
elderly_headed_hh,top_1_percent,1980,505900.0,15400.0,521300.0,,187100.0,334200.0
elderly_headed_hh,top_1_percent,1981,511300.0,16500.0,527800.0,100.0,172600.0,355300.0
elderly_headed_hh,top_1_percent,1982,519100.0,17400.0,536500.0,100.0,151300.0,385300.0
elderly_headed_hh,top_1_percent,1983,591000.0,19100.0,610000.0,,167800.0,442300.0
elderly_headed_hh,top_1_percent,1984,629600.0,20300.0,649900.0,,183800.0,466200.0
elderly_headed_hh,top_1_percent,1985,705300.0,20200.0,725400.0,,196700.0,528800.0
elderly_headed_hh,top_1_percent,1986,853900.0,20600.0,874500.0,100.0,220200.0,654400.0
elderly_headed_hh,top_1_percent,1987,720400.0,18900.0,739300.0,,219100.0,520200.0
elderly_headed_hh,top_1_percent,1988,922200.0,22500.0,944800.0,200.0,276900.0,668100.0
elderly_headed_hh,top_1_percent,1989,825600.0,20500.0,846200.0,100.0,238100.0,608100.0
elderly_headed_hh,top_1_percent,1990,808800.0,23700.0,832400.0,100.0,232200.0,600300.0
elderly_headed_hh,top_1_percent,1991,691000.0,25400.0,716400.0,100.0,198500.0,518000.0
elderly_headed_hh,top_1_percent,1992,829900.0,25200.0,855100.0,300.0,250000.0,605400.0
elderly_headed_hh,top_1_percent,1993,783400.0,25500.0,808900.0,,257600.0,551400.0
elderly_headed_hh,top_1_percent,1994,809100.0,25100.0,834100.0,200.0,276600.0,557700.0
elderly_headed_hh,top_1_percent,1995,884800.0,24100.0,908900.0,300.0,308400.0,600800.0
elderly_headed_hh,top_1_percent,1996,1007400.0,24800.0,1032100.0,500.0,348900.0,683600.0
elderly_headed_hh,top_1_percent,1997,1179700.0,27200.0,1206900.0,300.0,389700.0,817600.0
elderly_headed_hh,top_1_percent,1998,1261000.0,24700.0,1285700.0,600.0,390100.0,896200.0
elderly_headed_hh,top_1_percent,1999,1389600.0,26600.0,1416200.0,100.0,430500.0,985900.0
elderly_headed_hh,top_1_percent,2000,1483300.0,31500.0,1514800.0,700.0,451900.0,1063600.0
elderly_headed_hh,top_1_percent,2001,1288200.0,29300.0,1317500.0,300.0,391100.0,926700.0
elderly_headed_hh,top_1_percent,2002,1209600.0,29800.0,1239500.0,400.0,371700.0,868200.0
elderly_headed_hh,top_1_percent,2003,1289200.0,30900.0,1320100.0,500.0,381500.0,939000.0
elderly_headed_hh,top_1_percent,2004,1523400.0,30000.0,1553500.0,500.0,444700.0,1109400.0
elderly_headed_hh,top_1_percent,2005,1759500.0,32400.0,1791800.0,400.0,519500.0,1272700.0
elderly_headed_hh,top_1_percent,2006,1761400.0,32800.0,1794100.0,800.0,515000.0,1280000.0
elderly_headed_hh,top_1_percent,2007,2072400.0,31200.0,2103600.0,300.0,559700.0,1544200.0
elderly_headed_hh,top_1_percent,2008,1652000.0,31300.0,1683300.0,700.0,440800.0,1243200.0
elderly_headed_hh,top_1_percent,2009,1368000.0,34300.0,1402300.0,600.0,376300.0,1026600.0
elderly_headed_hh,top_1_percent,2010,1456300.0,32300.0,1488600.0,900.0,410200.0,1079300.0
elderly_headed_hh,top_1_percent,2011,1596100.0,30100.0,1626200.0,800.0,449600.0,1177300.0
elderly_headed_hh,top_1_percent,2012,1956300.0,29900.0,1986200.0,400.0,542600.0,1444000.0
elderly_headed_hh,top_1_percent,2013,1519500.0,30700.0,1550200.0,300.0,503200.0,1047200.0
elderly_headed_hh,top_1_percent,2014,1718600.0,29000.0,1747600.0,800.0,569700.0,1178700.0
elderly_headed_hh,top_1_percent,2015,1758800.0,30800.0,1789500.0,800.0,576400.0,1214000.0
nonelderly_childless_hh,all_quintiles,1979,63900.0,1900.0,65700.0,600.0,16200.0,50200.0
nonelderly_childless_hh,all_quintiles,1980,62000.0,2100.0,64100.0,700.0,15900.0,48900.0
nonelderly_childless_hh,all_quintiles,1981,62000.0,2100.0,64100.0,700.0,16100.0,48800.0
nonelderly_childless_hh,all_quintiles,1982,62500.0,2300.0,64800.0,700.0,15100.0,50400.0
nonelderly_childless_hh,all_quintiles,1983,62700.0,2200.0,64900.0,700.0,14700.0,50900.0
nonelderly_childless_hh,all_quintiles,1984,65300.0,2100.0,67300.0,700.0,15200.0,52900.0
nonelderly_childless_hh,all_quintiles,1985,67600.0,2000.0,69600.0,700.0,16100.0,54300.0
nonelderly_childless_hh,all_quintiles,1986,71900.0,2000.0,74000.0,800.0,17100.0,57600.0
nonelderly_childless_hh,all_quintiles,1987,71400.0,2000.0,73400.0,800.0,17600.0,56600.0
nonelderly_childless_hh,all_quintiles,1988,75600.0,2000.0,77600.0,800.0,18700.0,59700.0
nonelderly_childless_hh,all_quintiles,1989,74800.0,2000.0,76800.0,900.0,18300.0,59300.0
nonelderly_childless_hh,all_quintiles,1990,75400.0,2200.0,77600.0,900.0,18600.0,59900.0
nonelderly_childless_hh,all_quintiles,1991,73000.0,2300.0,75400.0,1000.0,18100.0,58300.0
nonelderly_childless_hh,all_quintiles,1992,75100.0,2600.0,77700.0,1200.0,18700.0,60200.0
nonelderly_childless_hh,all_quintiles,1993,74500.0,2600.0,77000.0,1200.0,18900.0,59400.0
nonelderly_childless_hh,all_quintiles,1994,75300.0,2400.0,77700.0,1300.0,19400.0,59600.0
nonelderly_childless_hh,all_quintiles,1995,76500.0,2400.0,79000.0,1400.0,19800.0,60600.0
nonelderly_childless_hh,all_quintiles,1996,79600.0,2500.0,82000.0,1400.0,20700.0,62700.0
nonelderly_childless_hh,all_quintiles,1997,82600.0,2500.0,85100.0,1500.0,21600.0,64900.0
nonelderly_childless_hh,all_quintiles,1998,86100.0,2500.0,88600.0,1600.0,22200.0,67900.0
nonelderly_childless_hh,all_quintiles,1999,89800.0,2500.0,92300.0,1700.0,23400.0,70600.0
nonelderly_childless_hh,all_quintiles,2000,91900.0,2600.0,94500.0,1800.0,23800.0,72400.0
nonelderly_childless_hh,all_quintiles,2001,87100.0,2800.0,89900.0,1900.0,21500.0,70400.0
nonelderly_childless_hh,all_quintiles,2002,81900.0,3200.0,85100.0,2100.0,19600.0,67600.0
nonelderly_childless_hh,all_quintiles,2003,83500.0,3200.0,86700.0,2200.0,19300.0,69600.0
nonelderly_childless_hh,all_quintiles,2004,86800.0,3200.0,90000.0,2300.0,20200.0,72100.0
nonelderly_childless_hh,all_quintiles,2005,92000.0,3200.0,95200.0,2400.0,21800.0,75800.0
nonelderly_childless_hh,all_quintiles,2006,93900.0,3400.0,97400.0,2300.0,22300.0,77400.0
nonelderly_childless_hh,all_quintiles,2007,94200.0,3400.0,97600.0,2400.0,21800.0,78200.0
nonelderly_childless_hh,all_quintiles,2008,88500.0,3600.0,92100.0,2500.0,19100.0,75500.0
nonelderly_childless_hh,all_quintiles,2009,82800.0,4500.0,87300.0,2800.0,17700.0,72500.0
nonelderly_childless_hh,all_quintiles,2010,81900.0,4800.0,86700.0,2900.0,17900.0,71800.0
nonelderly_childless_hh,all_quintiles,2011,82400.0,4400.0,86800.0,3000.0,17600.0,72200.0
nonelderly_childless_hh,all_quintiles,2012,86100.0,4200.0,90300.0,3100.0,18800.0,74500.0
nonelderly_childless_hh,all_quintiles,2013,84900.0,4000.0,88900.0,3200.0,20100.0,71900.0
nonelderly_childless_hh,all_quintiles,2014,88400.0,3800.0,92200.0,3700.0,21300.0,74600.0
nonelderly_childless_hh,all_quintiles,2015,90100.0,3600.0,93700.0,4000.0,21400.0,76200.0
nonelderly_childless_hh,lowest_quintile,1979,7800.0,5100.0,12900.0,3200.0,1200.0,14900.0
nonelderly_childless_hh,lowest_quintile,1980,6800.0,5400.0,12300.0,3400.0,1000.0,14700.0
nonelderly_childless_hh,lowest_quintile,1981,6800.0,5600.0,12400.0,3600.0,1000.0,15000.0
nonelderly_childless_hh,lowest_quintile,1982,6300.0,5700.0,12000.0,3600.0,900.0,14700.0
nonelderly_childless_hh,lowest_quintile,1983,5900.0,5200.0,11200.0,3800.0,1000.0,14000.0
nonelderly_childless_hh,lowest_quintile,1984,7100.0,4800.0,11900.0,3400.0,1100.0,14200.0
nonelderly_childless_hh,lowest_quintile,1985,6800.0,5000.0,11800.0,3800.0,1200.0,14400.0
nonelderly_childless_hh,lowest_quintile,1986,7000.0,4800.0,11800.0,3900.0,1100.0,14600.0
nonelderly_childless_hh,lowest_quintile,1987,6900.0,5500.0,12300.0,4000.0,1300.0,15100.0
nonelderly_childless_hh,lowest_quintile,1988,7000.0,5700.0,12700.0,4600.0,1300.0,16000.0
nonelderly_childless_hh,lowest_quintile,1989,7700.0,5700.0,13400.0,4600.0,1300.0,16700.0
nonelderly_childless_hh,lowest_quintile,1990,8000.0,5700.0,13700.0,4700.0,1400.0,16900.0
nonelderly_childless_hh,lowest_quintile,1991,7800.0,6300.0,14000.0,5300.0,1400.0,18000.0
nonelderly_childless_hh,lowest_quintile,1992,7600.0,7100.0,14700.0,5800.0,1400.0,19100.0
nonelderly_childless_hh,lowest_quintile,1993,6800.0,6900.0,13700.0,6000.0,1300.0,18400.0
nonelderly_childless_hh,lowest_quintile,1994,6700.0,6600.0,13300.0,6700.0,1100.0,18800.0
nonelderly_childless_hh,lowest_quintile,1995,7500.0,6700.0,14100.0,6500.0,1200.0,19400.0
nonelderly_childless_hh,lowest_quintile,1996,6700.0,6800.0,13500.0,6700.0,1000.0,19100.0
nonelderly_childless_hh,lowest_quintile,1997,7000.0,6900.0,13900.0,6800.0,1100.0,19600.0
nonelderly_childless_hh,lowest_quintile,1998,7900.0,7000.0,14800.0,6900.0,1200.0,20600.0
nonelderly_childless_hh,lowest_quintile,1999,8700.0,6800.0,15500.0,6900.0,1300.0,21100.0
nonelderly_childless_hh,lowest_quintile,2000,8100.0,7100.0,15300.0,7700.0,1300.0,21700.0
nonelderly_childless_hh,lowest_quintile,2001,8100.0,7600.0,15700.0,8200.0,1200.0,22700.0
nonelderly_childless_hh,lowest_quintile,2002,7100.0,7700.0,14800.0,8200.0,1000.0,22100.0
nonelderly_childless_hh,lowest_quintile,2003,7100.0,8300.0,15400.0,8700.0,1000.0,23100.0
nonelderly_childless_hh,lowest_quintile,2004,7200.0,8000.0,15200.0,8700.0,900.0,22900.0
nonelderly_childless_hh,lowest_quintile,2005,8100.0,8400.0,16400.0,8800.0,1100.0,24000.0
nonelderly_childless_hh,lowest_quintile,2006,8600.0,9400.0,17900.0,9100.0,1200.0,25800.0
nonelderly_childless_hh,lowest_quintile,2007,9900.0,9200.0,19100.0,8500.0,1300.0,26300.0
nonelderly_childless_hh,lowest_quintile,2008,9200.0,9700.0,18900.0,9000.0,700.0,27100.0
nonelderly_childless_hh,lowest_quintile,2009,8000.0,11100.0,19000.0,10100.0,600.0,28500.0
nonelderly_childless_hh,lowest_quintile,2010,8000.0,11100.0,19100.0,10000.0,700.0,28400.0
nonelderly_childless_hh,lowest_quintile,2011,7800.0,10600.0,18400.0,10100.0,800.0,27800.0
nonelderly_childless_hh,lowest_quintile,2012,7100.0,10400.0,17500.0,10500.0,800.0,27200.0
nonelderly_childless_hh,lowest_quintile,2013,8300.0,10100.0,18300.0,11000.0,1000.0,28400.0
nonelderly_childless_hh,lowest_quintile,2014,7600.0,9500.0,17100.0,12000.0,800.0,28300.0
nonelderly_childless_hh,lowest_quintile,2015,7800.0,9400.0,17200.0,12200.0,700.0,28700.0
nonelderly_childless_hh,second_quintile,1979,25900.0,2300.0,28300.0,600.0,4700.0,24200.0
nonelderly_childless_hh,second_quintile,1980,24500.0,2700.0,27100.0,600.0,4400.0,23300.0
nonelderly_childless_hh,second_quintile,1981,24500.0,2600.0,27100.0,700.0,4600.0,23200.0
nonelderly_childless_hh,second_quintile,1982,23500.0,2900.0,26300.0,600.0,4200.0,22800.0
nonelderly_childless_hh,second_quintile,1983,22900.0,2900.0,25700.0,600.0,4000.0,22300.0
nonelderly_childless_hh,second_quintile,1984,25000.0,2400.0,27400.0,600.0,4400.0,23500.0
nonelderly_childless_hh,second_quintile,1985,25000.0,2300.0,27300.0,500.0,4700.0,23100.0
nonelderly_childless_hh,second_quintile,1986,24700.0,2500.0,27200.0,600.0,4500.0,23200.0
nonelderly_childless_hh,second_quintile,1987,24500.0,2500.0,26900.0,800.0,4500.0,23200.0
nonelderly_childless_hh,second_quintile,1988,25300.0,2600.0,27900.0,700.0,4700.0,23900.0
nonelderly_childless_hh,second_quintile,1989,25700.0,2600.0,28300.0,800.0,4700.0,24400.0
nonelderly_childless_hh,second_quintile,1990,26300.0,3000.0,29200.0,900.0,5000.0,25100.0
nonelderly_childless_hh,second_quintile,1991,25200.0,3000.0,28200.0,1000.0,4700.0,24600.0
nonelderly_childless_hh,second_quintile,1992,24600.0,3500.0,28100.0,1300.0,4600.0,24800.0
nonelderly_childless_hh,second_quintile,1993,24600.0,3400.0,28000.0,1500.0,4500.0,24900.0
nonelderly_childless_hh,second_quintile,1994,25000.0,3000.0,28100.0,1400.0,4500.0,25000.0
nonelderly_childless_hh,second_quintile,1995,26600.0,3100.0,29700.0,1500.0,4900.0,26400.0
nonelderly_childless_hh,second_quintile,1996,26600.0,3000.0,29600.0,1400.0,4800.0,26200.0
nonelderly_childless_hh,second_quintile,1997,27600.0,2900.0,30500.0,1200.0,5100.0,26700.0
nonelderly_childless_hh,second_quintile,1998,29100.0,2900.0,32100.0,1600.0,5100.0,28600.0
nonelderly_childless_hh,second_quintile,1999,30300.0,2900.0,33200.0,1900.0,5300.0,29700.0
nonelderly_childless_hh,second_quintile,2000,30900.0,3200.0,34100.0,1800.0,5500.0,30400.0
nonelderly_childless_hh,second_quintile,2001,29800.0,3500.0,33300.0,2100.0,4700.0,30700.0
nonelderly_childless_hh,second_quintile,2002,29100.0,3900.0,33000.0,2100.0,4400.0,30700.0
nonelderly_childless_hh,second_quintile,2003,28200.0,4000.0,32300.0,2400.0,4200.0,30600.0
nonelderly_childless_hh,second_quintile,2004,29200.0,3800.0,33000.0,2600.0,4300.0,31200.0
nonelderly_childless_hh,second_quintile,2005,30000.0,4000.0,33900.0,2700.0,4700.0,32000.0
nonelderly_childless_hh,second_quintile,2006,30600.0,3800.0,34500.0,2500.0,4700.0,32300.0
nonelderly_childless_hh,second_quintile,2007,32000.0,3900.0,35900.0,2500.0,4900.0,33600.0
nonelderly_childless_hh,second_quintile,2008,30700.0,4100.0,34700.0,2600.0,3500.0,33800.0
nonelderly_childless_hh,second_quintile,2009,28200.0,5500.0,33700.0,3200.0,3000.0,33900.0
nonelderly_childless_hh,second_quintile,2010,28400.0,6000.0,34400.0,3500.0,3300.0,34600.0
nonelderly_childless_hh,second_quintile,2011,28300.0,5000.0,33400.0,3600.0,3300.0,33700.0
nonelderly_childless_hh,second_quintile,2012,27800.0,5000.0,32700.0,3900.0,3300.0,33300.0
nonelderly_childless_hh,second_quintile,2013,28500.0,4500.0,33000.0,3700.0,3900.0,32900.0
nonelderly_childless_hh,second_quintile,2014,28900.0,4500.0,33500.0,4600.0,3800.0,34300.0
nonelderly_childless_hh,second_quintile,2015,30700.0,4200.0,34800.0,5000.0,4000.0,35900.0
nonelderly_childless_hh,middle_quintile,1979,42400.0,1700.0,44100.0,300.0,8900.0,35400.0
nonelderly_childless_hh,middle_quintile,1980,40500.0,1800.0,42300.0,200.0,8700.0,33900.0
nonelderly_childless_hh,middle_quintile,1981,40700.0,1800.0,42400.0,200.0,9000.0,33700.0
nonelderly_childless_hh,middle_quintile,1982,40000.0,2000.0,42000.0,200.0,8300.0,34000.0
nonelderly_childless_hh,middle_quintile,1983,39800.0,1900.0,41700.0,300.0,8100.0,33900.0
nonelderly_childless_hh,middle_quintile,1984,42600.0,1700.0,44200.0,300.0,8700.0,35800.0
nonelderly_childless_hh,middle_quintile,1985,42500.0,1600.0,44200.0,200.0,8900.0,35500.0
nonelderly_childless_hh,middle_quintile,1986,43400.0,1800.0,45200.0,300.0,9200.0,36300.0
nonelderly_childless_hh,middle_quintile,1987,43400.0,1800.0,45200.0,400.0,9100.0,36500.0
nonelderly_childless_hh,middle_quintile,1988,44000.0,1700.0,45700.0,300.0,9300.0,36800.0
nonelderly_childless_hh,middle_quintile,1989,44400.0,1600.0,46000.0,300.0,9300.0,37000.0
nonelderly_childless_hh,middle_quintile,1990,44600.0,2000.0,46500.0,400.0,9500.0,37500.0
nonelderly_childless_hh,middle_quintile,1991,43600.0,2100.0,45700.0,500.0,9200.0,37000.0
nonelderly_childless_hh,middle_quintile,1992,44200.0,2500.0,46700.0,500.0,9300.0,37900.0
nonelderly_childless_hh,middle_quintile,1993,43800.0,2200.0,46000.0,600.0,9200.0,37400.0
nonelderly_childless_hh,middle_quintile,1994,44000.0,2100.0,46100.0,600.0,9300.0,37400.0
nonelderly_childless_hh,middle_quintile,1995,45900.0,2000.0,47900.0,600.0,9800.0,38700.0
nonelderly_childless_hh,middle_quintile,1996,46600.0,2100.0,48700.0,600.0,9900.0,39400.0
nonelderly_childless_hh,middle_quintile,1997,47700.0,1900.0,49600.0,600.0,10200.0,40000.0
nonelderly_childless_hh,middle_quintile,1998,49600.0,1900.0,51400.0,700.0,10400.0,41700.0
nonelderly_childless_hh,middle_quintile,1999,51100.0,1800.0,52900.0,800.0,10800.0,42900.0
nonelderly_childless_hh,middle_quintile,2000,51700.0,1900.0,53600.0,800.0,10800.0,43600.0
nonelderly_childless_hh,middle_quintile,2001,51200.0,2200.0,53400.0,900.0,9900.0,44400.0
nonelderly_childless_hh,middle_quintile,2002,49800.0,2700.0,52500.0,1100.0,9400.0,44100.0
nonelderly_childless_hh,middle_quintile,2003,49700.0,2600.0,52300.0,1100.0,9200.0,44200.0
nonelderly_childless_hh,middle_quintile,2004,51200.0,2500.0,53700.0,1200.0,9500.0,45400.0
nonelderly_childless_hh,middle_quintile,2005,52100.0,2500.0,54600.0,1100.0,9800.0,45900.0
nonelderly_childless_hh,middle_quintile,2006,52500.0,2500.0,55000.0,1100.0,10000.0,46100.0
nonelderly_childless_hh,middle_quintile,2007,55000.0,2400.0,57400.0,1200.0,10300.0,48300.0
nonelderly_childless_hh,middle_quintile,2008,52700.0,2500.0,55200.0,1200.0,8400.0,48000.0
nonelderly_childless_hh,middle_quintile,2009,50500.0,3700.0,54200.0,1500.0,7800.0,47800.0
nonelderly_childless_hh,middle_quintile,2010,50300.0,4100.0,54400.0,1400.0,8100.0,47700.0
nonelderly_childless_hh,middle_quintile,2011,49700.0,3600.0,53300.0,1600.0,7800.0,47000.0
nonelderly_childless_hh,middle_quintile,2012,49800.0,3200.0,53000.0,1600.0,8000.0,46600.0
nonelderly_childless_hh,middle_quintile,2013,51300.0,3000.0,54400.0,1600.0,9100.0,46800.0
nonelderly_childless_hh,middle_quintile,2014,52100.0,2800.0,54900.0,2000.0,9400.0,47600.0
nonelderly_childless_hh,middle_quintile,2015,54000.0,2500.0,56500.0,2400.0,9600.0,49300.0
nonelderly_childless_hh,fourth_quintile,1979,61800.0,1100.0,62900.0,100.0,14500.0,48500.0
nonelderly_childless_hh,fourth_quintile,1980,60700.0,1400.0,62000.0,100.0,14400.0,47800.0
nonelderly_childless_hh,fourth_quintile,1981,61300.0,1400.0,62700.0,200.0,15000.0,47900.0
nonelderly_childless_hh,fourth_quintile,1982,60700.0,1600.0,62400.0,100.0,14000.0,48500.0
nonelderly_childless_hh,fourth_quintile,1983,61000.0,1500.0,62600.0,200.0,13700.0,49000.0
nonelderly_childless_hh,fourth_quintile,1984,64400.0,1300.0,65800.0,200.0,14300.0,51600.0
nonelderly_childless_hh,fourth_quintile,1985,64700.0,1300.0,65900.0,200.0,14700.0,51400.0
nonelderly_childless_hh,fourth_quintile,1986,66900.0,1400.0,68300.0,200.0,15500.0,53000.0
nonelderly_childless_hh,fourth_quintile,1987,67800.0,1300.0,69100.0,200.0,15300.0,54000.0
nonelderly_childless_hh,fourth_quintile,1988,68700.0,1200.0,69900.0,100.0,15800.0,54300.0
nonelderly_childless_hh,fourth_quintile,1989,69200.0,1300.0,70500.0,200.0,15900.0,54800.0
nonelderly_childless_hh,fourth_quintile,1990,68500.0,1400.0,69900.0,200.0,15800.0,54300.0
nonelderly_childless_hh,fourth_quintile,1991,68000.0,1500.0,69500.0,200.0,15600.0,54100.0
nonelderly_childless_hh,fourth_quintile,1992,68000.0,1600.0,69600.0,300.0,15500.0,54400.0
nonelderly_childless_hh,fourth_quintile,1993,68100.0,1700.0,69800.0,300.0,15500.0,54600.0
nonelderly_childless_hh,fourth_quintile,1994,69000.0,1500.0,70500.0,400.0,15800.0,55100.0
nonelderly_childless_hh,fourth_quintile,1995,70800.0,1500.0,72300.0,300.0,16300.0,56300.0
nonelderly_childless_hh,fourth_quintile,1996,72200.0,1400.0,73500.0,300.0,16700.0,57200.0
nonelderly_childless_hh,fourth_quintile,1997,73800.0,1500.0,75300.0,400.0,17100.0,58600.0
nonelderly_childless_hh,fourth_quintile,1998,77300.0,1400.0,78700.0,400.0,17900.0,61200.0
nonelderly_childless_hh,fourth_quintile,1999,79700.0,1400.0,81100.0,400.0,18400.0,63100.0
nonelderly_childless_hh,fourth_quintile,2000,81100.0,1300.0,82400.0,400.0,18600.0,64300.0
nonelderly_childless_hh,fourth_quintile,2001,79900.0,1500.0,81400.0,400.0,17300.0,64600.0
nonelderly_childless_hh,fourth_quintile,2002,78300.0,1900.0,80200.0,500.0,16600.0,64000.0
nonelderly_childless_hh,fourth_quintile,2003,78900.0,1700.0,80600.0,500.0,16400.0,64700.0
nonelderly_childless_hh,fourth_quintile,2004,81700.0,1800.0,83600.0,600.0,17000.0,67200.0
nonelderly_childless_hh,fourth_quintile,2005,83100.0,1600.0,84700.0,600.0,17500.0,67800.0
nonelderly_childless_hh,fourth_quintile,2006,84900.0,1900.0,86800.0,600.0,18000.0,69400.0
nonelderly_childless_hh,fourth_quintile,2007,86900.0,1700.0,88600.0,600.0,18200.0,71000.0
nonelderly_childless_hh,fourth_quintile,2008,84700.0,2000.0,86700.0,700.0,15900.0,71400.0
nonelderly_childless_hh,fourth_quintile,2009,81300.0,2700.0,84000.0,700.0,15200.0,69500.0
nonelderly_childless_hh,fourth_quintile,2010,81300.0,2600.0,83900.0,700.0,15700.0,68900.0
nonelderly_childless_hh,fourth_quintile,2011,81500.0,2400.0,83900.0,700.0,15300.0,69300.0
nonelderly_childless_hh,fourth_quintile,2012,82000.0,2400.0,84300.0,800.0,15600.0,69500.0
nonelderly_childless_hh,fourth_quintile,2013,83700.0,2100.0,85800.0,700.0,17400.0,69100.0
nonelderly_childless_hh,fourth_quintile,2014,85800.0,2100.0,87900.0,1000.0,18000.0,70900.0
nonelderly_childless_hh,fourth_quintile,2015,89200.0,1900.0,91100.0,1300.0,18700.0,73700.0
nonelderly_childless_hh,highest_quintile,1979,124600.0,800.0,125400.0,100.0,34600.0,90800.0
nonelderly_childless_hh,highest_quintile,1980,122000.0,900.0,122900.0,100.0,34100.0,88900.0
nonelderly_childless_hh,highest_quintile,1981,122100.0,900.0,123000.0,100.0,34100.0,89000.0
nonelderly_childless_hh,highest_quintile,1982,123600.0,1100.0,124700.0,100.0,31800.0,93000.0
nonelderly_childless_hh,highest_quintile,1983,127200.0,1100.0,128300.0,100.0,31600.0,96700.0
nonelderly_childless_hh,highest_quintile,1984,136900.0,1100.0,138000.0,100.0,33800.0,104200.0
nonelderly_childless_hh,highest_quintile,1985,139100.0,1100.0,140200.0,100.0,34700.0,105600.0
nonelderly_childless_hh,highest_quintile,1986,152000.0,1100.0,153100.0,100.0,37600.0,115600.0
nonelderly_childless_hh,highest_quintile,1987,147000.0,900.0,147900.0,100.0,38800.0,109200.0
nonelderly_childless_hh,highest_quintile,1988,159100.0,900.0,160000.0,100.0,41700.0,118400.0
nonelderly_childless_hh,highest_quintile,1989,157300.0,900.0,158200.0,100.0,40800.0,117500.0
nonelderly_childless_hh,highest_quintile,1990,157300.0,1000.0,158300.0,200.0,40900.0,117500.0
nonelderly_childless_hh,highest_quintile,1991,151200.0,1000.0,152200.0,100.0,39800.0,112600.0
nonelderly_childless_hh,highest_quintile,1992,157400.0,1000.0,158500.0,100.0,41600.0,117000.0
nonelderly_childless_hh,highest_quintile,1993,155500.0,1100.0,156600.0,200.0,42500.0,114300.0
nonelderly_childless_hh,highest_quintile,1994,158600.0,1100.0,159700.0,200.0,44200.0,115700.0
nonelderly_childless_hh,highest_quintile,1995,164400.0,1000.0,165400.0,200.0,46300.0,119300.0
nonelderly_childless_hh,highest_quintile,1996,172600.0,1200.0,173800.0,200.0,48900.0,125000.0
nonelderly_childless_hh,highest_quintile,1997,184000.0,1000.0,185000.0,200.0,52300.0,132900.0
nonelderly_childless_hh,highest_quintile,1998,195200.0,1000.0,196200.0,200.0,54900.0,141500.0
nonelderly_childless_hh,highest_quintile,1999,204900.0,1000.0,206000.0,200.0,58200.0,147900.0
nonelderly_childless_hh,highest_quintile,2000,214300.0,1000.0,215300.0,200.0,60900.0,154700.0
nonelderly_childless_hh,highest_quintile,2001,195700.0,1100.0,196900.0,200.0,53300.0,143800.0
nonelderly_childless_hh,highest_quintile,2002,185900.0,1300.0,187200.0,200.0,49200.0,138200.0
nonelderly_childless_hh,highest_quintile,2003,190500.0,1300.0,191900.0,300.0,48300.0,143800.0
nonelderly_childless_hh,highest_quintile,2004,204900.0,1200.0,206200.0,300.0,52300.0,154200.0
nonelderly_childless_hh,highest_quintile,2005,225400.0,1300.0,226700.0,400.0,58500.0,168500.0
nonelderly_childless_hh,highest_quintile,2006,229200.0,1300.0,230500.0,400.0,59400.0,171400.0
nonelderly_childless_hh,highest_quintile,2007,232000.0,1200.0,233300.0,300.0,58700.0,174900.0
nonelderly_childless_hh,highest_quintile,2008,216900.0,1200.0,218100.0,300.0,52800.0,165700.0
nonelderly_childless_hh,highest_quintile,2009,199300.0,1700.0,201000.0,400.0,47800.0,153500.0
nonelderly_childless_hh,highest_quintile,2010,204400.0,1800.0,206200.0,400.0,50300.0,156300.0
nonelderly_childless_hh,highest_quintile,2011,207400.0,1800.0,209200.0,400.0,49800.0,159800.0
nonelderly_childless_hh,highest_quintile,2012,220600.0,1700.0,222300.0,400.0,54000.0,168700.0
nonelderly_childless_hh,highest_quintile,2013,215000.0,1500.0,216500.0,300.0,57200.0,159700.0
nonelderly_childless_hh,highest_quintile,2014,224900.0,1400.0,226400.0,500.0,60700.0,166200.0
nonelderly_childless_hh,highest_quintile,2015,228400.0,1300.0,229700.0,700.0,61200.0,169200.0
nonelderly_childless_hh,percentiles_81_90,1979,85800.0,900.0,86600.0,100.0,21500.0,65200.0
nonelderly_childless_hh,percentiles_81_90,1980,83900.0,1000.0,85000.0,100.0,21500.0,63500.0
nonelderly_childless_hh,percentiles_81_90,1981,84500.0,1000.0,85500.0,100.0,22200.0,63300.0
nonelderly_childless_hh,percentiles_81_90,1982,84300.0,1200.0,85500.0,100.0,20800.0,64800.0
nonelderly_childless_hh,percentiles_81_90,1983,85800.0,1200.0,86900.0,100.0,20500.0,66400.0
nonelderly_childless_hh,percentiles_81_90,1984,91500.0,1000.0,92500.0,100.0,22000.0,70600.0
nonelderly_childless_hh,percentiles_81_90,1985,90200.0,1100.0,91400.0,100.0,21800.0,69700.0
nonelderly_childless_hh,percentiles_81_90,1986,95600.0,1100.0,96700.0,100.0,23200.0,73500.0
nonelderly_childless_hh,percentiles_81_90,1987,96600.0,1000.0,97600.0,100.0,23500.0,74200.0
nonelderly_childless_hh,percentiles_81_90,1988,97400.0,1000.0,98400.0,100.0,24000.0,74500.0
nonelderly_childless_hh,percentiles_81_90,1989,99400.0,1000.0,100400.0,100.0,24400.0,76100.0
nonelderly_childless_hh,percentiles_81_90,1990,97600.0,1100.0,98600.0,200.0,24100.0,74800.0
nonelderly_childless_hh,percentiles_81_90,1991,95400.0,1100.0,96500.0,100.0,23400.0,73300.0
nonelderly_childless_hh,percentiles_81_90,1992,95800.0,1200.0,97000.0,200.0,23400.0,73800.0
nonelderly_childless_hh,percentiles_81_90,1993,97000.0,1200.0,98200.0,200.0,23600.0,74800.0
nonelderly_childless_hh,percentiles_81_90,1994,99300.0,1200.0,100600.0,200.0,24500.0,76300.0
nonelderly_childless_hh,percentiles_81_90,1995,101400.0,1000.0,102500.0,200.0,25200.0,77500.0
nonelderly_childless_hh,percentiles_81_90,1996,104400.0,1400.0,105800.0,200.0,25900.0,80100.0
nonelderly_childless_hh,percentiles_81_90,1997,107600.0,1100.0,108700.0,200.0,27100.0,81800.0
nonelderly_childless_hh,percentiles_81_90,1998,111600.0,1100.0,112700.0,300.0,28000.0,85000.0
nonelderly_childless_hh,percentiles_81_90,1999,115700.0,1100.0,116800.0,200.0,29100.0,87900.0
nonelderly_childless_hh,percentiles_81_90,2000,117900.0,1100.0,119000.0,300.0,29700.0,89600.0
nonelderly_childless_hh,percentiles_81_90,2001,115700.0,1100.0,116700.0,300.0,27700.0,89300.0
nonelderly_childless_hh,percentiles_81_90,2002,114000.0,1400.0,115400.0,300.0,26600.0,89100.0
nonelderly_childless_hh,percentiles_81_90,2003,116300.0,1400.0,117700.0,300.0,26100.0,91900.0
nonelderly_childless_hh,percentiles_81_90,2004,120100.0,1400.0,121500.0,400.0,27000.0,94900.0
nonelderly_childless_hh,percentiles_81_90,2005,122800.0,1300.0,124100.0,400.0,27800.0,96700.0
nonelderly_childless_hh,percentiles_81_90,2006,126000.0,1400.0,127400.0,400.0,28700.0,99100.0
nonelderly_childless_hh,percentiles_81_90,2007,129100.0,1200.0,130400.0,400.0,29200.0,101600.0
nonelderly_childless_hh,percentiles_81_90,2008,126200.0,1300.0,127600.0,400.0,26600.0,101300.0
nonelderly_childless_hh,percentiles_81_90,2009,121600.0,1800.0,123400.0,400.0,25200.0,98600.0
nonelderly_childless_hh,percentiles_81_90,2010,122200.0,2000.0,124200.0,400.0,26100.0,98500.0
nonelderly_childless_hh,percentiles_81_90,2011,123400.0,2000.0,125400.0,500.0,25600.0,100300.0
nonelderly_childless_hh,percentiles_81_90,2012,125400.0,1900.0,127300.0,500.0,26400.0,101300.0
nonelderly_childless_hh,percentiles_81_90,2013,127300.0,1700.0,129000.0,400.0,29300.0,100100.0
nonelderly_childless_hh,percentiles_81_90,2014,130800.0,1500.0,132300.0,600.0,30300.0,102600.0
nonelderly_childless_hh,percentiles_81_90,2015,136400.0,1400.0,137800.0,800.0,31800.0,106800.0
nonelderly_childless_hh,percentiles_91_95,1979,109800.0,600.0,110400.0,100.0,29100.0,81400.0
nonelderly_childless_hh,percentiles_91_95,1980,108000.0,800.0,108800.0,,29200.0,79600.0
nonelderly_childless_hh,percentiles_91_95,1981,108700.0,700.0,109300.0,100.0,30100.0,79300.0
nonelderly_childless_hh,percentiles_91_95,1982,108300.0,900.0,109200.0,,27700.0,81500.0
nonelderly_childless_hh,percentiles_91_95,1983,111500.0,1100.0,112600.0,100.0,27600.0,85000.0
nonelderly_childless_hh,percentiles_91_95,1984,119600.0,1100.0,120700.0,,29300.0,91400.0
nonelderly_childless_hh,percentiles_91_95,1985,118200.0,900.0,119100.0,100.0,29500.0,89700.0
nonelderly_childless_hh,percentiles_91_95,1986,124700.0,1000.0,125700.0,100.0,31200.0,94500.0
nonelderly_childless_hh,percentiles_91_95,1987,128200.0,800.0,129000.0,100.0,32800.0,96300.0
nonelderly_childless_hh,percentiles_91_95,1988,129900.0,800.0,130800.0,,33400.0,97400.0
nonelderly_childless_hh,percentiles_91_95,1989,131900.0,1000.0,132800.0,100.0,33800.0,99100.0
nonelderly_childless_hh,percentiles_91_95,1990,128400.0,1000.0,129500.0,100.0,33100.0,96500.0
nonelderly_childless_hh,percentiles_91_95,1991,126700.0,1100.0,127800.0,100.0,32700.0,95200.0
nonelderly_childless_hh,percentiles_91_95,1992,128800.0,900.0,129800.0,100.0,32900.0,97100.0
nonelderly_childless_hh,percentiles_91_95,1993,129900.0,1100.0,131000.0,200.0,33500.0,97700.0
nonelderly_childless_hh,percentiles_91_95,1994,130800.0,1100.0,131900.0,200.0,34200.0,97900.0
nonelderly_childless_hh,percentiles_91_95,1995,134800.0,1000.0,135700.0,200.0,35500.0,100400.0
nonelderly_childless_hh,percentiles_91_95,1996,140900.0,1100.0,142000.0,100.0,37300.0,104800.0
nonelderly_childless_hh,percentiles_91_95,1997,145500.0,1000.0,146500.0,200.0,38800.0,107900.0
nonelderly_childless_hh,percentiles_91_95,1998,152000.0,900.0,152900.0,200.0,40400.0,112700.0
nonelderly_childless_hh,percentiles_91_95,1999,158000.0,1100.0,159100.0,200.0,42400.0,116800.0
nonelderly_childless_hh,percentiles_91_95,2000,161200.0,1000.0,162200.0,200.0,42900.0,119500.0
nonelderly_childless_hh,percentiles_91_95,2001,157300.0,1200.0,158500.0,200.0,40600.0,118100.0
nonelderly_childless_hh,percentiles_91_95,2002,153100.0,1200.0,154400.0,200.0,38300.0,116200.0
nonelderly_childless_hh,percentiles_91_95,2003,156500.0,1300.0,157800.0,300.0,37500.0,120500.0
nonelderly_childless_hh,percentiles_91_95,2004,162300.0,1000.0,163300.0,200.0,39000.0,124500.0
nonelderly_childless_hh,percentiles_91_95,2005,170000.0,1300.0,171300.0,300.0,41100.0,130600.0
nonelderly_childless_hh,percentiles_91_95,2006,172900.0,1300.0,174200.0,300.0,42000.0,132500.0
nonelderly_childless_hh,percentiles_91_95,2007,179500.0,1200.0,180600.0,300.0,43200.0,137800.0
nonelderly_childless_hh,percentiles_91_95,2008,172000.0,1200.0,173200.0,400.0,39700.0,133900.0
nonelderly_childless_hh,percentiles_91_95,2009,166200.0,1900.0,168100.0,400.0,37500.0,130900.0
nonelderly_childless_hh,percentiles_91_95,2010,168800.0,1800.0,170600.0,400.0,39200.0,131800.0
nonelderly_childless_hh,percentiles_91_95,2011,171500.0,1700.0,173200.0,300.0,38500.0,135000.0
nonelderly_childless_hh,percentiles_91_95,2012,173800.0,1600.0,175400.0,400.0,39900.0,135900.0
nonelderly_childless_hh,percentiles_91_95,2013,178300.0,1200.0,179500.0,300.0,43800.0,135900.0
nonelderly_childless_hh,percentiles_91_95,2014,183100.0,1500.0,184600.0,500.0,45900.0,139200.0
nonelderly_childless_hh,percentiles_91_95,2015,188400.0,1300.0,189600.0,600.0,47200.0,143000.0
nonelderly_childless_hh,percentiles_96_99,1979,158300.0,700.0,159000.0,100.0,44300.0,114900.0
nonelderly_childless_hh,percentiles_96_99,1980,153300.0,800.0,154100.0,100.0,43600.0,110600.0
nonelderly_childless_hh,percentiles_96_99,1981,153600.0,800.0,154400.0,,43900.0,110500.0
nonelderly_childless_hh,percentiles_96_99,1982,153700.0,1100.0,154800.0,,39900.0,114900.0
nonelderly_childless_hh,percentiles_96_99,1983,158900.0,1000.0,159800.0,,39300.0,120500.0
nonelderly_childless_hh,percentiles_96_99,1984,172800.0,1100.0,174000.0,100.0,41700.0,132400.0
nonelderly_childless_hh,percentiles_96_99,1985,174000.0,1100.0,175000.0,100.0,43100.0,131900.0
nonelderly_childless_hh,percentiles_96_99,1986,189800.0,1100.0,190900.0,100.0,47000.0,144000.0
nonelderly_childless_hh,percentiles_96_99,1987,186500.0,700.0,187200.0,100.0,50000.0,137400.0
nonelderly_childless_hh,percentiles_96_99,1988,193700.0,800.0,194500.0,100.0,50900.0,143700.0
nonelderly_childless_hh,percentiles_96_99,1989,198100.0,700.0,198800.0,100.0,51700.0,147200.0
nonelderly_childless_hh,percentiles_96_99,1990,191700.0,800.0,192500.0,100.0,50100.0,142600.0
nonelderly_childless_hh,percentiles_96_99,1991,188300.0,800.0,189100.0,100.0,49600.0,139600.0
nonelderly_childless_hh,percentiles_96_99,1992,194100.0,700.0,194800.0,100.0,51300.0,143600.0
nonelderly_childless_hh,percentiles_96_99,1993,194000.0,900.0,194900.0,100.0,52600.0,142400.0
nonelderly_childless_hh,percentiles_96_99,1994,199300.0,900.0,200200.0,200.0,54600.0,145700.0
nonelderly_childless_hh,percentiles_96_99,1995,208200.0,800.0,209000.0,200.0,57900.0,151300.0
nonelderly_childless_hh,percentiles_96_99,1996,215600.0,800.0,216400.0,100.0,60100.0,156400.0
nonelderly_childless_hh,percentiles_96_99,1997,228500.0,1100.0,229600.0,200.0,64100.0,165700.0
nonelderly_childless_hh,percentiles_96_99,1998,242000.0,1100.0,243100.0,200.0,67700.0,175600.0
nonelderly_childless_hh,percentiles_96_99,1999,254300.0,1000.0,255300.0,200.0,72200.0,183200.0
nonelderly_childless_hh,percentiles_96_99,2000,259900.0,1000.0,260900.0,200.0,74100.0,187000.0
nonelderly_childless_hh,percentiles_96_99,2001,245400.0,1200.0,246600.0,200.0,67100.0,179700.0
nonelderly_childless_hh,percentiles_96_99,2002,236100.0,1100.0,237200.0,100.0,62900.0,174400.0
nonelderly_childless_hh,percentiles_96_99,2003,244000.0,1200.0,245200.0,100.0,62100.0,183300.0
nonelderly_childless_hh,percentiles_96_99,2004,256500.0,1200.0,257700.0,200.0,65800.0,192100.0
nonelderly_childless_hh,percentiles_96_99,2005,276200.0,1300.0,277500.0,300.0,71600.0,206200.0
nonelderly_childless_hh,percentiles_96_99,2006,287400.0,1300.0,288700.0,200.0,75300.0,213600.0
nonelderly_childless_hh,percentiles_96_99,2007,297000.0,1300.0,298200.0,300.0,76400.0,222100.0
nonelderly_childless_hh,percentiles_96_99,2008,274800.0,1000.0,275800.0,300.0,68600.0,207400.0
nonelderly_childless_hh,percentiles_96_99,2009,257800.0,1200.0,259000.0,300.0,63700.0,195700.0
nonelderly_childless_hh,percentiles_96_99,2010,267100.0,1500.0,268600.0,200.0,67500.0,201200.0
nonelderly_childless_hh,percentiles_96_99,2011,271200.0,1400.0,272600.0,300.0,66500.0,206400.0
nonelderly_childless_hh,percentiles_96_99,2012,285000.0,1500.0,286500.0,300.0,71500.0,215300.0
nonelderly_childless_hh,percentiles_96_99,2013,288200.0,1500.0,289700.0,200.0,76800.0,213100.0
nonelderly_childless_hh,percentiles_96_99,2014,299600.0,1400.0,301000.0,400.0,81100.0,220300.0
nonelderly_childless_hh,percentiles_96_99,2015,309600.0,1200.0,310800.0,600.0,83800.0,227700.0
nonelderly_childless_hh,top_1_percent,1979,508900.0,700.0,509600.0,100.0,177600.0,332100.0
nonelderly_childless_hh,top_1_percent,1980,496700.0,900.0,497600.0,,163800.0,333800.0
nonelderly_childless_hh,top_1_percent,1981,478400.0,900.0,479300.0,100.0,145800.0,333600.0
nonelderly_childless_hh,top_1_percent,1982,533200.0,1000.0,534200.0,100.0,145100.0,389200.0
nonelderly_childless_hh,top_1_percent,1983,539400.0,1300.0,540700.0,,144800.0,396000.0
nonelderly_childless_hh,top_1_percent,1984,615100.0,1300.0,616400.0,100.0,167000.0,449600.0
nonelderly_childless_hh,top_1_percent,1985,675200.0,1500.0,676800.0,100.0,176700.0,500200.0
nonelderly_childless_hh,top_1_percent,1986,816800.0,1000.0,817900.0,,202800.0,615100.0
nonelderly_childless_hh,top_1_percent,1987,683800.0,1200.0,685000.0,200.0,208200.0,477000.0
nonelderly_childless_hh,top_1_percent,1988,876400.0,1000.0,877400.0,200.0,251500.0,626100.0
nonelderly_childless_hh,top_1_percent,1989,804800.0,1100.0,805900.0,100.0,226300.0,579700.0
nonelderly_childless_hh,top_1_percent,1990,853300.0,800.0,854100.0,200.0,237600.0,616600.0
nonelderly_childless_hh,top_1_percent,1991,724800.0,1000.0,725800.0,200.0,213100.0,512900.0
nonelderly_childless_hh,top_1_percent,1992,821100.0,1300.0,822400.0,100.0,244800.0,577600.0
nonelderly_childless_hh,top_1_percent,1993,760100.0,900.0,761000.0,300.0,253400.0,507900.0
nonelderly_childless_hh,top_1_percent,1994,810700.0,1200.0,812000.0,300.0,281200.0,531100.0
nonelderly_childless_hh,top_1_percent,1995,858400.0,1400.0,859700.0,100.0,299200.0,560600.0
nonelderly_childless_hh,top_1_percent,1996,951600.0,800.0,952400.0,100.0,332700.0,619800.0
nonelderly_childless_hh,top_1_percent,1997,1141100.0,800.0,1141800.0,100.0,388300.0,753600.0
nonelderly_childless_hh,top_1_percent,1998,1295100.0,1000.0,1296200.0,200.0,425200.0,871200.0
nonelderly_childless_hh,top_1_percent,1999,1306400.0,500.0,1306900.0,200.0,430600.0,876500.0
nonelderly_childless_hh,top_1_percent,2000,1409300.0,700.0,1410000.0,300.0,459300.0,951000.0
nonelderly_childless_hh,top_1_percent,2001,1109400.0,1000.0,1110300.0,200.0,358500.0,752000.0
nonelderly_childless_hh,top_1_percent,2002,962900.0,1300.0,964200.0,300.0,307500.0,657000.0
nonelderly_childless_hh,top_1_percent,2003,1016300.0,800.0,1017200.0,400.0,308800.0,708700.0
nonelderly_childless_hh,top_1_percent,2004,1231300.0,800.0,1232000.0,200.0,371600.0,860600.0
nonelderly_childless_hh,top_1_percent,2005,1582300.0,1400.0,1583700.0,300.0,481400.0,1102500.0
nonelderly_childless_hh,top_1_percent,2006,1646900.0,1400.0,1648300.0,300.0,493500.0,1155100.0
nonelderly_childless_hh,top_1_percent,2007,1583500.0,1300.0,1584800.0,300.0,452700.0,1132300.0
nonelderly_childless_hh,top_1_percent,2008,1351600.0,900.0,1352500.0,200.0,385900.0,966800.0
nonelderly_childless_hh,top_1_percent,2009,1102300.0,1000.0,1103400.0,400.0,321100.0,782700.0
nonelderly_childless_hh,top_1_percent,2010,1180600.0,800.0,1181500.0,400.0,348700.0,833200.0
nonelderly_childless_hh,top_1_percent,2011,1187900.0,1100.0,1189000.0,500.0,347600.0,841900.0
nonelderly_childless_hh,top_1_percent,2012,1486500.0,1400.0,1488000.0,700.0,429800.0,1058800.0
nonelderly_childless_hh,top_1_percent,2013,1279800.0,1300.0,1281100.0,500.0,427100.0,854500.0
nonelderly_childless_hh,top_1_percent,2014,1411800.0,800.0,1412700.0,500.0,471700.0,941400.0
nonelderly_childless_hh,top_1_percent,2015,1419400.0,1200.0,1420600.0,600.0,469800.0,951400.0
